age,sex,smoking,diabetes,bp,cholesterol,bmi,obesity
40-59,Female,Current Smoker,Normoglycemic,Stage 1 HTN,Borderline High,30.1,Obese
40-59,Female,Current Smoker,Normoglycemic,Stage 1 HTN,High,25.9,Non-Obese
60-79,Male,Current Smoker,Normoglycemic,Stage 1 HTN,Borderline High,27.0,Non-Obese
40-59,Male,Current Smoker,Diabetic,Stage 2 HTN,High,32.9,Obese
40-59,Male,Non-Smoker,Diabetic,Stage 2 HTN,Borderline High,32.2,Obese
60-79,Female,Non-Smoker,Normoglycemic,Stage 2 HTN,High,35.4,Obese
40-59,Female,Non-Smoker,Normoglycemic,Normal,High,26.1,Non-Obese
60-79,Male,Non-Smoker,Normoglycemic,Normal,Desirable,27.8,Non-Obese
40-59,Female,Non-Smoker,Normoglycemic,Normal,Very High,25.6,Non-Obese
40-59,Male,Non-Smoker,Normoglycemic,Normal,Desirable,29.0,Non-Obese
60-79,Female,Non-Smoker,Normoglycemic,Normal,Desirable,25.2,Non-Obese
20-39,Female,Non-Smoker,Normoglycemic,Normal,Borderline High,28.7,Non-Obese
60-79,Female,Non-Smoker,Diabetic,Stage 2 HTN,High,33.8,Obese
80+,Male,Non-Smoker,Normoglycemic,Normal,Desirable,24.8,Non-Obese
60-79,Male,Current Smoker,Normoglycemic,Normal,Very High,31.0,Obese
60-79,Female,Non-Smoker,Normoglycemic,Elevated,Very High,23.6,Non-Obese
40-59,Male,Non-Smoker,Normoglycemic,Stage 1 HTN,Desirable,26.0,Non-Obese
20-39,Male,Non-Smoker,Normoglycemic,Stage 1 HTN,High,28.7,Non-Obese
40-59,Male,Non-Smoker,Normoglycemic,Normal,Borderline High,25.3,Non-Obese
80+,Female,Non-Smoker,Normoglycemic,Elevated,Borderline High,28.6,Non-Obese
20-39,Male,Non-Smoker,Normoglycemic,Normal,Desirable,23.6,Non-Obese
60-79,Male,Non-Smoker,Diabetic,Stage 1 HTN,Desirable,36.1,Obese
20-39,Female,Non-Smoker,Normoglycemic,Stage 1 HTN,Borderline High,29.7,Non-Obese
60-79,Male,Non-Smoker,Diabetic,Stage 1 HTN,High,33.2,Obese
20-39,Female,Current Smoker,Normoglycemic,Stage 2 HTN,Borderline High,25.9,Non-Obese
80+,Female,Non-Smoker,Normoglycemic,Normal,Desirable,18.3,Non-Obese
20-39,Female,Non-Smoker,Normoglycemic,Elevated,Desirable,27.0,Non-Obese
40-59,Male,Non-Smoker,Normoglycemic,Elevated,Desirable,26.3,Non-Obese
60-79,Female,Non-Smoker,Normoglycemic,Normal,High,30.1,Obese
60-79,Female,Non-Smoker,Normoglycemic,Normal,Desirable,28.7,Non-Obese
20-39,Male,Non-Smoker,Normoglycemic,Normal,Desirable,20.0,Non-Obese
40-59,Male,Current Smoker,Normoglycemic,Stage 1 HTN,Borderline High,26.3,Non-Obese
20-39,Male,Non-Smoker,Normoglycemic,Normal,Borderline High,24.0,Non-Obese
80+,Female,Non-Smoker,Normoglycemic,Normal,Desirable,22.9,Non-Obese
80+,Female,Current Smoker,Normoglycemic,Elevated,Borderline High,29.9,Non-Obese
60-79,Male,Non-Smoker,Normoglycemic,Normal,Borderline High,27.2,Non-Obese
40-59,Male,Current Smoker,Normoglycemic,Stage 1 HTN,Borderline High,28.8,Non-Obese
20-39,Female,Non-Smoker,Normoglycemic,Normal,Desirable,21.0,Non-Obese
20-39,Female,Non-Smoker,Normoglycemic,Normal,High,25.8,Non-Obese
40-59,Male,Non-Smoker,Normoglycemic,Normal,Borderline High,19.9,Non-Obese
40-59,Female,Non-Smoker,Normoglycemic,Stage 1 HTN,Desirable,41.5,Obese
20-39,Female,Non-Smoker,Normoglycemic,Normal,Borderline High,25.0,Non-Obese
20-39,Female,Current Smoker,Normoglycemic,Normal,High,26.3,Non-Obese
40-59,Female,Non-Smoker,Normoglycemic,Normal,High,30.3,Obese
40-59,Female,Non-Smoker,Normoglycemic,Normal,Borderline High,31.3,Obese
80+,Female,Non-Smoker,Normoglycemic,Elevated,Borderline High,26.1,Non-Obese
40-59,Female,Non-Smoker,Normoglycemic,Normal,Borderline High,27.6,Non-Obese
60-79,Female,Non-Smoker,Normoglycemic,Normal,Very High,26.2,Non-Obese
40-59,Male,Current Smoker,Normoglycemic,Elevated,High,23.6,Non-Obese
40-59,Male,Non-Smoker,Normoglycemic,Elevated,Desirable,33.5,Obese
80+,Male,Non-Smoker,Diabetic,Elevated,High,22.4,Non-Obese
20-39,Female,Current Smoker,Normoglycemic,Elevated,Borderline High,26.4,Non-Obese
60-79,Male,Non-Smoker,Normoglycemic,Normal,High,24.1,Non-Obese
60-79,Female,Non-Smoker,Normoglycemic,Normal,Desirable,26.9,Non-Obese
60-79,Male,Non-Smoker,Diabetic,Stage 2 HTN,Borderline High,27.8,Non-Obese
20-39,Male,Current Smoker,Normoglycemic,Stage 2 HTN,Desirable,26.5,Non-Obese
80+,Female,Non-Smoker,Normoglycemic,Elevated,Borderline High,21.8,Non-Obese
20-39,Male,Non-Smoker,Normoglycemic,Normal,Borderline High,20.1,Non-Obese
60-79,Male,Non-Smoker,Normoglycemic,Normal,Borderline High,25.9,Non-Obese
20-39,Male,Non-Smoker,Normoglycemic,Normal,High,27.6,Non-Obese
20-39,Male,Non-Smoker,Normoglycemic,Normal,Desirable,25.7,Non-Obese
40-59,Female,Non-Smoker,Normoglycemic,Elevated,Desirable,25.5,Non-Obese
60-79,Male,Non-Smoker,Normoglycemic,Normal,Desirable,23.9,Non-Obese
60-79,Male,Current Smoker,Normoglycemic,Normal,Desirable,20.4,Non-Obese
40-59,Male,Current Smoker,Normoglycemic,Elevated,Very High,28.3,Non-Obese
20-39,Female,Non-Smoker,Normoglycemic,Normal,Borderline High,28.6,Non-Obese
20-39,Male,Current Smoker,Normoglycemic,Stage 1 HTN,High,23.2,Non-Obese
20-39,Male,Non-Smoker,Normoglycemic,Normal,Desirable,26.1,Non-Obese
60-79,Female,Non-Smoker,Normoglycemic,Normal,High,27.0,Non-Obese
20-39,Female,Non-Smoker,Normoglycemic,Normal,Borderline High,29.3,Non-Obese
40-59,Male,Non-Smoker,Diabetic,Stage 2 HTN,High,34.7,Obese
40-59,Female,Non-Smoker,Normoglycemic,Elevated,Desirable,29.2,Non-Obese
60-79,Male,Non-Smoker,Diabetic,Stage 1 HTN,High,37.0,Obese
60-79,Male,Non-Smoker,Normoglycemic,Normal,Desirable,25.5,Non-Obese
60-79,Male,Non-Smoker,Normoglycemic,Normal,High,27.3,Non-Obese
60-79,Female,Non-Smoker,Normoglycemic,Normal,Desirable,23.3,Non-Obese
20-39,Female,Non-Smoker,Normoglycemic,Normal,Desirable,22.8,Non-Obese
80+,Male,Non-Smoker,Normoglycemic,Normal,Borderline High,22.1,Non-Obese
20-39,Male,Current Smoker,Normoglycemic,Stage 2 HTN,Desirable,27.4,Non-Obese
40-59,Female,Current Smoker,Normoglycemic,Stage 1 HTN,High,36.8,Obese
40-59,Female,Non-Smoker,Normoglycemic,Elevated,Desirable,30.1,Obese
20-39,Female,Non-Smoker,Normoglycemic,Elevated,Desirable,23.6,Non-Obese
60-79,Female,Current Smoker,Normoglycemic,Stage 1 HTN,Very High,28.2,Non-Obese
20-39,Male,Non-Smoker,Normoglycemic,Normal,Borderline High,20.9,Non-Obese
20-39,Male,Non-Smoker,Normoglycemic,Normal,High,23.7,Non-Obese
40-59,Male,Non-Smoker,Normoglycemic,Normal,Desirable,26.1,Non-Obese
60-79,Female,Non-Smoker,Normoglycemic,Elevated,High,25.4,Non-Obese
20-39,Male,Non-Smoker,Normoglycemic,Stage 2 HTN,High,38.8,Obese
40-59,Female,Non-Smoker,Diabetic,Stage 2 HTN,High,29.4,Non-Obese
40-59,Male,Non-Smoker,Diabetic,Stage 1 HTN,High,35.7,Obese
40-59,Male,Current Smoker,Normoglycemic,Stage 2 HTN,Borderline High,34.4,Obese
20-39,Male,Non-Smoker,Normoglycemic,Normal,Borderline High,28.5,Non-Obese
40-59,Female,Non-Smoker,Diabetic,Stage 1 HTN,Very High,33.6,Obese
40-59,Male,Non-Smoker,Normoglycemic,Normal,Borderline High,29.9,Non-Obese
40-59,Female,Current Smoker,Normoglycemic,Normal,High,25.7,Non-Obese
60-79,Female,Non-Smoker,Normoglycemic,Normal,Desirable,22.7,Non-Obese
40-59,Male,Non-Smoker,Normoglycemic,Normal,High,28.6,Non-Obese
60-79,Male,Current Smoker,Normoglycemic,Stage 1 HTN,Very High,33.7,Obese
20-39,Female,Non-Smoker,Diabetic,Stage 1 HTN,Desirable,23.9,Non-Obese
60-79,Female,Non-Smoker,Normoglycemic,Normal,Borderline High,26.8,Non-Obese
40-59,Female,Non-Smoker,Normoglycemic,Normal,Desirable,28.4,Non-Obese
80+,Male,Current Smoker,Diabetic,Stage 1 HTN,Very High,33.7,Obese
20-39,Female,Current Smoker,Normoglycemic,Stage 1 HTN,Very High,23.8,Non-Obese
60-79,Female,Non-Smoker,Normoglycemic,Normal,Borderline High,25.3,Non-Obese
20-39,Female,Non-Smoker,Normoglycemic,Normal,High,25.2,Non-Obese
80+,Female,Non-Smoker,Normoglycemic,Elevated,Very High,26.8,Non-Obese
20-39,Female,Non-Smoker,Normoglycemic,Normal,Desirable,25.9,Non-Obese
60-79,Female,Non-Smoker,Normoglycemic,Elevated,High,32.5,Obese
40-59,Male,Non-Smoker,Normoglycemic,Normal,Very High,28.6,Non-Obese
20-39,Female,Non-Smoker,Normoglycemic,Normal,Desirable,26.1,Non-Obese
40-59,Female,Non-Smoker,Normoglycemic,Normal,Desirable,28.5,Non-Obese
40-59,Male,Non-Smoker,Normoglycemic,Stage 1 HTN,Borderline High,26.2,Non-Obese
40-59,Female,Non-Smoker,Normoglycemic,Normal,Very High,39.5,Obese
80+,Female,Non-Smoker,Normoglycemic,Elevated,High,26.4,Non-Obese
60-79,Female,Non-Smoker,Normoglycemic,Elevated,Very High,27.4,Non-Obese
80+,Female,Non-Smoker,Normoglycemic,Normal,Desirable,31.2,Obese
60-79,Female,Non-Smoker,Normoglycemic,Elevated,Very High,28.5,Non-Obese
20-39,Female,Non-Smoker,Normoglycemic,Elevated,High,23.9,Non-Obese
40-59,Female,Non-Smoker,Diabetic,Stage 1 HTN,Desirable,33.9,Obese
40-59,Male,Non-Smoker,Normoglycemic,Stage 1 HTN,Very High,31.2,Obese
20-39,Male,Current Smoker,Normoglycemic,Stage 2 HTN,Very High,29.2,Non-Obese
20-39,Male,Non-Smoker,Normoglycemic,Normal,High,29.8,Non-Obese
20-39,Female,Non-Smoker,Normoglycemic,Normal,Desirable,27.4,Non-Obese
40-59,Female,Current Smoker,Normoglycemic,Stage 1 HTN,Desirable,26.7,Non-Obese
40-59,Male,Non-Smoker,Normoglycemic,Elevated,Desirable,25.2,Non-Obese
40-59,Male,Non-Smoker,Normoglycemic,Normal,Borderline High,28.8,Non-Obese
60-79,Female,Non-Smoker,Normoglycemic,Elevated,Very High,28.7,Non-Obese
60-79,Male,Non-Smoker,Normoglycemic,Normal,Desirable,29.9,Non-Obese
40-59,Female,Non-Smoker,Normoglycemic,Elevated,High,29.3,Non-Obese
20-39,Male,Non-Smoker,Normoglycemic,Normal,High,31.1,Obese
40-59,Male,Non-Smoker,Normoglycemic,Stage 2 HTN,Desirable,33.5,Obese
60-79,Male,Non-Smoker,Diabetic,Stage 1 HTN,Very High,35.9,Obese
60-79,Female,Non-Smoker,Normoglycemic,Normal,Borderline High,33.2,Obese
60-79,Female,Non-Smoker,Normoglycemic,Elevated,High,26.0,Non-Obese
40-59,Male,Current Smoker,Normoglycemic,Normal,Very High,21.8,Non-Obese
40-59,Male,Non-Smoker,Normoglycemic,Normal,Desirable,25.7,Non-Obese
60-79,Male,Current Smoker,Normoglycemic,Normal,High,20.5,Non-Obese
20-39,Male,Current Smoker,Normoglycemic,Stage 1 HTN,High,27.9,Non-Obese
40-59,Male,Non-Smoker,Normoglycemic,Normal,Desirable,23.0,Non-Obese
60-79,Female,Non-Smoker,Normoglycemic,Normal,Very High,27.4,Non-Obese
20-39,Female,Non-Smoker,Normoglycemic,Stage 1 HTN,Desirable,25.5,Non-Obese
40-59,Female,Non-Smoker,Normoglycemic,Normal,Very High,30.6,Obese
40-59,Male,Non-Smoker,Normoglycemic,Normal,Desirable,19.3,Non-Obese
60-79,Female,Current Smoker,Normoglycemic,Stage 1 HTN,High,34.5,Obese
80+,Male,Current Smoker,Normoglycemic,Stage 1 HTN,Borderline High,24.6,Non-Obese
40-59,Male,Non-Smoker,Normoglycemic,Stage 2 HTN,Borderline High,29.1,Non-Obese
80+,Male,Current Smoker,Normoglycemic,Elevated,Desirable,23.7,Non-Obese
40-59,Male,Current Smoker,Normoglycemic,Elevated,Very High,33.6,Obese
20-39,Male,Non-Smoker,Normoglycemic,Elevated,High,28.2,Non-Obese
20-39,Male,Non-Smoker,Normoglycemic,Stage 2 HTN,Borderline High,29.6,Non-Obese
60-79,Female,Non-Smoker,Normoglycemic,Normal,Borderline High,27.1,Non-Obese
20-39,Female,Non-Smoker,Normoglycemic,Normal,Borderline High,27.6,Non-Obese
40-59,Female,Non-Smoker,Normoglycemic,Elevated,Borderline High,23.2,Non-Obese
20-39,Male,Non-Smoker,Normoglycemic,Normal,High,23.5,Non-Obese
80+,Male,Non-Smoker,Normoglycemic,Normal,Borderline High,19.6,Non-Obese
60-79,Female,Non-Smoker,Normoglycemic,Elevated,Desirable,25.5,Non-Obese
40-59,Male,Non-Smoker,Normoglycemic,Normal,Borderline High,19.4,Non-Obese
40-59,Female,Non-Smoker,Normoglycemic,Stage 1 HTN,High,26.5,Non-Obese
80+,Female,Current Smoker,Normoglycemic,Elevated,Very High,29.0,Non-Obese
40-59,Male,Non-Smoker,Normoglycemic,Normal,Desirable,20.3,Non-Obese
60-79,Male,Non-Smoker,Normoglycemic,Elevated,Desirable,25.3,Non-Obese
60-79,Male,Current Smoker,Normoglycemic,Stage 2 HTN,High,30.4,Obese
20-39,Male,Non-Smoker,Normoglycemic,Normal,Very High,24.0,Non-Obese
60-79,Female,Current Smoker,Diabetic,Stage 1 HTN,Very High,29.7,Non-Obese
80+,Female,Current Smoker,Normoglycemic,Stage 2 HTN,Desirable,22.3,Non-Obese
60-79,Male,Non-Smoker,Normoglycemic,Stage 1 HTN,High,34.6,Obese
60-79,Female,Current Smoker,Normoglycemic,Stage 1 HTN,Very High,34.2,Obese
40-59,Male,Current Smoker,Normoglycemic,Elevated,High,25.6,Non-Obese
40-59,Male,Non-Smoker,Normoglycemic,Normal,High,29.9,Non-Obese
20-39,Male,Current Smoker,Normoglycemic,Stage 2 HTN,Borderline High,20.5,Non-Obese
40-59,Female,Current Smoker,Diabetic,Normal,Borderline High,32.4,Obese
60-79,Female,Non-Smoker,Normoglycemic,Normal,Borderline High,25.3,Non-Obese
20-39,Female,Non-Smoker,Normoglycemic,Stage 1 HTN,Desirable,28.1,Non-Obese
20-39,Male,Current Smoker,Normoglycemic,Stage 1 HTN,Very High,30.6,Obese
20-39,Female,Non-Smoker,Normoglycemic,Stage 1 HTN,Borderline High,34.1,Obese
80+,Male,Non-Smoker,Normoglycemic,Elevated,High,26.6,Non-Obese
20-39,Female,Current Smoker,Normoglycemic,Elevated,Desirable,24.8,Non-Obese
60-79,Female,Non-Smoker,Normoglycemic,Stage 1 HTN,Desirable,25.4,Non-Obese
20-39,Male,Current Smoker,Diabetic,Stage 2 HTN,Borderline High,23.6,Non-Obese
40-59,Female,Non-Smoker,Diabetic,Stage 2 HTN,Desirable,39.6,Obese
60-79,Female,Current Smoker,Normoglycemic,Stage 1 HTN,High,35.8,Obese
40-59,Male,Non-Smoker,Normoglycemic,Stage 2 HTN,Borderline High,27.8,Non-Obese
60-79,Male,Non-Smoker,Normoglycemic,Normal,High,32.3,Obese
20-39,Male,Non-Smoker,Normoglycemic,Normal,Borderline High,27.2,Non-Obese
40-59,Female,Non-Smoker,Normoglycemic,Normal,High,25.9,Non-Obese
80+,Female,Non-Smoker,Normoglycemic,Normal,Desirable,29.6,Non-Obese
40-59,Male,Non-Smoker,Normoglycemic,Stage 1 HTN,High,24.1,Non-Obese
20-39,Male,Non-Smoker,Normoglycemic,Normal,Borderline High,25.4,Non-Obese
40-59,Male,Non-Smoker,Normoglycemic,Elevated,Desirable,24.9,Non-Obese
60-79,Male,Current Smoker,Normoglycemic,Elevated,High,24.2,Non-Obese
80+,Male,Non-Smoker,Normoglycemic,Normal,Desirable,24.2,Non-Obese
60-79,Female,Non-Smoker,Normoglycemic,Elevated,High,32.0,Obese
60-79,Male,Non-Smoker,Normoglycemic,Normal,Desirable,25.2,Non-Obese
60-79,Female,Non-Smoker,Normoglycemic,Normal,Desirable,37.1,Obese
40-59,Male,Current Smoker,Normoglycemic,Stage 2 HTN,High,32.7,Obese
60-79,Male,Non-Smoker,Normoglycemic,Stage 1 HTN,Borderline High,39.2,Obese
40-59,Female,Non-Smoker,Diabetic,Stage 2 HTN,Desirable,32.7,Obese
40-59,Female,Non-Smoker,Normoglycemic,Elevated,High,29.4,Non-Obese
40-59,Male,Non-Smoker,Normoglycemic,Elevated,Borderline High,31.9,Obese
60-79,Female,Non-Smoker,Diabetic,Stage 2 HTN,Borderline High,34.6,Obese
40-59,Female,Non-Smoker,Normoglycemic,Elevated,Borderline High,24.4,Non-Obese
40-59,Female,Non-Smoker,Normoglycemic,Stage 1 HTN,Borderline High,32.5,Obese
40-59,Female,Non-Smoker,Normoglycemic,Elevated,High,34.5,Obese
60-79,Male,Current Smoker,Normoglycemic,Stage 1 HTN,Borderline High,25.6,Non-Obese
60-79,Male,Current Smoker,Diabetic,Stage 2 HTN,Desirable,33.6,Obese
80+,Male,Non-Smoker,Normoglycemic,Elevated,Borderline High,23.4,Non-Obese
60-79,Male,Non-Smoker,Normoglycemic,Normal,Borderline High,24.9,Non-Obese
60-79,Female,Non-Smoker,Normoglycemic,Normal,Desirable,23.9,Non-Obese
40-59,Male,Non-Smoker,Normoglycemic,Elevated,Desirable,20.6,Non-Obese
60-79,Male,Non-Smoker,Normoglycemic,Normal,Desirable,23.0,Non-Obese
80+,Female,Non-Smoker,Normoglycemic,Normal,Borderline High,25.5,Non-Obese
60-79,Male,Current Smoker,Diabetic,Stage 2 HTN,Borderline High,37.1,Obese
20-39,Male,Current Smoker,Normoglycemic,Stage 2 HTN,Desirable,22.0,Non-Obese
20-39,Female,Non-Smoker,Normoglycemic,Normal,Borderline High,26.2,Non-Obese
20-39,Female,Non-Smoker,Normoglycemic,Normal,Desirable,22.6,Non-Obese
60-79,Female,Non-Smoker,Normoglycemic,Normal,Desirable,26.9,Non-Obese
60-79,Female,Non-Smoker,Diabetic,Stage 2 HTN,Borderline High,29.2,Non-Obese
60-79,Male,Non-Smoker,Diabetic,Stage 2 HTN,Borderline High,35.3,Obese
40-59,Female,Non-Smoker,Normoglycemic,Normal,Borderline High,28.3,Non-Obese
60-79,Male,Current Smoker,Normoglycemic,Elevated,Borderline High,29.2,Non-Obese
40-59,Female,Non-Smoker,Diabetic,Normal,High,34.0,Obese
80+,Female,Non-Smoker,Normoglycemic,Normal,Borderline High,27.3,Non-Obese
60-79,Male,Non-Smoker,Normoglycemic,Normal,High,22.6,Non-Obese
20-39,Male,Current Smoker,Normoglycemic,Stage 2 HTN,Borderline High,19.0,Non-Obese
60-79,Male,Non-Smoker,Normoglycemic,Stage 2 HTN,Borderline High,30.5,Obese
40-59,Male,Non-Smoker,Diabetic,Stage 2 HTN,Borderline High,32.4,Obese
80+,Male,Non-Smoker,Normoglycemic,Elevated,Desirable,24.2,Non-Obese
60-79,Female,Current Smoker,Normoglycemic,Stage 1 HTN,High,27.5,Non-Obese
20-39,Female,Non-Smoker,Normoglycemic,Normal,Desirable,28.9,Non-Obese
20-39,Female,Current Smoker,Normoglycemic,Stage 1 HTN,Borderline High,23.7,Non-Obese
20-39,Female,Non-Smoker,Normoglycemic,Normal,Desirable,22.9,Non-Obese
40-59,Male,Current Smoker,Normoglycemic,Stage 1 HTN,Borderline High,29.7,Non-Obese
20-39,Female,Non-Smoker,Normoglycemic,Normal,Borderline High,24.6,Non-Obese
40-59,Male,Current Smoker,Normoglycemic,Stage 2 HTN,Borderline High,35.1,Obese
60-79,Female,Non-Smoker,Normoglycemic,Elevated,Borderline High,28.9,Non-Obese
40-59,Male,Current Smoker,Normoglycemic,Elevated,Desirable,22.4,Non-Obese
60-79,Male,Non-Smoker,Normoglycemic,Normal,Very High,23.6,Non-Obese
40-59,Female,Current Smoker,Normoglycemic,Normal,Borderline High,24.1,Non-Obese
20-39,Female,Current Smoker,Normoglycemic,Normal,High,25.1,Non-Obese
40-59,Male,Non-Smoker,Normoglycemic,Normal,Desirable,23.1,Non-Obese
40-59,Male,Non-Smoker,Normoglycemic,Elevated,High,26.8,Non-Obese
20-39,Female,Non-Smoker,Normoglycemic,Stage 1 HTN,Borderline High,26.7,Non-Obese
40-59,Female,Non-Smoker,Normoglycemic,Normal,Borderline High,24.3,Non-Obese
20-39,Female,Non-Smoker,Normoglycemic,Elevated,High,21.9,Non-Obese
40-59,Female,Non-Smoker,Diabetic,Stage 2 HTN,Desirable,35.0,Obese
20-39,Male,Non-Smoker,Normoglycemic,Stage 1 HTN,High,26.4,Non-Obese
20-39,Male,Current Smoker,Normoglycemic,Stage 1 HTN,Very High,29.4,Non-Obese
20-39,Female,Current Smoker,Normoglycemic,Elevated,Very High,29.0,Non-Obese
20-39,Male,Non-Smoker,Normoglycemic,Elevated,Desirable,25.3,Non-Obese
60-79,Male,Non-Smoker,Diabetic,Elevated,Desirable,39.2,Obese
60-79,Male,Non-Smoker,Diabetic,Stage 2 HTN,High,32.7,Obese
20-39,Female,Non-Smoker,Normoglycemic,Stage 1 HTN,Very High,25.6,Non-Obese
40-59,Male,Non-Smoker,Normoglycemic,Normal,Desirable,26.1,Non-Obese
40-59,Male,Non-Smoker,Normoglycemic,Elevated,High,25.3,Non-Obese
60-79,Male,Current Smoker,Normoglycemic,Stage 1 HTN,Desirable,24.3,Non-Obese
20-39,Male,Non-Smoker,Normoglycemic,Stage 1 HTN,Borderline High,20.8,Non-Obese
40-59,Male,Non-Smoker,Normoglycemic,Normal,Desirable,24.1,Non-Obese
20-39,Male,Non-Smoker,Diabetic,Stage 1 HTN,Borderline High,29.9,Non-Obese
20-39,Female,Non-Smoker,Normoglycemic,Elevated,High,22.7,Non-Obese
60-79,Female,Non-Smoker,Diabetic,Stage 2 HTN,Desirable,29.4,Non-Obese
40-59,Male,Non-Smoker,Normoglycemic,Elevated,High,33.2,Obese
40-59,Male,Non-Smoker,Normoglycemic,Normal,High,30.7,Obese
20-39,Male,Non-Smoker,Normoglycemic,Stage 1 HTN,Borderline High,20.9,Non-Obese
20-39,Female,Non-Smoker,Normoglycemic,Elevated,Very High,26.5,Non-Obese
60-79,Male,Non-Smoker,Diabetic,Stage 1 HTN,Borderline High,26.0,Non-Obese
20-39,Male,Current Smoker,Normoglycemic,Stage 2 HTN,Borderline High,24.9,Non-Obese
40-59,Female,Non-Smoker,Normoglycemic,Normal,Very High,33.4,Obese
40-59,Female,Non-Smoker,Diabetic,Stage 2 HTN,Borderline High,31.7,Obese
60-79,Female,Non-Smoker,Normoglycemic,Normal,High,26.2,Non-Obese
20-39,Female,Non-Smoker,Normoglycemic,Normal,High,30.7,Obese
40-59,Male,Non-Smoker,Normoglycemic,Normal,Borderline High,30.7,Obese
40-59,Male,Non-Smoker,Normoglycemic,Stage 2 HTN,Borderline High,28.2,Non-Obese
60-79,Male,Current Smoker,Normoglycemic,Stage 2 HTN,Desirable,29.2,Non-Obese
40-59,Female,Non-Smoker,Normoglycemic,Elevated,High,28.1,Non-Obese
40-59,Female,Non-Smoker,Normoglycemic,Normal,Borderline High,24.5,Non-Obese
40-59,Male,Non-Smoker,Normoglycemic,Normal,Desirable,30.3,Obese
20-39,Female,Non-Smoker,Normoglycemic,Normal,Desirable,21.4,Non-Obese
20-39,Male,Non-Smoker,Normoglycemic,Normal,Desirable,25.8,Non-Obese
60-79,Female,Non-Smoker,Normoglycemic,Normal,Very High,23.9,Non-Obese
40-59,Female,Non-Smoker,Normoglycemic,Normal,Desirable,27.3,Non-Obese
40-59,Male,Current Smoker,Normoglycemic,Stage 1 HTN,High,29.1,Non-Obese
40-59,Male,Non-Smoker,Normoglycemic,Normal,Borderline High,30.3,Obese
40-59,Male,Non-Smoker,Normoglycemic,Normal,Borderline High,24.2,Non-Obese
20-39,Male,Non-Smoker,Normoglycemic,Stage 2 HTN,High,23.1,Non-Obese
60-79,Male,Non-Smoker,Normoglycemic,Normal,Very High,22.4,Non-Obese
80+,Female,Current Smoker,Normoglycemic,Stage 2 HTN,Desirable,30.7,Obese
20-39,Female,Non-Smoker,Diabetic,Stage 1 HTN,Very High,30.1,Obese
40-59,Female,Non-Smoker,Normoglycemic,Normal,Desirable,24.7,Non-Obese
40-59,Male,Current Smoker,Normoglycemic,Stage 1 HTN,High,28.9,Non-Obese
60-79,Female,Non-Smoker,Normoglycemic,Normal,High,27.5,Non-Obese
20-39,Female,Non-Smoker,Normoglycemic,Normal,Desirable,24.6,Non-Obese
80+,Female,Non-Smoker,Normoglycemic,Normal,Desirable,25.4,Non-Obese
40-59,Male,Non-Smoker,Normoglycemic,Normal,Desirable,29.1,Non-Obese
80+,Female,Non-Smoker,Normoglycemic,Normal,Desirable,19.3,Non-Obese
40-59,Male,Non-Smoker,Normoglycemic,Elevated,Desirable,29.0,Non-Obese
20-39,Female,Non-Smoker,Normoglycemic,Normal,Borderline High,24.3,Non-Obese
40-59,Female,Non-Smoker,Normoglycemic,Stage 2 HTN,Desirable,25.0,Non-Obese
40-59,Male,Non-Smoker,Normoglycemic,Stage 1 HTN,Desirable,26.2,Non-Obese
20-39,Female,Current Smoker,Normoglycemic,Stage 1 HTN,Borderline High,21.6,Non-Obese
40-59,Male,Non-Smoker,Normoglycemic,Normal,Desirable,25.5,Non-Obese
40-59,Male,Non-Smoker,Normoglycemic,Normal,Very High,30.9,Obese
60-79,Female,Non-Smoker,Normoglycemic,Normal,High,27.9,Non-Obese
40-59,Female,Non-Smoker,Normoglycemic,Stage 2 HTN,High,28.9,Non-Obese
60-79,Female,Current Smoker,Diabetic,Stage 2 HTN,Borderline High,32.5,Obese
40-59,Female,Non-Smoker,Normoglycemic,Normal,Desirable,24.5,Non-Obese
40-59,Female,Non-Smoker,Normoglycemic,Stage 2 HTN,Desirable,26.7,Non-Obese
40-59,Male,Non-Smoker,Diabetic,Stage 2 HTN,Desirable,37.8,Obese
40-59,Female,Non-Smoker,Normoglycemic,Elevated,Desirable,26.5,Non-Obese
40-59,Female,Non-Smoker,Normoglycemic,Normal,Desirable,25.6,Non-Obese
40-59,Male,Non-Smoker,Diabetic,Stage 1 HTN,Borderline High,40.8,Obese
20-39,Female,Non-Smoker,Normoglycemic,Normal,Borderline High,25.1,Non-Obese
60-79,Male,Non-Smoker,Normoglycemic,Elevated,Desirable,31.3,Obese
80+,Male,Current Smoker,Normoglycemic,Stage 2 HTN,High,24.2,Non-Obese
40-59,Female,Non-Smoker,Normoglycemic,Normal,Borderline High,28.9,Non-Obese
60-79,Male,Non-Smoker,Normoglycemic,Normal,Borderline High,30.4,Obese
40-59,Male,Current Smoker,Normoglycemic,Stage 1 HTN,Desirable,22.9,Non-Obese
60-79,Male,Non-Smoker,Normoglycemic,Elevated,Desirable,24.0,Non-Obese
80+,Female,Non-Smoker,Normoglycemic,Normal,Desirable,23.9,Non-Obese
20-39,Female,Non-Smoker,Normoglycemic,Stage 1 HTN,Desirable,29.4,Non-Obese
80+,Male,Current Smoker,Normoglycemic,Elevated,Desirable,26.0,Non-Obese
80+,Male,Non-Smoker,Normoglycemic,Normal,Very High,25.6,Non-Obese
20-39,Female,Non-Smoker,Normoglycemic,Stage 2 HTN,Borderline High,30.9,Obese
20-39,Female,Current Smoker,Normoglycemic,Stage 2 HTN,Borderline High,24.5,Non-Obese
40-59,Male,Current Smoker,Normoglycemic,Stage 1 HTN,Borderline High,20.5,Non-Obese
60-79,Male,Non-Smoker,Normoglycemic,Normal,Desirable,23.6,Non-Obese
60-79,Male,Non-Smoker,Normoglycemic,Normal,High,27.2,Non-Obese
60-79,Female,Non-Smoker,Diabetic,Stage 1 HTN,High,29.9,Non-Obese
60-79,Female,Non-Smoker,Normoglycemic,Elevated,High,22.2,Non-Obese
40-59,Female,Non-Smoker,Normoglycemic,Normal,Desirable,26.6,Non-Obese
40-59,Female,Non-Smoker,Normoglycemic,Stage 1 HTN,Desirable,25.7,Non-Obese
40-59,Female,Non-Smoker,Normoglycemic,Normal,Borderline High,29.3,Non-Obese
20-39,Female,Non-Smoker,Normoglycemic,Normal,High,24.2,Non-Obese
60-79,Male,Non-Smoker,Normoglycemic,Normal,Desirable,22.3,Non-Obese
20-39,Female,Non-Smoker,Normoglycemic,Elevated,Very High,24.0,Non-Obese
20-39,Female,Non-Smoker,Normoglycemic,Elevated,Borderline High,24.5,Non-Obese
20-39,Male,Non-Smoker,Normoglycemic,Stage 1 HTN,Desirable,27.6,Non-Obese
60-79,Female,Non-Smoker,Normoglycemic,Normal,Desirable,23.0,Non-Obese
80+,Female,Current Smoker,Normoglycemic,Elevated,High,25.3,Non-Obese
40-59,Male,Current Smoker,Normoglycemic,Stage 1 HTN,High,32.9,Obese
80+,Female,Non-Smoker,Normoglycemic,Normal,Desirable,20.1,Non-Obese
60-79,Male,Current Smoker,Normoglycemic,Stage 2 HTN,Borderline High,25.9,Non-Obese
60-79,Female,Non-Smoker,Normoglycemic,Stage 2 HTN,Desirable,26.3,Non-Obese
40-59,Female,Non-Smoker,Normoglycemic,Elevated,Borderline High,33.3,Obese
40-59,Female,Non-Smoker,Normoglycemic,Stage 1 HTN,Borderline High,29.0,Non-Obese
20-39,Male,Current Smoker,Normoglycemic,Elevated,Very High,22.3,Non-Obese
60-79,Female,Non-Smoker,Normoglycemic,Normal,Borderline High,24.7,Non-Obese
80+,Female,Non-Smoker,Normoglycemic,Elevated,Desirable,27.4,Non-Obese
20-39,Female,Non-Smoker,Normoglycemic,Normal,Very High,29.7,Non-Obese
20-39,Male,Non-Smoker,Normoglycemic,Stage 1 HTN,High,23.8,Non-Obese
80+,Male,Non-Smoker,Normoglycemic,Elevated,High,25.6,Non-Obese
40-59,Female,Non-Smoker,Normoglycemic,Normal,Desirable,22.9,Non-Obese
20-39,Female,Non-Smoker,Normoglycemic,Stage 2 HTN,Desirable,28.4,Non-Obese
20-39,Female,Non-Smoker,Diabetic,Stage 1 HTN,Very High,36.1,Obese
60-79,Female,Non-Smoker,Normoglycemic,Elevated,High,25.9,Non-Obese
60-79,Female,Non-Smoker,Normoglycemic,Normal,Borderline High,21.8,Non-Obese
60-79,Male,Current Smoker,Normoglycemic,Stage 1 HTN,High,32.2,Obese
60-79,Male,Non-Smoker,Normoglycemic,Normal,Desirable,24.9,Non-Obese
40-59,Male,Non-Smoker,Normoglycemic,Normal,Borderline High,29.3,Non-Obese
80+,Female,Non-Smoker,Normoglycemic,Stage 2 HTN,High,33.6,Obese
20-39,Male,Current Smoker,Normoglycemic,Stage 2 HTN,High,20.7,Non-Obese
80+,Male,Non-Smoker,Normoglycemic,Normal,Very High,25.5,Non-Obese
20-39,Female,Non-Smoker,Diabetic,Elevated,Borderline High,34.4,Obese
40-59,Female,Current Smoker,Normoglycemic,Elevated,High,28.1,Non-Obese
80+,Female,Non-Smoker,Normoglycemic,Normal,Desirable,27.0,Non-Obese
60-79,Female,Non-Smoker,Normoglycemic,Stage 1 HTN,Desirable,29.2,Non-Obese
20-39,Female,Non-Smoker,Normoglycemic,Normal,High,26.5,Non-Obese
60-79,Male,Non-Smoker,Normoglycemic,Stage 1 HTN,Desirable,27.0,Non-Obese
40-59,Male,Non-Smoker,Normoglycemic,Stage 1 HTN,Desirable,31.3,Obese
40-59,Female,Non-Smoker,Diabetic,Stage 2 HTN,High,40.9,Obese
60-79,Male,Current Smoker,Normoglycemic,Normal,Borderline High,27.5,Non-Obese
60-79,Male,Non-Smoker,Normoglycemic,Normal,Borderline High,26.0,Non-Obese
40-59,Female,Non-Smoker,Normoglycemic,Normal,High,22.3,Non-Obese
20-39,Female,Non-Smoker,Normoglycemic,Normal,High,26.0,Non-Obese
20-39,Female,Non-Smoker,Normoglycemic,Normal,Borderline High,20.4,Non-Obese
60-79,Female,Non-Smoker,Diabetic,Stage 2 HTN,High,35.1,Obese
20-39,Male,Non-Smoker,Normoglycemic,Normal,Desirable,25.4,Non-Obese
20-39,Male,Non-Smoker,Normoglycemic,Elevated,Borderline High,25.2,Non-Obese
40-59,Male,Current Smoker,Normoglycemic,Stage 1 HTN,High,28.4,Non-Obese
20-39,Male,Non-Smoker,Diabetic,Stage 1 HTN,High,23.6,Non-Obese
40-59,Male,Current Smoker,Normoglycemic,Stage 2 HTN,Desirable,29.5,Non-Obese
60-79,Female,Non-Smoker,Normoglycemic,Stage 1 HTN,Very High,29.4,Non-Obese
80+,Male,Current Smoker,Diabetic,Stage 2 HTN,Very High,32.2,Obese
60-79,Female,Non-Smoker,Normoglycemic,Normal,Desirable,25.7,Non-Obese
40-59,Male,Current Smoker,Normoglycemic,Normal,Desirable,24.0,Non-Obese
60-79,Male,Non-Smoker,Normoglycemic,Elevated,Borderline High,26.6,Non-Obese
80+,Male,Non-Smoker,Normoglycemic,Normal,High,21.6,Non-Obese
60-79,Female,Non-Smoker,Diabetic,Stage 1 HTN,High,32.1,Obese
40-59,Female,Current Smoker,Normoglycemic,Stage 1 HTN,High,32.1,Obese
40-59,Female,Non-Smoker,Normoglycemic,Stage 2 HTN,Very High,34.9,Obese
20-39,Male,Current Smoker,Normoglycemic,Stage 2 HTN,Borderline High,25.5,Non-Obese
40-59,Male,Non-Smoker,Normoglycemic,Normal,Borderline High,29.7,Non-Obese
40-59,Female,Non-Smoker,Normoglycemic,Normal,Borderline High,24.2,Non-Obese
60-79,Female,Non-Smoker,Diabetic,Stage 1 HTN,High,41.9,Obese
80+,Male,Non-Smoker,Normoglycemic,Normal,Borderline High,21.8,Non-Obese
60-79,Female,Non-Smoker,Normoglycemic,Normal,Borderline High,27.5,Non-Obese
40-59,Male,Non-Smoker,Normoglycemic,Stage 1 HTN,Borderline High,36.0,Obese
20-39,Male,Current Smoker,Normoglycemic,Stage 2 HTN,High,33.0,Obese
20-39,Male,Non-Smoker,Normoglycemic,Normal,Borderline High,28.3,Non-Obese
20-39,Male,Current Smoker,Normoglycemic,Elevated,Very High,27.7,Non-Obese
60-79,Male,Current Smoker,Diabetic,Stage 1 HTN,Borderline High,31.4,Obese
60-79,Male,Non-Smoker,Normoglycemic,Normal,Very High,23.6,Non-Obese
40-59,Male,Non-Smoker,Normoglycemic,Normal,High,24.3,Non-Obese
20-39,Female,Non-Smoker,Normoglycemic,Elevated,Desirable,24.9,Non-Obese
60-79,Female,Non-Smoker,Normoglycemic,Normal,Very High,23.7,Non-Obese
60-79,Female,Non-Smoker,Diabetic,Stage 1 HTN,High,27.4,Non-Obese
40-59,Male,Current Smoker,Diabetic,Stage 1 HTN,Borderline High,38.1,Obese
40-59,Male,Non-Smoker,Normoglycemic,Elevated,Desirable,23.4,Non-Obese
20-39,Male,Current Smoker,Normoglycemic,Stage 1 HTN,Desirable,26.1,Non-Obese
60-79,Male,Non-Smoker,Normoglycemic,Normal,Borderline High,26.6,Non-Obese
20-39,Female,Non-Smoker,Normoglycemic,Stage 1 HTN,Borderline High,29.4,Non-Obese
60-79,Male,Non-Smoker,Normoglycemic,Stage 1 HTN,Desirable,25.7,Non-Obese
80+,Female,Non-Smoker,Diabetic,Elevated,High,25.3,Non-Obese
60-79,Male,Non-Smoker,Normoglycemic,Normal,High,22.2,Non-Obese
40-59,Female,Non-Smoker,Normoglycemic,Normal,Borderline High,23.4,Non-Obese
40-59,Male,Non-Smoker,Normoglycemic,Normal,High,33.6,Obese
60-79,Female,Non-Smoker,Diabetic,Stage 2 HTN,High,33.2,Obese
40-59,Female,Non-Smoker,Normoglycemic,Stage 1 HTN,Desirable,34.1,Obese
20-39,Female,Non-Smoker,Normoglycemic,Normal,Very High,28.6,Non-Obese
40-59,Female,Non-Smoker,Normoglycemic,Normal,High,31.9,Obese
40-59,Female,Non-Smoker,Normoglycemic,Normal,Desirable,26.4,Non-Obese
20-39,Female,Non-Smoker,Normoglycemic,Normal,Desirable,21.7,Non-Obese
20-39,Female,Current Smoker,Normoglycemic,Stage 1 HTN,High,31.5,Obese
20-39,Female,Non-Smoker,Normoglycemic,Stage 1 HTN,Very High,27.3,Non-Obese
40-59,Male,Current Smoker,Diabetic,Stage 1 HTN,Borderline High,29.3,Non-Obese
60-79,Male,Non-Smoker,Normoglycemic,Normal,Borderline High,30.1,Obese
60-79,Female,Non-Smoker,Normoglycemic,Normal,High,26.0,Non-Obese
20-39,Male,Current Smoker,Normoglycemic,Stage 1 HTN,High,19.8,Non-Obese
40-59,Male,Non-Smoker,Diabetic,Stage 1 HTN,Borderline High,30.9,Obese
60-79,Male,Non-Smoker,Normoglycemic,Normal,Borderline High,24.1,Non-Obese
20-39,Male,Non-Smoker,Normoglycemic,Normal,Very High,23.4,Non-Obese
60-79,Male,Non-Smoker,Normoglycemic,Normal,Desirable,24.0,Non-Obese
20-39,Male,Non-Smoker,Normoglycemic,Normal,Borderline High,24.0,Non-Obese
60-79,Male,Non-Smoker,Normoglycemic,Normal,High,30.7,Obese
80+,Female,Current Smoker,Normoglycemic,Normal,High,23.9,Non-Obese
60-79,Male,Non-Smoker,Diabetic,Stage 1 HTN,Desirable,31.1,Obese
20-39,Male,Non-Smoker,Normoglycemic,Elevated,Desirable,28.4,Non-Obese
40-59,Male,Non-Smoker,Normoglycemic,Normal,Borderline High,24.5,Non-Obese
60-79,Male,Non-Smoker,Normoglycemic,Normal,Very High,25.9,Non-Obese
60-79,Male,Current Smoker,Normoglycemic,Elevated,Desirable,28.4,Non-Obese
40-59,Female,Non-Smoker,Normoglycemic,Elevated,Desirable,19.8,Non-Obese
60-79,Male,Non-Smoker,Diabetic,Elevated,Borderline High,30.5,Obese
20-39,Female,Non-Smoker,Normoglycemic,Normal,Desirable,22.7,Non-Obese
40-59,Male,Non-Smoker,Normoglycemic,Normal,Borderline High,23.8,Non-Obese
80+,Male,Non-Smoker,Normoglycemic,Normal,Borderline High,22.6,Non-Obese
80+,Female,Non-Smoker,Diabetic,Elevated,Desirable,32.5,Obese
40-59,Male,Non-Smoker,Diabetic,Stage 2 HTN,High,32.9,Obese
20-39,Male,Non-Smoker,Normoglycemic,Elevated,Desirable,26.3,Non-Obese
60-79,Female,Non-Smoker,Normoglycemic,Normal,Borderline High,24.7,Non-Obese
20-39,Female,Current Smoker,Normoglycemic,Elevated,High,26.1,Non-Obese
60-79,Male,Current Smoker,Normoglycemic,Elevated,Borderline High,29.1,Non-Obese
80+,Male,Non-Smoker,Normoglycemic,Stage 1 HTN,Desirable,27.7,Non-Obese
60-79,Male,Non-Smoker,Diabetic,Stage 1 HTN,High,35.5,Obese
40-59,Male,Non-Smoker,Normoglycemic,Normal,Borderline High,25.3,Non-Obese
80+,Male,Current Smoker,Normoglycemic,Stage 2 HTN,High,32.4,Obese
40-59,Female,Non-Smoker,Normoglycemic,Normal,High,29.4,Non-Obese
20-39,Male,Non-Smoker,Normoglycemic,Stage 2 HTN,Borderline High,27.5,Non-Obese
20-39,Male,Non-Smoker,Normoglycemic,Elevated,Borderline High,30.3,Obese
20-39,Male,Non-Smoker,Normoglycemic,Normal,Borderline High,29.3,Non-Obese
80+,Female,Non-Smoker,Diabetic,Stage 2 HTN,Desirable,30.4,Obese
20-39,Male,Current Smoker,Normoglycemic,Stage 1 HTN,Borderline High,22.7,Non-Obese
40-59,Male,Non-Smoker,Normoglycemic,Normal,High,31.7,Obese
60-79,Female,Non-Smoker,Normoglycemic,Normal,High,26.6,Non-Obese
40-59,Male,Current Smoker,Normoglycemic,Elevated,Borderline High,31.4,Obese
60-79,Male,Non-Smoker,Diabetic,Stage 2 HTN,Desirable,35.8,Obese
20-39,Female,Current Smoker,Normoglycemic,Stage 1 HTN,Desirable,21.0,Non-Obese
40-59,Female,Non-Smoker,Diabetic,Stage 2 HTN,Borderline High,28.0,Non-Obese
60-79,Male,Non-Smoker,Normoglycemic,Elevated,Desirable,24.6,Non-Obese
40-59,Female,Current Smoker,Normoglycemic,Elevated,High,23.8,Non-Obese
80+,Male,Non-Smoker,Diabetic,Stage 2 HTN,Very High,33.5,Obese
20-39,Male,Non-Smoker,Normoglycemic,Elevated,Borderline High,23.5,Non-Obese
60-79,Female,Non-Smoker,Normoglycemic,Elevated,Very High,27.9,Non-Obese
80+,Female,Non-Smoker,Normoglycemic,Stage 2 HTN,Borderline High,27.2,Non-Obese
20-39,Male,Current Smoker,Normoglycemic,Stage 2 HTN,Borderline High,27.8,Non-Obese
20-39,Female,Current Smoker,Normoglycemic,Elevated,Very High,21.0,Non-Obese
40-59,Male,Non-Smoker,Normoglycemic,Normal,Desirable,29.2,Non-Obese
80+,Male,Current Smoker,Normoglycemic,Stage 2 HTN,High,26.3,Non-Obese
20-39,Male,Non-Smoker,Normoglycemic,Normal,Borderline High,22.8,Non-Obese
40-59,Male,Non-Smoker,Normoglycemic,Stage 2 HTN,Borderline High,34.2,Obese
60-79,Female,Non-Smoker,Normoglycemic,Normal,Very High,27.3,Non-Obese
20-39,Male,Non-Smoker,Normoglycemic,Normal,Desirable,21.4,Non-Obese
60-79,Female,Non-Smoker,Diabetic,Stage 2 HTN,Borderline High,39.4,Obese
20-39,Male,Non-Smoker,Diabetic,Stage 1 HTN,High,38.0,Obese
20-39,Male,Non-Smoker,Normoglycemic,Normal,High,20.6,Non-Obese
80+,Male,Current Smoker,Normoglycemic,Elevated,Very High,23.9,Non-Obese
20-39,Female,Non-Smoker,Normoglycemic,Normal,Very High,26.8,Non-Obese
60-79,Female,Non-Smoker,Normoglycemic,Normal,High,16.9,Non-Obese
40-59,Male,Current Smoker,Normoglycemic,Stage 1 HTN,High,33.6,Obese
60-79,Female,Non-Smoker,Diabetic,Stage 2 HTN,High,30.7,Obese
60-79,Male,Current Smoker,Diabetic,Stage 1 HTN,Borderline High,30.8,Obese
80+,Female,Non-Smoker,Normoglycemic,Normal,Borderline High,19.3,Non-Obese
40-59,Male,Current Smoker,Normoglycemic,Stage 1 HTN,Borderline High,25.1,Non-Obese
40-59,Female,Non-Smoker,Normoglycemic,Normal,Desirable,24.2,Non-Obese
20-39,Female,Non-Smoker,Normoglycemic,Normal,Desirable,19.1,Non-Obese
40-59,Female,Non-Smoker,Normoglycemic,Stage 1 HTN,Desirable,28.9,Non-Obese
60-79,Male,Non-Smoker,Diabetic,Stage 1 HTN,Desirable,29.1,Non-Obese
80+,Female,Non-Smoker,Normoglycemic,Normal,Desirable,25.5,Non-Obese
40-59,Male,Current Smoker,Diabetic,Stage 2 HTN,High,37.5,Obese
40-59,Female,Non-Smoker,Normoglycemic,Stage 2 HTN,High,30.3,Obese
20-39,Male,Non-Smoker,Normoglycemic,Normal,High,18.1,Non-Obese
20-39,Female,Non-Smoker,Normoglycemic,Normal,Borderline High,25.3,Non-Obese
80+,Male,Non-Smoker,Normoglycemic,Elevated,Desirable,23.8,Non-Obese
20-39,Female,Current Smoker,Normoglycemic,Stage 1 HTN,Desirable,22.7,Non-Obese
20-39,Male,Non-Smoker,Normoglycemic,Elevated,High,26.7,Non-Obese
40-59,Female,Non-Smoker,Normoglycemic,Normal,Very High,22.7,Non-Obese
40-59,Female,Non-Smoker,Normoglycemic,Normal,Borderline High,25.0,Non-Obese
20-39,Male,Non-Smoker,Normoglycemic,Normal,High,24.5,Non-Obese
60-79,Female,Non-Smoker,Normoglycemic,Normal,Desirable,24.0,Non-Obese
20-39,Female,Current Smoker,Normoglycemic,Stage 1 HTN,High,24.6,Non-Obese
20-39,Female,Non-Smoker,Normoglycemic,Normal,Desirable,22.6,Non-Obese
20-39,Female,Non-Smoker,Normoglycemic,Elevated,High,25.3,Non-Obese
60-79,Female,Non-Smoker,Normoglycemic,Normal,High,22.6,Non-Obese
20-39,Male,Current Smoker,Normoglycemic,Normal,High,21.2,Non-Obese
60-79,Female,Non-Smoker,Diabetic,Stage 2 HTN,Desirable,30.4,Obese
60-79,Female,Non-Smoker,Normoglycemic,Normal,Desirable,19.9,Non-Obese
40-59,Female,Non-Smoker,Diabetic,Stage 2 HTN,High,39.8,Obese
40-59,Female,Non-Smoker,Diabetic,Stage 2 HTN,Desirable,29.8,Non-Obese
80+,Female,Non-Smoker,Normoglycemic,Stage 1 HTN,Desirable,25.0,Non-Obese
40-59,Male,Non-Smoker,Diabetic,Stage 2 HTN,Desirable,36.6,Obese
60-79,Female,Non-Smoker,Diabetic,Stage 1 HTN,High,37.0,Obese
40-59,Female,Current Smoker,Normoglycemic,Elevated,Desirable,31.9,Obese
60-79,Female,Non-Smoker,Normoglycemic,Elevated,Borderline High,28.6,Non-Obese
60-79,Female,Current Smoker,Diabetic,Elevated,Borderline High,33.6,Obese
60-79,Male,Non-Smoker,Normoglycemic,Normal,Borderline High,27.9,Non-Obese
40-59,Female,Non-Smoker,Normoglycemic,Normal,Desirable,28.9,Non-Obese
40-59,Female,Non-Smoker,Normoglycemic,Normal,Desirable,25.6,Non-Obese
20-39,Female,Non-Smoker,Normoglycemic,Elevated,High,30.9,Obese
80+,Male,Non-Smoker,Normoglycemic,Normal,High,23.5,Non-Obese
60-79,Male,Current Smoker,Normoglycemic,Normal,High,24.9,Non-Obese
80+,Female,Current Smoker,Normoglycemic,Elevated,Very High,24.8,Non-Obese
40-59,Female,Non-Smoker,Normoglycemic,Normal,High,33.6,Obese
60-79,Male,Non-Smoker,Normoglycemic,Normal,Borderline High,29.9,Non-Obese
40-59,Male,Non-Smoker,Normoglycemic,Stage 1 HTN,Desirable,26.8,Non-Obese
80+,Female,Non-Smoker,Normoglycemic,Normal,Very High,30.1,Obese
40-59,Female,Non-Smoker,Normoglycemic,Elevated,High,23.7,Non-Obese
40-59,Male,Non-Smoker,Normoglycemic,Elevated,Borderline High,25.6,Non-Obese
20-39,Female,Non-Smoker,Normoglycemic,Stage 1 HTN,Very High,28.6,Non-Obese
60-79,Female,Current Smoker,Normoglycemic,Stage 2 HTN,Very High,24.7,Non-Obese
60-79,Male,Non-Smoker,Diabetic,Normal,Borderline High,23.9,Non-Obese
40-59,Female,Non-Smoker,Normoglycemic,Elevated,Desirable,26.8,Non-Obese
20-39,Male,Non-Smoker,Normoglycemic,Normal,High,27.0,Non-Obese
40-59,Male,Non-Smoker,Normoglycemic,Normal,High,35.1,Obese
40-59,Female,Non-Smoker,Normoglycemic,Elevated,Desirable,31.9,Obese
60-79,Female,Current Smoker,Normoglycemic,Normal,Very High,23.6,Non-Obese
40-59,Male,Non-Smoker,Diabetic,Stage 2 HTN,Borderline High,30.5,Obese
60-79,Male,Non-Smoker,Normoglycemic,Stage 1 HTN,High,26.7,Non-Obese
60-79,Male,Non-Smoker,Normoglycemic,Elevated,Borderline High,32.0,Obese
20-39,Male,Current Smoker,Normoglycemic,Elevated,Desirable,21.9,Non-Obese
40-59,Female,Non-Smoker,Normoglycemic,Elevated,Desirable,38.3,Obese
20-39,Male,Current Smoker,Normoglycemic,Elevated,Borderline High,16.9,Non-Obese
60-79,Male,Non-Smoker,Normoglycemic,Normal,Very High,34.0,Obese
40-59,Male,Non-Smoker,Normoglycemic,Normal,Desirable,20.8,Non-Obese
80+,Female,Non-Smoker,Normoglycemic,Stage 2 HTN,Borderline High,29.7,Non-Obese
60-79,Female,Non-Smoker,Normoglycemic,Stage 1 HTN,Borderline High,27.6,Non-Obese
80+,Female,Current Smoker,Normoglycemic,Stage 1 HTN,High,24.3,Non-Obese
20-39,Female,Current Smoker,Normoglycemic,Elevated,Borderline High,21.4,Non-Obese
20-39,Male,Non-Smoker,Diabetic,Stage 2 HTN,High,40.6,Obese
40-59,Female,Non-Smoker,Normoglycemic,Normal,Borderline High,33.7,Obese
20-39,Female,Non-Smoker,Normoglycemic,Normal,Desirable,17.7,Non-Obese
40-59,Male,Current Smoker,Normoglycemic,Stage 1 HTN,High,25.6,Non-Obese
40-59,Female,Non-Smoker,Diabetic,Stage 2 HTN,Borderline High,36.6,Obese
20-39,Male,Current Smoker,Normoglycemic,Stage 2 HTN,Desirable,23.5,Non-Obese
40-59,Female,Non-Smoker,Diabetic,Stage 1 HTN,Very High,41.8,Obese
60-79,Male,Non-Smoker,Normoglycemic,Stage 2 HTN,Very High,34.1,Obese
20-39,Female,Non-Smoker,Normoglycemic,Normal,Borderline High,24.4,Non-Obese
20-39,Male,Non-Smoker,Normoglycemic,Stage 2 HTN,High,29.5,Non-Obese
20-39,Female,Non-Smoker,Normoglycemic,Normal,Borderline High,19.3,Non-Obese
40-59,Male,Non-Smoker,Normoglycemic,Elevated,High,27.9,Non-Obese
40-59,Female,Current Smoker,Diabetic,Stage 2 HTN,Desirable,27.6,Non-Obese
20-39,Female,Non-Smoker,Normoglycemic,Stage 1 HTN,Borderline High,30.1,Obese
40-59,Male,Current Smoker,Diabetic,Elevated,High,32.9,Obese
60-79,Male,Current Smoker,Normoglycemic,Stage 1 HTN,Borderline High,26.5,Non-Obese
60-79,Male,Non-Smoker,Diabetic,Stage 1 HTN,Desirable,38.8,Obese
40-59,Female,Non-Smoker,Diabetic,Stage 1 HTN,High,44.4,Obese
20-39,Female,Non-Smoker,Normoglycemic,Normal,Desirable,29.4,Non-Obese
20-39,Male,Non-Smoker,Normoglycemic,Elevated,Borderline High,29.8,Non-Obese
40-59,Female,Non-Smoker,Diabetic,Stage 1 HTN,Borderline High,35.1,Obese
60-79,Female,Non-Smoker,Normoglycemic,Normal,High,30.8,Obese
20-39,Male,Current Smoker,Normoglycemic,Stage 1 HTN,Very High,31.4,Obese
20-39,Female,Non-Smoker,Normoglycemic,Elevated,High,25.4,Non-Obese
20-39,Female,Non-Smoker,Normoglycemic,Normal,Desirable,25.7,Non-Obese
60-79,Male,Non-Smoker,Diabetic,Stage 2 HTN,Desirable,38.1,Obese
60-79,Female,Non-Smoker,Normoglycemic,Elevated,Borderline High,29.4,Non-Obese
40-59,Male,Non-Smoker,Normoglycemic,Normal,Desirable,25.4,Non-Obese
20-39,Female,Non-Smoker,Normoglycemic,Normal,High,30.1,Obese
80+,Male,Non-Smoker,Normoglycemic,Normal,Borderline High,24.9,Non-Obese
60-79,Male,Non-Smoker,Normoglycemic,Elevated,High,30.1,Obese
20-39,Female,Non-Smoker,Normoglycemic,Elevated,Desirable,23.9,Non-Obese
80+,Female,Non-Smoker,Normoglycemic,Elevated,Borderline High,28.4,Non-Obese
80+,Male,Non-Smoker,Normoglycemic,Normal,Desirable,22.0,Non-Obese
40-59,Male,Non-Smoker,Normoglycemic,Elevated,High,25.1,Non-Obese
20-39,Female,Current Smoker,Normoglycemic,Normal,Desirable,21.0,Non-Obese
40-59,Female,Non-Smoker,Normoglycemic,Normal,Very High,25.6,Non-Obese
60-79,Female,Non-Smoker,Normoglycemic,Stage 1 HTN,Very High,21.0,Non-Obese
40-59,Female,Non-Smoker,Normoglycemic,Normal,Desirable,29.4,Non-Obese
40-59,Male,Non-Smoker,Normoglycemic,Normal,Borderline High,23.8,Non-Obese
40-59,Male,Non-Smoker,Normoglycemic,Normal,High,27.3,Non-Obese
60-79,Male,Non-Smoker,Normoglycemic,Normal,Very High,28.0,Non-Obese
40-59,Male,Current Smoker,Normoglycemic,Stage 2 HTN,Desirable,22.1,Non-Obese
40-59,Male,Non-Smoker,Normoglycemic,Stage 2 HTN,Desirable,34.0,Obese
80+,Male,Current Smoker,Normoglycemic,Stage 1 HTN,Desirable,24.3,Non-Obese
20-39,Female,Non-Smoker,Normoglycemic,Normal,Desirable,23.0,Non-Obese
60-79,Male,Non-Smoker,Normoglycemic,Stage 1 HTN,Borderline High,24.9,Non-Obese
80+,Female,Non-Smoker,Normoglycemic,Stage 2 HTN,Desirable,27.4,Non-Obese
80+,Male,Current Smoker,Normoglycemic,Stage 1 HTN,High,25.5,Non-Obese
20-39,Female,Current Smoker,Normoglycemic,Stage 1 HTN,High,21.2,Non-Obese
20-39,Female,Non-Smoker,Normoglycemic,Elevated,Borderline High,23.8,Non-Obese
40-59,Male,Non-Smoker,Normoglycemic,Normal,Desirable,22.2,Non-Obese
40-59,Male,Non-Smoker,Normoglycemic,Normal,Desirable,22.0,Non-Obese
20-39,Female,Non-Smoker,Normoglycemic,Stage 1 HTN,Desirable,23.5,Non-Obese
60-79,Female,Non-Smoker,Normoglycemic,Normal,High,34.7,Obese
60-79,Male,Current Smoker,Normoglycemic,Stage 1 HTN,High,35.8,Obese
40-59,Male,Current Smoker,Normoglycemic,Stage 1 HTN,Desirable,30.7,Obese
80+,Female,Non-Smoker,Normoglycemic,Stage 1 HTN,Desirable,26.8,Non-Obese
80+,Male,Non-Smoker,Normoglycemic,Stage 1 HTN,Desirable,22.4,Non-Obese
80+,Female,Non-Smoker,Normoglycemic,Elevated,Desirable,35.2,Obese
20-39,Female,Non-Smoker,Normoglycemic,Normal,Borderline High,22.6,Non-Obese
40-59,Male,Non-Smoker,Normoglycemic,Normal,Desirable,26.9,Non-Obese
60-79,Male,Current Smoker,Normoglycemic,Normal,Very High,29.4,Non-Obese
20-39,Male,Current Smoker,Normoglycemic,Stage 2 HTN,Desirable,28.8,Non-Obese
20-39,Male,Non-Smoker,Normoglycemic,Normal,Very High,27.4,Non-Obese
20-39,Female,Non-Smoker,Normoglycemic,Normal,High,18.8,Non-Obese
40-59,Female,Non-Smoker,Normoglycemic,Stage 2 HTN,Desirable,24.5,Non-Obese
60-79,Female,Non-Smoker,Normoglycemic,Normal,Borderline High,39.4,Obese
20-39,Female,Non-Smoker,Normoglycemic,Normal,Desirable,26.4,Non-Obese
60-79,Female,Non-Smoker,Normoglycemic,Elevated,Desirable,27.9,Non-Obese
40-59,Male,Non-Smoker,Diabetic,Stage 2 HTN,High,26.8,Non-Obese
40-59,Female,Non-Smoker,Normoglycemic,Normal,High,24.9,Non-Obese
60-79,Male,Non-Smoker,Normoglycemic,Normal,Very High,30.8,Obese
20-39,Male,Non-Smoker,Normoglycemic,Normal,Desirable,24.0,Non-Obese
40-59,Male,Current Smoker,Normoglycemic,Normal,High,21.1,Non-Obese
60-79,Female,Non-Smoker,Normoglycemic,Normal,Desirable,19.2,Non-Obese
80+,Male,Non-Smoker,Diabetic,Elevated,Borderline High,30.1,Obese
60-79,Male,Current Smoker,Normoglycemic,Stage 1 HTN,Very High,26.9,Non-Obese
60-79,Female,Current Smoker,Normoglycemic,Stage 2 HTN,High,30.5,Obese
60-79,Male,Non-Smoker,Normoglycemic,Elevated,High,31.3,Obese
60-79,Female,Non-Smoker,Diabetic,Stage 2 HTN,Borderline High,37.7,Obese
40-59,Male,Non-Smoker,Normoglycemic,Elevated,Borderline High,29.2,Non-Obese
40-59,Female,Non-Smoker,Normoglycemic,Elevated,Desirable,28.3,Non-Obese
80+,Female,Non-Smoker,Normoglycemic,Elevated,High,25.5,Non-Obese
40-59,Male,Non-Smoker,Normoglycemic,Normal,Borderline High,32.8,Obese
80+,Female,Non-Smoker,Normoglycemic,Normal,Desirable,23.2,Non-Obese
40-59,Female,Non-Smoker,Normoglycemic,Elevated,Borderline High,25.6,Non-Obese
20-39,Male,Non-Smoker,Normoglycemic,Normal,Desirable,27.3,Non-Obese
60-79,Male,Non-Smoker,Diabetic,Elevated,Desirable,28.0,Non-Obese
40-59,Female,Current Smoker,Normoglycemic,Stage 2 HTN,Desirable,33.6,Obese
60-79,Female,Non-Smoker,Normoglycemic,Normal,Desirable,29.8,Non-Obese
40-59,Male,Non-Smoker,Diabetic,Elevated,Borderline High,41.5,Obese
60-79,Male,Non-Smoker,Normoglycemic,Elevated,Desirable,28.4,Non-Obese
20-39,Male,Current Smoker,Normoglycemic,Elevated,Very High,24.9,Non-Obese
20-39,Male,Non-Smoker,Normoglycemic,Normal,Borderline High,34.3,Obese
40-59,Female,Non-Smoker,Normoglycemic,Normal,High,22.1,Non-Obese
60-79,Male,Current Smoker,Normoglycemic,Stage 1 HTN,Desirable,25.7,Non-Obese
20-39,Female,Non-Smoker,Normoglycemic,Elevated,High,29.5,Non-Obese
60-79,Female,Non-Smoker,Normoglycemic,Normal,High,29.6,Non-Obese
40-59,Female,Non-Smoker,Normoglycemic,Stage 2 HTN,Borderline High,22.0,Non-Obese
40-59,Female,Non-Smoker,Normoglycemic,Normal,High,33.3,Obese
20-39,Female,Non-Smoker,Normoglycemic,Stage 2 HTN,Desirable,28.4,Non-Obese
60-79,Female,Non-Smoker,Diabetic,Stage 2 HTN,Desirable,30.4,Obese
20-39,Male,Current Smoker,Normoglycemic,Elevated,Desirable,28.3,Non-Obese
40-59,Male,Non-Smoker,Normoglycemic,Normal,Borderline High,29.8,Non-Obese
40-59,Male,Current Smoker,Normoglycemic,Stage 1 HTN,High,29.2,Non-Obese
60-79,Male,Non-Smoker,Normoglycemic,Normal,Desirable,30.4,Obese
20-39,Male,Current Smoker,Normoglycemic,Stage 1 HTN,Borderline High,26.9,Non-Obese
20-39,Male,Non-Smoker,Normoglycemic,Normal,Desirable,20.7,Non-Obese
20-39,Male,Non-Smoker,Normoglycemic,Normal,Desirable,24.0,Non-Obese
80+,Female,Non-Smoker,Normoglycemic,Elevated,High,19.2,Non-Obese
60-79,Male,Current Smoker,Normoglycemic,Stage 1 HTN,Borderline High,26.7,Non-Obese
20-39,Male,Non-Smoker,Normoglycemic,Elevated,Borderline High,33.0,Obese
40-59,Male,Non-Smoker,Normoglycemic,Stage 1 HTN,Borderline High,25.4,Non-Obese
40-59,Male,Non-Smoker,Normoglycemic,Normal,Borderline High,25.9,Non-Obese
20-39,Male,Non-Smoker,Normoglycemic,Normal,Borderline High,19.1,Non-Obese
20-39,Female,Non-Smoker,Normoglycemic,Elevated,High,30.8,Obese
60-79,Male,Non-Smoker,Normoglycemic,Normal,High,28.2,Non-Obese
20-39,Female,Non-Smoker,Normoglycemic,Normal,High,21.9,Non-Obese
20-39,Female,Non-Smoker,Normoglycemic,Elevated,High,24.5,Non-Obese
60-79,Male,Non-Smoker,Normoglycemic,Normal,Borderline High,23.2,Non-Obese
60-79,Female,Non-Smoker,Normoglycemic,Normal,High,24.1,Non-Obese
40-59,Female,Non-Smoker,Normoglycemic,Normal,Borderline High,27.3,Non-Obese
60-79,Male,Non-Smoker,Normoglycemic,Normal,Desirable,25.9,Non-Obese
40-59,Male,Non-Smoker,Normoglycemic,Normal,Borderline High,25.9,Non-Obese
20-39,Male,Non-Smoker,Diabetic,Stage 2 HTN,High,30.2,Obese
60-79,Female,Non-Smoker,Normoglycemic,Normal,Desirable,19.0,Non-Obese
40-59,Female,Non-Smoker,Normoglycemic,Elevated,Desirable,22.8,Non-Obese
20-39,Female,Non-Smoker,Normoglycemic,Normal,Borderline High,26.8,Non-Obese
20-39,Female,Current Smoker,Normoglycemic,Stage 1 HTN,Very High,25.7,Non-Obese
20-39,Female,Non-Smoker,Normoglycemic,Elevated,Very High,29.9,Non-Obese
20-39,Female,Non-Smoker,Normoglycemic,Normal,Desirable,24.9,Non-Obese
60-79,Female,Non-Smoker,Normoglycemic,Elevated,High,39.5,Obese
60-79,Male,Current Smoker,Normoglycemic,Stage 2 HTN,High,34.5,Obese
40-59,Male,Non-Smoker,Normoglycemic,Stage 1 HTN,Desirable,26.9,Non-Obese
20-39,Male,Current Smoker,Diabetic,Stage 2 HTN,Desirable,28.5,Non-Obese
40-59,Male,Non-Smoker,Normoglycemic,Normal,Borderline High,25.3,Non-Obese
20-39,Male,Current Smoker,Normoglycemic,Elevated,Borderline High,22.8,Non-Obese
60-79,Male,Non-Smoker,Normoglycemic,Elevated,Desirable,23.0,Non-Obese
60-79,Male,Non-Smoker,Normoglycemic,Elevated,High,30.1,Obese
80+,Male,Non-Smoker,Normoglycemic,Stage 1 HTN,Desirable,20.8,Non-Obese
20-39,Male,Non-Smoker,Normoglycemic,Normal,High,30.5,Obese
60-79,Female,Non-Smoker,Normoglycemic,Normal,Desirable,26.3,Non-Obese
40-59,Female,Non-Smoker,Diabetic,Stage 2 HTN,Desirable,36.0,Obese
40-59,Male,Non-Smoker,Normoglycemic,Elevated,Borderline High,29.2,Non-Obese
40-59,Male,Non-Smoker,Normoglycemic,Elevated,Desirable,28.8,Non-Obese
40-59,Male,Non-Smoker,Normoglycemic,Stage 1 HTN,Desirable,34.4,Obese
60-79,Male,Current Smoker,Normoglycemic,Elevated,Very High,32.6,Obese
40-59,Female,Non-Smoker,Normoglycemic,Normal,Borderline High,22.1,Non-Obese
40-59,Female,Current Smoker,Normoglycemic,Elevated,Very High,30.5,Obese
60-79,Male,Current Smoker,Normoglycemic,Stage 2 HTN,Very High,30.5,Obese
40-59,Female,Non-Smoker,Diabetic,Stage 1 HTN,Borderline High,35.0,Obese
40-59,Female,Non-Smoker,Normoglycemic,Normal,Desirable,25.6,Non-Obese
40-59,Male,Non-Smoker,Normoglycemic,Elevated,Desirable,20.6,Non-Obese
40-59,Female,Non-Smoker,Normoglycemic,Elevated,High,32.2,Obese
40-59,Male,Non-Smoker,Normoglycemic,Normal,Very High,33.5,Obese
20-39,Male,Current Smoker,Normoglycemic,Elevated,High,25.7,Non-Obese
20-39,Female,Non-Smoker,Normoglycemic,Normal,Desirable,22.4,Non-Obese
20-39,Female,Non-Smoker,Normoglycemic,Normal,High,25.3,Non-Obese
20-39,Male,Non-Smoker,Normoglycemic,Normal,Borderline High,25.1,Non-Obese
40-59,Male,Non-Smoker,Normoglycemic,Normal,Desirable,23.0,Non-Obese
60-79,Male,Non-Smoker,Normoglycemic,Stage 1 HTN,High,23.0,Non-Obese
60-79,Male,Non-Smoker,Normoglycemic,Normal,High,26.9,Non-Obese
60-79,Male,Non-Smoker,Diabetic,Stage 2 HTN,Desirable,31.7,Obese
60-79,Female,Non-Smoker,Normoglycemic,Normal,High,30.9,Obese
40-59,Male,Non-Smoker,Normoglycemic,Stage 2 HTN,Borderline High,26.8,Non-Obese
40-59,Male,Non-Smoker,Diabetic,Stage 2 HTN,High,24.0,Non-Obese
40-59,Male,Non-Smoker,Normoglycemic,Normal,Desirable,24.0,Non-Obese
40-59,Male,Non-Smoker,Diabetic,Stage 2 HTN,Borderline High,29.9,Non-Obese
60-79,Female,Non-Smoker,Normoglycemic,Normal,Very High,27.9,Non-Obese
20-39,Male,Non-Smoker,Normoglycemic,Normal,Borderline High,21.9,Non-Obese
60-79,Female,Non-Smoker,Normoglycemic,Normal,Borderline High,27.1,Non-Obese
20-39,Female,Non-Smoker,Diabetic,Stage 2 HTN,Borderline High,27.3,Non-Obese
20-39,Female,Non-Smoker,Normoglycemic,Normal,Very High,23.3,Non-Obese
20-39,Male,Non-Smoker,Normoglycemic,Normal,Borderline High,23.3,Non-Obese
20-39,Female,Non-Smoker,Normoglycemic,Elevated,Borderline High,24.7,Non-Obese
20-39,Female,Non-Smoker,Normoglycemic,Normal,Very High,26.3,Non-Obese
60-79,Female,Non-Smoker,Normoglycemic,Normal,Borderline High,25.2,Non-Obese
80+,Male,Current Smoker,Diabetic,Stage 2 HTN,Very High,23.6,Non-Obese
60-79,Female,Current Smoker,Normoglycemic,Stage 1 HTN,Desirable,29.0,Non-Obese
20-39,Male,Non-Smoker,Normoglycemic,Normal,High,22.6,Non-Obese
60-79,Female,Non-Smoker,Normoglycemic,Elevated,Desirable,22.0,Non-Obese
40-59,Male,Non-Smoker,Normoglycemic,Normal,Desirable,26.0,Non-Obese
40-59,Male,Non-Smoker,Normoglycemic,Normal,Borderline High,28.0,Non-Obese
20-39,Female,Non-Smoker,Normoglycemic,Normal,Borderline High,26.4,Non-Obese
20-39,Male,Current Smoker,Normoglycemic,Stage 1 HTN,High,23.9,Non-Obese
40-59,Male,Current Smoker,Diabetic,Stage 1 HTN,Desirable,32.0,Obese
20-39,Male,Current Smoker,Normoglycemic,Elevated,Very High,30.9,Obese
20-39,Female,Non-Smoker,Normoglycemic,Stage 1 HTN,Borderline High,29.8,Non-Obese
60-79,Female,Non-Smoker,Normoglycemic,Stage 1 HTN,Borderline High,28.5,Non-Obese
20-39,Female,Current Smoker,Normoglycemic,Stage 1 HTN,Borderline High,28.3,Non-Obese
20-39,Male,Non-Smoker,Normoglycemic,Normal,Borderline High,24.7,Non-Obese
20-39,Female,Current Smoker,Normoglycemic,Stage 2 HTN,Very High,34.5,Obese
60-79,Male,Current Smoker,Normoglycemic,Stage 1 HTN,Desirable,26.0,Non-Obese
40-59,Female,Non-Smoker,Normoglycemic,Normal,Borderline High,33.7,Obese
20-39,Male,Non-Smoker,Normoglycemic,Stage 1 HTN,High,31.8,Obese
40-59,Female,Non-Smoker,Normoglycemic,Elevated,Borderline High,33.3,Obese
40-59,Male,Non-Smoker,Diabetic,Stage 2 HTN,Very High,30.6,Obese
40-59,Male,Non-Smoker,Normoglycemic,Normal,Desirable,17.6,Non-Obese
60-79,Male,Current Smoker,Normoglycemic,Stage 1 HTN,Borderline High,25.4,Non-Obese
40-59,Female,Non-Smoker,Normoglycemic,Normal,Borderline High,22.6,Non-Obese
60-79,Female,Non-Smoker,Normoglycemic,Elevated,Desirable,24.7,Non-Obese
40-59,Male,Non-Smoker,Normoglycemic,Normal,Desirable,24.8,Non-Obese
80+,Male,Current Smoker,Normoglycemic,Stage 1 HTN,Borderline High,25.9,Non-Obese
40-59,Female,Non-Smoker,Normoglycemic,Normal,High,25.7,Non-Obese
60-79,Male,Non-Smoker,Normoglycemic,Normal,Desirable,24.8,Non-Obese
60-79,Male,Non-Smoker,Normoglycemic,Elevated,High,28.1,Non-Obese
40-59,Female,Non-Smoker,Normoglycemic,Normal,Borderline High,23.4,Non-Obese
20-39,Male,Non-Smoker,Normoglycemic,Stage 1 HTN,High,29.0,Non-Obese
40-59,Male,Non-Smoker,Normoglycemic,Stage 1 HTN,Very High,34.8,Obese
20-39,Male,Non-Smoker,Normoglycemic,Elevated,Desirable,26.4,Non-Obese
80+,Male,Non-Smoker,Normoglycemic,Normal,Very High,27.6,Non-Obese
40-59,Female,Non-Smoker,Diabetic,Stage 1 HTN,High,31.9,Obese
60-79,Female,Non-Smoker,Normoglycemic,Normal,Borderline High,24.2,Non-Obese
20-39,Male,Non-Smoker,Normoglycemic,Stage 2 HTN,Borderline High,29.3,Non-Obese
20-39,Male,Non-Smoker,Normoglycemic,Normal,Borderline High,26.2,Non-Obese
60-79,Female,Non-Smoker,Normoglycemic,Elevated,Very High,26.7,Non-Obese
20-39,Female,Non-Smoker,Normoglycemic,Normal,Borderline High,23.5,Non-Obese
20-39,Male,Non-Smoker,Normoglycemic,Normal,Borderline High,25.2,Non-Obese
60-79,Male,Non-Smoker,Normoglycemic,Normal,Borderline High,27.1,Non-Obese
20-39,Female,Non-Smoker,Normoglycemic,Stage 1 HTN,Desirable,25.0,Non-Obese
60-79,Female,Non-Smoker,Normoglycemic,Normal,Borderline High,34.5,Obese
60-79,Female,Non-Smoker,Diabetic,Stage 1 HTN,High,40.6,Obese
60-79,Male,Current Smoker,Diabetic,Elevated,Very High,29.4,Non-Obese
60-79,Male,Non-Smoker,Normoglycemic,Stage 2 HTN,Very High,28.7,Non-Obese
20-39,Female,Non-Smoker,Normoglycemic,Stage 1 HTN,Borderline High,31.3,Obese
20-39,Male,Non-Smoker,Normoglycemic,Normal,High,29.0,Non-Obese
20-39,Male,Non-Smoker,Normoglycemic,Elevated,High,33.5,Obese
60-79,Male,Non-Smoker,Normoglycemic,Normal,Very High,32.2,Obese
60-79,Male,Non-Smoker,Diabetic,Stage 2 HTN,Desirable,41.0,Obese
40-59,Female,Non-Smoker,Normoglycemic,Normal,Desirable,28.2,Non-Obese
60-79,Female,Non-Smoker,Normoglycemic,Elevated,Borderline High,21.8,Non-Obese
20-39,Male,Current Smoker,Normoglycemic,Stage 2 HTN,Borderline High,29.6,Non-Obese
20-39,Male,Non-Smoker,Normoglycemic,Elevated,Borderline High,26.4,Non-Obese
40-59,Male,Current Smoker,Normoglycemic,Stage 1 HTN,High,25.2,Non-Obese
20-39,Male,Non-Smoker,Normoglycemic,Normal,Desirable,20.0,Non-Obese
60-79,Male,Non-Smoker,Normoglycemic,Stage 1 HTN,Desirable,28.8,Non-Obese
40-59,Female,Non-Smoker,Normoglycemic,Normal,High,30.9,Obese
40-59,Female,Non-Smoker,Normoglycemic,Normal,Desirable,27.2,Non-Obese
60-79,Female,Non-Smoker,Normoglycemic,Stage 2 HTN,Desirable,26.6,Non-Obese
20-39,Female,Non-Smoker,Normoglycemic,Elevated,Desirable,22.9,Non-Obese
60-79,Female,Current Smoker,Diabetic,Stage 2 HTN,High,39.4,Obese
80+,Male,Current Smoker,Diabetic,Normal,Borderline High,22.9,Non-Obese
20-39,Female,Non-Smoker,Normoglycemic,Normal,High,22.6,Non-Obese
40-59,Male,Non-Smoker,Normoglycemic,Normal,High,21.8,Non-Obese
20-39,Male,Current Smoker,Normoglycemic,Stage 2 HTN,Desirable,31.2,Obese
60-79,Female,Non-Smoker,Normoglycemic,Normal,Desirable,28.6,Non-Obese
20-39,Female,Non-Smoker,Normoglycemic,Normal,Desirable,29.8,Non-Obese
40-59,Male,Non-Smoker,Diabetic,Stage 2 HTN,High,28.5,Non-Obese
60-79,Female,Non-Smoker,Diabetic,Stage 2 HTN,Desirable,26.0,Non-Obese
40-59,Male,Non-Smoker,Normoglycemic,Normal,High,29.5,Non-Obese
60-79,Male,Non-Smoker,Normoglycemic,Normal,High,22.7,Non-Obese
40-59,Male,Non-Smoker,Normoglycemic,Normal,Borderline High,25.6,Non-Obese
80+,Male,Non-Smoker,Normoglycemic,Normal,Borderline High,23.9,Non-Obese
40-59,Male,Non-Smoker,Normoglycemic,Elevated,High,30.7,Obese
40-59,Male,Non-Smoker,Normoglycemic,Normal,Desirable,23.9,Non-Obese
20-39,Male,Current Smoker,Normoglycemic,Normal,Borderline High,29.2,Non-Obese
20-39,Female,Non-Smoker,Normoglycemic,Stage 2 HTN,High,32.2,Obese
40-59,Male,Non-Smoker,Normoglycemic,Stage 1 HTN,Desirable,30.7,Obese
80+,Male,Non-Smoker,Normoglycemic,Normal,High,28.0,Non-Obese
20-39,Female,Current Smoker,Normoglycemic,Elevated,High,24.8,Non-Obese
60-79,Female,Non-Smoker,Diabetic,Stage 2 HTN,Desirable,32.4,Obese
60-79,Male,Non-Smoker,Normoglycemic,Stage 1 HTN,Borderline High,30.1,Obese
60-79,Female,Non-Smoker,Normoglycemic,Normal,Very High,33.1,Obese
20-39,Female,Non-Smoker,Normoglycemic,Stage 1 HTN,Very High,30.5,Obese
40-59,Male,Non-Smoker,Diabetic,Stage 2 HTN,Borderline High,32.8,Obese
80+,Female,Non-Smoker,Normoglycemic,Stage 2 HTN,Borderline High,32.8,Obese
60-79,Female,Non-Smoker,Diabetic,Stage 1 HTN,Borderline High,37.4,Obese
60-79,Male,Current Smoker,Normoglycemic,Normal,Very High,27.4,Non-Obese
40-59,Female,Non-Smoker,Normoglycemic,Normal,Desirable,27.0,Non-Obese
60-79,Male,Non-Smoker,Normoglycemic,Normal,Borderline High,22.2,Non-Obese
20-39,Female,Non-Smoker,Normoglycemic,Normal,Borderline High,25.9,Non-Obese
60-79,Female,Non-Smoker,Normoglycemic,Normal,Desirable,25.8,Non-Obese
20-39,Male,Current Smoker,Normoglycemic,Elevated,Desirable,24.6,Non-Obese
40-59,Female,Current Smoker,Normoglycemic,Normal,High,24.9,Non-Obese
60-79,Male,Non-Smoker,Diabetic,Elevated,Desirable,33.2,Obese
60-79,Female,Non-Smoker,Diabetic,Stage 1 HTN,Borderline High,31.6,Obese
60-79,Female,Current Smoker,Normoglycemic,Normal,Very High,33.3,Obese
20-39,Male,Current Smoker,Normoglycemic,Elevated,High,27.0,Non-Obese
60-79,Female,Non-Smoker,Normoglycemic,Normal,Desirable,38.3,Obese
20-39,Male,Non-Smoker,Normoglycemic,Normal,Desirable,25.8,Non-Obese
80+,Male,Non-Smoker,Normoglycemic,Normal,High,31.1,Obese
40-59,Female,Non-Smoker,Normoglycemic,Normal,Very High,29.1,Non-Obese
20-39,Male,Current Smoker,Normoglycemic,Normal,High,22.7,Non-Obese
20-39,Male,Non-Smoker,Diabetic,Stage 1 HTN,Desirable,24.8,Non-Obese
60-79,Female,Non-Smoker,Normoglycemic,Stage 1 HTN,Borderline High,23.4,Non-Obese
40-59,Female,Current Smoker,Diabetic,Stage 2 HTN,Desirable,27.5,Non-Obese
80+,Female,Non-Smoker,Normoglycemic,Stage 1 HTN,Borderline High,26.7,Non-Obese
60-79,Female,Non-Smoker,Normoglycemic,Elevated,High,23.2,Non-Obese
40-59,Male,Current Smoker,Diabetic,Stage 1 HTN,Borderline High,31.9,Obese
40-59,Male,Non-Smoker,Normoglycemic,Normal,Borderline High,22.8,Non-Obese
40-59,Male,Non-Smoker,Normoglycemic,Stage 1 HTN,High,31.3,Obese
40-59,Male,Current Smoker,Diabetic,Stage 2 HTN,Borderline High,30.9,Obese
60-79,Female,Current Smoker,Normoglycemic,Stage 2 HTN,Desirable,26.4,Non-Obese
80+,Male,Non-Smoker,Normoglycemic,Normal,Borderline High,21.4,Non-Obese
40-59,Male,Current Smoker,Normoglycemic,Normal,Desirable,21.9,Non-Obese
20-39,Male,Non-Smoker,Normoglycemic,Normal,Borderline High,20.7,Non-Obese
40-59,Female,Non-Smoker,Normoglycemic,Elevated,Very High,26.9,Non-Obese
60-79,Female,Non-Smoker,Normoglycemic,Elevated,Borderline High,28.2,Non-Obese
60-79,Male,Current Smoker,Normoglycemic,Normal,High,22.6,Non-Obese
60-79,Male,Non-Smoker,Normoglycemic,Stage 1 HTN,Borderline High,39.3,Obese
20-39,Male,Current Smoker,Diabetic,Stage 2 HTN,High,26.2,Non-Obese
20-39,Male,Non-Smoker,Normoglycemic,Stage 2 HTN,Borderline High,32.0,Obese
20-39,Male,Non-Smoker,Normoglycemic,Normal,High,30.3,Obese
40-59,Male,Non-Smoker,Normoglycemic,Normal,Desirable,26.7,Non-Obese
60-79,Female,Non-Smoker,Normoglycemic,Normal,Borderline High,25.6,Non-Obese
40-59,Male,Current Smoker,Normoglycemic,Stage 2 HTN,Desirable,36.0,Obese
40-59,Male,Non-Smoker,Normoglycemic,Elevated,Desirable,27.6,Non-Obese
20-39,Female,Current Smoker,Normoglycemic,Stage 2 HTN,Borderline High,27.4,Non-Obese
60-79,Female,Non-Smoker,Normoglycemic,Normal,Desirable,25.7,Non-Obese
20-39,Female,Non-Smoker,Normoglycemic,Normal,Borderline High,23.7,Non-Obese
20-39,Female,Non-Smoker,Normoglycemic,Normal,Borderline High,26.3,Non-Obese
60-79,Female,Non-Smoker,Diabetic,Stage 2 HTN,Borderline High,41.2,Obese
20-39,Female,Non-Smoker,Normoglycemic,Normal,Desirable,23.3,Non-Obese
40-59,Male,Non-Smoker,Diabetic,Stage 2 HTN,Very High,32.7,Obese
20-39,Female,Current Smoker,Normoglycemic,Elevated,Desirable,26.6,Non-Obese
20-39,Male,Non-Smoker,Normoglycemic,Elevated,Borderline High,26.9,Non-Obese
60-79,Male,Current Smoker,Normoglycemic,Stage 2 HTN,Desirable,28.9,Non-Obese
40-59,Male,Current Smoker,Diabetic,Stage 1 HTN,Desirable,30.6,Obese
20-39,Male,Non-Smoker,Normoglycemic,Normal,Borderline High,32.1,Obese
40-59,Male,Current Smoker,Normoglycemic,Stage 1 HTN,Very High,25.5,Non-Obese
60-79,Female,Non-Smoker,Normoglycemic,Stage 2 HTN,Borderline High,24.7,Non-Obese
80+,Male,Non-Smoker,Normoglycemic,Normal,Desirable,23.4,Non-Obese
60-79,Female,Non-Smoker,Normoglycemic,Normal,High,22.0,Non-Obese
60-79,Female,Non-Smoker,Normoglycemic,Normal,Desirable,17.9,Non-Obese
20-39,Female,Non-Smoker,Normoglycemic,Normal,Borderline High,26.0,Non-Obese
20-39,Male,Non-Smoker,Normoglycemic,Normal,Borderline High,23.5,Non-Obese
20-39,Female,Non-Smoker,Normoglycemic,Stage 1 HTN,Desirable,25.4,Non-Obese
20-39,Male,Non-Smoker,Normoglycemic,Elevated,Very High,18.3,Non-Obese
40-59,Female,Non-Smoker,Normoglycemic,Normal,High,26.9,Non-Obese
60-79,Male,Non-Smoker,Normoglycemic,Elevated,Desirable,34.0,Obese
40-59,Male,Current Smoker,Normoglycemic,Elevated,Borderline High,31.0,Obese
40-59,Male,Non-Smoker,Normoglycemic,Normal,Desirable,27.3,Non-Obese
60-79,Female,Non-Smoker,Normoglycemic,Normal,Desirable,27.6,Non-Obese
40-59,Male,Current Smoker,Normoglycemic,Stage 1 HTN,Desirable,27.7,Non-Obese
20-39,Male,Current Smoker,Normoglycemic,Normal,Desirable,23.8,Non-Obese
40-59,Female,Non-Smoker,Normoglycemic,Normal,Borderline High,28.5,Non-Obese
80+,Male,Non-Smoker,Normoglycemic,Normal,Borderline High,26.2,Non-Obese
40-59,Female,Non-Smoker,Normoglycemic,Normal,Very High,32.2,Obese
20-39,Female,Non-Smoker,Normoglycemic,Elevated,Desirable,23.2,Non-Obese
60-79,Male,Current Smoker,Normoglycemic,Stage 1 HTN,High,28.3,Non-Obese
40-59,Male,Current Smoker,Normoglycemic,Stage 1 HTN,Very High,33.3,Obese
20-39,Female,Non-Smoker,Normoglycemic,Elevated,Borderline High,30.1,Obese
40-59,Male,Current Smoker,Normoglycemic,Stage 1 HTN,High,37.7,Obese
80+,Female,Non-Smoker,Normoglycemic,Stage 1 HTN,Desirable,22.3,Non-Obese
40-59,Male,Current Smoker,Normoglycemic,Stage 1 HTN,Very High,24.1,Non-Obese
20-39,Male,Current Smoker,Normoglycemic,Stage 1 HTN,Very High,23.6,Non-Obese
60-79,Female,Non-Smoker,Normoglycemic,Normal,Desirable,31.9,Obese
40-59,Female,Non-Smoker,Diabetic,Stage 1 HTN,High,33.8,Obese
20-39,Female,Non-Smoker,Normoglycemic,Normal,Borderline High,22.4,Non-Obese
60-79,Male,Current Smoker,Normoglycemic,Elevated,Borderline High,25.3,Non-Obese
40-59,Male,Non-Smoker,Normoglycemic,Normal,Very High,24.2,Non-Obese
40-59,Male,Non-Smoker,Normoglycemic,Elevated,Borderline High,22.4,Non-Obese
40-59,Male,Non-Smoker,Normoglycemic,Normal,High,24.5,Non-Obese
20-39,Male,Non-Smoker,Normoglycemic,Normal,Very High,31.1,Obese
60-79,Female,Non-Smoker,Diabetic,Stage 2 HTN,Desirable,26.8,Non-Obese
60-79,Female,Current Smoker,Normoglycemic,Stage 1 HTN,High,24.9,Non-Obese
20-39,Female,Non-Smoker,Normoglycemic,Stage 1 HTN,Very High,23.4,Non-Obese
40-59,Male,Non-Smoker,Normoglycemic,Stage 2 HTN,High,27.1,Non-Obese
40-59,Male,Non-Smoker,Normoglycemic,Normal,High,30.1,Obese
40-59,Male,Non-Smoker,Normoglycemic,Stage 1 HTN,Borderline High,25.5,Non-Obese
60-79,Female,Non-Smoker,Normoglycemic,Normal,Desirable,21.3,Non-Obese
80+,Female,Non-Smoker,Normoglycemic,Normal,Desirable,20.9,Non-Obese
40-59,Female,Non-Smoker,Normoglycemic,Normal,High,29.1,Non-Obese
20-39,Male,Non-Smoker,Normoglycemic,Normal,High,29.1,Non-Obese
20-39,Female,Non-Smoker,Normoglycemic,Elevated,Desirable,29.8,Non-Obese
60-79,Male,Non-Smoker,Normoglycemic,Elevated,Borderline High,31.2,Obese
40-59,Female,Non-Smoker,Normoglycemic,Normal,Borderline High,29.3,Non-Obese
40-59,Female,Non-Smoker,Normoglycemic,Normal,Very High,27.1,Non-Obese
60-79,Female,Non-Smoker,Normoglycemic,Elevated,Desirable,31.4,Obese
40-59,Male,Non-Smoker,Normoglycemic,Stage 1 HTN,High,41.1,Obese
20-39,Female,Non-Smoker,Normoglycemic,Normal,High,26.9,Non-Obese
20-39,Male,Non-Smoker,Normoglycemic,Normal,High,26.5,Non-Obese
40-59,Male,Non-Smoker,Normoglycemic,Normal,Desirable,23.4,Non-Obese
40-59,Female,Non-Smoker,Diabetic,Stage 1 HTN,Very High,29.8,Non-Obese
60-79,Female,Current Smoker,Normoglycemic,Normal,High,27.4,Non-Obese
20-39,Female,Non-Smoker,Normoglycemic,Normal,High,26.4,Non-Obese
20-39,Female,Non-Smoker,Normoglycemic,Elevated,Desirable,30.7,Obese
40-59,Male,Current Smoker,Normoglycemic,Stage 1 HTN,High,26.6,Non-Obese
40-59,Female,Non-Smoker,Diabetic,Stage 2 HTN,Very High,43.1,Obese
40-59,Male,Non-Smoker,Diabetic,Stage 2 HTN,Very High,35.8,Obese
80+,Female,Non-Smoker,Normoglycemic,Stage 1 HTN,Desirable,26.4,Non-Obese
60-79,Male,Non-Smoker,Normoglycemic,Elevated,High,24.1,Non-Obese
40-59,Male,Current Smoker,Normoglycemic,Stage 1 HTN,Borderline High,28.5,Non-Obese
40-59,Male,Current Smoker,Normoglycemic,Stage 1 HTN,Borderline High,30.7,Obese
20-39,Male,Non-Smoker,Normoglycemic,Elevated,Borderline High,24.4,Non-Obese
40-59,Female,Non-Smoker,Normoglycemic,Stage 1 HTN,Very High,27.2,Non-Obese
60-79,Female,Non-Smoker,Diabetic,Stage 2 HTN,High,39.5,Obese
20-39,Male,Current Smoker,Normoglycemic,Stage 2 HTN,Desirable,24.4,Non-Obese
60-79,Male,Non-Smoker,Normoglycemic,Elevated,Borderline High,25.9,Non-Obese
60-79,Male,Non-Smoker,Normoglycemic,Elevated,Borderline High,24.7,Non-Obese
60-79,Male,Non-Smoker,Normoglycemic,Normal,Borderline High,25.9,Non-Obese
60-79,Female,Non-Smoker,Diabetic,Stage 1 HTN,Borderline High,30.6,Obese
40-59,Male,Non-Smoker,Normoglycemic,Elevated,Desirable,26.5,Non-Obese
20-39,Male,Current Smoker,Diabetic,Stage 2 HTN,Borderline High,36.5,Obese
40-59,Male,Non-Smoker,Normoglycemic,Normal,Desirable,25.8,Non-Obese
20-39,Male,Non-Smoker,Normoglycemic,Normal,Desirable,17.7,Non-Obese
80+,Female,Non-Smoker,Normoglycemic,Normal,High,22.4,Non-Obese
20-39,Female,Non-Smoker,Normoglycemic,Stage 1 HTN,Borderline High,42.1,Obese
20-39,Male,Current Smoker,Normoglycemic,Stage 2 HTN,Borderline High,30.6,Obese
80+,Male,Current Smoker,Normoglycemic,Elevated,High,40.5,Obese
40-59,Male,Non-Smoker,Normoglycemic,Elevated,High,25.6,Non-Obese
60-79,Female,Non-Smoker,Normoglycemic,Normal,Very High,32.1,Obese
60-79,Male,Current Smoker,Normoglycemic,Normal,High,23.6,Non-Obese
40-59,Female,Non-Smoker,Normoglycemic,Normal,Desirable,27.7,Non-Obese
40-59,Female,Non-Smoker,Normoglycemic,Stage 1 HTN,Desirable,30.6,Obese
40-59,Male,Non-Smoker,Normoglycemic,Stage 1 HTN,High,33.1,Obese
60-79,Male,Current Smoker,Normoglycemic,Normal,Borderline High,29.7,Non-Obese
80+,Female,Non-Smoker,Diabetic,Stage 2 HTN,Desirable,31.5,Obese
60-79,Female,Non-Smoker,Normoglycemic,Normal,Borderline High,30.2,Obese
20-39,Male,Non-Smoker,Normoglycemic,Normal,Desirable,26.1,Non-Obese
60-79,Male,Current Smoker,Normoglycemic,Stage 1 HTN,High,26.3,Non-Obese
20-39,Male,Non-Smoker,Normoglycemic,Normal,Very High,31.5,Obese
20-39,Male,Non-Smoker,Normoglycemic,Elevated,Desirable,24.2,Non-Obese
20-39,Female,Non-Smoker,Normoglycemic,Stage 1 HTN,Desirable,28.3,Non-Obese
20-39,Female,Non-Smoker,Normoglycemic,Normal,Borderline High,24.5,Non-Obese
80+,Male,Non-Smoker,Normoglycemic,Normal,Desirable,18.5,Non-Obese
60-79,Female,Non-Smoker,Normoglycemic,Normal,Borderline High,24.4,Non-Obese
80+,Female,Non-Smoker,Diabetic,Normal,High,27.9,Non-Obese
40-59,Male,Non-Smoker,Normoglycemic,Normal,Desirable,20.3,Non-Obese
60-79,Female,Non-Smoker,Normoglycemic,Normal,High,21.9,Non-Obese
40-59,Female,Current Smoker,Normoglycemic,Stage 1 HTN,Borderline High,24.7,Non-Obese
80+,Female,Non-Smoker,Diabetic,Stage 2 HTN,Desirable,25.2,Non-Obese
80+,Male,Current Smoker,Normoglycemic,Elevated,Desirable,23.2,Non-Obese
20-39,Female,Non-Smoker,Normoglycemic,Normal,High,30.9,Obese
60-79,Male,Non-Smoker,Normoglycemic,Stage 1 HTN,Desirable,31.5,Obese
40-59,Female,Non-Smoker,Normoglycemic,Normal,Desirable,24.5,Non-Obese
60-79,Male,Current Smoker,Normoglycemic,Elevated,Very High,21.9,Non-Obese
40-59,Female,Non-Smoker,Normoglycemic,Normal,Very High,27.4,Non-Obese
60-79,Female,Non-Smoker,Normoglycemic,Normal,High,27.1,Non-Obese
60-79,Male,Non-Smoker,Diabetic,Normal,Borderline High,37.8,Obese
20-39,Female,Current Smoker,Normoglycemic,Normal,Desirable,25.1,Non-Obese
20-39,Male,Current Smoker,Normoglycemic,Elevated,Borderline High,22.6,Non-Obese
60-79,Female,Current Smoker,Normoglycemic,Stage 2 HTN,Very High,29.8,Non-Obese
40-59,Female,Non-Smoker,Normoglycemic,Normal,Borderline High,20.9,Non-Obese
20-39,Male,Non-Smoker,Normoglycemic,Elevated,High,26.6,Non-Obese
20-39,Female,Non-Smoker,Normoglycemic,Normal,High,29.5,Non-Obese
60-79,Female,Non-Smoker,Normoglycemic,Stage 1 HTN,Desirable,30.2,Obese
20-39,Female,Current Smoker,Normoglycemic,Stage 2 HTN,Very High,23.8,Non-Obese
20-39,Male,Non-Smoker,Normoglycemic,Elevated,Desirable,25.6,Non-Obese
60-79,Male,Current Smoker,Normoglycemic,Stage 1 HTN,High,28.1,Non-Obese
40-59,Female,Current Smoker,Normoglycemic,Stage 2 HTN,High,27.3,Non-Obese
60-79,Female,Non-Smoker,Normoglycemic,Normal,Borderline High,31.2,Obese
60-79,Male,Current Smoker,Normoglycemic,Stage 1 HTN,Desirable,23.6,Non-Obese
20-39,Female,Non-Smoker,Normoglycemic,Normal,Desirable,24.1,Non-Obese
60-79,Female,Non-Smoker,Normoglycemic,Normal,Desirable,35.6,Obese
20-39,Female,Non-Smoker,Normoglycemic,Normal,High,27.2,Non-Obese
80+,Female,Non-Smoker,Diabetic,Stage 1 HTN,Desirable,29.7,Non-Obese
20-39,Female,Non-Smoker,Normoglycemic,Normal,Desirable,25.7,Non-Obese
20-39,Male,Current Smoker,Normoglycemic,Elevated,High,27.3,Non-Obese
60-79,Male,Non-Smoker,Normoglycemic,Normal,Desirable,25.5,Non-Obese
60-79,Male,Non-Smoker,Normoglycemic,Normal,Borderline High,28.1,Non-Obese
40-59,Female,Non-Smoker,Normoglycemic,Normal,Desirable,24.7,Non-Obese
60-79,Female,Non-Smoker,Normoglycemic,Normal,Desirable,23.2,Non-Obese
60-79,Female,Current Smoker,Normoglycemic,Stage 2 HTN,Borderline High,30.7,Obese
20-39,Female,Non-Smoker,Normoglycemic,Stage 1 HTN,Desirable,25.7,Non-Obese
40-59,Male,Non-Smoker,Diabetic,Elevated,Desirable,24.3,Non-Obese
40-59,Female,Non-Smoker,Normoglycemic,Stage 2 HTN,Desirable,42.6,Obese
40-59,Female,Non-Smoker,Normoglycemic,Stage 2 HTN,High,30.1,Obese
20-39,Male,Non-Smoker,Normoglycemic,Normal,High,29.6,Non-Obese
40-59,Male,Non-Smoker,Normoglycemic,Stage 1 HTN,High,38.5,Obese
60-79,Female,Non-Smoker,Diabetic,Elevated,High,29.1,Non-Obese
20-39,Female,Non-Smoker,Normoglycemic,Elevated,Very High,31.1,Obese
40-59,Male,Non-Smoker,Normoglycemic,Elevated,Desirable,26.8,Non-Obese
40-59,Male,Non-Smoker,Normoglycemic,Elevated,Desirable,21.9,Non-Obese
40-59,Male,Non-Smoker,Normoglycemic,Stage 1 HTN,Borderline High,34.5,Obese
60-79,Female,Non-Smoker,Diabetic,Stage 2 HTN,Desirable,30.6,Obese
40-59,Male,Current Smoker,Normoglycemic,Stage 2 HTN,Desirable,23.3,Non-Obese
20-39,Female,Non-Smoker,Normoglycemic,Normal,High,28.0,Non-Obese
20-39,Female,Non-Smoker,Normoglycemic,Normal,High,24.8,Non-Obese
80+,Male,Non-Smoker,Normoglycemic,Normal,Desirable,25.1,Non-Obese
60-79,Male,Current Smoker,Diabetic,Stage 2 HTN,Borderline High,28.8,Non-Obese
40-59,Male,Current Smoker,Normoglycemic,Normal,Borderline High,23.8,Non-Obese
20-39,Female,Non-Smoker,Normoglycemic,Normal,Desirable,20.3,Non-Obese
80+,Male,Non-Smoker,Diabetic,Stage 1 HTN,Desirable,30.1,Obese
80+,Female,Non-Smoker,Normoglycemic,Normal,Borderline High,26.1,Non-Obese
80+,Female,Non-Smoker,Normoglycemic,Normal,Borderline High,27.3,Non-Obese
40-59,Female,Non-Smoker,Normoglycemic,Normal,Borderline High,20.1,Non-Obese
40-59,Female,Current Smoker,Normoglycemic,Stage 1 HTN,Very High,28.9,Non-Obese
80+,Male,Non-Smoker,Normoglycemic,Elevated,Desirable,25.7,Non-Obese
40-59,Female,Non-Smoker,Normoglycemic,Normal,High,28.9,Non-Obese
20-39,Male,Current Smoker,Normoglycemic,Normal,Borderline High,23.0,Non-Obese
80+,Male,Non-Smoker,Diabetic,Stage 2 HTN,Borderline High,26.9,Non-Obese
20-39,Female,Non-Smoker,Normoglycemic,Normal,Very High,30.1,Obese
40-59,Male,Non-Smoker,Normoglycemic,Stage 1 HTN,Borderline High,28.0,Non-Obese
60-79,Female,Non-Smoker,Normoglycemic,Stage 2 HTN,Borderline High,29.9,Non-Obese
80+,Male,Current Smoker,Normoglycemic,Normal,Very High,24.8,Non-Obese
40-59,Male,Non-Smoker,Normoglycemic,Stage 1 HTN,Borderline High,36.1,Obese
40-59,Male,Non-Smoker,Diabetic,Elevated,High,35.2,Obese
40-59,Male,Non-Smoker,Normoglycemic,Stage 2 HTN,Borderline High,27.6,Non-Obese
80+,Female,Non-Smoker,Normoglycemic,Normal,Desirable,26.8,Non-Obese
80+,Male,Non-Smoker,Normoglycemic,Normal,High,26.2,Non-Obese
80+,Female,Current Smoker,Normoglycemic,Stage 1 HTN,High,24.9,Non-Obese
20-39,Female,Non-Smoker,Normoglycemic,Stage 1 HTN,Very High,28.2,Non-Obese
40-59,Female,Non-Smoker,Normoglycemic,Normal,Desirable,26.5,Non-Obese
60-79,Male,Non-Smoker,Normoglycemic,Elevated,Desirable,29.5,Non-Obese
80+,Male,Non-Smoker,Normoglycemic,Stage 1 HTN,Desirable,21.4,Non-Obese
20-39,Male,Non-Smoker,Normoglycemic,Elevated,Borderline High,25.8,Non-Obese
20-39,Female,Non-Smoker,Normoglycemic,Normal,High,28.2,Non-Obese
40-59,Female,Non-Smoker,Normoglycemic,Normal,High,26.7,Non-Obese
20-39,Male,Non-Smoker,Normoglycemic,Stage 1 HTN,Desirable,24.9,Non-Obese
20-39,Male,Non-Smoker,Normoglycemic,Stage 1 HTN,Desirable,21.6,Non-Obese
80+,Male,Current Smoker,Normoglycemic,Stage 2 HTN,Desirable,26.7,Non-Obese
20-39,Female,Current Smoker,Normoglycemic,Stage 2 HTN,Desirable,29.3,Non-Obese
60-79,Male,Non-Smoker,Diabetic,Elevated,Very High,25.3,Non-Obese
60-79,Male,Non-Smoker,Normoglycemic,Stage 1 HTN,High,32.7,Obese
40-59,Male,Current Smoker,Normoglycemic,Stage 1 HTN,Very High,33.0,Obese
20-39,Female,Non-Smoker,Diabetic,Stage 1 HTN,Borderline High,28.0,Non-Obese
20-39,Male,Non-Smoker,Normoglycemic,Normal,Borderline High,22.5,Non-Obese
40-59,Male,Non-Smoker,Normoglycemic,Elevated,Borderline High,24.0,Non-Obese
20-39,Male,Non-Smoker,Normoglycemic,Normal,Desirable,24.7,Non-Obese
40-59,Female,Non-Smoker,Normoglycemic,Normal,Desirable,26.0,Non-Obese
20-39,Female,Non-Smoker,Normoglycemic,Elevated,High,32.0,Obese
80+,Male,Non-Smoker,Normoglycemic,Normal,High,19.4,Non-Obese
40-59,Male,Current Smoker,Normoglycemic,Normal,High,19.1,Non-Obese
60-79,Male,Non-Smoker,Normoglycemic,Normal,High,31.1,Obese
80+,Female,Non-Smoker,Normoglycemic,Elevated,Borderline High,27.7,Non-Obese
40-59,Female,Non-Smoker,Normoglycemic,Stage 1 HTN,Desirable,27.5,Non-Obese
60-79,Male,Non-Smoker,Diabetic,Stage 1 HTN,Borderline High,29.8,Non-Obese
20-39,Female,Current Smoker,Normoglycemic,Stage 1 HTN,Very High,29.9,Non-Obese
40-59,Female,Non-Smoker,Normoglycemic,Normal,Borderline High,33.2,Obese
60-79,Female,Non-Smoker,Normoglycemic,Normal,Very High,22.7,Non-Obese
20-39,Male,Non-Smoker,Normoglycemic,Stage 1 HTN,Desirable,27.3,Non-Obese
80+,Male,Non-Smoker,Normoglycemic,Normal,Very High,23.4,Non-Obese
80+,Male,Non-Smoker,Normoglycemic,Normal,Borderline High,28.1,Non-Obese
40-59,Male,Non-Smoker,Normoglycemic,Elevated,Borderline High,30.5,Obese
20-39,Female,Non-Smoker,Normoglycemic,Normal,Desirable,21.9,Non-Obese
60-79,Male,Non-Smoker,Normoglycemic,Normal,Desirable,24.7,Non-Obese
40-59,Female,Non-Smoker,Normoglycemic,Elevated,Borderline High,32.6,Obese
60-79,Male,Current Smoker,Normoglycemic,Stage 2 HTN,High,22.1,Non-Obese
60-79,Male,Non-Smoker,Diabetic,Stage 2 HTN,High,35.5,Obese
80+,Male,Non-Smoker,Normoglycemic,Normal,Very High,24.2,Non-Obese
60-79,Male,Current Smoker,Diabetic,Stage 2 HTN,Very High,36.7,Obese
60-79,Male,Non-Smoker,Diabetic,Stage 2 HTN,Desirable,26.1,Non-Obese
80+,Female,Current Smoker,Normoglycemic,Elevated,High,28.5,Non-Obese
60-79,Female,Non-Smoker,Normoglycemic,Normal,Borderline High,25.8,Non-Obese
60-79,Male,Non-Smoker,Normoglycemic,Stage 1 HTN,Desirable,30.2,Obese
60-79,Male,Current Smoker,Normoglycemic,Elevated,High,29.1,Non-Obese
60-79,Male,Non-Smoker,Normoglycemic,Normal,Desirable,30.6,Obese
20-39,Male,Current Smoker,Normoglycemic,Stage 1 HTN,Very High,28.6,Non-Obese
20-39,Female,Non-Smoker,Normoglycemic,Elevated,Desirable,29.3,Non-Obese
60-79,Male,Non-Smoker,Normoglycemic,Normal,Borderline High,29.2,Non-Obese
40-59,Female,Non-Smoker,Normoglycemic,Elevated,Borderline High,29.7,Non-Obese
40-59,Male,Non-Smoker,Normoglycemic,Normal,Desirable,25.3,Non-Obese
60-79,Female,Non-Smoker,Diabetic,Stage 1 HTN,Desirable,28.5,Non-Obese
20-39,Female,Non-Smoker,Normoglycemic,Normal,Borderline High,26.1,Non-Obese
40-59,Male,Current Smoker,Normoglycemic,Stage 1 HTN,Borderline High,35.0,Obese
80+,Male,Non-Smoker,Normoglycemic,Normal,Borderline High,22.7,Non-Obese
40-59,Female,Non-Smoker,Normoglycemic,Stage 2 HTN,Borderline High,23.7,Non-Obese
60-79,Male,Non-Smoker,Diabetic,Stage 1 HTN,Desirable,30.6,Obese
20-39,Male,Current Smoker,Normoglycemic,Stage 2 HTN,Borderline High,21.8,Non-Obese
60-79,Male,Current Smoker,Diabetic,Stage 1 HTN,Very High,24.4,Non-Obese
40-59,Male,Non-Smoker,Diabetic,Stage 2 HTN,Borderline High,36.7,Obese
20-39,Male,Current Smoker,Normoglycemic,Stage 1 HTN,Very High,31.5,Obese
60-79,Female,Non-Smoker,Diabetic,Stage 1 HTN,Desirable,32.7,Obese
60-79,Female,Current Smoker,Normoglycemic,Elevated,High,33.8,Obese
20-39,Female,Non-Smoker,Normoglycemic,Normal,Very High,24.4,Non-Obese
40-59,Female,Non-Smoker,Normoglycemic,Normal,High,27.8,Non-Obese
40-59,Male,Current Smoker,Normoglycemic,Stage 1 HTN,Very High,23.8,Non-Obese
80+,Female,Non-Smoker,Normoglycemic,Normal,Borderline High,20.6,Non-Obese
20-39,Female,Non-Smoker,Normoglycemic,Elevated,Desirable,22.1,Non-Obese
60-79,Female,Non-Smoker,Normoglycemic,Normal,Desirable,21.3,Non-Obese
40-59,Male,Non-Smoker,Normoglycemic,Elevated,High,29.7,Non-Obese
40-59,Male,Non-Smoker,Normoglycemic,Stage 1 HTN,Borderline High,28.3,Non-Obese
20-39,Female,Non-Smoker,Normoglycemic,Normal,Very High,37.8,Obese
60-79,Male,Current Smoker,Diabetic,Stage 2 HTN,Very High,33.1,Obese
60-79,Female,Non-Smoker,Diabetic,Stage 2 HTN,Borderline High,27.9,Non-Obese
40-59,Male,Non-Smoker,Normoglycemic,Normal,High,28.4,Non-Obese
80+,Male,Non-Smoker,Diabetic,Stage 1 HTN,Borderline High,27.2,Non-Obese
40-59,Female,Non-Smoker,Diabetic,Stage 2 HTN,Borderline High,40.1,Obese
20-39,Female,Non-Smoker,Normoglycemic,Elevated,Desirable,25.3,Non-Obese
40-59,Male,Non-Smoker,Normoglycemic,Stage 1 HTN,Borderline High,29.7,Non-Obese
80+,Female,Current Smoker,Normoglycemic,Normal,Borderline High,21.8,Non-Obese
60-79,Female,Non-Smoker,Normoglycemic,Normal,Desirable,24.1,Non-Obese
20-39,Male,Non-Smoker,Normoglycemic,Normal,High,23.8,Non-Obese
40-59,Female,Non-Smoker,Normoglycemic,Normal,High,29.8,Non-Obese
40-59,Female,Current Smoker,Normoglycemic,Elevated,Borderline High,25.0,Non-Obese
60-79,Male,Non-Smoker,Normoglycemic,Elevated,Desirable,21.3,Non-Obese
60-79,Male,Current Smoker,Normoglycemic,Stage 2 HTN,Borderline High,23.2,Non-Obese
40-59,Male,Current Smoker,Normoglycemic,Normal,Borderline High,23.0,Non-Obese
40-59,Female,Non-Smoker,Normoglycemic,Elevated,Borderline High,19.6,Non-Obese
40-59,Male,Current Smoker,Diabetic,Stage 2 HTN,Desirable,31.4,Obese
60-79,Female,Non-Smoker,Normoglycemic,Normal,High,21.5,Non-Obese
40-59,Female,Non-Smoker,Normoglycemic,Normal,High,27.3,Non-Obese
80+,Female,Non-Smoker,Normoglycemic,Elevated,Very High,32.1,Obese
20-39,Male,Non-Smoker,Normoglycemic,Elevated,Desirable,24.0,Non-Obese
60-79,Female,Non-Smoker,Normoglycemic,Stage 2 HTN,High,30.4,Obese
60-79,Male,Non-Smoker,Normoglycemic,Elevated,Borderline High,29.5,Non-Obese
20-39,Female,Non-Smoker,Diabetic,Stage 2 HTN,Borderline High,28.6,Non-Obese
20-39,Female,Current Smoker,Normoglycemic,Stage 2 HTN,Desirable,25.5,Non-Obese
20-39,Female,Non-Smoker,Normoglycemic,Normal,Desirable,24.3,Non-Obese
20-39,Female,Non-Smoker,Normoglycemic,Elevated,Very High,27.3,Non-Obese
80+,Male,Current Smoker,Normoglycemic,Stage 1 HTN,Desirable,28.4,Non-Obese
60-79,Female,Non-Smoker,Diabetic,Elevated,High,30.4,Obese
60-79,Female,Non-Smoker,Diabetic,Stage 1 HTN,Borderline High,36.4,Obese
20-39,Male,Non-Smoker,Normoglycemic,Normal,Desirable,23.3,Non-Obese
60-79,Female,Non-Smoker,Normoglycemic,Stage 1 HTN,Borderline High,38.5,Obese
40-59,Female,Non-Smoker,Normoglycemic,Normal,Desirable,26.4,Non-Obese
20-39,Male,Non-Smoker,Normoglycemic,Stage 2 HTN,Very High,28.3,Non-Obese
20-39,Male,Non-Smoker,Normoglycemic,Normal,High,27.7,Non-Obese
20-39,Male,Non-Smoker,Normoglycemic,Elevated,High,31.5,Obese
20-39,Male,Non-Smoker,Normoglycemic,Normal,High,31.5,Obese
60-79,Female,Non-Smoker,Normoglycemic,Normal,Borderline High,28.9,Non-Obese
40-59,Male,Current Smoker,Normoglycemic,Elevated,Borderline High,27.1,Non-Obese
40-59,Female,Non-Smoker,Normoglycemic,Stage 1 HTN,Borderline High,22.6,Non-Obese
80+,Male,Non-Smoker,Diabetic,Stage 2 HTN,Desirable,34.4,Obese
80+,Male,Non-Smoker,Normoglycemic,Normal,Very High,24.1,Non-Obese
20-39,Female,Non-Smoker,Normoglycemic,Normal,Borderline High,30.8,Obese
40-59,Female,Current Smoker,Normoglycemic,Stage 2 HTN,High,29.0,Non-Obese
60-79,Male,Current Smoker,Normoglycemic,Elevated,Very High,23.8,Non-Obese
20-39,Male,Non-Smoker,Normoglycemic,Elevated,Borderline High,28.6,Non-Obese
60-79,Male,Current Smoker,Normoglycemic,Stage 1 HTN,Desirable,27.1,Non-Obese
20-39,Female,Non-Smoker,Normoglycemic,Normal,Desirable,25.7,Non-Obese
60-79,Female,Non-Smoker,Normoglycemic,Elevated,Very High,32.6,Obese
20-39,Female,Non-Smoker,Normoglycemic,Normal,Borderline High,23.6,Non-Obese
80+,Female,Non-Smoker,Normoglycemic,Elevated,High,20.1,Non-Obese
20-39,Female,Current Smoker,Diabetic,Elevated,Borderline High,23.3,Non-Obese
20-39,Female,Non-Smoker,Normoglycemic,Elevated,Desirable,15.8,Non-Obese
60-79,Male,Current Smoker,Normoglycemic,Elevated,Borderline High,25.1,Non-Obese
20-39,Female,Non-Smoker,Normoglycemic,Elevated,Borderline High,37.6,Obese
20-39,Male,Non-Smoker,Normoglycemic,Normal,Desirable,24.9,Non-Obese
40-59,Male,Non-Smoker,Normoglycemic,Normal,Borderline High,22.5,Non-Obese
20-39,Male,Non-Smoker,Normoglycemic,Stage 1 HTN,Desirable,27.6,Non-Obese
40-59,Female,Non-Smoker,Normoglycemic,Elevated,Borderline High,29.7,Non-Obese
20-39,Male,Current Smoker,Diabetic,Stage 2 HTN,Very High,38.7,Obese
60-79,Female,Non-Smoker,Normoglycemic,Normal,Desirable,41.5,Obese
40-59,Female,Non-Smoker,Diabetic,Stage 2 HTN,High,38.8,Obese
60-79,Female,Non-Smoker,Normoglycemic,Normal,Borderline High,26.9,Non-Obese
60-79,Male,Current Smoker,Normoglycemic,Stage 1 HTN,Very High,37.1,Obese
40-59,Female,Non-Smoker,Normoglycemic,Normal,Borderline High,30.5,Obese
60-79,Female,Non-Smoker,Normoglycemic,Stage 1 HTN,Desirable,24.9,Non-Obese
40-59,Male,Non-Smoker,Normoglycemic,Normal,Borderline High,26.0,Non-Obese
60-79,Female,Current Smoker,Normoglycemic,Normal,Desirable,36.0,Obese
60-79,Female,Current Smoker,Normoglycemic,Normal,High,25.2,Non-Obese
60-79,Female,Non-Smoker,Diabetic,Elevated,Very High,29.9,Non-Obese
40-59,Male,Non-Smoker,Normoglycemic,Stage 1 HTN,Borderline High,27.6,Non-Obese
20-39,Female,Non-Smoker,Normoglycemic,Normal,Borderline High,28.4,Non-Obese
60-79,Female,Non-Smoker,Normoglycemic,Normal,Borderline High,29.2,Non-Obese
40-59,Male,Non-Smoker,Diabetic,Stage 2 HTN,Desirable,35.4,Obese
20-39,Female,Current Smoker,Normoglycemic,Elevated,Very High,26.9,Non-Obese
20-39,Female,Non-Smoker,Normoglycemic,Elevated,Borderline High,31.0,Obese
20-39,Male,Non-Smoker,Normoglycemic,Elevated,Borderline High,22.8,Non-Obese
60-79,Female,Non-Smoker,Normoglycemic,Normal,Desirable,28.5,Non-Obese
60-79,Male,Non-Smoker,Normoglycemic,Normal,Desirable,25.7,Non-Obese
60-79,Male,Current Smoker,Normoglycemic,Stage 2 HTN,Borderline High,29.0,Non-Obese
80+,Female,Non-Smoker,Diabetic,Stage 2 HTN,Borderline High,35.6,Obese
40-59,Female,Non-Smoker,Normoglycemic,Normal,Borderline High,25.3,Non-Obese
20-39,Male,Non-Smoker,Normoglycemic,Normal,Desirable,19.9,Non-Obese
60-79,Female,Non-Smoker,Normoglycemic,Normal,Very High,32.6,Obese
20-39,Female,Non-Smoker,Normoglycemic,Elevated,High,26.6,Non-Obese
40-59,Female,Non-Smoker,Normoglycemic,Elevated,Desirable,27.4,Non-Obese
20-39,Male,Non-Smoker,Normoglycemic,Normal,Desirable,24.7,Non-Obese
40-59,Female,Non-Smoker,Normoglycemic,Normal,High,26.4,Non-Obese
40-59,Female,Non-Smoker,Normoglycemic,Normal,Desirable,24.2,Non-Obese
40-59,Female,Non-Smoker,Normoglycemic,Elevated,Very High,34.9,Obese
60-79,Female,Non-Smoker,Diabetic,Stage 2 HTN,Borderline High,38.3,Obese
60-79,Male,Current Smoker,Normoglycemic,Normal,Desirable,29.0,Non-Obese
40-59,Female,Current Smoker,Normoglycemic,Normal,Desirable,27.7,Non-Obese
60-79,Female,Current Smoker,Normoglycemic,Stage 2 HTN,Very High,36.5,Obese
80+,Female,Non-Smoker,Normoglycemic,Normal,High,23.6,Non-Obese
80+,Female,Non-Smoker,Normoglycemic,Normal,Borderline High,24.2,Non-Obese
40-59,Male,Current Smoker,Normoglycemic,Stage 1 HTN,Desirable,21.9,Non-Obese
20-39,Male,Current Smoker,Normoglycemic,Stage 2 HTN,Desirable,32.2,Obese
40-59,Female,Non-Smoker,Normoglycemic,Elevated,Desirable,29.6,Non-Obese
80+,Male,Non-Smoker,Normoglycemic,Normal,Desirable,28.1,Non-Obese
20-39,Female,Non-Smoker,Normoglycemic,Normal,Desirable,21.7,Non-Obese
60-79,Female,Non-Smoker,Normoglycemic,Normal,Very High,24.3,Non-Obese
40-59,Male,Non-Smoker,Diabetic,Stage 2 HTN,Borderline High,28.7,Non-Obese
60-79,Male,Non-Smoker,Normoglycemic,Normal,Very High,28.9,Non-Obese
40-59,Female,Non-Smoker,Normoglycemic,Normal,Desirable,23.4,Non-Obese
40-59,Female,Non-Smoker,Diabetic,Stage 1 HTN,Desirable,40.3,Obese
60-79,Female,Non-Smoker,Normoglycemic,Normal,Desirable,29.1,Non-Obese
20-39,Male,Non-Smoker,Normoglycemic,Stage 1 HTN,High,36.6,Obese
40-59,Female,Non-Smoker,Normoglycemic,Normal,Very High,29.0,Non-Obese
40-59,Male,Current Smoker,Normoglycemic,Normal,Desirable,20.9,Non-Obese
80+,Male,Non-Smoker,Diabetic,Normal,Very High,28.1,Non-Obese
60-79,Female,Non-Smoker,Normoglycemic,Normal,Desirable,21.2,Non-Obese
20-39,Female,Non-Smoker,Normoglycemic,Normal,Desirable,29.7,Non-Obese
40-59,Male,Non-Smoker,Normoglycemic,Normal,Very High,27.8,Non-Obese
20-39,Female,Non-Smoker,Normoglycemic,Elevated,Desirable,28.1,Non-Obese
60-79,Male,Non-Smoker,Normoglycemic,Normal,Desirable,19.8,Non-Obese
40-59,Female,Non-Smoker,Normoglycemic,Normal,High,24.8,Non-Obese
20-39,Female,Current Smoker,Normoglycemic,Elevated,Desirable,25.4,Non-Obese
60-79,Female,Non-Smoker,Normoglycemic,Normal,High,29.7,Non-Obese
40-59,Male,Non-Smoker,Normoglycemic,Elevated,High,29.9,Non-Obese
60-79,Male,Non-Smoker,Normoglycemic,Elevated,Desirable,24.2,Non-Obese
80+,Female,Non-Smoker,Diabetic,Stage 2 HTN,High,28.5,Non-Obese
60-79,Female,Non-Smoker,Normoglycemic,Stage 2 HTN,Borderline High,30.1,Obese
20-39,Female,Current Smoker,Normoglycemic,Elevated,High,28.5,Non-Obese
40-59,Female,Current Smoker,Normoglycemic,Stage 1 HTN,High,29.7,Non-Obese
60-79,Female,Non-Smoker,Normoglycemic,Elevated,Desirable,29.6,Non-Obese
80+,Female,Current Smoker,Diabetic,Stage 2 HTN,Desirable,41.5,Obese
40-59,Male,Non-Smoker,Diabetic,Stage 2 HTN,Desirable,27.6,Non-Obese
40-59,Male,Non-Smoker,Normoglycemic,Normal,Desirable,23.5,Non-Obese
20-39,Male,Non-Smoker,Normoglycemic,Stage 1 HTN,Borderline High,29.6,Non-Obese
40-59,Female,Non-Smoker,Normoglycemic,Normal,Desirable,24.3,Non-Obese
20-39,Female,Non-Smoker,Normoglycemic,Normal,High,18.3,Non-Obese
40-59,Female,Non-Smoker,Normoglycemic,Stage 1 HTN,Very High,29.3,Non-Obese
20-39,Female,Non-Smoker,Diabetic,Stage 1 HTN,Desirable,25.6,Non-Obese
80+,Female,Current Smoker,Normoglycemic,Stage 2 HTN,Desirable,27.5,Non-Obese
40-59,Male,Current Smoker,Normoglycemic,Stage 1 HTN,High,30.1,Obese
40-59,Male,Non-Smoker,Normoglycemic,Elevated,Desirable,23.9,Non-Obese
40-59,Female,Non-Smoker,Normoglycemic,Normal,Borderline High,25.6,Non-Obese
80+,Female,Non-Smoker,Diabetic,Stage 1 HTN,High,28.0,Non-Obese
40-59,Female,Non-Smoker,Normoglycemic,Elevated,Very High,34.5,Obese
60-79,Female,Non-Smoker,Diabetic,Stage 2 HTN,Desirable,25.3,Non-Obese
40-59,Male,Current Smoker,Normoglycemic,Normal,High,25.2,Non-Obese
80+,Male,Current Smoker,Normoglycemic,Elevated,High,24.1,Non-Obese
60-79,Female,Current Smoker,Normoglycemic,Stage 2 HTN,Very High,30.6,Obese
20-39,Female,Non-Smoker,Normoglycemic,Stage 2 HTN,Borderline High,25.7,Non-Obese
20-39,Female,Non-Smoker,Normoglycemic,Normal,High,25.0,Non-Obese
60-79,Female,Non-Smoker,Normoglycemic,Elevated,High,26.2,Non-Obese
40-59,Male,Non-Smoker,Normoglycemic,Normal,Borderline High,28.7,Non-Obese
60-79,Female,Non-Smoker,Diabetic,Stage 2 HTN,Borderline High,30.5,Obese
20-39,Female,Current Smoker,Diabetic,Stage 1 HTN,Borderline High,27.8,Non-Obese
60-79,Female,Non-Smoker,Normoglycemic,Normal,High,23.1,Non-Obese
80+,Female,Non-Smoker,Normoglycemic,Normal,High,31.6,Obese
60-79,Male,Non-Smoker,Normoglycemic,Stage 1 HTN,Borderline High,31.3,Obese
60-79,Female,Non-Smoker,Normoglycemic,Elevated,High,33.3,Obese
60-79,Male,Non-Smoker,Normoglycemic,Normal,High,22.2,Non-Obese
60-79,Male,Non-Smoker,Diabetic,Stage 1 HTN,Desirable,31.9,Obese
40-59,Male,Non-Smoker,Diabetic,Stage 1 HTN,Borderline High,28.6,Non-Obese
40-59,Male,Non-Smoker,Diabetic,Normal,Very High,32.3,Obese
80+,Male,Current Smoker,Normoglycemic,Elevated,Very High,19.6,Non-Obese
40-59,Female,Non-Smoker,Normoglycemic,Stage 1 HTN,Borderline High,22.5,Non-Obese
40-59,Female,Non-Smoker,Normoglycemic,Normal,Desirable,28.0,Non-Obese
40-59,Male,Non-Smoker,Diabetic,Stage 1 HTN,Very High,29.6,Non-Obese
20-39,Female,Current Smoker,Normoglycemic,Stage 2 HTN,Desirable,23.3,Non-Obese
80+,Female,Non-Smoker,Normoglycemic,Normal,Desirable,23.1,Non-Obese
40-59,Male,Non-Smoker,Normoglycemic,Normal,Desirable,20.7,Non-Obese
20-39,Male,Non-Smoker,Diabetic,Normal,Desirable,25.9,Non-Obese
60-79,Female,Non-Smoker,Normoglycemic,Normal,Borderline High,29.5,Non-Obese
60-79,Female,Non-Smoker,Normoglycemic,Normal,Borderline High,25.4,Non-Obese
60-79,Female,Non-Smoker,Diabetic,Stage 2 HTN,Very High,34.4,Obese
40-59,Female,Current Smoker,Normoglycemic,Stage 1 HTN,Very High,27.7,Non-Obese
40-59,Female,Non-Smoker,Normoglycemic,Stage 2 HTN,High,42.7,Obese
60-79,Male,Current Smoker,Normoglycemic,Stage 2 HTN,Borderline High,28.7,Non-Obese
60-79,Female,Non-Smoker,Normoglycemic,Normal,High,23.5,Non-Obese
20-39,Male,Non-Smoker,Normoglycemic,Stage 1 HTN,Desirable,29.9,Non-Obese
20-39,Female,Non-Smoker,Normoglycemic,Elevated,Very High,25.8,Non-Obese
60-79,Female,Non-Smoker,Normoglycemic,Normal,Desirable,27.5,Non-Obese
20-39,Male,Non-Smoker,Normoglycemic,Normal,Desirable,22.1,Non-Obese
20-39,Male,Non-Smoker,Normoglycemic,Normal,High,22.1,Non-Obese
60-79,Male,Non-Smoker,Normoglycemic,Normal,Borderline High,24.3,Non-Obese
20-39,Male,Non-Smoker,Diabetic,Stage 2 HTN,Desirable,35.8,Obese
60-79,Male,Non-Smoker,Diabetic,Elevated,Borderline High,30.6,Obese
60-79,Female,Current Smoker,Normoglycemic,Normal,High,22.8,Non-Obese
40-59,Male,Non-Smoker,Normoglycemic,Normal,Desirable,25.7,Non-Obese
20-39,Male,Non-Smoker,Normoglycemic,Normal,Very High,21.5,Non-Obese
60-79,Male,Non-Smoker,Diabetic,Stage 2 HTN,Borderline High,29.4,Non-Obese
80+,Male,Current Smoker,Diabetic,Stage 2 HTN,Desirable,30.4,Obese
40-59,Female,Non-Smoker,Normoglycemic,Normal,High,27.0,Non-Obese
80+,Female,Non-Smoker,Diabetic,Elevated,Borderline High,29.8,Non-Obese
40-59,Male,Non-Smoker,Normoglycemic,Stage 2 HTN,Borderline High,29.9,Non-Obese
20-39,Female,Non-Smoker,Normoglycemic,Stage 2 HTN,Desirable,25.8,Non-Obese
40-59,Male,Non-Smoker,Normoglycemic,Normal,Borderline High,29.9,Non-Obese
20-39,Male,Current Smoker,Normoglycemic,Stage 2 HTN,Borderline High,29.0,Non-Obese
60-79,Male,Non-Smoker,Diabetic,Stage 2 HTN,Borderline High,29.1,Non-Obese
80+,Male,Non-Smoker,Normoglycemic,Normal,Desirable,29.4,Non-Obese
40-59,Female,Current Smoker,Normoglycemic,Stage 2 HTN,Desirable,27.6,Non-Obese
20-39,Male,Non-Smoker,Normoglycemic,Elevated,Desirable,21.0,Non-Obese
40-59,Male,Current Smoker,Normoglycemic,Stage 1 HTN,Very High,25.4,Non-Obese
40-59,Female,Non-Smoker,Normoglycemic,Elevated,Desirable,30.9,Obese
40-59,Male,Non-Smoker,Normoglycemic,Stage 2 HTN,Desirable,31.2,Obese
80+,Female,Non-Smoker,Diabetic,Stage 2 HTN,High,32.4,Obese
40-59,Male,Current Smoker,Normoglycemic,Normal,Borderline High,22.2,Non-Obese
20-39,Female,Current Smoker,Normoglycemic,Normal,Desirable,33.3,Obese
40-59,Female,Non-Smoker,Normoglycemic,Normal,Borderline High,23.6,Non-Obese
20-39,Female,Non-Smoker,Normoglycemic,Normal,Desirable,24.7,Non-Obese
40-59,Female,Non-Smoker,Normoglycemic,Normal,Desirable,28.2,Non-Obese
60-79,Male,Non-Smoker,Normoglycemic,Normal,Very High,26.4,Non-Obese
60-79,Female,Non-Smoker,Normoglycemic,Normal,Borderline High,25.7,Non-Obese
20-39,Female,Non-Smoker,Normoglycemic,Normal,Desirable,24.5,Non-Obese
20-39,Male,Non-Smoker,Normoglycemic,Normal,High,26.8,Non-Obese
60-79,Male,Non-Smoker,Normoglycemic,Stage 1 HTN,High,23.3,Non-Obese
60-79,Male,Current Smoker,Diabetic,Stage 1 HTN,Borderline High,32.1,Obese
40-59,Male,Current Smoker,Normoglycemic,Stage 1 HTN,Desirable,28.1,Non-Obese
60-79,Female,Current Smoker,Normoglycemic,Stage 1 HTN,Very High,31.5,Obese
80+,Female,Non-Smoker,Diabetic,Stage 2 HTN,Desirable,37.1,Obese
60-79,Male,Non-Smoker,Normoglycemic,Normal,Borderline High,23.5,Non-Obese
60-79,Female,Non-Smoker,Normoglycemic,Normal,Borderline High,26.6,Non-Obese
20-39,Male,Current Smoker,Normoglycemic,Elevated,Borderline High,28.4,Non-Obese
40-59,Male,Non-Smoker,Normoglycemic,Normal,High,27.5,Non-Obese
40-59,Male,Non-Smoker,Normoglycemic,Elevated,Desirable,28.3,Non-Obese
20-39,Male,Non-Smoker,Normoglycemic,Normal,High,30.2,Obese
40-59,Female,Non-Smoker,Normoglycemic,Stage 1 HTN,Borderline High,25.0,Non-Obese
60-79,Female,Current Smoker,Normoglycemic,Stage 2 HTN,Desirable,27.2,Non-Obese
60-79,Female,Non-Smoker,Normoglycemic,Normal,Desirable,27.3,Non-Obese
80+,Male,Current Smoker,Normoglycemic,Elevated,Desirable,25.7,Non-Obese
20-39,Female,Current Smoker,Normoglycemic,Elevated,Desirable,21.9,Non-Obese
20-39,Female,Non-Smoker,Normoglycemic,Stage 2 HTN,Borderline High,27.5,Non-Obese
40-59,Male,Non-Smoker,Normoglycemic,Normal,Desirable,26.4,Non-Obese
40-59,Female,Non-Smoker,Normoglycemic,Normal,Borderline High,21.6,Non-Obese
20-39,Female,Non-Smoker,Normoglycemic,Elevated,High,24.0,Non-Obese
60-79,Female,Non-Smoker,Normoglycemic,Normal,Borderline High,22.5,Non-Obese
60-79,Male,Current Smoker,Normoglycemic,Elevated,Borderline High,28.4,Non-Obese
80+,Male,Non-Smoker,Normoglycemic,Normal,High,24.7,Non-Obese
20-39,Male,Non-Smoker,Diabetic,Stage 1 HTN,Borderline High,34.0,Obese
60-79,Male,Non-Smoker,Normoglycemic,Normal,Desirable,27.3,Non-Obese
60-79,Male,Non-Smoker,Normoglycemic,Normal,High,24.3,Non-Obese
80+,Female,Non-Smoker,Normoglycemic,Stage 1 HTN,Very High,31.3,Obese
20-39,Male,Current Smoker,Normoglycemic,Normal,Desirable,20.0,Non-Obese
20-39,Female,Non-Smoker,Normoglycemic,Elevated,High,22.2,Non-Obese
60-79,Female,Non-Smoker,Diabetic,Stage 1 HTN,Very High,36.1,Obese
40-59,Male,Non-Smoker,Normoglycemic,Elevated,Desirable,25.0,Non-Obese
40-59,Male,Current Smoker,Normoglycemic,Stage 1 HTN,High,28.6,Non-Obese
80+,Female,Non-Smoker,Normoglycemic,Normal,Borderline High,27.3,Non-Obese
80+,Female,Non-Smoker,Diabetic,Stage 1 HTN,High,27.3,Non-Obese
40-59,Female,Non-Smoker,Normoglycemic,Normal,Desirable,27.6,Non-Obese
80+,Male,Non-Smoker,Diabetic,Stage 2 HTN,Desirable,22.8,Non-Obese
60-79,Female,Non-Smoker,Normoglycemic,Stage 1 HTN,High,26.1,Non-Obese
40-59,Male,Non-Smoker,Normoglycemic,Normal,High,27.6,Non-Obese
60-79,Female,Non-Smoker,Normoglycemic,Stage 1 HTN,Desirable,21.5,Non-Obese
20-39,Female,Non-Smoker,Normoglycemic,Normal,Very High,28.7,Non-Obese
60-79,Male,Current Smoker,Normoglycemic,Stage 2 HTN,High,31.4,Obese
20-39,Female,Non-Smoker,Normoglycemic,Normal,Desirable,19.5,Non-Obese
40-59,Female,Non-Smoker,Normoglycemic,Stage 1 HTN,Desirable,28.7,Non-Obese
60-79,Female,Non-Smoker,Normoglycemic,Normal,Desirable,21.4,Non-Obese
20-39,Female,Non-Smoker,Normoglycemic,Elevated,Desirable,20.9,Non-Obese
40-59,Male,Non-Smoker,Normoglycemic,Elevated,Desirable,29.2,Non-Obese
60-79,Female,Non-Smoker,Normoglycemic,Elevated,Borderline High,31.7,Obese
20-39,Male,Current Smoker,Normoglycemic,Normal,Very High,33.1,Obese
20-39,Female,Non-Smoker,Normoglycemic,Stage 1 HTN,High,32.6,Obese
40-59,Male,Non-Smoker,Normoglycemic,Stage 1 HTN,Borderline High,32.1,Obese
40-59,Female,Current Smoker,Normoglycemic,Elevated,Very High,31.9,Obese
60-79,Male,Non-Smoker,Normoglycemic,Normal,Very High,26.9,Non-Obese
80+,Male,Non-Smoker,Diabetic,Stage 1 HTN,Borderline High,30.6,Obese
60-79,Male,Non-Smoker,Diabetic,Stage 1 HTN,High,35.8,Obese
60-79,Male,Non-Smoker,Normoglycemic,Stage 1 HTN,High,37.8,Obese
40-59,Female,Non-Smoker,Normoglycemic,Stage 1 HTN,Borderline High,33.9,Obese
60-79,Male,Non-Smoker,Normoglycemic,Elevated,Desirable,24.6,Non-Obese
20-39,Male,Current Smoker,Normoglycemic,Stage 1 HTN,High,33.3,Obese
60-79,Female,Non-Smoker,Normoglycemic,Elevated,Borderline High,32.2,Obese
60-79,Male,Non-Smoker,Normoglycemic,Normal,Borderline High,29.6,Non-Obese
60-79,Male,Non-Smoker,Normoglycemic,Elevated,Borderline High,26.1,Non-Obese
80+,Male,Non-Smoker,Normoglycemic,Normal,High,27.2,Non-Obese
60-79,Female,Non-Smoker,Normoglycemic,Normal,Borderline High,27.6,Non-Obese
40-59,Female,Non-Smoker,Diabetic,Stage 2 HTN,Desirable,33.5,Obese
60-79,Female,Non-Smoker,Normoglycemic,Normal,High,32.9,Obese
60-79,Male,Non-Smoker,Normoglycemic,Normal,Very High,26.3,Non-Obese
40-59,Female,Non-Smoker,Normoglycemic,Stage 1 HTN,Desirable,29.3,Non-Obese
80+,Male,Non-Smoker,Diabetic,Stage 2 HTN,Desirable,25.2,Non-Obese
40-59,Female,Non-Smoker,Normoglycemic,Normal,Desirable,29.7,Non-Obese
20-39,Male,Non-Smoker,Normoglycemic,Normal,Desirable,22.1,Non-Obese
20-39,Male,Non-Smoker,Normoglycemic,Stage 1 HTN,High,23.7,Non-Obese
40-59,Female,Non-Smoker,Normoglycemic,Normal,Very High,30.3,Obese
80+,Male,Current Smoker,Normoglycemic,Stage 2 HTN,Borderline High,25.4,Non-Obese
40-59,Female,Non-Smoker,Normoglycemic,Stage 1 HTN,Desirable,24.8,Non-Obese
20-39,Male,Current Smoker,Normoglycemic,Stage 1 HTN,Very High,26.6,Non-Obese
60-79,Male,Non-Smoker,Normoglycemic,Normal,Very High,29.7,Non-Obese
60-79,Female,Non-Smoker,Normoglycemic,Normal,Desirable,21.0,Non-Obese
20-39,Male,Non-Smoker,Normoglycemic,Normal,Desirable,33.6,Obese
20-39,Male,Current Smoker,Normoglycemic,Stage 1 HTN,Borderline High,25.2,Non-Obese
60-79,Female,Non-Smoker,Normoglycemic,Stage 1 HTN,Desirable,22.9,Non-Obese
40-59,Male,Current Smoker,Normoglycemic,Elevated,Borderline High,29.4,Non-Obese
80+,Male,Non-Smoker,Normoglycemic,Stage 1 HTN,High,21.7,Non-Obese
20-39,Male,Non-Smoker,Normoglycemic,Normal,Desirable,22.9,Non-Obese
20-39,Male,Non-Smoker,Normoglycemic,Normal,Desirable,25.8,Non-Obese
60-79,Male,Current Smoker,Normoglycemic,Stage 2 HTN,High,26.9,Non-Obese
40-59,Male,Non-Smoker,Normoglycemic,Normal,Very High,28.9,Non-Obese
40-59,Male,Non-Smoker,Normoglycemic,Elevated,High,22.0,Non-Obese
40-59,Male,Non-Smoker,Normoglycemic,Normal,Desirable,29.9,Non-Obese
80+,Male,Current Smoker,Normoglycemic,Stage 1 HTN,Desirable,21.1,Non-Obese
60-79,Male,Non-Smoker,Diabetic,Stage 1 HTN,Desirable,29.9,Non-Obese
40-59,Male,Non-Smoker,Diabetic,Stage 1 HTN,Desirable,32.2,Obese
80+,Male,Non-Smoker,Diabetic,Stage 1 HTN,Desirable,28.8,Non-Obese
20-39,Female,Non-Smoker,Normoglycemic,Normal,High,21.0,Non-Obese
40-59,Male,Current Smoker,Diabetic,Stage 2 HTN,High,43.2,Obese
20-39,Male,Current Smoker,Normoglycemic,Normal,Very High,22.4,Non-Obese
20-39,Female,Non-Smoker,Normoglycemic,Normal,High,25.4,Non-Obese
20-39,Male,Non-Smoker,Normoglycemic,Elevated,Desirable,27.4,Non-Obese
60-79,Male,Non-Smoker,Diabetic,Stage 1 HTN,High,30.5,Obese
20-39,Male,Non-Smoker,Normoglycemic,Normal,Desirable,24.3,Non-Obese
80+,Female,Non-Smoker,Normoglycemic,Elevated,Desirable,26.1,Non-Obese
40-59,Female,Non-Smoker,Normoglycemic,Elevated,Very High,31.4,Obese
40-59,Male,Non-Smoker,Normoglycemic,Normal,Borderline High,25.7,Non-Obese
60-79,Male,Current Smoker,Diabetic,Stage 2 HTN,Borderline High,20.9,Non-Obese
20-39,Male,Current Smoker,Normoglycemic,Stage 1 HTN,High,23.3,Non-Obese
20-39,Female,Non-Smoker,Normoglycemic,Normal,Desirable,21.0,Non-Obese
40-59,Male,Current Smoker,Normoglycemic,Stage 1 HTN,Desirable,26.3,Non-Obese
60-79,Female,Non-Smoker,Normoglycemic,Normal,Borderline High,23.9,Non-Obese
60-79,Male,Non-Smoker,Diabetic,Stage 2 HTN,Desirable,25.4,Non-Obese
60-79,Female,Non-Smoker,Diabetic,Stage 1 HTN,Desirable,34.4,Obese
60-79,Female,Current Smoker,Normoglycemic,Stage 1 HTN,Borderline High,28.5,Non-Obese
40-59,Male,Non-Smoker,Normoglycemic,Stage 1 HTN,Desirable,21.7,Non-Obese
80+,Female,Current Smoker,Normoglycemic,Stage 2 HTN,Desirable,27.8,Non-Obese
20-39,Male,Current Smoker,Normoglycemic,Stage 2 HTN,High,24.9,Non-Obese
60-79,Male,Non-Smoker,Normoglycemic,Elevated,High,31.0,Obese
60-79,Female,Non-Smoker,Normoglycemic,Normal,Desirable,24.2,Non-Obese
60-79,Female,Non-Smoker,Normoglycemic,Elevated,Borderline High,35.7,Obese
60-79,Male,Non-Smoker,Normoglycemic,Stage 1 HTN,High,28.8,Non-Obese
40-59,Female,Non-Smoker,Normoglycemic,Stage 1 HTN,Borderline High,32.9,Obese
80+,Female,Current Smoker,Normoglycemic,Stage 2 HTN,Borderline High,24.1,Non-Obese
60-79,Male,Current Smoker,Normoglycemic,Normal,Very High,28.3,Non-Obese
40-59,Female,Current Smoker,Normoglycemic,Elevated,Desirable,22.0,Non-Obese
80+,Female,Current Smoker,Normoglycemic,Stage 2 HTN,Desirable,35.6,Obese
20-39,Female,Non-Smoker,Normoglycemic,Stage 1 HTN,Desirable,19.3,Non-Obese
40-59,Female,Non-Smoker,Normoglycemic,Normal,Desirable,31.9,Obese
60-79,Male,Non-Smoker,Normoglycemic,Elevated,Very High,32.0,Obese
60-79,Female,Non-Smoker,Diabetic,Elevated,Borderline High,28.8,Non-Obese
60-79,Female,Non-Smoker,Normoglycemic,Elevated,Borderline High,21.9,Non-Obese
60-79,Male,Non-Smoker,Normoglycemic,Normal,Borderline High,27.2,Non-Obese
60-79,Female,Non-Smoker,Normoglycemic,Elevated,Very High,29.8,Non-Obese
20-39,Male,Current Smoker,Normoglycemic,Stage 2 HTN,Borderline High,20.5,Non-Obese
40-59,Male,Current Smoker,Normoglycemic,Stage 1 HTN,Desirable,31.2,Obese
60-79,Female,Non-Smoker,Normoglycemic,Normal,High,27.1,Non-Obese
80+,Female,Current Smoker,Diabetic,Elevated,High,21.9,Non-Obese
60-79,Male,Non-Smoker,Normoglycemic,Elevated,Desirable,22.5,Non-Obese
20-39,Female,Current Smoker,Normoglycemic,Elevated,Desirable,19.0,Non-Obese
40-59,Female,Non-Smoker,Diabetic,Stage 2 HTN,Borderline High,46.1,Obese
80+,Male,Non-Smoker,Normoglycemic,Stage 2 HTN,Borderline High,24.0,Non-Obese
40-59,Female,Non-Smoker,Normoglycemic,Elevated,High,27.8,Non-Obese
60-79,Female,Non-Smoker,Normoglycemic,Stage 1 HTN,High,25.2,Non-Obese
40-59,Male,Non-Smoker,Normoglycemic,Normal,Borderline High,27.8,Non-Obese
60-79,Female,Non-Smoker,Diabetic,Stage 2 HTN,High,28.1,Non-Obese
20-39,Male,Non-Smoker,Normoglycemic,Normal,Desirable,26.9,Non-Obese
60-79,Male,Non-Smoker,Normoglycemic,Elevated,Desirable,36.5,Obese
60-79,Male,Current Smoker,Diabetic,Stage 2 HTN,Very High,32.9,Obese
40-59,Male,Non-Smoker,Normoglycemic,Elevated,Desirable,24.3,Non-Obese
60-79,Male,Non-Smoker,Normoglycemic,Normal,High,30.2,Obese
20-39,Female,Non-Smoker,Normoglycemic,Normal,Desirable,30.9,Obese
60-79,Male,Non-Smoker,Normoglycemic,Normal,High,35.9,Obese
40-59,Male,Non-Smoker,Normoglycemic,Normal,Desirable,23.6,Non-Obese
60-79,Male,Current Smoker,Normoglycemic,Normal,High,27.7,Non-Obese
40-59,Male,Non-Smoker,Normoglycemic,Elevated,High,33.9,Obese
60-79,Female,Non-Smoker,Normoglycemic,Elevated,Borderline High,27.5,Non-Obese
40-59,Female,Non-Smoker,Normoglycemic,Normal,High,30.4,Obese
60-79,Female,Non-Smoker,Normoglycemic,Stage 2 HTN,Desirable,27.5,Non-Obese
20-39,Female,Non-Smoker,Normoglycemic,Normal,Borderline High,23.6,Non-Obese
60-79,Male,Non-Smoker,Normoglycemic,Normal,High,29.6,Non-Obese
20-39,Female,Non-Smoker,Normoglycemic,Normal,High,29.4,Non-Obese
60-79,Female,Non-Smoker,Normoglycemic,Normal,Borderline High,27.1,Non-Obese
60-79,Female,Current Smoker,Diabetic,Stage 2 HTN,Borderline High,34.0,Obese
20-39,Male,Non-Smoker,Diabetic,Elevated,Desirable,34.6,Obese
60-79,Male,Current Smoker,Normoglycemic,Stage 1 HTN,Borderline High,30.5,Obese
40-59,Female,Non-Smoker,Normoglycemic,Stage 1 HTN,High,38.0,Obese
20-39,Female,Non-Smoker,Normoglycemic,Normal,Very High,29.8,Non-Obese
20-39,Male,Non-Smoker,Normoglycemic,Stage 1 HTN,Desirable,29.2,Non-Obese
20-39,Male,Non-Smoker,Normoglycemic,Normal,Borderline High,22.4,Non-Obese
20-39,Female,Non-Smoker,Normoglycemic,Normal,Desirable,29.8,Non-Obese
20-39,Female,Current Smoker,Normoglycemic,Normal,High,28.6,Non-Obese
60-79,Male,Non-Smoker,Diabetic,Stage 2 HTN,High,38.9,Obese
60-79,Female,Current Smoker,Normoglycemic,Stage 1 HTN,High,23.1,Non-Obese
60-79,Female,Non-Smoker,Normoglycemic,Normal,Desirable,24.2,Non-Obese
60-79,Female,Current Smoker,Normoglycemic,Stage 2 HTN,Very High,28.5,Non-Obese
20-39,Female,Non-Smoker,Normoglycemic,Elevated,High,22.7,Non-Obese
60-79,Male,Non-Smoker,Diabetic,Stage 1 HTN,Borderline High,24.6,Non-Obese
40-59,Male,Non-Smoker,Normoglycemic,Normal,Borderline High,35.8,Obese
80+,Female,Current Smoker,Diabetic,Stage 2 HTN,High,25.3,Non-Obese
60-79,Female,Non-Smoker,Normoglycemic,Stage 2 HTN,Desirable,20.4,Non-Obese
40-59,Female,Non-Smoker,Normoglycemic,Normal,High,28.0,Non-Obese
60-79,Male,Current Smoker,Normoglycemic,Normal,High,22.2,Non-Obese
40-59,Female,Non-Smoker,Normoglycemic,Normal,Desirable,25.7,Non-Obese
40-59,Female,Non-Smoker,Normoglycemic,Normal,High,29.7,Non-Obese
60-79,Female,Current Smoker,Normoglycemic,Normal,High,23.7,Non-Obese
40-59,Male,Non-Smoker,Normoglycemic,Stage 1 HTN,Desirable,21.9,Non-Obese
40-59,Male,Current Smoker,Normoglycemic,Elevated,High,27.5,Non-Obese
80+,Male,Current Smoker,Normoglycemic,Normal,High,24.8,Non-Obese
60-79,Female,Non-Smoker,Normoglycemic,Elevated,High,31.7,Obese
60-79,Female,Non-Smoker,Normoglycemic,Stage 2 HTN,Desirable,21.9,Non-Obese
40-59,Female,Non-Smoker,Normoglycemic,Normal,Desirable,28.0,Non-Obese
40-59,Male,Non-Smoker,Normoglycemic,Elevated,Borderline High,24.8,Non-Obese
60-79,Male,Non-Smoker,Normoglycemic,Elevated,High,27.5,Non-Obese
40-59,Female,Non-Smoker,Diabetic,Stage 2 HTN,High,26.8,Non-Obese
40-59,Female,Non-Smoker,Normoglycemic,Stage 1 HTN,Desirable,33.0,Obese
20-39,Male,Non-Smoker,Normoglycemic,Elevated,Desirable,19.2,Non-Obese
20-39,Female,Non-Smoker,Diabetic,Stage 2 HTN,Desirable,28.9,Non-Obese
80+,Male,Current Smoker,Normoglycemic,Stage 1 HTN,Borderline High,24.9,Non-Obese
40-59,Female,Non-Smoker,Normoglycemic,Normal,High,30.1,Obese
60-79,Female,Non-Smoker,Normoglycemic,Normal,Desirable,26.6,Non-Obese
80+,Female,Non-Smoker,Normoglycemic,Normal,Desirable,27.3,Non-Obese
40-59,Male,Non-Smoker,Normoglycemic,Stage 1 HTN,Desirable,24.7,Non-Obese
20-39,Male,Non-Smoker,Normoglycemic,Elevated,Borderline High,28.3,Non-Obese
20-39,Male,Non-Smoker,Normoglycemic,Stage 1 HTN,High,22.8,Non-Obese
40-59,Male,Non-Smoker,Normoglycemic,Normal,Desirable,31.7,Obese
60-79,Female,Non-Smoker,Normoglycemic,Elevated,Borderline High,28.7,Non-Obese
20-39,Female,Non-Smoker,Diabetic,Stage 1 HTN,Borderline High,36.2,Obese
60-79,Female,Current Smoker,Normoglycemic,Normal,Borderline High,19.2,Non-Obese
60-79,Male,Non-Smoker,Normoglycemic,Normal,Desirable,26.0,Non-Obese
60-79,Female,Non-Smoker,Normoglycemic,Normal,Very High,25.2,Non-Obese
40-59,Male,Non-Smoker,Normoglycemic,Normal,Borderline High,27.9,Non-Obese
60-79,Female,Non-Smoker,Normoglycemic,Stage 2 HTN,Borderline High,34.4,Obese
60-79,Female,Non-Smoker,Normoglycemic,Normal,Borderline High,25.4,Non-Obese
20-39,Male,Current Smoker,Normoglycemic,Elevated,Desirable,21.2,Non-Obese
40-59,Female,Non-Smoker,Diabetic,Elevated,High,29.2,Non-Obese
20-39,Female,Current Smoker,Normoglycemic,Stage 2 HTN,Very High,24.3,Non-Obese
20-39,Female,Current Smoker,Normoglycemic,Elevated,Borderline High,20.7,Non-Obese
80+,Male,Non-Smoker,Diabetic,Stage 2 HTN,Borderline High,29.6,Non-Obese
20-39,Female,Current Smoker,Normoglycemic,Stage 2 HTN,Desirable,22.2,Non-Obese
40-59,Female,Non-Smoker,Diabetic,Stage 1 HTN,High,25.1,Non-Obese
80+,Female,Non-Smoker,Diabetic,Elevated,Desirable,28.0,Non-Obese
40-59,Female,Non-Smoker,Normoglycemic,Stage 1 HTN,Very High,30.4,Obese
20-39,Male,Current Smoker,Normoglycemic,Elevated,Desirable,27.7,Non-Obese
60-79,Female,Non-Smoker,Diabetic,Stage 2 HTN,Borderline High,35.7,Obese
20-39,Female,Non-Smoker,Normoglycemic,Normal,Borderline High,23.4,Non-Obese
20-39,Male,Non-Smoker,Normoglycemic,Normal,Desirable,19.4,Non-Obese
20-39,Male,Non-Smoker,Normoglycemic,Normal,Borderline High,23.3,Non-Obese
60-79,Male,Non-Smoker,Normoglycemic,Normal,High,30.9,Obese
60-79,Male,Non-Smoker,Normoglycemic,Elevated,Very High,34.2,Obese
20-39,Female,Non-Smoker,Normoglycemic,Normal,Borderline High,24.9,Non-Obese
60-79,Male,Non-Smoker,Normoglycemic,Normal,Desirable,24.4,Non-Obese
60-79,Male,Non-Smoker,Normoglycemic,Normal,High,33.8,Obese
40-59,Male,Non-Smoker,Normoglycemic,Normal,Desirable,23.2,Non-Obese
60-79,Male,Non-Smoker,Normoglycemic,Elevated,Desirable,26.1,Non-Obese
40-59,Male,Current Smoker,Normoglycemic,Stage 1 HTN,Very High,31.2,Obese
80+,Male,Current Smoker,Normoglycemic,Stage 1 HTN,Borderline High,24.7,Non-Obese
60-79,Female,Current Smoker,Normoglycemic,Normal,Very High,29.9,Non-Obese
40-59,Female,Non-Smoker,Diabetic,Stage 2 HTN,Desirable,38.2,Obese
60-79,Female,Current Smoker,Normoglycemic,Stage 1 HTN,Very High,32.2,Obese
20-39,Male,Current Smoker,Normoglycemic,Stage 1 HTN,Desirable,25.6,Non-Obese
60-79,Female,Non-Smoker,Normoglycemic,Stage 1 HTN,Desirable,25.1,Non-Obese
80+,Female,Current Smoker,Normoglycemic,Stage 1 HTN,High,27.8,Non-Obese
40-59,Male,Non-Smoker,Normoglycemic,Elevated,Borderline High,18.9,Non-Obese
60-79,Female,Non-Smoker,Normoglycemic,Elevated,Borderline High,25.9,Non-Obese
60-79,Male,Current Smoker,Normoglycemic,Stage 1 HTN,Very High,35.0,Obese
40-59,Male,Current Smoker,Diabetic,Stage 1 HTN,Desirable,33.8,Obese
20-39,Male,Non-Smoker,Normoglycemic,Normal,Borderline High,20.1,Non-Obese
80+,Female,Non-Smoker,Normoglycemic,Normal,Very High,23.1,Non-Obese
60-79,Female,Non-Smoker,Normoglycemic,Normal,Borderline High,30.4,Obese
20-39,Male,Non-Smoker,Normoglycemic,Normal,High,23.8,Non-Obese
60-79,Male,Non-Smoker,Normoglycemic,Normal,Desirable,26.4,Non-Obese
40-59,Female,Current Smoker,Normoglycemic,Elevated,Very High,25.9,Non-Obese
60-79,Male,Current Smoker,Normoglycemic,Elevated,Borderline High,23.4,Non-Obese
80+,Female,Non-Smoker,Normoglycemic,Elevated,Very High,32.4,Obese
20-39,Male,Non-Smoker,Normoglycemic,Normal,Desirable,20.9,Non-Obese
80+,Male,Non-Smoker,Diabetic,Stage 1 HTN,Desirable,33.3,Obese
40-59,Male,Non-Smoker,Normoglycemic,Stage 1 HTN,Very High,29.2,Non-Obese
60-79,Male,Non-Smoker,Normoglycemic,Stage 2 HTN,Borderline High,34.0,Obese
60-79,Male,Current Smoker,Normoglycemic,Stage 1 HTN,Very High,27.7,Non-Obese
60-79,Male,Current Smoker,Normoglycemic,Stage 1 HTN,High,32.8,Obese
80+,Male,Non-Smoker,Normoglycemic,Elevated,Borderline High,24.9,Non-Obese
40-59,Female,Non-Smoker,Normoglycemic,Normal,Desirable,26.5,Non-Obese
40-59,Male,Non-Smoker,Normoglycemic,Elevated,Borderline High,29.4,Non-Obese
20-39,Male,Current Smoker,Diabetic,Elevated,Borderline High,24.8,Non-Obese
60-79,Female,Non-Smoker,Normoglycemic,Elevated,Desirable,26.1,Non-Obese
80+,Male,Non-Smoker,Normoglycemic,Normal,Borderline High,30.2,Obese
80+,Male,Non-Smoker,Normoglycemic,Stage 2 HTN,High,34.9,Obese
60-79,Female,Non-Smoker,Normoglycemic,Normal,High,26.7,Non-Obese
40-59,Male,Current Smoker,Normoglycemic,Stage 1 HTN,Borderline High,24.7,Non-Obese
40-59,Male,Current Smoker,Normoglycemic,Stage 1 HTN,High,22.5,Non-Obese
40-59,Female,Current Smoker,Normoglycemic,Stage 2 HTN,Very High,25.4,Non-Obese
20-39,Female,Current Smoker,Diabetic,Stage 2 HTN,Desirable,31.2,Obese
20-39,Male,Current Smoker,Normoglycemic,Elevated,Borderline High,23.9,Non-Obese
20-39,Male,Non-Smoker,Normoglycemic,Normal,Desirable,20.0,Non-Obese
60-79,Male,Current Smoker,Normoglycemic,Stage 1 HTN,High,25.4,Non-Obese
80+,Male,Current Smoker,Normoglycemic,Stage 1 HTN,Borderline High,21.4,Non-Obese
40-59,Male,Non-Smoker,Normoglycemic,Stage 1 HTN,Borderline High,24.6,Non-Obese
40-59,Female,Non-Smoker,Normoglycemic,Elevated,Desirable,25.2,Non-Obese
40-59,Female,Non-Smoker,Normoglycemic,Normal,Borderline High,18.8,Non-Obese
60-79,Female,Non-Smoker,Normoglycemic,Normal,Borderline High,27.6,Non-Obese
20-39,Male,Non-Smoker,Normoglycemic,Normal,High,23.2,Non-Obese
20-39,Female,Non-Smoker,Normoglycemic,Normal,Very High,25.3,Non-Obese
60-79,Male,Non-Smoker,Diabetic,Stage 2 HTN,Desirable,28.5,Non-Obese
80+,Female,Non-Smoker,Normoglycemic,Stage 2 HTN,Desirable,27.7,Non-Obese
20-39,Female,Non-Smoker,Normoglycemic,Normal,Desirable,29.5,Non-Obese
80+,Male,Non-Smoker,Diabetic,Stage 2 HTN,Borderline High,32.6,Obese
40-59,Male,Non-Smoker,Normoglycemic,Normal,Borderline High,25.4,Non-Obese
20-39,Female,Non-Smoker,Normoglycemic,Elevated,Borderline High,27.7,Non-Obese
20-39,Male,Current Smoker,Normoglycemic,Stage 1 HTN,Very High,29.3,Non-Obese
60-79,Female,Non-Smoker,Normoglycemic,Normal,Desirable,23.8,Non-Obese
40-59,Male,Non-Smoker,Normoglycemic,Normal,Desirable,23.5,Non-Obese
20-39,Male,Non-Smoker,Normoglycemic,Elevated,Very High,28.2,Non-Obese
60-79,Male,Non-Smoker,Normoglycemic,Normal,High,27.2,Non-Obese
20-39,Male,Non-Smoker,Normoglycemic,Normal,Desirable,18.8,Non-Obese
60-79,Female,Non-Smoker,Normoglycemic,Normal,Very High,35.0,Obese
40-59,Female,Current Smoker,Normoglycemic,Normal,Very High,26.9,Non-Obese
40-59,Male,Non-Smoker,Normoglycemic,Stage 1 HTN,Very High,34.9,Obese
40-59,Male,Non-Smoker,Diabetic,Stage 2 HTN,Borderline High,31.1,Obese
20-39,Female,Non-Smoker,Normoglycemic,Normal,High,28.3,Non-Obese
40-59,Female,Non-Smoker,Normoglycemic,Elevated,Desirable,29.2,Non-Obese
60-79,Male,Current Smoker,Normoglycemic,Stage 1 HTN,Desirable,26.8,Non-Obese
60-79,Male,Current Smoker,Normoglycemic,Stage 1 HTN,Borderline High,26.1,Non-Obese
40-59,Female,Current Smoker,Normoglycemic,Stage 2 HTN,High,25.5,Non-Obese
80+,Male,Non-Smoker,Normoglycemic,Normal,Desirable,22.0,Non-Obese
60-79,Female,Non-Smoker,Normoglycemic,Normal,Desirable,32.6,Obese
40-59,Female,Non-Smoker,Normoglycemic,Normal,Desirable,29.8,Non-Obese
20-39,Female,Non-Smoker,Normoglycemic,Normal,Desirable,27.2,Non-Obese
40-59,Male,Non-Smoker,Diabetic,Elevated,Desirable,30.1,Obese
60-79,Female,Non-Smoker,Diabetic,Elevated,Very High,26.7,Non-Obese
40-59,Male,Current Smoker,Normoglycemic,Stage 1 HTN,High,24.7,Non-Obese
60-79,Female,Non-Smoker,Diabetic,Elevated,Borderline High,29.9,Non-Obese
80+,Male,Non-Smoker,Diabetic,Stage 1 HTN,Borderline High,30.2,Obese
40-59,Male,Non-Smoker,Normoglycemic,Elevated,High,29.6,Non-Obese
40-59,Male,Current Smoker,Normoglycemic,Elevated,Borderline High,28.4,Non-Obese
20-39,Female,Non-Smoker,Normoglycemic,Normal,Borderline High,22.9,Non-Obese
60-79,Male,Non-Smoker,Normoglycemic,Stage 1 HTN,Borderline High,29.9,Non-Obese
60-79,Female,Non-Smoker,Normoglycemic,Normal,High,27.3,Non-Obese
20-39,Female,Current Smoker,Normoglycemic,Stage 1 HTN,High,29.1,Non-Obese
60-79,Female,Non-Smoker,Normoglycemic,Normal,High,27.3,Non-Obese
20-39,Male,Non-Smoker,Diabetic,Stage 1 HTN,Borderline High,43.2,Obese
20-39,Male,Current Smoker,Normoglycemic,Elevated,High,28.3,Non-Obese
20-39,Male,Non-Smoker,Normoglycemic,Normal,Desirable,30.5,Obese
40-59,Male,Current Smoker,Normoglycemic,Stage 1 HTN,Desirable,23.9,Non-Obese
40-59,Male,Current Smoker,Normoglycemic,Stage 2 HTN,High,39.4,Obese
40-59,Male,Non-Smoker,Normoglycemic,Normal,High,27.9,Non-Obese
20-39,Female,Non-Smoker,Normoglycemic,Normal,High,21.5,Non-Obese
40-59,Female,Non-Smoker,Normoglycemic,Normal,Borderline High,23.7,Non-Obese
20-39,Male,Non-Smoker,Normoglycemic,Normal,Desirable,23.6,Non-Obese
20-39,Male,Non-Smoker,Normoglycemic,Normal,High,22.5,Non-Obese
40-59,Male,Current Smoker,Normoglycemic,Elevated,High,31.1,Obese
60-79,Male,Non-Smoker,Diabetic,Stage 2 HTN,Desirable,38.2,Obese
60-79,Male,Non-Smoker,Diabetic,Stage 1 HTN,Borderline High,35.3,Obese
20-39,Female,Non-Smoker,Normoglycemic,Normal,Desirable,27.4,Non-Obese
40-59,Male,Current Smoker,Normoglycemic,Stage 1 HTN,Borderline High,26.4,Non-Obese
40-59,Female,Non-Smoker,Normoglycemic,Normal,High,28.0,Non-Obese
60-79,Male,Current Smoker,Normoglycemic,Stage 2 HTN,Desirable,37.7,Obese
60-79,Male,Non-Smoker,Normoglycemic,Normal,Borderline High,21.7,Non-Obese
40-59,Male,Non-Smoker,Diabetic,Normal,High,25.4,Non-Obese
60-79,Male,Non-Smoker,Normoglycemic,Stage 1 HTN,Desirable,28.5,Non-Obese
40-59,Male,Non-Smoker,Diabetic,Stage 1 HTN,Desirable,29.9,Non-Obese
20-39,Female,Non-Smoker,Normoglycemic,Elevated,Desirable,28.2,Non-Obese
20-39,Male,Non-Smoker,Normoglycemic,Normal,Desirable,26.2,Non-Obese
60-79,Female,Non-Smoker,Normoglycemic,Normal,Borderline High,25.9,Non-Obese
40-59,Female,Non-Smoker,Normoglycemic,Elevated,Desirable,30.4,Obese
20-39,Male,Non-Smoker,Normoglycemic,Normal,Desirable,26.6,Non-Obese
40-59,Male,Non-Smoker,Normoglycemic,Stage 1 HTN,Borderline High,32.7,Obese
60-79,Male,Non-Smoker,Diabetic,Stage 2 HTN,Desirable,32.5,Obese
60-79,Male,Non-Smoker,Diabetic,Stage 1 HTN,Desirable,28.1,Non-Obese
40-59,Male,Current Smoker,Diabetic,Stage 2 HTN,Desirable,35.2,Obese
60-79,Female,Non-Smoker,Diabetic,Stage 2 HTN,Borderline High,33.6,Obese
20-39,Male,Non-Smoker,Normoglycemic,Normal,Desirable,22.7,Non-Obese
20-39,Female,Current Smoker,Normoglycemic,Stage 1 HTN,High,24.5,Non-Obese
20-39,Male,Current Smoker,Normoglycemic,Elevated,Borderline High,22.2,Non-Obese
40-59,Male,Current Smoker,Normoglycemic,Stage 1 HTN,Desirable,27.2,Non-Obese
20-39,Female,Non-Smoker,Normoglycemic,Stage 1 HTN,Desirable,23.9,Non-Obese
40-59,Male,Non-Smoker,Normoglycemic,Normal,Desirable,31.1,Obese
20-39,Female,Non-Smoker,Normoglycemic,Normal,High,24.6,Non-Obese
20-39,Male,Non-Smoker,Normoglycemic,Normal,Desirable,18.8,Non-Obese
60-79,Male,Current Smoker,Normoglycemic,Elevated,Borderline High,33.0,Obese
80+,Female,Non-Smoker,Normoglycemic,Normal,Borderline High,27.6,Non-Obese
40-59,Male,Non-Smoker,Normoglycemic,Stage 1 HTN,High,29.4,Non-Obese
40-59,Female,Current Smoker,Normoglycemic,Normal,Very High,21.2,Non-Obese
20-39,Male,Non-Smoker,Normoglycemic,Elevated,High,26.4,Non-Obese
40-59,Female,Current Smoker,Normoglycemic,Stage 1 HTN,Very High,29.6,Non-Obese
40-59,Male,Current Smoker,Diabetic,Stage 2 HTN,Borderline High,29.5,Non-Obese
20-39,Male,Non-Smoker,Normoglycemic,Normal,Desirable,23.3,Non-Obese
40-59,Male,Non-Smoker,Normoglycemic,Normal,High,34.1,Obese
40-59,Female,Non-Smoker,Normoglycemic,Normal,Desirable,25.6,Non-Obese
80+,Male,Non-Smoker,Diabetic,Stage 1 HTN,Borderline High,27.9,Non-Obese
20-39,Male,Non-Smoker,Normoglycemic,Normal,Desirable,22.7,Non-Obese
40-59,Male,Non-Smoker,Normoglycemic,Normal,Borderline High,29.4,Non-Obese
40-59,Male,Non-Smoker,Normoglycemic,Normal,Borderline High,25.7,Non-Obese
40-59,Female,Current Smoker,Normoglycemic,Stage 1 HTN,Borderline High,29.3,Non-Obese
60-79,Male,Non-Smoker,Normoglycemic,Elevated,Desirable,33.5,Obese
60-79,Male,Current Smoker,Normoglycemic,Stage 1 HTN,Desirable,27.1,Non-Obese
60-79,Female,Non-Smoker,Normoglycemic,Normal,Borderline High,26.4,Non-Obese
40-59,Female,Current Smoker,Normoglycemic,Stage 2 HTN,Borderline High,32.3,Obese
40-59,Female,Non-Smoker,Normoglycemic,Normal,Borderline High,33.7,Obese
20-39,Male,Non-Smoker,Normoglycemic,Stage 1 HTN,Desirable,22.1,Non-Obese
40-59,Female,Current Smoker,Normoglycemic,Elevated,Borderline High,34.4,Obese
20-39,Male,Non-Smoker,Normoglycemic,Normal,High,25.0,Non-Obese
60-79,Female,Non-Smoker,Normoglycemic,Elevated,High,22.5,Non-Obese
40-59,Female,Non-Smoker,Normoglycemic,Elevated,Very High,37.9,Obese
60-79,Female,Non-Smoker,Normoglycemic,Normal,Very High,32.4,Obese
40-59,Female,Non-Smoker,Normoglycemic,Normal,High,27.4,Non-Obese
40-59,Female,Non-Smoker,Normoglycemic,Normal,Desirable,17.9,Non-Obese
60-79,Male,Non-Smoker,Normoglycemic,Normal,Desirable,28.6,Non-Obese
20-39,Male,Non-Smoker,Normoglycemic,Normal,Borderline High,33.3,Obese
80+,Female,Non-Smoker,Normoglycemic,Normal,Borderline High,25.8,Non-Obese
60-79,Female,Non-Smoker,Diabetic,Elevated,Desirable,30.6,Obese
20-39,Female,Current Smoker,Normoglycemic,Stage 1 HTN,Desirable,22.8,Non-Obese
40-59,Male,Non-Smoker,Normoglycemic,Normal,Borderline High,22.2,Non-Obese
60-79,Female,Non-Smoker,Normoglycemic,Normal,High,32.7,Obese
60-79,Male,Non-Smoker,Diabetic,Stage 2 HTN,Borderline High,29.7,Non-Obese
40-59,Male,Non-Smoker,Normoglycemic,Stage 1 HTN,Desirable,30.7,Obese
40-59,Female,Current Smoker,Diabetic,Stage 1 HTN,High,34.7,Obese
60-79,Female,Non-Smoker,Normoglycemic,Normal,Borderline High,26.9,Non-Obese
60-79,Male,Non-Smoker,Normoglycemic,Normal,High,22.6,Non-Obese
60-79,Male,Current Smoker,Normoglycemic,Elevated,Borderline High,23.5,Non-Obese
80+,Female,Non-Smoker,Normoglycemic,Stage 2 HTN,Desirable,24.1,Non-Obese
40-59,Female,Current Smoker,Normoglycemic,Elevated,Desirable,24.4,Non-Obese
40-59,Female,Non-Smoker,Diabetic,Stage 1 HTN,Desirable,24.4,Non-Obese
40-59,Male,Non-Smoker,Normoglycemic,Stage 2 HTN,Desirable,30.1,Obese
40-59,Female,Non-Smoker,Normoglycemic,Elevated,Desirable,25.7,Non-Obese
60-79,Male,Non-Smoker,Normoglycemic,Normal,Desirable,27.0,Non-Obese
40-59,Female,Non-Smoker,Normoglycemic,Elevated,Very High,30.8,Obese
40-59,Male,Non-Smoker,Diabetic,Elevated,High,28.5,Non-Obese
60-79,Female,Current Smoker,Diabetic,Stage 2 HTN,Very High,36.1,Obese
60-79,Female,Non-Smoker,Diabetic,Stage 1 HTN,High,23.9,Non-Obese
20-39,Male,Non-Smoker,Normoglycemic,Stage 1 HTN,High,25.8,Non-Obese
60-79,Female,Non-Smoker,Diabetic,Stage 1 HTN,Borderline High,30.9,Obese
40-59,Male,Non-Smoker,Normoglycemic,Normal,Borderline High,27.2,Non-Obese
40-59,Male,Non-Smoker,Normoglycemic,Elevated,Very High,32.1,Obese
20-39,Female,Non-Smoker,Normoglycemic,Normal,Desirable,21.8,Non-Obese
60-79,Male,Current Smoker,Diabetic,Stage 2 HTN,High,35.3,Obese
20-39,Female,Non-Smoker,Normoglycemic,Normal,Desirable,19.2,Non-Obese
60-79,Female,Non-Smoker,Normoglycemic,Elevated,Desirable,21.9,Non-Obese
40-59,Male,Non-Smoker,Diabetic,Stage 2 HTN,Desirable,32.4,Obese
40-59,Female,Non-Smoker,Normoglycemic,Normal,Desirable,26.4,Non-Obese
20-39,Male,Non-Smoker,Normoglycemic,Normal,Borderline High,19.7,Non-Obese
20-39,Female,Non-Smoker,Normoglycemic,Elevated,Very High,29.2,Non-Obese
60-79,Male,Current Smoker,Normoglycemic,Stage 2 HTN,Very High,32.2,Obese
20-39,Male,Non-Smoker,Diabetic,Elevated,Desirable,24.9,Non-Obese
40-59,Female,Non-Smoker,Normoglycemic,Elevated,Desirable,21.6,Non-Obese
40-59,Male,Non-Smoker,Diabetic,Stage 1 HTN,Desirable,34.0,Obese
60-79,Male,Current Smoker,Normoglycemic,Stage 2 HTN,Very High,27.0,Non-Obese
20-39,Male,Non-Smoker,Normoglycemic,Stage 1 HTN,High,21.8,Non-Obese
80+,Male,Current Smoker,Normoglycemic,Elevated,Borderline High,22.3,Non-Obese
80+,Male,Non-Smoker,Normoglycemic,Normal,High,17.1,Non-Obese
60-79,Male,Non-Smoker,Normoglycemic,Normal,Desirable,21.5,Non-Obese
80+,Male,Current Smoker,Normoglycemic,Elevated,High,26.8,Non-Obese
40-59,Female,Non-Smoker,Normoglycemic,Normal,Desirable,24.4,Non-Obese
40-59,Female,Non-Smoker,Normoglycemic,Normal,High,26.5,Non-Obese
20-39,Male,Non-Smoker,Normoglycemic,Normal,Desirable,21.8,Non-Obese
40-59,Male,Non-Smoker,Normoglycemic,Normal,Desirable,20.3,Non-Obese
20-39,Male,Non-Smoker,Normoglycemic,Elevated,Borderline High,29.9,Non-Obese
60-79,Female,Non-Smoker,Normoglycemic,Normal,High,35.8,Obese
60-79,Male,Non-Smoker,Diabetic,Stage 2 HTN,Desirable,29.4,Non-Obese
40-59,Male,Non-Smoker,Normoglycemic,Normal,Desirable,22.4,Non-Obese
60-79,Male,Current Smoker,Normoglycemic,Stage 1 HTN,High,35.0,Obese
80+,Female,Non-Smoker,Diabetic,Elevated,High,24.8,Non-Obese
60-79,Male,Non-Smoker,Normoglycemic,Normal,Borderline High,30.8,Obese
60-79,Female,Non-Smoker,Diabetic,Stage 1 HTN,Very High,30.1,Obese
60-79,Male,Non-Smoker,Diabetic,Stage 2 HTN,Desirable,37.4,Obese
60-79,Female,Non-Smoker,Diabetic,Stage 2 HTN,Desirable,27.0,Non-Obese
20-39,Female,Non-Smoker,Normoglycemic,Normal,Borderline High,22.2,Non-Obese
40-59,Female,Non-Smoker,Normoglycemic,Elevated,Borderline High,25.4,Non-Obese
20-39,Female,Non-Smoker,Normoglycemic,Normal,Borderline High,21.9,Non-Obese
40-59,Male,Non-Smoker,Normoglycemic,Normal,High,33.0,Obese
40-59,Female,Non-Smoker,Diabetic,Stage 1 HTN,Desirable,29.7,Non-Obese
40-59,Male,Current Smoker,Normoglycemic,Stage 1 HTN,Borderline High,24.0,Non-Obese
40-59,Male,Non-Smoker,Normoglycemic,Normal,High,23.7,Non-Obese
40-59,Male,Non-Smoker,Normoglycemic,Elevated,Borderline High,23.9,Non-Obese
40-59,Male,Non-Smoker,Normoglycemic,Normal,Borderline High,21.5,Non-Obese
80+,Male,Current Smoker,Normoglycemic,Stage 1 HTN,High,29.1,Non-Obese
20-39,Female,Current Smoker,Normoglycemic,Stage 1 HTN,Desirable,23.6,Non-Obese
40-59,Male,Non-Smoker,Diabetic,Stage 1 HTN,Desirable,35.9,Obese
40-59,Male,Non-Smoker,Normoglycemic,Stage 1 HTN,Desirable,29.5,Non-Obese
80+,Female,Non-Smoker,Normoglycemic,Normal,Desirable,25.2,Non-Obese
20-39,Female,Non-Smoker,Normoglycemic,Elevated,High,31.5,Obese
20-39,Female,Non-Smoker,Normoglycemic,Normal,Desirable,18.9,Non-Obese
40-59,Male,Non-Smoker,Normoglycemic,Normal,High,20.8,Non-Obese
60-79,Female,Non-Smoker,Normoglycemic,Normal,Desirable,24.0,Non-Obese
20-39,Male,Non-Smoker,Normoglycemic,Normal,High,25.8,Non-Obese
60-79,Female,Non-Smoker,Normoglycemic,Normal,High,26.5,Non-Obese
80+,Male,Non-Smoker,Normoglycemic,Normal,Desirable,23.0,Non-Obese
20-39,Male,Non-Smoker,Normoglycemic,Normal,Borderline High,24.9,Non-Obese
40-59,Female,Non-Smoker,Normoglycemic,Stage 2 HTN,Very High,29.9,Non-Obese
60-79,Female,Non-Smoker,Normoglycemic,Elevated,Desirable,31.2,Obese
60-79,Female,Non-Smoker,Normoglycemic,Stage 1 HTN,Desirable,26.2,Non-Obese
40-59,Female,Non-Smoker,Normoglycemic,Elevated,High,30.1,Obese
40-59,Female,Non-Smoker,Normoglycemic,Normal,Very High,31.6,Obese
60-79,Female,Non-Smoker,Normoglycemic,Elevated,Desirable,30.5,Obese
40-59,Female,Current Smoker,Normoglycemic,Stage 1 HTN,Borderline High,27.6,Non-Obese
40-59,Male,Non-Smoker,Normoglycemic,Elevated,Desirable,32.8,Obese
20-39,Female,Non-Smoker,Normoglycemic,Normal,High,22.3,Non-Obese
40-59,Male,Non-Smoker,Normoglycemic,Elevated,High,30.5,Obese
20-39,Female,Current Smoker,Normoglycemic,Elevated,Very High,23.5,Non-Obese
20-39,Female,Non-Smoker,Normoglycemic,Elevated,Desirable,24.4,Non-Obese
40-59,Male,Current Smoker,Normoglycemic,Normal,Desirable,24.1,Non-Obese
20-39,Female,Non-Smoker,Normoglycemic,Stage 1 HTN,Desirable,27.4,Non-Obese
40-59,Male,Non-Smoker,Normoglycemic,Normal,Desirable,25.0,Non-Obese
60-79,Male,Current Smoker,Diabetic,Stage 2 HTN,High,29.8,Non-Obese
20-39,Female,Non-Smoker,Normoglycemic,Normal,Desirable,24.3,Non-Obese
20-39,Female,Current Smoker,Normoglycemic,Stage 2 HTN,Borderline High,38.7,Obese
20-39,Female,Non-Smoker,Normoglycemic,Elevated,High,26.9,Non-Obese
40-59,Female,Non-Smoker,Normoglycemic,Stage 2 HTN,Desirable,26.0,Non-Obese
20-39,Female,Non-Smoker,Normoglycemic,Normal,Borderline High,25.3,Non-Obese
20-39,Male,Non-Smoker,Normoglycemic,Normal,High,25.5,Non-Obese
40-59,Male,Non-Smoker,Normoglycemic,Elevated,Desirable,17.9,Non-Obese
80+,Male,Non-Smoker,Normoglycemic,Normal,Desirable,23.2,Non-Obese
60-79,Female,Current Smoker,Normoglycemic,Stage 1 HTN,Very High,29.5,Non-Obese
60-79,Female,Non-Smoker,Normoglycemic,Elevated,Very High,25.5,Non-Obese
40-59,Male,Non-Smoker,Normoglycemic,Normal,Desirable,25.3,Non-Obese
20-39,Female,Non-Smoker,Normoglycemic,Elevated,Desirable,25.2,Non-Obese
80+,Female,Non-Smoker,Normoglycemic,Elevated,High,24.3,Non-Obese
40-59,Male,Non-Smoker,Normoglycemic,Normal,High,33.1,Obese
40-59,Female,Non-Smoker,Diabetic,Stage 2 HTN,Desirable,28.9,Non-Obese
60-79,Male,Current Smoker,Normoglycemic,Elevated,Borderline High,26.7,Non-Obese
20-39,Female,Non-Smoker,Normoglycemic,Normal,Desirable,19.4,Non-Obese
40-59,Female,Non-Smoker,Normoglycemic,Elevated,Borderline High,26.7,Non-Obese
80+,Female,Non-Smoker,Normoglycemic,Stage 1 HTN,Desirable,28.1,Non-Obese
40-59,Female,Current Smoker,Diabetic,Elevated,Borderline High,37.6,Obese
80+,Male,Non-Smoker,Normoglycemic,Elevated,Borderline High,25.9,Non-Obese
40-59,Female,Non-Smoker,Normoglycemic,Normal,High,33.4,Obese
80+,Male,Current Smoker,Diabetic,Stage 1 HTN,Desirable,23.6,Non-Obese
20-39,Male,Non-Smoker,Normoglycemic,Stage 1 HTN,Desirable,28.8,Non-Obese
40-59,Male,Non-Smoker,Diabetic,Stage 2 HTN,High,31.6,Obese
20-39,Female,Non-Smoker,Normoglycemic,Normal,Desirable,20.5,Non-Obese
40-59,Female,Non-Smoker,Normoglycemic,Normal,Very High,29.3,Non-Obese
40-59,Male,Non-Smoker,Diabetic,Stage 1 HTN,Borderline High,42.8,Obese
40-59,Male,Non-Smoker,Normoglycemic,Elevated,Borderline High,27.7,Non-Obese
40-59,Male,Current Smoker,Normoglycemic,Stage 2 HTN,High,23.0,Non-Obese
40-59,Female,Non-Smoker,Normoglycemic,Normal,Desirable,33.9,Obese
60-79,Male,Non-Smoker,Normoglycemic,Normal,Desirable,26.2,Non-Obese
20-39,Male,Non-Smoker,Normoglycemic,Normal,Desirable,28.6,Non-Obese
40-59,Male,Non-Smoker,Normoglycemic,Elevated,Borderline High,33.0,Obese
20-39,Female,Non-Smoker,Normoglycemic,Normal,Desirable,19.9,Non-Obese
40-59,Female,Non-Smoker,Normoglycemic,Elevated,High,25.1,Non-Obese
80+,Male,Non-Smoker,Normoglycemic,Normal,High,30.6,Obese
40-59,Female,Non-Smoker,Normoglycemic,Normal,Borderline High,26.6,Non-Obese
20-39,Female,Non-Smoker,Normoglycemic,Normal,Desirable,24.9,Non-Obese
60-79,Male,Non-Smoker,Normoglycemic,Stage 1 HTN,Desirable,35.6,Obese
80+,Female,Non-Smoker,Normoglycemic,Normal,Borderline High,26.8,Non-Obese
60-79,Female,Non-Smoker,Normoglycemic,Elevated,High,26.6,Non-Obese
80+,Female,Non-Smoker,Normoglycemic,Elevated,Desirable,30.6,Obese
60-79,Female,Non-Smoker,Normoglycemic,Normal,Desirable,17.8,Non-Obese
40-59,Female,Non-Smoker,Diabetic,Stage 1 HTN,High,32.3,Obese
60-79,Female,Non-Smoker,Diabetic,Stage 2 HTN,Borderline High,26.8,Non-Obese
80+,Female,Non-Smoker,Normoglycemic,Normal,High,26.7,Non-Obese
60-79,Female,Non-Smoker,Normoglycemic,Normal,High,23.8,Non-Obese
60-79,Female,Non-Smoker,Diabetic,Stage 2 HTN,Borderline High,30.6,Obese
20-39,Female,Non-Smoker,Normoglycemic,Normal,Borderline High,27.2,Non-Obese
60-79,Female,Current Smoker,Normoglycemic,Stage 2 HTN,Desirable,31.5,Obese
40-59,Female,Non-Smoker,Normoglycemic,Normal,Borderline High,29.9,Non-Obese
40-59,Female,Non-Smoker,Diabetic,Elevated,Desirable,30.5,Obese
40-59,Male,Current Smoker,Diabetic,Stage 2 HTN,Borderline High,29.1,Non-Obese
60-79,Female,Current Smoker,Normoglycemic,Stage 1 HTN,Very High,35.1,Obese
20-39,Male,Non-Smoker,Normoglycemic,Elevated,Borderline High,21.0,Non-Obese
60-79,Female,Non-Smoker,Normoglycemic,Elevated,High,29.7,Non-Obese
20-39,Male,Non-Smoker,Normoglycemic,Stage 2 HTN,Borderline High,28.8,Non-Obese
20-39,Male,Non-Smoker,Normoglycemic,Elevated,High,25.2,Non-Obese
60-79,Male,Current Smoker,Normoglycemic,Elevated,High,26.8,Non-Obese
40-59,Female,Non-Smoker,Normoglycemic,Stage 1 HTN,High,37.5,Obese
20-39,Male,Non-Smoker,Normoglycemic,Stage 2 HTN,Borderline High,28.1,Non-Obese
20-39,Female,Non-Smoker,Normoglycemic,Stage 2 HTN,Borderline High,38.4,Obese
80+,Female,Non-Smoker,Diabetic,Stage 1 HTN,High,31.9,Obese
20-39,Male,Non-Smoker,Normoglycemic,Normal,Desirable,23.5,Non-Obese
40-59,Male,Non-Smoker,Normoglycemic,Normal,High,24.3,Non-Obese
80+,Female,Non-Smoker,Diabetic,Stage 1 HTN,Desirable,29.8,Non-Obese
20-39,Male,Non-Smoker,Normoglycemic,Normal,High,19.6,Non-Obese
20-39,Male,Non-Smoker,Normoglycemic,Normal,Desirable,23.9,Non-Obese
60-79,Female,Non-Smoker,Normoglycemic,Normal,Desirable,21.7,Non-Obese
40-59,Female,Non-Smoker,Normoglycemic,Stage 1 HTN,Desirable,22.1,Non-Obese
60-79,Male,Non-Smoker,Diabetic,Stage 2 HTN,Desirable,28.5,Non-Obese
40-59,Male,Non-Smoker,Normoglycemic,Elevated,High,25.8,Non-Obese
20-39,Female,Non-Smoker,Normoglycemic,Stage 2 HTN,Desirable,29.8,Non-Obese
40-59,Female,Non-Smoker,Normoglycemic,Elevated,Borderline High,24.7,Non-Obese
40-59,Female,Non-Smoker,Normoglycemic,Normal,Borderline High,20.0,Non-Obese
60-79,Female,Current Smoker,Diabetic,Stage 1 HTN,Very High,29.8,Non-Obese
40-59,Male,Non-Smoker,Normoglycemic,Stage 1 HTN,High,26.5,Non-Obese
60-79,Male,Non-Smoker,Normoglycemic,Stage 1 HTN,Desirable,19.3,Non-Obese
60-79,Female,Non-Smoker,Normoglycemic,Elevated,Desirable,29.1,Non-Obese
40-59,Male,Non-Smoker,Normoglycemic,Normal,High,27.8,Non-Obese
40-59,Female,Non-Smoker,Normoglycemic,Elevated,Desirable,20.0,Non-Obese
40-59,Male,Current Smoker,Normoglycemic,Stage 2 HTN,High,28.9,Non-Obese
40-59,Male,Current Smoker,Normoglycemic,Stage 2 HTN,Very High,32.3,Obese
20-39,Female,Non-Smoker,Normoglycemic,Stage 2 HTN,High,25.9,Non-Obese
20-39,Male,Non-Smoker,Normoglycemic,Normal,Desirable,26.1,Non-Obese
80+,Female,Non-Smoker,Diabetic,Stage 1 HTN,Borderline High,26.9,Non-Obese
20-39,Male,Non-Smoker,Normoglycemic,Normal,Desirable,17.6,Non-Obese
60-79,Female,Non-Smoker,Normoglycemic,Normal,Desirable,27.8,Non-Obese
80+,Male,Non-Smoker,Normoglycemic,Elevated,Borderline High,24.8,Non-Obese
80+,Male,Non-Smoker,Normoglycemic,Normal,Borderline High,25.3,Non-Obese
40-59,Female,Non-Smoker,Normoglycemic,Stage 2 HTN,Desirable,36.5,Obese
60-79,Female,Current Smoker,Diabetic,Stage 1 HTN,Borderline High,32.3,Obese
60-79,Female,Non-Smoker,Normoglycemic,Normal,Desirable,25.0,Non-Obese
20-39,Male,Non-Smoker,Normoglycemic,Elevated,High,24.6,Non-Obese
40-59,Male,Non-Smoker,Normoglycemic,Normal,Desirable,25.7,Non-Obese
80+,Female,Non-Smoker,Normoglycemic,Elevated,Borderline High,22.9,Non-Obese
40-59,Male,Non-Smoker,Normoglycemic,Elevated,Desirable,25.9,Non-Obese
60-79,Male,Non-Smoker,Normoglycemic,Elevated,Borderline High,30.7,Obese
20-39,Male,Current Smoker,Normoglycemic,Stage 1 HTN,Desirable,24.7,Non-Obese
60-79,Male,Non-Smoker,Diabetic,Stage 2 HTN,High,47.0,Obese
80+,Female,Non-Smoker,Normoglycemic,Elevated,Desirable,29.6,Non-Obese
40-59,Male,Non-Smoker,Normoglycemic,Elevated,Borderline High,25.0,Non-Obese
60-79,Male,Non-Smoker,Normoglycemic,Normal,Desirable,24.4,Non-Obese
60-79,Female,Non-Smoker,Diabetic,Stage 1 HTN,Borderline High,30.1,Obese
20-39,Female,Current Smoker,Normoglycemic,Stage 2 HTN,High,31.3,Obese
40-59,Male,Current Smoker,Normoglycemic,Stage 2 HTN,High,25.8,Non-Obese
20-39,Female,Non-Smoker,Normoglycemic,Normal,Desirable,23.4,Non-Obese
20-39,Male,Current Smoker,Normoglycemic,Stage 1 HTN,High,24.9,Non-Obese
60-79,Female,Non-Smoker,Normoglycemic,Elevated,Desirable,30.7,Obese
20-39,Male,Current Smoker,Normoglycemic,Stage 2 HTN,Desirable,25.8,Non-Obese
40-59,Male,Non-Smoker,Normoglycemic,Normal,Borderline High,28.7,Non-Obese
40-59,Male,Non-Smoker,Normoglycemic,Normal,Desirable,22.1,Non-Obese
60-79,Male,Current Smoker,Normoglycemic,Stage 2 HTN,Desirable,23.5,Non-Obese
40-59,Female,Non-Smoker,Normoglycemic,Stage 1 HTN,Very High,26.3,Non-Obese
80+,Female,Non-Smoker,Diabetic,Stage 2 HTN,Borderline High,28.7,Non-Obese
20-39,Female,Non-Smoker,Normoglycemic,Normal,High,26.9,Non-Obese
40-59,Female,Non-Smoker,Normoglycemic,Normal,Desirable,26.6,Non-Obese
40-59,Female,Non-Smoker,Normoglycemic,Elevated,Desirable,29.5,Non-Obese
20-39,Female,Non-Smoker,Normoglycemic,Normal,High,22.2,Non-Obese
40-59,Female,Non-Smoker,Normoglycemic,Elevated,Desirable,19.5,Non-Obese
60-79,Male,Current Smoker,Normoglycemic,Stage 2 HTN,High,25.9,Non-Obese
40-59,Male,Current Smoker,Normoglycemic,Stage 2 HTN,Desirable,27.8,Non-Obese
60-79,Female,Non-Smoker,Normoglycemic,Stage 1 HTN,Desirable,25.6,Non-Obese
20-39,Male,Current Smoker,Normoglycemic,Elevated,Very High,23.8,Non-Obese
40-59,Female,Non-Smoker,Normoglycemic,Elevated,High,32.5,Obese
40-59,Male,Non-Smoker,Normoglycemic,Normal,High,28.2,Non-Obese
60-79,Female,Non-Smoker,Normoglycemic,Stage 1 HTN,Desirable,38.5,Obese
80+,Male,Current Smoker,Normoglycemic,Elevated,Borderline High,24.6,Non-Obese
60-79,Female,Non-Smoker,Normoglycemic,Elevated,High,30.7,Obese
40-59,Male,Current Smoker,Normoglycemic,Stage 1 HTN,High,32.1,Obese
60-79,Female,Non-Smoker,Normoglycemic,Elevated,Borderline High,24.3,Non-Obese
60-79,Female,Non-Smoker,Diabetic,Stage 2 HTN,High,31.2,Obese
80+,Male,Current Smoker,Normoglycemic,Stage 2 HTN,High,25.7,Non-Obese
20-39,Male,Non-Smoker,Normoglycemic,Elevated,High,27.0,Non-Obese
60-79,Female,Non-Smoker,Normoglycemic,Elevated,Desirable,27.9,Non-Obese
20-39,Male,Current Smoker,Normoglycemic,Stage 2 HTN,Borderline High,29.7,Non-Obese
20-39,Female,Non-Smoker,Normoglycemic,Elevated,Borderline High,27.2,Non-Obese
60-79,Male,Current Smoker,Normoglycemic,Normal,Borderline High,26.0,Non-Obese
40-59,Male,Non-Smoker,Normoglycemic,Stage 2 HTN,Borderline High,28.5,Non-Obese
60-79,Female,Current Smoker,Normoglycemic,Stage 2 HTN,Very High,30.6,Obese
20-39,Male,Non-Smoker,Normoglycemic,Normal,Borderline High,21.1,Non-Obese
40-59,Female,Current Smoker,Normoglycemic,Normal,Very High,27.1,Non-Obese
80+,Female,Non-Smoker,Normoglycemic,Normal,Desirable,18.1,Non-Obese
20-39,Male,Current Smoker,Normoglycemic,Stage 2 HTN,Desirable,18.6,Non-Obese
20-39,Female,Current Smoker,Normoglycemic,Elevated,Very High,22.0,Non-Obese
80+,Male,Non-Smoker,Normoglycemic,Normal,Borderline High,26.0,Non-Obese
40-59,Male,Non-Smoker,Normoglycemic,Stage 2 HTN,Desirable,36.3,Obese
80+,Male,Non-Smoker,Normoglycemic,Stage 2 HTN,High,25.5,Non-Obese
20-39,Male,Non-Smoker,Normoglycemic,Stage 2 HTN,High,32.7,Obese
40-59,Male,Non-Smoker,Normoglycemic,Normal,High,30.8,Obese
60-79,Male,Non-Smoker,Normoglycemic,Normal,High,28.9,Non-Obese
20-39,Male,Non-Smoker,Diabetic,Normal,Borderline High,22.8,Non-Obese
40-59,Female,Non-Smoker,Normoglycemic,Elevated,Borderline High,27.4,Non-Obese
60-79,Male,Non-Smoker,Diabetic,Stage 2 HTN,High,36.4,Obese
40-59,Female,Non-Smoker,Diabetic,Stage 2 HTN,High,31.7,Obese
80+,Male,Current Smoker,Diabetic,Stage 2 HTN,Very High,27.9,Non-Obese
20-39,Female,Non-Smoker,Normoglycemic,Normal,Borderline High,22.4,Non-Obese
60-79,Male,Non-Smoker,Diabetic,Stage 1 HTN,High,32.5,Obese
60-79,Male,Current Smoker,Normoglycemic,Stage 2 HTN,Very High,29.6,Non-Obese
40-59,Male,Current Smoker,Normoglycemic,Stage 2 HTN,High,26.7,Non-Obese
40-59,Male,Non-Smoker,Normoglycemic,Normal,High,22.3,Non-Obese
40-59,Male,Non-Smoker,Normoglycemic,Normal,Borderline High,31.2,Obese
40-59,Female,Non-Smoker,Normoglycemic,Elevated,Borderline High,33.3,Obese
20-39,Male,Non-Smoker,Normoglycemic,Stage 1 HTN,Very High,27.9,Non-Obese
60-79,Female,Non-Smoker,Normoglycemic,Elevated,Borderline High,26.8,Non-Obese
40-59,Male,Non-Smoker,Normoglycemic,Normal,High,25.9,Non-Obese
20-39,Male,Non-Smoker,Normoglycemic,Normal,Desirable,25.8,Non-Obese
40-59,Male,Non-Smoker,Normoglycemic,Stage 1 HTN,Borderline High,27.7,Non-Obese
20-39,Female,Non-Smoker,Normoglycemic,Normal,Borderline High,22.7,Non-Obese
20-39,Female,Non-Smoker,Normoglycemic,Normal,High,26.1,Non-Obese
60-79,Male,Non-Smoker,Normoglycemic,Elevated,Desirable,33.8,Obese
20-39,Male,Non-Smoker,Normoglycemic,Normal,Desirable,19.2,Non-Obese
40-59,Female,Non-Smoker,Normoglycemic,Elevated,Desirable,24.9,Non-Obese
60-79,Female,Non-Smoker,Diabetic,Stage 2 HTN,Borderline High,35.9,Obese
40-59,Female,Non-Smoker,Normoglycemic,Elevated,Desirable,28.8,Non-Obese
80+,Male,Non-Smoker,Normoglycemic,Normal,High,21.8,Non-Obese
60-79,Female,Non-Smoker,Normoglycemic,Normal,Desirable,23.8,Non-Obese
80+,Male,Current Smoker,Diabetic,Stage 2 HTN,High,33.3,Obese
60-79,Female,Non-Smoker,Normoglycemic,Stage 2 HTN,High,27.3,Non-Obese
40-59,Male,Non-Smoker,Normoglycemic,Stage 1 HTN,Borderline High,30.9,Obese
20-39,Male,Current Smoker,Normoglycemic,Stage 1 HTN,Desirable,24.7,Non-Obese
40-59,Male,Non-Smoker,Normoglycemic,Elevated,Desirable,29.5,Non-Obese
40-59,Female,Non-Smoker,Normoglycemic,Normal,Desirable,29.9,Non-Obese
60-79,Female,Non-Smoker,Normoglycemic,Normal,Borderline High,23.4,Non-Obese
60-79,Female,Non-Smoker,Normoglycemic,Normal,Borderline High,23.1,Non-Obese
60-79,Female,Non-Smoker,Normoglycemic,Normal,High,24.2,Non-Obese
60-79,Female,Non-Smoker,Normoglycemic,Normal,Borderline High,26.0,Non-Obese
20-39,Male,Non-Smoker,Normoglycemic,Normal,High,24.0,Non-Obese
60-79,Female,Non-Smoker,Diabetic,Stage 1 HTN,Borderline High,25.6,Non-Obese
60-79,Male,Non-Smoker,Normoglycemic,Normal,Desirable,23.3,Non-Obese
60-79,Female,Non-Smoker,Normoglycemic,Stage 1 HTN,High,29.6,Non-Obese
40-59,Male,Current Smoker,Normoglycemic,Stage 1 HTN,Borderline High,27.0,Non-Obese
60-79,Female,Non-Smoker,Normoglycemic,Stage 2 HTN,Very High,27.9,Non-Obese
40-59,Male,Non-Smoker,Diabetic,Stage 1 HTN,High,31.7,Obese
40-59,Male,Non-Smoker,Normoglycemic,Normal,Very High,25.4,Non-Obese
40-59,Female,Non-Smoker,Normoglycemic,Elevated,Borderline High,32.6,Obese
60-79,Female,Non-Smoker,Diabetic,Stage 2 HTN,Desirable,33.0,Obese
20-39,Female,Non-Smoker,Normoglycemic,Stage 1 HTN,Desirable,25.6,Non-Obese
40-59,Female,Non-Smoker,Normoglycemic,Normal,High,22.4,Non-Obese
60-79,Female,Non-Smoker,Diabetic,Stage 1 HTN,Desirable,31.7,Obese
20-39,Female,Non-Smoker,Normoglycemic,Normal,Very High,28.2,Non-Obese
40-59,Female,Current Smoker,Normoglycemic,Stage 2 HTN,High,29.1,Non-Obese
20-39,Female,Current Smoker,Normoglycemic,Stage 2 HTN,High,29.2,Non-Obese
40-59,Female,Non-Smoker,Normoglycemic,Elevated,High,27.3,Non-Obese
60-79,Male,Non-Smoker,Normoglycemic,Normal,Desirable,24.5,Non-Obese
20-39,Male,Non-Smoker,Normoglycemic,Stage 1 HTN,High,22.5,Non-Obese
80+,Female,Non-Smoker,Normoglycemic,Elevated,Borderline High,27.0,Non-Obese
60-79,Female,Non-Smoker,Normoglycemic,Stage 1 HTN,Desirable,29.6,Non-Obese
40-59,Female,Non-Smoker,Normoglycemic,Normal,Desirable,29.9,Non-Obese
60-79,Female,Non-Smoker,Normoglycemic,Elevated,Borderline High,30.6,Obese
40-59,Female,Non-Smoker,Normoglycemic,Normal,Desirable,28.1,Non-Obese
40-59,Male,Non-Smoker,Diabetic,Stage 1 HTN,Borderline High,35.5,Obese
60-79,Female,Non-Smoker,Normoglycemic,Normal,Desirable,27.3,Non-Obese
40-59,Female,Non-Smoker,Normoglycemic,Stage 1 HTN,Desirable,39.8,Obese
20-39,Female,Non-Smoker,Normoglycemic,Elevated,Desirable,29.1,Non-Obese
20-39,Male,Non-Smoker,Normoglycemic,Normal,Borderline High,22.5,Non-Obese
80+,Male,Current Smoker,Normoglycemic,Elevated,High,25.5,Non-Obese
40-59,Male,Non-Smoker,Normoglycemic,Stage 2 HTN,Borderline High,34.9,Obese
40-59,Female,Non-Smoker,Normoglycemic,Normal,Desirable,26.2,Non-Obese
80+,Male,Non-Smoker,Normoglycemic,Stage 1 HTN,High,30.4,Obese
60-79,Male,Non-Smoker,Normoglycemic,Elevated,Desirable,25.6,Non-Obese
40-59,Female,Non-Smoker,Normoglycemic,Normal,Desirable,21.0,Non-Obese
40-59,Female,Non-Smoker,Normoglycemic,Stage 1 HTN,Desirable,34.0,Obese
40-59,Male,Non-Smoker,Normoglycemic,Normal,Borderline High,23.2,Non-Obese
40-59,Female,Non-Smoker,Normoglycemic,Stage 1 HTN,Borderline High,21.3,Non-Obese
60-79,Male,Non-Smoker,Diabetic,Elevated,Borderline High,36.7,Obese
40-59,Male,Non-Smoker,Normoglycemic,Stage 2 HTN,Desirable,37.0,Obese
60-79,Male,Non-Smoker,Normoglycemic,Normal,Desirable,28.9,Non-Obese
20-39,Male,Non-Smoker,Normoglycemic,Stage 2 HTN,High,29.2,Non-Obese
40-59,Male,Non-Smoker,Normoglycemic,Elevated,High,23.4,Non-Obese
60-79,Female,Non-Smoker,Normoglycemic,Normal,Very High,28.0,Non-Obese
80+,Male,Current Smoker,Normoglycemic,Elevated,High,22.5,Non-Obese
20-39,Male,Non-Smoker,Normoglycemic,Normal,Borderline High,26.0,Non-Obese
60-79,Male,Non-Smoker,Diabetic,Normal,High,27.7,Non-Obese
60-79,Female,Non-Smoker,Normoglycemic,Stage 1 HTN,Desirable,28.9,Non-Obese
80+,Female,Non-Smoker,Normoglycemic,Elevated,Desirable,21.6,Non-Obese
20-39,Female,Non-Smoker,Normoglycemic,Normal,Borderline High,16.8,Non-Obese
40-59,Female,Non-Smoker,Normoglycemic,Normal,High,29.9,Non-Obese
60-79,Female,Non-Smoker,Normoglycemic,Normal,High,29.9,Non-Obese
60-79,Male,Non-Smoker,Diabetic,Stage 2 HTN,Desirable,32.9,Obese
20-39,Female,Non-Smoker,Normoglycemic,Normal,Borderline High,26.2,Non-Obese
20-39,Female,Non-Smoker,Normoglycemic,Normal,High,22.3,Non-Obese
20-39,Male,Current Smoker,Normoglycemic,Stage 2 HTN,Borderline High,28.1,Non-Obese
60-79,Male,Non-Smoker,Normoglycemic,Stage 1 HTN,Borderline High,27.2,Non-Obese
20-39,Female,Non-Smoker,Diabetic,Stage 1 HTN,High,25.6,Non-Obese
60-79,Female,Non-Smoker,Normoglycemic,Elevated,Borderline High,28.2,Non-Obese
40-59,Male,Non-Smoker,Normoglycemic,Normal,Desirable,20.2,Non-Obese
80+,Female,Non-Smoker,Diabetic,Stage 1 HTN,Desirable,25.3,Non-Obese
60-79,Female,Non-Smoker,Normoglycemic,Normal,High,24.2,Non-Obese
60-79,Male,Current Smoker,Normoglycemic,Elevated,Desirable,25.7,Non-Obese
40-59,Female,Current Smoker,Normoglycemic,Stage 1 HTN,Very High,23.5,Non-Obese
60-79,Male,Current Smoker,Normoglycemic,Stage 1 HTN,Desirable,28.8,Non-Obese
80+,Female,Non-Smoker,Normoglycemic,Stage 2 HTN,Desirable,22.5,Non-Obese
40-59,Male,Current Smoker,Normoglycemic,Stage 1 HTN,Borderline High,30.7,Obese
60-79,Male,Non-Smoker,Normoglycemic,Elevated,Very High,25.8,Non-Obese
60-79,Female,Non-Smoker,Diabetic,Stage 2 HTN,High,34.4,Obese
60-79,Female,Non-Smoker,Normoglycemic,Normal,Borderline High,24.4,Non-Obese
60-79,Female,Non-Smoker,Diabetic,Stage 2 HTN,Desirable,27.5,Non-Obese
60-79,Male,Non-Smoker,Normoglycemic,Elevated,Borderline High,26.7,Non-Obese
40-59,Male,Non-Smoker,Normoglycemic,Normal,Desirable,22.9,Non-Obese
20-39,Male,Non-Smoker,Normoglycemic,Elevated,Desirable,23.0,Non-Obese
40-59,Female,Non-Smoker,Normoglycemic,Stage 1 HTN,Borderline High,30.4,Obese
40-59,Female,Non-Smoker,Normoglycemic,Normal,Desirable,28.6,Non-Obese
20-39,Female,Non-Smoker,Normoglycemic,Normal,Desirable,19.6,Non-Obese
60-79,Male,Non-Smoker,Normoglycemic,Normal,High,24.0,Non-Obese
60-79,Female,Non-Smoker,Diabetic,Stage 1 HTN,Very High,27.5,Non-Obese
60-79,Male,Current Smoker,Normoglycemic,Stage 2 HTN,Borderline High,29.0,Non-Obese
20-39,Male,Current Smoker,Normoglycemic,Elevated,Very High,25.6,Non-Obese
20-39,Male,Non-Smoker,Normoglycemic,Elevated,Borderline High,23.7,Non-Obese
20-39,Female,Non-Smoker,Normoglycemic,Stage 1 HTN,Borderline High,24.3,Non-Obese
60-79,Female,Non-Smoker,Normoglycemic,Normal,Borderline High,22.6,Non-Obese
20-39,Male,Non-Smoker,Normoglycemic,Stage 1 HTN,High,26.8,Non-Obese
40-59,Male,Non-Smoker,Normoglycemic,Normal,Desirable,25.9,Non-Obese
20-39,Female,Current Smoker,Normoglycemic,Normal,High,25.1,Non-Obese
60-79,Male,Non-Smoker,Normoglycemic,Normal,Desirable,33.6,Obese
40-59,Male,Non-Smoker,Normoglycemic,Normal,Borderline High,25.1,Non-Obese
20-39,Female,Non-Smoker,Normoglycemic,Normal,Borderline High,22.5,Non-Obese
60-79,Male,Current Smoker,Normoglycemic,Stage 1 HTN,Desirable,23.6,Non-Obese
40-59,Female,Non-Smoker,Normoglycemic,Normal,High,25.3,Non-Obese
60-79,Male,Non-Smoker,Normoglycemic,Normal,Desirable,22.8,Non-Obese
60-79,Male,Non-Smoker,Normoglycemic,Normal,Desirable,29.4,Non-Obese
60-79,Male,Non-Smoker,Normoglycemic,Normal,Desirable,28.1,Non-Obese
60-79,Male,Non-Smoker,Normoglycemic,Normal,Desirable,20.9,Non-Obese
40-59,Male,Current Smoker,Diabetic,Stage 2 HTN,High,33.7,Obese
40-59,Male,Current Smoker,Normoglycemic,Stage 1 HTN,Borderline High,21.0,Non-Obese
80+,Male,Current Smoker,Normoglycemic,Stage 2 HTN,High,31.2,Obese
20-39,Male,Non-Smoker,Normoglycemic,Normal,Borderline High,26.2,Non-Obese
40-59,Male,Non-Smoker,Normoglycemic,Stage 2 HTN,Borderline High,24.7,Non-Obese
80+,Male,Non-Smoker,Diabetic,Stage 2 HTN,Desirable,27.2,Non-Obese
60-79,Male,Non-Smoker,Normoglycemic,Normal,Desirable,23.8,Non-Obese
40-59,Female,Non-Smoker,Normoglycemic,Elevated,Desirable,24.1,Non-Obese
20-39,Male,Current Smoker,Normoglycemic,Normal,Desirable,24.0,Non-Obese
60-79,Female,Non-Smoker,Normoglycemic,Elevated,Desirable,19.0,Non-Obese
40-59,Female,Non-Smoker,Normoglycemic,Normal,High,32.7,Obese
60-79,Male,Current Smoker,Normoglycemic,Stage 2 HTN,Desirable,28.4,Non-Obese
60-79,Male,Non-Smoker,Diabetic,Stage 2 HTN,High,34.1,Obese
60-79,Male,Current Smoker,Normoglycemic,Stage 1 HTN,Borderline High,30.8,Obese
40-59,Female,Non-Smoker,Normoglycemic,Normal,Borderline High,29.1,Non-Obese
60-79,Female,Non-Smoker,Normoglycemic,Normal,Borderline High,28.7,Non-Obese
20-39,Female,Non-Smoker,Normoglycemic,Elevated,High,27.6,Non-Obese
40-59,Male,Non-Smoker,Diabetic,Stage 2 HTN,Desirable,27.7,Non-Obese
40-59,Male,Non-Smoker,Normoglycemic,Elevated,High,25.6,Non-Obese
40-59,Female,Non-Smoker,Normoglycemic,Normal,Desirable,24.7,Non-Obese
80+,Male,Non-Smoker,Diabetic,Stage 2 HTN,High,25.4,Non-Obese
80+,Female,Current Smoker,Diabetic,Stage 2 HTN,Desirable,33.6,Obese
60-79,Female,Non-Smoker,Normoglycemic,Stage 2 HTN,Borderline High,26.7,Non-Obese
40-59,Female,Non-Smoker,Normoglycemic,Normal,Very High,27.3,Non-Obese
60-79,Male,Non-Smoker,Normoglycemic,Normal,Borderline High,20.4,Non-Obese
20-39,Female,Non-Smoker,Normoglycemic,Stage 1 HTN,Desirable,24.0,Non-Obese
40-59,Female,Non-Smoker,Normoglycemic,Stage 2 HTN,Borderline High,25.8,Non-Obese
60-79,Male,Current Smoker,Normoglycemic,Normal,Very High,25.1,Non-Obese
60-79,Female,Non-Smoker,Normoglycemic,Normal,Borderline High,26.0,Non-Obese
80+,Female,Non-Smoker,Normoglycemic,Normal,Desirable,20.3,Non-Obese
60-79,Male,Non-Smoker,Normoglycemic,Stage 1 HTN,Borderline High,30.1,Obese
80+,Female,Non-Smoker,Normoglycemic,Normal,Desirable,24.9,Non-Obese
60-79,Female,Non-Smoker,Normoglycemic,Normal,Borderline High,34.0,Obese
60-79,Male,Non-Smoker,Normoglycemic,Normal,Borderline High,29.7,Non-Obese
40-59,Male,Non-Smoker,Normoglycemic,Normal,Borderline High,24.6,Non-Obese
60-79,Male,Non-Smoker,Diabetic,Stage 2 HTN,Borderline High,40.3,Obese
20-39,Female,Non-Smoker,Normoglycemic,Normal,Very High,31.2,Obese
60-79,Female,Non-Smoker,Normoglycemic,Elevated,Borderline High,24.6,Non-Obese
80+,Male,Non-Smoker,Normoglycemic,Normal,Very High,27.2,Non-Obese
60-79,Female,Non-Smoker,Diabetic,Normal,Desirable,24.8,Non-Obese
20-39,Male,Current Smoker,Normoglycemic,Elevated,Desirable,26.5,Non-Obese
20-39,Male,Current Smoker,Normoglycemic,Stage 1 HTN,High,34.4,Obese
40-59,Female,Non-Smoker,Normoglycemic,Elevated,Desirable,34.7,Obese
40-59,Male,Non-Smoker,Normoglycemic,Stage 2 HTN,Borderline High,32.5,Obese
80+,Female,Non-Smoker,Diabetic,Stage 1 HTN,High,29.9,Non-Obese
40-59,Male,Non-Smoker,Normoglycemic,Elevated,Borderline High,22.9,Non-Obese
20-39,Female,Non-Smoker,Normoglycemic,Normal,Very High,23.7,Non-Obese
20-39,Male,Non-Smoker,Normoglycemic,Stage 1 HTN,Borderline High,33.2,Obese
60-79,Female,Non-Smoker,Diabetic,Normal,Desirable,30.1,Obese
40-59,Male,Non-Smoker,Normoglycemic,Normal,Desirable,19.8,Non-Obese
60-79,Male,Non-Smoker,Normoglycemic,Stage 1 HTN,High,28.9,Non-Obese
80+,Male,Current Smoker,Normoglycemic,Stage 2 HTN,Borderline High,34.5,Obese
20-39,Male,Non-Smoker,Normoglycemic,Normal,Borderline High,28.9,Non-Obese
60-79,Female,Non-Smoker,Normoglycemic,Normal,High,23.6,Non-Obese
20-39,Male,Non-Smoker,Diabetic,Stage 1 HTN,High,32.9,Obese
20-39,Female,Non-Smoker,Normoglycemic,Stage 1 HTN,High,26.3,Non-Obese
60-79,Female,Non-Smoker,Normoglycemic,Normal,Borderline High,30.3,Obese
20-39,Male,Non-Smoker,Normoglycemic,Elevated,Desirable,27.3,Non-Obese
60-79,Female,Non-Smoker,Normoglycemic,Normal,High,24.1,Non-Obese
20-39,Male,Non-Smoker,Normoglycemic,Normal,High,21.5,Non-Obese
20-39,Female,Non-Smoker,Normoglycemic,Stage 1 HTN,Desirable,30.1,Obese
80+,Male,Non-Smoker,Normoglycemic,Normal,Borderline High,22.2,Non-Obese
60-79,Female,Non-Smoker,Normoglycemic,Stage 1 HTN,High,32.8,Obese
40-59,Female,Non-Smoker,Normoglycemic,Stage 2 HTN,Desirable,24.2,Non-Obese
40-59,Female,Non-Smoker,Normoglycemic,Stage 1 HTN,Borderline High,27.9,Non-Obese
80+,Male,Non-Smoker,Normoglycemic,Normal,Desirable,24.8,Non-Obese
60-79,Male,Non-Smoker,Diabetic,Stage 1 HTN,Borderline High,32.5,Obese
20-39,Female,Non-Smoker,Normoglycemic,Normal,Desirable,22.8,Non-Obese
20-39,Male,Current Smoker,Diabetic,Stage 2 HTN,High,28.1,Non-Obese
80+,Male,Non-Smoker,Normoglycemic,Elevated,High,28.5,Non-Obese
80+,Female,Non-Smoker,Normoglycemic,Stage 2 HTN,Desirable,26.5,Non-Obese
20-39,Male,Non-Smoker,Normoglycemic,Stage 1 HTN,Borderline High,27.1,Non-Obese
60-79,Female,Non-Smoker,Normoglycemic,Stage 1 HTN,Desirable,23.7,Non-Obese
40-59,Female,Non-Smoker,Normoglycemic,Normal,Desirable,23.2,Non-Obese
20-39,Male,Current Smoker,Normoglycemic,Stage 2 HTN,Very High,33.4,Obese
60-79,Male,Current Smoker,Normoglycemic,Stage 1 HTN,Very High,25.1,Non-Obese
60-79,Male,Non-Smoker,Normoglycemic,Normal,Very High,30.7,Obese
60-79,Male,Non-Smoker,Normoglycemic,Elevated,High,27.5,Non-Obese
80+,Female,Non-Smoker,Normoglycemic,Elevated,Desirable,20.1,Non-Obese
60-79,Male,Non-Smoker,Diabetic,Stage 1 HTN,Very High,30.1,Obese
80+,Female,Non-Smoker,Diabetic,Stage 1 HTN,Desirable,28.7,Non-Obese
40-59,Female,Non-Smoker,Normoglycemic,Normal,Borderline High,25.3,Non-Obese
40-59,Female,Non-Smoker,Diabetic,Elevated,High,35.7,Obese
40-59,Female,Current Smoker,Diabetic,Stage 2 HTN,Borderline High,36.0,Obese
60-79,Female,Non-Smoker,Normoglycemic,Normal,High,36.3,Obese
40-59,Female,Non-Smoker,Diabetic,Stage 1 HTN,Desirable,32.8,Obese
60-79,Male,Current Smoker,Normoglycemic,Elevated,High,34.9,Obese
20-39,Female,Current Smoker,Normoglycemic,Stage 2 HTN,Very High,29.3,Non-Obese
80+,Male,Non-Smoker,Diabetic,Stage 2 HTN,Desirable,33.5,Obese
20-39,Male,Current Smoker,Normoglycemic,Stage 1 HTN,High,27.4,Non-Obese
60-79,Male,Current Smoker,Normoglycemic,Normal,High,26.6,Non-Obese
20-39,Male,Current Smoker,Normoglycemic,Stage 1 HTN,Very High,26.5,Non-Obese
60-79,Female,Non-Smoker,Normoglycemic,Normal,Desirable,26.4,Non-Obese
60-79,Male,Current Smoker,Normoglycemic,Stage 1 HTN,Desirable,23.8,Non-Obese
20-39,Female,Non-Smoker,Normoglycemic,Elevated,Desirable,25.1,Non-Obese
80+,Male,Non-Smoker,Diabetic,Stage 2 HTN,Desirable,35.5,Obese
40-59,Female,Non-Smoker,Normoglycemic,Normal,Borderline High,19.3,Non-Obese
60-79,Female,Non-Smoker,Diabetic,Stage 1 HTN,Borderline High,28.8,Non-Obese
40-59,Female,Non-Smoker,Normoglycemic,Normal,Desirable,30.5,Obese
20-39,Female,Non-Smoker,Diabetic,Stage 2 HTN,Borderline High,34.7,Obese
60-79,Male,Non-Smoker,Normoglycemic,Normal,High,28.9,Non-Obese
40-59,Male,Non-Smoker,Diabetic,Stage 1 HTN,Desirable,29.5,Non-Obese
40-59,Male,Non-Smoker,Diabetic,Elevated,Borderline High,29.3,Non-Obese
40-59,Female,Non-Smoker,Normoglycemic,Normal,Desirable,25.3,Non-Obese
20-39,Male,Non-Smoker,Normoglycemic,Elevated,Borderline High,25.6,Non-Obese
80+,Female,Non-Smoker,Normoglycemic,Elevated,Desirable,26.9,Non-Obese
40-59,Female,Non-Smoker,Normoglycemic,Elevated,Desirable,33.1,Obese
40-59,Male,Non-Smoker,Normoglycemic,Stage 1 HTN,High,30.3,Obese
80+,Male,Non-Smoker,Normoglycemic,Elevated,Borderline High,23.3,Non-Obese
80+,Male,Non-Smoker,Diabetic,Stage 2 HTN,Borderline High,32.8,Obese
20-39,Female,Non-Smoker,Normoglycemic,Normal,High,35.0,Obese
40-59,Female,Current Smoker,Normoglycemic,Elevated,Desirable,17.7,Non-Obese
60-79,Male,Non-Smoker,Normoglycemic,Elevated,High,28.4,Non-Obese
60-79,Female,Non-Smoker,Normoglycemic,Normal,Desirable,18.9,Non-Obese
60-79,Male,Non-Smoker,Normoglycemic,Normal,Desirable,25.7,Non-Obese
40-59,Female,Non-Smoker,Normoglycemic,Normal,Borderline High,27.9,Non-Obese
80+,Female,Non-Smoker,Normoglycemic,Elevated,Desirable,27.6,Non-Obese
60-79,Male,Non-Smoker,Normoglycemic,Normal,Very High,26.7,Non-Obese
80+,Female,Non-Smoker,Normoglycemic,Normal,Desirable,24.8,Non-Obese
20-39,Male,Current Smoker,Normoglycemic,Stage 1 HTN,Very High,28.0,Non-Obese
80+,Male,Non-Smoker,Normoglycemic,Normal,Desirable,26.7,Non-Obese
20-39,Male,Current Smoker,Normoglycemic,Normal,Very High,18.8,Non-Obese
20-39,Male,Non-Smoker,Normoglycemic,Normal,Borderline High,31.0,Obese
60-79,Female,Non-Smoker,Normoglycemic,Normal,Desirable,29.9,Non-Obese
80+,Male,Non-Smoker,Diabetic,Stage 1 HTN,Borderline High,27.2,Non-Obese
40-59,Male,Non-Smoker,Normoglycemic,Elevated,Desirable,28.3,Non-Obese
20-39,Male,Non-Smoker,Normoglycemic,Normal,High,24.5,Non-Obese
80+,Female,Current Smoker,Normoglycemic,Normal,High,24.6,Non-Obese
40-59,Female,Non-Smoker,Normoglycemic,Normal,Desirable,30.6,Obese
20-39,Female,Non-Smoker,Normoglycemic,Normal,Borderline High,24.5,Non-Obese
60-79,Female,Non-Smoker,Normoglycemic,Normal,Borderline High,21.2,Non-Obese
20-39,Male,Non-Smoker,Normoglycemic,Normal,Borderline High,25.0,Non-Obese
40-59,Male,Non-Smoker,Normoglycemic,Stage 1 HTN,Borderline High,33.3,Obese
20-39,Male,Non-Smoker,Diabetic,Stage 2 HTN,Desirable,30.3,Obese
40-59,Male,Non-Smoker,Normoglycemic,Normal,High,25.9,Non-Obese
20-39,Female,Non-Smoker,Normoglycemic,Elevated,Borderline High,28.9,Non-Obese
80+,Female,Non-Smoker,Normoglycemic,Elevated,Desirable,25.6,Non-Obese
60-79,Female,Non-Smoker,Diabetic,Stage 2 HTN,Very High,30.6,Obese
20-39,Male,Non-Smoker,Normoglycemic,Normal,Very High,25.6,Non-Obese
40-59,Male,Non-Smoker,Normoglycemic,Elevated,High,30.3,Obese
80+,Female,Non-Smoker,Normoglycemic,Stage 1 HTN,Borderline High,20.5,Non-Obese
60-79,Male,Non-Smoker,Diabetic,Stage 2 HTN,Very High,35.2,Obese
20-39,Male,Current Smoker,Normoglycemic,Stage 2 HTN,High,25.1,Non-Obese
20-39,Female,Non-Smoker,Normoglycemic,Normal,Borderline High,22.3,Non-Obese
20-39,Female,Non-Smoker,Normoglycemic,Normal,High,27.1,Non-Obese
40-59,Male,Non-Smoker,Normoglycemic,Elevated,Desirable,26.8,Non-Obese
60-79,Male,Current Smoker,Normoglycemic,Elevated,Borderline High,24.7,Non-Obese
60-79,Female,Non-Smoker,Normoglycemic,Stage 1 HTN,Very High,29.9,Non-Obese
40-59,Male,Non-Smoker,Normoglycemic,Stage 1 HTN,High,27.9,Non-Obese
80+,Male,Non-Smoker,Normoglycemic,Normal,Borderline High,23.3,Non-Obese
60-79,Female,Non-Smoker,Normoglycemic,Stage 2 HTN,Borderline High,27.6,Non-Obese
40-59,Male,Current Smoker,Diabetic,Stage 2 HTN,Very High,34.2,Obese
60-79,Male,Current Smoker,Normoglycemic,Stage 1 HTN,Very High,26.5,Non-Obese
60-79,Male,Current Smoker,Diabetic,Stage 1 HTN,Borderline High,34.8,Obese
20-39,Male,Non-Smoker,Normoglycemic,Normal,High,27.5,Non-Obese
20-39,Male,Non-Smoker,Normoglycemic,Normal,Borderline High,30.5,Obese
40-59,Male,Non-Smoker,Diabetic,Stage 2 HTN,High,35.6,Obese
20-39,Female,Non-Smoker,Normoglycemic,Normal,Borderline High,20.7,Non-Obese
20-39,Female,Non-Smoker,Normoglycemic,Elevated,High,25.7,Non-Obese
20-39,Male,Current Smoker,Normoglycemic,Stage 2 HTN,High,31.0,Obese
20-39,Male,Non-Smoker,Diabetic,Elevated,Desirable,23.1,Non-Obese
40-59,Female,Current Smoker,Normoglycemic,Normal,Desirable,28.4,Non-Obese
20-39,Male,Current Smoker,Normoglycemic,Stage 1 HTN,Desirable,26.6,Non-Obese
40-59,Female,Non-Smoker,Normoglycemic,Stage 1 HTN,High,26.5,Non-Obese
20-39,Male,Non-Smoker,Normoglycemic,Normal,High,25.7,Non-Obese
20-39,Male,Non-Smoker,Normoglycemic,Normal,Borderline High,23.0,Non-Obese
80+,Male,Non-Smoker,Normoglycemic,Normal,Borderline High,24.6,Non-Obese
20-39,Female,Non-Smoker,Normoglycemic,Normal,Desirable,24.5,Non-Obese
80+,Male,Non-Smoker,Diabetic,Stage 2 HTN,Desirable,27.1,Non-Obese
40-59,Female,Non-Smoker,Normoglycemic,Normal,Borderline High,30.1,Obese
20-39,Male,Current Smoker,Normoglycemic,Stage 1 HTN,Desirable,26.4,Non-Obese
40-59,Male,Current Smoker,Normoglycemic,Normal,Desirable,20.1,Non-Obese
60-79,Male,Non-Smoker,Normoglycemic,Normal,Very High,26.1,Non-Obese
40-59,Female,Non-Smoker,Diabetic,Normal,High,35.0,Obese
60-79,Male,Non-Smoker,Normoglycemic,Stage 1 HTN,High,26.6,Non-Obese
60-79,Female,Non-Smoker,Normoglycemic,Normal,High,25.3,Non-Obese
60-79,Female,Non-Smoker,Normoglycemic,Normal,High,24.2,Non-Obese
60-79,Female,Non-Smoker,Normoglycemic,Stage 1 HTN,Desirable,25.1,Non-Obese
60-79,Female,Non-Smoker,Normoglycemic,Elevated,Borderline High,31.8,Obese
60-79,Male,Current Smoker,Normoglycemic,Elevated,Borderline High,34.5,Obese
40-59,Male,Non-Smoker,Normoglycemic,Stage 1 HTN,Desirable,29.3,Non-Obese
20-39,Male,Non-Smoker,Normoglycemic,Elevated,Desirable,23.1,Non-Obese
80+,Female,Non-Smoker,Diabetic,Stage 2 HTN,Borderline High,22.8,Non-Obese
40-59,Female,Current Smoker,Normoglycemic,Stage 2 HTN,Very High,26.1,Non-Obese
40-59,Female,Non-Smoker,Normoglycemic,Stage 1 HTN,Desirable,34.0,Obese
60-79,Female,Non-Smoker,Diabetic,Elevated,High,34.7,Obese
20-39,Male,Non-Smoker,Normoglycemic,Stage 2 HTN,Borderline High,34.4,Obese
20-39,Male,Current Smoker,Diabetic,Stage 2 HTN,Very High,34.6,Obese
20-39,Female,Non-Smoker,Normoglycemic,Normal,High,22.8,Non-Obese
20-39,Female,Non-Smoker,Normoglycemic,Stage 2 HTN,Desirable,20.8,Non-Obese
20-39,Female,Current Smoker,Normoglycemic,Elevated,Borderline High,26.7,Non-Obese
60-79,Male,Non-Smoker,Diabetic,Elevated,High,27.7,Non-Obese
20-39,Male,Non-Smoker,Normoglycemic,Normal,Desirable,19.3,Non-Obese
60-79,Male,Non-Smoker,Normoglycemic,Normal,Borderline High,23.1,Non-Obese
60-79,Female,Non-Smoker,Normoglycemic,Stage 1 HTN,Desirable,24.3,Non-Obese
20-39,Male,Current Smoker,Normoglycemic,Stage 2 HTN,High,30.1,Obese
60-79,Female,Current Smoker,Normoglycemic,Stage 1 HTN,Borderline High,26.4,Non-Obese
60-79,Female,Non-Smoker,Diabetic,Stage 1 HTN,Desirable,31.0,Obese
20-39,Male,Non-Smoker,Normoglycemic,Normal,Desirable,24.2,Non-Obese
60-79,Female,Non-Smoker,Normoglycemic,Stage 1 HTN,Desirable,31.7,Obese
20-39,Male,Current Smoker,Normoglycemic,Stage 1 HTN,High,25.9,Non-Obese
40-59,Male,Non-Smoker,Normoglycemic,Stage 1 HTN,High,27.8,Non-Obese
60-79,Male,Non-Smoker,Normoglycemic,Elevated,High,24.2,Non-Obese
80+,Female,Non-Smoker,Diabetic,Stage 2 HTN,Desirable,33.7,Obese
20-39,Male,Current Smoker,Normoglycemic,Normal,Very High,27.9,Non-Obese
60-79,Male,Non-Smoker,Normoglycemic,Normal,High,34.1,Obese
20-39,Female,Current Smoker,Normoglycemic,Elevated,Borderline High,27.1,Non-Obese
20-39,Male,Non-Smoker,Normoglycemic,Normal,High,29.4,Non-Obese
80+,Female,Non-Smoker,Normoglycemic,Normal,Desirable,28.1,Non-Obese
40-59,Female,Non-Smoker,Normoglycemic,Normal,Borderline High,20.8,Non-Obese
40-59,Male,Current Smoker,Normoglycemic,Normal,Borderline High,28.7,Non-Obese
40-59,Female,Non-Smoker,Normoglycemic,Elevated,Borderline High,24.4,Non-Obese
60-79,Female,Non-Smoker,Normoglycemic,Normal,Desirable,26.6,Non-Obese
20-39,Female,Non-Smoker,Normoglycemic,Normal,Borderline High,22.8,Non-Obese
60-79,Female,Non-Smoker,Normoglycemic,Elevated,Desirable,33.2,Obese
60-79,Female,Non-Smoker,Diabetic,Stage 2 HTN,Borderline High,43.5,Obese
80+,Female,Current Smoker,Normoglycemic,Stage 1 HTN,High,26.8,Non-Obese
60-79,Male,Non-Smoker,Diabetic,Stage 2 HTN,Desirable,27.1,Non-Obese
80+,Female,Non-Smoker,Normoglycemic,Elevated,Desirable,25.6,Non-Obese
20-39,Male,Non-Smoker,Normoglycemic,Elevated,High,31.7,Obese
40-59,Male,Non-Smoker,Normoglycemic,Normal,High,25.2,Non-Obese
60-79,Female,Non-Smoker,Normoglycemic,Elevated,High,25.6,Non-Obese
40-59,Female,Current Smoker,Normoglycemic,Stage 1 HTN,Desirable,29.7,Non-Obese
20-39,Female,Non-Smoker,Normoglycemic,Normal,Desirable,19.0,Non-Obese
40-59,Male,Non-Smoker,Diabetic,Stage 2 HTN,Very High,47.5,Obese
60-79,Male,Non-Smoker,Normoglycemic,Elevated,Very High,23.4,Non-Obese
80+,Male,Current Smoker,Normoglycemic,Elevated,Borderline High,22.4,Non-Obese
40-59,Female,Non-Smoker,Normoglycemic,Elevated,High,30.8,Obese
80+,Male,Non-Smoker,Normoglycemic,Normal,Very High,25.6,Non-Obese
40-59,Male,Non-Smoker,Normoglycemic,Normal,Desirable,27.4,Non-Obese
20-39,Female,Current Smoker,Normoglycemic,Stage 1 HTN,High,29.6,Non-Obese
40-59,Female,Non-Smoker,Normoglycemic,Normal,Desirable,26.7,Non-Obese
60-79,Female,Current Smoker,Normoglycemic,Stage 2 HTN,Very High,31.2,Obese
60-79,Female,Non-Smoker,Diabetic,Stage 1 HTN,High,30.8,Obese
20-39,Female,Current Smoker,Normoglycemic,Stage 1 HTN,Desirable,21.6,Non-Obese
40-59,Female,Non-Smoker,Normoglycemic,Normal,Desirable,22.3,Non-Obese
40-59,Female,Non-Smoker,Normoglycemic,Normal,High,27.2,Non-Obese
60-79,Male,Current Smoker,Normoglycemic,Stage 1 HTN,Very High,28.1,Non-Obese
80+,Female,Non-Smoker,Diabetic,Stage 2 HTN,Borderline High,33.1,Obese
40-59,Male,Non-Smoker,Diabetic,Stage 2 HTN,Desirable,30.7,Obese
40-59,Male,Non-Smoker,Normoglycemic,Elevated,Borderline High,24.6,Non-Obese
80+,Female,Non-Smoker,Normoglycemic,Normal,Desirable,21.6,Non-Obese
60-79,Male,Current Smoker,Normoglycemic,Stage 1 HTN,Very High,34.9,Obese
40-59,Male,Non-Smoker,Normoglycemic,Normal,Borderline High,25.8,Non-Obese
40-59,Female,Non-Smoker,Normoglycemic,Normal,Very High,19.6,Non-Obese
20-39,Female,Current Smoker,Normoglycemic,Stage 1 HTN,Borderline High,27.8,Non-Obese
60-79,Male,Current Smoker,Normoglycemic,Normal,High,21.5,Non-Obese
40-59,Female,Non-Smoker,Normoglycemic,Normal,Desirable,25.0,Non-Obese
20-39,Female,Non-Smoker,Normoglycemic,Stage 2 HTN,High,25.2,Non-Obese
60-79,Female,Non-Smoker,Diabetic,Stage 2 HTN,Desirable,36.5,Obese
20-39,Male,Non-Smoker,Normoglycemic,Normal,Very High,23.3,Non-Obese
40-59,Male,Current Smoker,Normoglycemic,Elevated,Borderline High,30.8,Obese
60-79,Male,Non-Smoker,Diabetic,Stage 1 HTN,High,32.0,Obese
20-39,Male,Non-Smoker,Normoglycemic,Normal,High,25.8,Non-Obese
60-79,Female,Non-Smoker,Normoglycemic,Normal,Desirable,34.0,Obese
40-59,Female,Non-Smoker,Normoglycemic,Normal,High,25.1,Non-Obese
20-39,Male,Non-Smoker,Normoglycemic,Normal,Borderline High,28.7,Non-Obese
40-59,Female,Current Smoker,Diabetic,Stage 1 HTN,Very High,26.8,Non-Obese
80+,Female,Non-Smoker,Normoglycemic,Normal,Borderline High,34.3,Obese
40-59,Female,Non-Smoker,Normoglycemic,Normal,Desirable,35.7,Obese
80+,Male,Non-Smoker,Normoglycemic,Normal,High,26.0,Non-Obese
40-59,Male,Non-Smoker,Normoglycemic,Normal,High,27.5,Non-Obese
40-59,Male,Non-Smoker,Normoglycemic,Normal,Borderline High,28.6,Non-Obese
60-79,Female,Non-Smoker,Normoglycemic,Normal,Desirable,21.5,Non-Obese
60-79,Male,Current Smoker,Normoglycemic,Elevated,Very High,26.5,Non-Obese
20-39,Female,Non-Smoker,Normoglycemic,Normal,Desirable,26.3,Non-Obese
60-79,Female,Non-Smoker,Diabetic,Stage 2 HTN,Desirable,23.8,Non-Obese
20-39,Male,Current Smoker,Normoglycemic,Elevated,Desirable,24.7,Non-Obese
20-39,Female,Non-Smoker,Normoglycemic,Normal,Desirable,23.0,Non-Obese
20-39,Female,Non-Smoker,Normoglycemic,Elevated,Desirable,32.5,Obese
40-59,Female,Non-Smoker,Normoglycemic,Normal,Desirable,24.7,Non-Obese
60-79,Male,Current Smoker,Normoglycemic,Stage 2 HTN,Very High,29.0,Non-Obese
20-39,Male,Current Smoker,Normoglycemic,Elevated,Desirable,18.2,Non-Obese
60-79,Male,Non-Smoker,Normoglycemic,Normal,High,30.3,Obese
40-59,Male,Non-Smoker,Normoglycemic,Normal,Borderline High,29.1,Non-Obese
80+,Male,Non-Smoker,Normoglycemic,Normal,Borderline High,23.3,Non-Obese
20-39,Male,Non-Smoker,Normoglycemic,Stage 1 HTN,Desirable,23.3,Non-Obese
20-39,Female,Non-Smoker,Normoglycemic,Stage 1 HTN,Desirable,27.7,Non-Obese
20-39,Male,Non-Smoker,Normoglycemic,Elevated,Desirable,24.0,Non-Obese
40-59,Male,Non-Smoker,Normoglycemic,Normal,Desirable,26.9,Non-Obese
40-59,Female,Non-Smoker,Normoglycemic,Normal,Very High,42.4,Obese
60-79,Female,Non-Smoker,Normoglycemic,Elevated,Borderline High,33.4,Obese
40-59,Female,Non-Smoker,Normoglycemic,Normal,Very High,27.5,Non-Obese
60-79,Male,Non-Smoker,Normoglycemic,Normal,High,25.9,Non-Obese
20-39,Male,Non-Smoker,Normoglycemic,Stage 1 HTN,Desirable,29.1,Non-Obese
40-59,Male,Non-Smoker,Diabetic,Stage 2 HTN,Borderline High,38.2,Obese
40-59,Male,Current Smoker,Diabetic,Stage 2 HTN,Borderline High,30.1,Obese
80+,Female,Non-Smoker,Normoglycemic,Normal,High,25.9,Non-Obese
60-79,Female,Non-Smoker,Normoglycemic,Normal,Borderline High,30.4,Obese
60-79,Female,Non-Smoker,Diabetic,Stage 1 HTN,Borderline High,33.0,Obese
60-79,Female,Non-Smoker,Diabetic,Stage 2 HTN,High,27.0,Non-Obese
60-79,Male,Non-Smoker,Normoglycemic,Elevated,Borderline High,31.7,Obese
60-79,Male,Non-Smoker,Normoglycemic,Normal,Desirable,27.5,Non-Obese
60-79,Female,Non-Smoker,Normoglycemic,Normal,Borderline High,30.5,Obese
20-39,Female,Non-Smoker,Normoglycemic,Normal,Borderline High,20.4,Non-Obese
60-79,Male,Non-Smoker,Normoglycemic,Normal,Desirable,24.4,Non-Obese
20-39,Male,Non-Smoker,Normoglycemic,Normal,High,22.1,Non-Obese
40-59,Male,Current Smoker,Normoglycemic,Stage 2 HTN,Desirable,34.6,Obese
60-79,Female,Non-Smoker,Diabetic,Stage 2 HTN,Desirable,32.3,Obese
60-79,Male,Non-Smoker,Diabetic,Stage 1 HTN,Desirable,31.1,Obese
20-39,Male,Current Smoker,Diabetic,Stage 2 HTN,Borderline High,35.3,Obese
20-39,Male,Non-Smoker,Normoglycemic,Normal,Desirable,24.6,Non-Obese
60-79,Female,Non-Smoker,Normoglycemic,Elevated,Very High,29.9,Non-Obese
40-59,Female,Current Smoker,Diabetic,Stage 1 HTN,Very High,26.2,Non-Obese
60-79,Female,Current Smoker,Normoglycemic,Normal,Borderline High,36.5,Obese
80+,Male,Non-Smoker,Normoglycemic,Elevated,Borderline High,27.3,Non-Obese
60-79,Female,Non-Smoker,Normoglycemic,Elevated,High,31.2,Obese
40-59,Male,Non-Smoker,Normoglycemic,Normal,Desirable,27.0,Non-Obese
40-59,Male,Non-Smoker,Normoglycemic,Normal,Desirable,24.7,Non-Obese
60-79,Male,Non-Smoker,Normoglycemic,Normal,Borderline High,19.9,Non-Obese
60-79,Male,Non-Smoker,Normoglycemic,Elevated,Borderline High,27.8,Non-Obese
80+,Male,Current Smoker,Normoglycemic,Stage 1 HTN,Borderline High,23.0,Non-Obese
40-59,Female,Non-Smoker,Normoglycemic,Normal,High,33.6,Obese
60-79,Female,Non-Smoker,Normoglycemic,Normal,Desirable,26.8,Non-Obese
60-79,Female,Non-Smoker,Diabetic,Stage 2 HTN,Borderline High,36.7,Obese
60-79,Female,Non-Smoker,Normoglycemic,Normal,Desirable,25.7,Non-Obese
40-59,Male,Current Smoker,Diabetic,Stage 2 HTN,High,37.9,Obese
40-59,Female,Non-Smoker,Normoglycemic,Stage 2 HTN,Desirable,30.1,Obese
80+,Male,Current Smoker,Diabetic,Stage 2 HTN,Very High,38.4,Obese
20-39,Male,Current Smoker,Normoglycemic,Stage 1 HTN,High,24.7,Non-Obese
60-79,Male,Non-Smoker,Normoglycemic,Normal,Desirable,28.7,Non-Obese
60-79,Male,Non-Smoker,Normoglycemic,Stage 1 HTN,High,22.7,Non-Obese
60-79,Male,Non-Smoker,Normoglycemic,Stage 1 HTN,High,27.4,Non-Obese
20-39,Female,Current Smoker,Normoglycemic,Stage 2 HTN,Desirable,31.1,Obese
60-79,Male,Current Smoker,Normoglycemic,Normal,Desirable,23.0,Non-Obese
80+,Male,Non-Smoker,Normoglycemic,Elevated,Very High,25.7,Non-Obese
20-39,Male,Non-Smoker,Normoglycemic,Elevated,Borderline High,21.5,Non-Obese
80+,Female,Non-Smoker,Normoglycemic,Normal,Borderline High,23.8,Non-Obese
40-59,Male,Current Smoker,Normoglycemic,Elevated,High,24.9,Non-Obese
80+,Male,Current Smoker,Normoglycemic,Stage 2 HTN,Desirable,28.7,Non-Obese
40-59,Female,Non-Smoker,Normoglycemic,Normal,High,25.5,Non-Obese
40-59,Male,Non-Smoker,Diabetic,Stage 2 HTN,High,28.0,Non-Obese
40-59,Female,Non-Smoker,Normoglycemic,Stage 2 HTN,Borderline High,34.4,Obese
40-59,Female,Non-Smoker,Diabetic,Stage 1 HTN,Borderline High,39.0,Obese
40-59,Male,Current Smoker,Normoglycemic,Stage 1 HTN,Very High,27.6,Non-Obese
80+,Female,Non-Smoker,Diabetic,Stage 2 HTN,Desirable,28.9,Non-Obese
40-59,Male,Non-Smoker,Normoglycemic,Normal,Borderline High,26.5,Non-Obese
40-59,Male,Current Smoker,Normoglycemic,Stage 1 HTN,High,35.7,Obese
60-79,Female,Current Smoker,Normoglycemic,Stage 2 HTN,Very High,25.0,Non-Obese
20-39,Male,Non-Smoker,Normoglycemic,Stage 1 HTN,Borderline High,23.5,Non-Obese
20-39,Male,Non-Smoker,Normoglycemic,Normal,Desirable,24.5,Non-Obese
20-39,Female,Current Smoker,Normoglycemic,Stage 2 HTN,Desirable,25.5,Non-Obese
40-59,Female,Current Smoker,Normoglycemic,Normal,Desirable,25.7,Non-Obese
80+,Female,Non-Smoker,Normoglycemic,Elevated,Desirable,26.6,Non-Obese
60-79,Female,Non-Smoker,Normoglycemic,Normal,Desirable,34.6,Obese
60-79,Male,Non-Smoker,Diabetic,Stage 1 HTN,High,30.2,Obese
40-59,Male,Current Smoker,Normoglycemic,Stage 2 HTN,Borderline High,27.1,Non-Obese
40-59,Female,Non-Smoker,Normoglycemic,Stage 1 HTN,High,28.7,Non-Obese
40-59,Male,Non-Smoker,Normoglycemic,Normal,High,27.0,Non-Obese
20-39,Male,Current Smoker,Normoglycemic,Stage 1 HTN,Desirable,26.4,Non-Obese
20-39,Male,Non-Smoker,Normoglycemic,Normal,Borderline High,24.5,Non-Obese
40-59,Male,Current Smoker,Normoglycemic,Stage 2 HTN,High,24.0,Non-Obese
20-39,Female,Non-Smoker,Normoglycemic,Normal,High,21.3,Non-Obese
40-59,Male,Non-Smoker,Normoglycemic,Normal,Borderline High,27.0,Non-Obese
20-39,Female,Non-Smoker,Diabetic,Stage 2 HTN,Very High,30.9,Obese
20-39,Female,Current Smoker,Normoglycemic,Stage 2 HTN,Desirable,26.3,Non-Obese
80+,Female,Non-Smoker,Normoglycemic,Normal,Borderline High,24.0,Non-Obese
80+,Female,Non-Smoker,Normoglycemic,Normal,Desirable,25.2,Non-Obese
40-59,Female,Current Smoker,Normoglycemic,Stage 1 HTN,High,28.7,Non-Obese
80+,Female,Non-Smoker,Normoglycemic,Elevated,Desirable,28.0,Non-Obese
80+,Female,Non-Smoker,Diabetic,Normal,Borderline High,31.2,Obese
60-79,Female,Non-Smoker,Normoglycemic,Stage 1 HTN,Desirable,37.1,Obese
80+,Male,Current Smoker,Normoglycemic,Stage 1 HTN,High,32.2,Obese
20-39,Female,Non-Smoker,Normoglycemic,Stage 1 HTN,Desirable,33.5,Obese
40-59,Male,Non-Smoker,Normoglycemic,Elevated,Desirable,29.0,Non-Obese
20-39,Male,Current Smoker,Normoglycemic,Stage 1 HTN,High,25.0,Non-Obese
20-39,Female,Non-Smoker,Normoglycemic,Elevated,Borderline High,20.2,Non-Obese
80+,Male,Non-Smoker,Normoglycemic,Stage 1 HTN,Desirable,24.5,Non-Obese
40-59,Male,Non-Smoker,Normoglycemic,Normal,High,22.4,Non-Obese
40-59,Male,Non-Smoker,Normoglycemic,Elevated,Desirable,30.8,Obese
40-59,Female,Current Smoker,Normoglycemic,Stage 1 HTN,Borderline High,28.2,Non-Obese
60-79,Male,Non-Smoker,Normoglycemic,Stage 1 HTN,High,32.7,Obese
80+,Male,Current Smoker,Normoglycemic,Stage 1 HTN,Very High,32.6,Obese
80+,Male,Non-Smoker,Normoglycemic,Stage 1 HTN,Borderline High,30.3,Obese
60-79,Male,Non-Smoker,Normoglycemic,Normal,High,32.3,Obese
40-59,Male,Non-Smoker,Normoglycemic,Normal,High,29.8,Non-Obese
20-39,Male,Current Smoker,Normoglycemic,Stage 1 HTN,Desirable,29.3,Non-Obese
60-79,Male,Non-Smoker,Diabetic,Stage 2 HTN,Borderline High,30.9,Obese
40-59,Female,Non-Smoker,Normoglycemic,Normal,Desirable,27.7,Non-Obese
20-39,Female,Non-Smoker,Normoglycemic,Stage 2 HTN,Borderline High,31.5,Obese
60-79,Female,Non-Smoker,Normoglycemic,Normal,Desirable,27.7,Non-Obese
60-79,Female,Non-Smoker,Normoglycemic,Normal,Borderline High,29.2,Non-Obese
20-39,Male,Current Smoker,Normoglycemic,Elevated,High,22.2,Non-Obese
40-59,Male,Current Smoker,Normoglycemic,Elevated,High,28.2,Non-Obese
20-39,Female,Non-Smoker,Normoglycemic,Stage 1 HTN,Borderline High,31.6,Obese
20-39,Female,Non-Smoker,Normoglycemic,Normal,Very High,26.3,Non-Obese
40-59,Male,Non-Smoker,Normoglycemic,Normal,Borderline High,23.3,Non-Obese
40-59,Male,Non-Smoker,Normoglycemic,Normal,High,27.5,Non-Obese
60-79,Female,Non-Smoker,Normoglycemic,Elevated,Borderline High,29.3,Non-Obese
60-79,Male,Non-Smoker,Normoglycemic,Normal,Borderline High,28.5,Non-Obese
40-59,Female,Non-Smoker,Normoglycemic,Stage 1 HTN,High,26.5,Non-Obese
20-39,Female,Non-Smoker,Normoglycemic,Elevated,High,28.5,Non-Obese
60-79,Female,Current Smoker,Normoglycemic,Stage 1 HTN,Borderline High,21.7,Non-Obese
40-59,Female,Non-Smoker,Normoglycemic,Elevated,Very High,28.4,Non-Obese
60-79,Male,Non-Smoker,Normoglycemic,Elevated,Desirable,24.1,Non-Obese
60-79,Female,Non-Smoker,Normoglycemic,Normal,High,23.0,Non-Obese
60-79,Female,Non-Smoker,Diabetic,Stage 1 HTN,Borderline High,33.6,Obese
60-79,Female,Non-Smoker,Normoglycemic,Stage 1 HTN,Desirable,33.1,Obese
20-39,Male,Current Smoker,Diabetic,Stage 2 HTN,Very High,28.9,Non-Obese
40-59,Male,Non-Smoker,Normoglycemic,Normal,Very High,28.1,Non-Obese
40-59,Female,Non-Smoker,Normoglycemic,Elevated,Desirable,29.7,Non-Obese
20-39,Female,Non-Smoker,Diabetic,Stage 2 HTN,Desirable,29.6,Non-Obese
80+,Female,Non-Smoker,Normoglycemic,Normal,Desirable,22.5,Non-Obese
40-59,Female,Non-Smoker,Normoglycemic,Normal,Borderline High,24.8,Non-Obese
80+,Male,Non-Smoker,Normoglycemic,Normal,Borderline High,24.6,Non-Obese
80+,Female,Non-Smoker,Normoglycemic,Normal,Desirable,26.0,Non-Obese
20-39,Female,Current Smoker,Normoglycemic,Stage 1 HTN,High,22.9,Non-Obese
60-79,Female,Non-Smoker,Normoglycemic,Stage 2 HTN,Borderline High,31.8,Obese
40-59,Male,Current Smoker,Diabetic,Stage 2 HTN,Borderline High,25.2,Non-Obese
40-59,Female,Non-Smoker,Normoglycemic,Normal,Borderline High,31.7,Obese
20-39,Male,Non-Smoker,Normoglycemic,Normal,Desirable,22.3,Non-Obese
80+,Male,Non-Smoker,Normoglycemic,Normal,Borderline High,19.7,Non-Obese
40-59,Female,Non-Smoker,Normoglycemic,Stage 1 HTN,Borderline High,30.2,Obese
60-79,Male,Current Smoker,Normoglycemic,Stage 2 HTN,High,21.4,Non-Obese
60-79,Male,Non-Smoker,Normoglycemic,Stage 1 HTN,Desirable,29.0,Non-Obese
20-39,Female,Current Smoker,Normoglycemic,Elevated,Very High,25.8,Non-Obese
40-59,Female,Non-Smoker,Normoglycemic,Elevated,Borderline High,23.9,Non-Obese
20-39,Female,Non-Smoker,Normoglycemic,Normal,Borderline High,25.9,Non-Obese
40-59,Male,Non-Smoker,Normoglycemic,Elevated,High,29.4,Non-Obese
20-39,Male,Non-Smoker,Normoglycemic,Normal,Desirable,22.7,Non-Obese
80+,Male,Current Smoker,Normoglycemic,Stage 1 HTN,Borderline High,24.1,Non-Obese
40-59,Female,Non-Smoker,Normoglycemic,Elevated,High,32.4,Obese
80+,Female,Current Smoker,Normoglycemic,Stage 1 HTN,Borderline High,23.1,Non-Obese
60-79,Female,Non-Smoker,Diabetic,Stage 1 HTN,Desirable,34.5,Obese
20-39,Female,Non-Smoker,Normoglycemic,Elevated,Borderline High,28.9,Non-Obese
40-59,Female,Non-Smoker,Normoglycemic,Normal,Desirable,24.4,Non-Obese
20-39,Male,Non-Smoker,Normoglycemic,Elevated,Very High,28.4,Non-Obese
60-79,Male,Current Smoker,Normoglycemic,Elevated,Very High,22.2,Non-Obese
60-79,Female,Non-Smoker,Diabetic,Stage 1 HTN,Borderline High,32.3,Obese
40-59,Female,Non-Smoker,Normoglycemic,Normal,Borderline High,23.1,Non-Obese
80+,Female,Non-Smoker,Normoglycemic,Normal,Desirable,24.0,Non-Obese
20-39,Male,Non-Smoker,Diabetic,Stage 2 HTN,High,33.6,Obese
60-79,Male,Current Smoker,Normoglycemic,Stage 2 HTN,Very High,37.1,Obese
20-39,Male,Non-Smoker,Normoglycemic,Normal,Borderline High,29.9,Non-Obese
20-39,Female,Non-Smoker,Normoglycemic,Normal,Desirable,22.3,Non-Obese
80+,Male,Non-Smoker,Normoglycemic,Elevated,Desirable,24.8,Non-Obese
20-39,Female,Non-Smoker,Normoglycemic,Normal,Desirable,25.4,Non-Obese
60-79,Female,Non-Smoker,Normoglycemic,Elevated,Desirable,24.6,Non-Obese
40-59,Female,Current Smoker,Diabetic,Normal,High,23.7,Non-Obese
60-79,Female,Non-Smoker,Normoglycemic,Normal,Borderline High,28.1,Non-Obese
20-39,Female,Non-Smoker,Normoglycemic,Stage 2 HTN,High,31.1,Obese
20-39,Male,Non-Smoker,Normoglycemic,Elevated,Borderline High,31.7,Obese
20-39,Female,Non-Smoker,Normoglycemic,Elevated,Borderline High,21.9,Non-Obese
60-79,Female,Non-Smoker,Normoglycemic,Normal,Desirable,26.1,Non-Obese
60-79,Male,Non-Smoker,Diabetic,Elevated,Desirable,29.9,Non-Obese
40-59,Female,Non-Smoker,Normoglycemic,Normal,Very High,23.4,Non-Obese
40-59,Male,Non-Smoker,Normoglycemic,Normal,High,20.2,Non-Obese
40-59,Female,Non-Smoker,Normoglycemic,Normal,Desirable,30.1,Obese
60-79,Female,Non-Smoker,Normoglycemic,Normal,High,27.4,Non-Obese
20-39,Female,Non-Smoker,Normoglycemic,Elevated,Borderline High,23.9,Non-Obese
40-59,Female,Non-Smoker,Diabetic,Stage 1 HTN,Desirable,28.6,Non-Obese
20-39,Male,Non-Smoker,Normoglycemic,Normal,Very High,28.6,Non-Obese
20-39,Female,Non-Smoker,Normoglycemic,Normal,Borderline High,35.1,Obese
80+,Male,Current Smoker,Normoglycemic,Stage 1 HTN,Borderline High,21.1,Non-Obese
60-79,Male,Non-Smoker,Normoglycemic,Normal,Borderline High,23.9,Non-Obese
60-79,Male,Non-Smoker,Normoglycemic,Normal,High,26.4,Non-Obese
60-79,Male,Non-Smoker,Diabetic,Stage 2 HTN,High,35.5,Obese
20-39,Female,Non-Smoker,Normoglycemic,Stage 2 HTN,Borderline High,22.2,Non-Obese
20-39,Female,Non-Smoker,Normoglycemic,Elevated,Desirable,26.4,Non-Obese
40-59,Female,Non-Smoker,Diabetic,Stage 2 HTN,Desirable,36.3,Obese
40-59,Female,Non-Smoker,Normoglycemic,Normal,High,24.7,Non-Obese
40-59,Male,Non-Smoker,Normoglycemic,Normal,Desirable,16.8,Non-Obese
60-79,Female,Non-Smoker,Normoglycemic,Normal,High,24.0,Non-Obese
60-79,Male,Non-Smoker,Normoglycemic,Normal,Very High,30.6,Obese
60-79,Female,Non-Smoker,Diabetic,Stage 1 HTN,Borderline High,28.7,Non-Obese
40-59,Female,Current Smoker,Normoglycemic,Normal,High,32.4,Obese
80+,Female,Non-Smoker,Normoglycemic,Normal,Desirable,21.7,Non-Obese
40-59,Female,Non-Smoker,Normoglycemic,Normal,Desirable,30.4,Obese
60-79,Male,Non-Smoker,Normoglycemic,Elevated,Desirable,33.3,Obese
80+,Male,Non-Smoker,Normoglycemic,Normal,Borderline High,23.2,Non-Obese
20-39,Female,Non-Smoker,Normoglycemic,Normal,Borderline High,25.8,Non-Obese
60-79,Male,Non-Smoker,Normoglycemic,Stage 2 HTN,Very High,23.7,Non-Obese
60-79,Male,Current Smoker,Normoglycemic,Stage 1 HTN,Very High,31.1,Obese
20-39,Female,Non-Smoker,Normoglycemic,Elevated,Borderline High,27.6,Non-Obese
40-59,Female,Non-Smoker,Normoglycemic,Normal,Desirable,23.0,Non-Obese
20-39,Female,Non-Smoker,Normoglycemic,Stage 1 HTN,Desirable,29.7,Non-Obese
20-39,Male,Non-Smoker,Normoglycemic,Stage 1 HTN,High,26.9,Non-Obese
40-59,Female,Non-Smoker,Normoglycemic,Normal,Borderline High,37.9,Obese
40-59,Female,Non-Smoker,Normoglycemic,Normal,Borderline High,28.2,Non-Obese
20-39,Male,Non-Smoker,Normoglycemic,Normal,Borderline High,23.8,Non-Obese
40-59,Male,Non-Smoker,Normoglycemic,Normal,High,30.1,Obese
60-79,Female,Non-Smoker,Normoglycemic,Elevated,High,32.0,Obese
60-79,Male,Non-Smoker,Normoglycemic,Stage 1 HTN,Desirable,30.9,Obese
60-79,Female,Non-Smoker,Diabetic,Stage 1 HTN,Borderline High,33.1,Obese
40-59,Male,Current Smoker,Normoglycemic,Elevated,High,28.8,Non-Obese
60-79,Male,Non-Smoker,Normoglycemic,Stage 1 HTN,High,25.0,Non-Obese
60-79,Female,Non-Smoker,Diabetic,Stage 1 HTN,Borderline High,40.7,Obese
80+,Female,Non-Smoker,Normoglycemic,Stage 1 HTN,Borderline High,25.0,Non-Obese
60-79,Male,Current Smoker,Normoglycemic,Stage 1 HTN,High,27.0,Non-Obese
60-79,Male,Non-Smoker,Normoglycemic,Stage 1 HTN,Borderline High,32.8,Obese
40-59,Female,Non-Smoker,Diabetic,Stage 2 HTN,Borderline High,31.2,Obese
20-39,Female,Non-Smoker,Normoglycemic,Stage 1 HTN,Very High,27.0,Non-Obese
20-39,Male,Non-Smoker,Normoglycemic,Stage 2 HTN,Borderline High,23.9,Non-Obese
20-39,Female,Non-Smoker,Normoglycemic,Elevated,Borderline High,26.2,Non-Obese
40-59,Female,Non-Smoker,Normoglycemic,Normal,Desirable,21.8,Non-Obese
60-79,Male,Non-Smoker,Normoglycemic,Elevated,Very High,28.0,Non-Obese
40-59,Female,Non-Smoker,Normoglycemic,Normal,Desirable,27.6,Non-Obese
20-39,Female,Non-Smoker,Normoglycemic,Stage 1 HTN,Borderline High,27.3,Non-Obese
80+,Female,Non-Smoker,Normoglycemic,Elevated,Borderline High,29.1,Non-Obese
40-59,Male,Current Smoker,Normoglycemic,Stage 1 HTN,Borderline High,29.6,Non-Obese
40-59,Male,Non-Smoker,Normoglycemic,Elevated,Borderline High,29.7,Non-Obese
60-79,Male,Current Smoker,Normoglycemic,Stage 2 HTN,Desirable,34.6,Obese
20-39,Female,Non-Smoker,Normoglycemic,Normal,Borderline High,24.9,Non-Obese
20-39,Female,Non-Smoker,Normoglycemic,Elevated,Desirable,29.4,Non-Obese
60-79,Male,Non-Smoker,Normoglycemic,Normal,High,25.1,Non-Obese
80+,Male,Non-Smoker,Diabetic,Stage 2 HTN,Desirable,32.7,Obese
40-59,Male,Non-Smoker,Normoglycemic,Normal,High,27.3,Non-Obese
80+,Female,Non-Smoker,Diabetic,Stage 2 HTN,Very High,29.6,Non-Obese
80+,Female,Non-Smoker,Normoglycemic,Elevated,Borderline High,26.1,Non-Obese
40-59,Female,Non-Smoker,Normoglycemic,Stage 1 HTN,Desirable,24.1,Non-Obese
40-59,Female,Non-Smoker,Normoglycemic,Normal,Desirable,27.5,Non-Obese
20-39,Male,Non-Smoker,Normoglycemic,Elevated,Borderline High,29.3,Non-Obese
60-79,Female,Non-Smoker,Normoglycemic,Normal,Desirable,31.5,Obese
40-59,Female,Non-Smoker,Normoglycemic,Elevated,High,26.7,Non-Obese
40-59,Female,Non-Smoker,Diabetic,Stage 1 HTN,Borderline High,30.5,Obese
20-39,Female,Non-Smoker,Normoglycemic,Stage 1 HTN,Desirable,26.1,Non-Obese
40-59,Male,Non-Smoker,Normoglycemic,Stage 1 HTN,Borderline High,35.8,Obese
60-79,Male,Non-Smoker,Normoglycemic,Elevated,Very High,25.7,Non-Obese
40-59,Female,Current Smoker,Normoglycemic,Normal,Borderline High,26.3,Non-Obese
40-59,Male,Non-Smoker,Normoglycemic,Stage 1 HTN,Borderline High,31.8,Obese
40-59,Female,Non-Smoker,Diabetic,Stage 2 HTN,Desirable,27.6,Non-Obese
20-39,Female,Non-Smoker,Normoglycemic,Normal,Very High,25.3,Non-Obese
40-59,Female,Non-Smoker,Diabetic,Stage 1 HTN,Very High,30.5,Obese
60-79,Male,Current Smoker,Normoglycemic,Elevated,High,25.8,Non-Obese
20-39,Male,Non-Smoker,Normoglycemic,Normal,Very High,22.1,Non-Obese
40-59,Female,Non-Smoker,Normoglycemic,Stage 1 HTN,Borderline High,27.1,Non-Obese
60-79,Female,Non-Smoker,Diabetic,Stage 2 HTN,Borderline High,35.4,Obese
60-79,Male,Non-Smoker,Normoglycemic,Normal,High,20.4,Non-Obese
60-79,Male,Non-Smoker,Diabetic,Stage 2 HTN,Desirable,29.8,Non-Obese
20-39,Female,Non-Smoker,Normoglycemic,Normal,Borderline High,15.9,Non-Obese
60-79,Female,Non-Smoker,Normoglycemic,Stage 1 HTN,Desirable,28.2,Non-Obese
20-39,Female,Non-Smoker,Normoglycemic,Normal,Borderline High,26.3,Non-Obese
80+,Female,Non-Smoker,Diabetic,Stage 2 HTN,Desirable,30.3,Obese
20-39,Male,Non-Smoker,Normoglycemic,Normal,High,25.6,Non-Obese
40-59,Male,Current Smoker,Diabetic,Stage 2 HTN,Borderline High,33.1,Obese
60-79,Female,Non-Smoker,Normoglycemic,Normal,Borderline High,26.8,Non-Obese
20-39,Female,Non-Smoker,Normoglycemic,Stage 1 HTN,Desirable,25.3,Non-Obese
60-79,Male,Non-Smoker,Normoglycemic,Elevated,Borderline High,30.6,Obese
80+,Female,Non-Smoker,Diabetic,Stage 2 HTN,High,27.4,Non-Obese
80+,Female,Non-Smoker,Normoglycemic,Normal,Borderline High,29.4,Non-Obese
20-39,Female,Non-Smoker,Normoglycemic,Elevated,Borderline High,28.2,Non-Obese
20-39,Female,Current Smoker,Normoglycemic,Normal,Desirable,21.8,Non-Obese
60-79,Male,Current Smoker,Normoglycemic,Stage 1 HTN,Very High,25.0,Non-Obese
80+,Male,Non-Smoker,Diabetic,Stage 1 HTN,Desirable,27.8,Non-Obese
80+,Male,Current Smoker,Normoglycemic,Normal,Desirable,21.5,Non-Obese
20-39,Female,Non-Smoker,Normoglycemic,Stage 1 HTN,High,29.8,Non-Obese
60-79,Female,Non-Smoker,Normoglycemic,Stage 1 HTN,Desirable,25.0,Non-Obese
60-79,Male,Non-Smoker,Normoglycemic,Normal,Desirable,22.5,Non-Obese
80+,Male,Non-Smoker,Diabetic,Stage 2 HTN,Desirable,41.0,Obese
40-59,Female,Non-Smoker,Normoglycemic,Normal,Borderline High,22.2,Non-Obese
60-79,Female,Non-Smoker,Normoglycemic,Normal,Desirable,27.2,Non-Obese
20-39,Male,Current Smoker,Normoglycemic,Elevated,High,30.3,Obese
40-59,Female,Non-Smoker,Diabetic,Stage 1 HTN,Desirable,31.8,Obese
20-39,Female,Non-Smoker,Normoglycemic,Stage 1 HTN,Borderline High,27.3,Non-Obese
40-59,Female,Non-Smoker,Normoglycemic,Normal,Desirable,30.4,Obese
60-79,Female,Current Smoker,Normoglycemic,Elevated,High,32.5,Obese
40-59,Male,Non-Smoker,Normoglycemic,Elevated,Borderline High,30.7,Obese
20-39,Female,Non-Smoker,Normoglycemic,Normal,Desirable,28.0,Non-Obese
40-59,Male,Current Smoker,Normoglycemic,Normal,Desirable,20.5,Non-Obese
80+,Female,Current Smoker,Diabetic,Stage 2 HTN,Very High,38.8,Obese
40-59,Female,Non-Smoker,Normoglycemic,Stage 1 HTN,Borderline High,33.1,Obese
60-79,Male,Current Smoker,Normoglycemic,Stage 2 HTN,Very High,27.6,Non-Obese
60-79,Female,Non-Smoker,Normoglycemic,Elevated,Desirable,26.1,Non-Obese
60-79,Male,Non-Smoker,Normoglycemic,Normal,Very High,22.7,Non-Obese
40-59,Male,Non-Smoker,Normoglycemic,Elevated,Desirable,26.7,Non-Obese
20-39,Female,Non-Smoker,Normoglycemic,Normal,Desirable,26.9,Non-Obese
60-79,Male,Non-Smoker,Normoglycemic,Normal,Desirable,20.6,Non-Obese
40-59,Female,Non-Smoker,Normoglycemic,Stage 1 HTN,Borderline High,24.2,Non-Obese
40-59,Female,Non-Smoker,Normoglycemic,Normal,Desirable,26.7,Non-Obese
20-39,Female,Non-Smoker,Normoglycemic,Normal,Borderline High,25.0,Non-Obese
40-59,Male,Non-Smoker,Normoglycemic,Normal,High,27.3,Non-Obese
20-39,Male,Non-Smoker,Normoglycemic,Normal,Borderline High,25.5,Non-Obese
80+,Male,Non-Smoker,Diabetic,Stage 2 HTN,High,25.3,Non-Obese
80+,Male,Current Smoker,Normoglycemic,Elevated,Desirable,26.7,Non-Obese
60-79,Female,Non-Smoker,Normoglycemic,Normal,High,22.6,Non-Obese
40-59,Male,Non-Smoker,Normoglycemic,Normal,Borderline High,27.3,Non-Obese
60-79,Male,Non-Smoker,Normoglycemic,Normal,Desirable,23.9,Non-Obese
40-59,Female,Non-Smoker,Normoglycemic,Stage 1 HTN,Borderline High,32.8,Obese
40-59,Female,Current Smoker,Normoglycemic,Normal,Desirable,22.6,Non-Obese
40-59,Male,Current Smoker,Normoglycemic,Elevated,Desirable,24.6,Non-Obese
40-59,Female,Non-Smoker,Normoglycemic,Stage 1 HTN,Borderline High,39.9,Obese
60-79,Male,Non-Smoker,Normoglycemic,Normal,Desirable,24.2,Non-Obese
80+,Male,Current Smoker,Normoglycemic,Stage 1 HTN,High,25.4,Non-Obese
60-79,Female,Non-Smoker,Normoglycemic,Normal,Desirable,23.9,Non-Obese
60-79,Male,Non-Smoker,Normoglycemic,Normal,Borderline High,25.6,Non-Obese
60-79,Female,Non-Smoker,Normoglycemic,Elevated,High,30.2,Obese
40-59,Male,Non-Smoker,Normoglycemic,Stage 2 HTN,Desirable,24.3,Non-Obese
80+,Female,Non-Smoker,Diabetic,Elevated,Desirable,24.4,Non-Obese
60-79,Female,Non-Smoker,Normoglycemic,Normal,Desirable,24.0,Non-Obese
40-59,Male,Non-Smoker,Normoglycemic,Elevated,High,30.4,Obese
20-39,Male,Non-Smoker,Normoglycemic,Stage 1 HTN,Borderline High,22.2,Non-Obese
60-79,Female,Non-Smoker,Normoglycemic,Normal,Desirable,24.1,Non-Obese
40-59,Male,Current Smoker,Normoglycemic,Stage 1 HTN,Very High,26.2,Non-Obese
40-59,Female,Non-Smoker,Normoglycemic,Normal,Very High,32.9,Obese
20-39,Male,Non-Smoker,Normoglycemic,Normal,High,16.5,Non-Obese
20-39,Female,Current Smoker,Normoglycemic,Normal,Borderline High,22.8,Non-Obese
40-59,Female,Non-Smoker,Normoglycemic,Normal,Very High,28.3,Non-Obese
80+,Male,Non-Smoker,Diabetic,Stage 2 HTN,Borderline High,35.9,Obese
60-79,Female,Non-Smoker,Normoglycemic,Elevated,Borderline High,32.8,Obese
40-59,Male,Non-Smoker,Normoglycemic,Elevated,High,29.2,Non-Obese
40-59,Female,Non-Smoker,Diabetic,Stage 2 HTN,High,34.0,Obese
80+,Male,Non-Smoker,Normoglycemic,Normal,Borderline High,29.5,Non-Obese
40-59,Male,Non-Smoker,Normoglycemic,Normal,Borderline High,24.0,Non-Obese
60-79,Female,Non-Smoker,Normoglycemic,Normal,Very High,29.5,Non-Obese
40-59,Female,Current Smoker,Diabetic,Stage 2 HTN,Borderline High,29.6,Non-Obese
40-59,Female,Non-Smoker,Normoglycemic,Elevated,High,28.5,Non-Obese
60-79,Male,Non-Smoker,Normoglycemic,Normal,Borderline High,23.9,Non-Obese
60-79,Male,Current Smoker,Normoglycemic,Stage 2 HTN,High,24.4,Non-Obese
20-39,Female,Non-Smoker,Normoglycemic,Normal,Desirable,20.2,Non-Obese
60-79,Male,Non-Smoker,Normoglycemic,Normal,Desirable,23.6,Non-Obese
60-79,Male,Non-Smoker,Normoglycemic,Normal,Desirable,33.4,Obese
80+,Male,Current Smoker,Normoglycemic,Normal,Desirable,19.7,Non-Obese
20-39,Male,Non-Smoker,Normoglycemic,Normal,Borderline High,26.8,Non-Obese
20-39,Female,Non-Smoker,Normoglycemic,Stage 1 HTN,Desirable,27.1,Non-Obese
60-79,Female,Non-Smoker,Normoglycemic,Stage 2 HTN,Desirable,24.5,Non-Obese
20-39,Male,Non-Smoker,Normoglycemic,Elevated,Desirable,20.2,Non-Obese
60-79,Male,Non-Smoker,Normoglycemic,Normal,Desirable,20.9,Non-Obese
20-39,Female,Non-Smoker,Normoglycemic,Normal,Desirable,24.8,Non-Obese
40-59,Female,Non-Smoker,Diabetic,Stage 2 HTN,Desirable,34.1,Obese
40-59,Male,Current Smoker,Normoglycemic,Elevated,High,22.7,Non-Obese
40-59,Female,Non-Smoker,Normoglycemic,Normal,High,28.3,Non-Obese
20-39,Male,Non-Smoker,Normoglycemic,Stage 1 HTN,Desirable,26.3,Non-Obese
40-59,Female,Non-Smoker,Normoglycemic,Normal,High,28.2,Non-Obese
80+,Female,Non-Smoker,Normoglycemic,Normal,Borderline High,21.8,Non-Obese
80+,Female,Non-Smoker,Diabetic,Stage 1 HTN,Desirable,28.1,Non-Obese
40-59,Female,Non-Smoker,Normoglycemic,Normal,High,25.8,Non-Obese
60-79,Female,Non-Smoker,Diabetic,Stage 2 HTN,High,31.8,Obese
80+,Male,Non-Smoker,Normoglycemic,Stage 2 HTN,Desirable,24.1,Non-Obese
40-59,Male,Current Smoker,Normoglycemic,Elevated,High,25.6,Non-Obese
40-59,Male,Current Smoker,Normoglycemic,Elevated,Very High,29.9,Non-Obese
20-39,Female,Current Smoker,Normoglycemic,Stage 1 HTN,High,29.1,Non-Obese
60-79,Male,Non-Smoker,Diabetic,Stage 2 HTN,Desirable,36.8,Obese
40-59,Female,Current Smoker,Normoglycemic,Normal,Desirable,25.1,Non-Obese
60-79,Female,Non-Smoker,Normoglycemic,Elevated,Desirable,26.3,Non-Obese
80+,Male,Non-Smoker,Normoglycemic,Normal,Borderline High,28.4,Non-Obese
20-39,Female,Non-Smoker,Normoglycemic,Elevated,Borderline High,29.3,Non-Obese
40-59,Female,Non-Smoker,Normoglycemic,Normal,High,32.9,Obese
60-79,Male,Current Smoker,Normoglycemic,Stage 1 HTN,Borderline High,20.0,Non-Obese
40-59,Male,Current Smoker,Normoglycemic,Stage 2 HTN,Borderline High,26.7,Non-Obese
20-39,Male,Current Smoker,Normoglycemic,Elevated,High,19.8,Non-Obese
80+,Female,Current Smoker,Normoglycemic,Stage 1 HTN,Borderline High,24.2,Non-Obese
40-59,Female,Non-Smoker,Normoglycemic,Stage 1 HTN,Desirable,32.3,Obese
80+,Female,Non-Smoker,Normoglycemic,Normal,Desirable,25.5,Non-Obese
60-79,Male,Non-Smoker,Normoglycemic,Normal,High,27.5,Non-Obese
60-79,Male,Non-Smoker,Normoglycemic,Elevated,Borderline High,28.1,Non-Obese
60-79,Female,Non-Smoker,Diabetic,Stage 2 HTN,Desirable,29.0,Non-Obese
80+,Male,Non-Smoker,Diabetic,Elevated,High,31.3,Obese
40-59,Female,Non-Smoker,Normoglycemic,Stage 2 HTN,Desirable,34.9,Obese
40-59,Female,Non-Smoker,Normoglycemic,Normal,Very High,25.3,Non-Obese
40-59,Female,Non-Smoker,Normoglycemic,Normal,Desirable,26.1,Non-Obese
60-79,Female,Non-Smoker,Normoglycemic,Normal,Very High,27.0,Non-Obese
20-39,Male,Non-Smoker,Normoglycemic,Elevated,Desirable,24.6,Non-Obese
40-59,Female,Current Smoker,Normoglycemic,Stage 1 HTN,Very High,30.6,Obese
20-39,Male,Current Smoker,Normoglycemic,Normal,Very High,25.0,Non-Obese
40-59,Female,Non-Smoker,Normoglycemic,Normal,Desirable,26.3,Non-Obese
80+,Male,Non-Smoker,Diabetic,Stage 1 HTN,Borderline High,30.5,Obese
40-59,Male,Non-Smoker,Normoglycemic,Normal,High,25.3,Non-Obese
20-39,Female,Non-Smoker,Normoglycemic,Normal,Borderline High,25.3,Non-Obese
20-39,Female,Non-Smoker,Normoglycemic,Stage 2 HTN,High,27.5,Non-Obese
20-39,Female,Non-Smoker,Diabetic,Stage 1 HTN,Borderline High,35.4,Obese
20-39,Male,Non-Smoker,Normoglycemic,Normal,Desirable,20.2,Non-Obese
60-79,Male,Non-Smoker,Normoglycemic,Normal,High,30.2,Obese
60-79,Female,Non-Smoker,Normoglycemic,Normal,Desirable,27.4,Non-Obese
40-59,Male,Non-Smoker,Normoglycemic,Elevated,Desirable,19.8,Non-Obese
20-39,Female,Current Smoker,Normoglycemic,Stage 2 HTN,Desirable,27.8,Non-Obese
80+,Female,Non-Smoker,Diabetic,Stage 2 HTN,Desirable,30.3,Obese
20-39,Male,Non-Smoker,Normoglycemic,Elevated,High,25.2,Non-Obese
20-39,Female,Non-Smoker,Normoglycemic,Normal,Desirable,20.2,Non-Obese
40-59,Male,Non-Smoker,Normoglycemic,Normal,Desirable,20.2,Non-Obese
40-59,Female,Non-Smoker,Normoglycemic,Normal,Borderline High,27.3,Non-Obese
40-59,Female,Current Smoker,Normoglycemic,Elevated,Borderline High,24.3,Non-Obese
20-39,Male,Current Smoker,Normoglycemic,Elevated,Desirable,25.4,Non-Obese
40-59,Male,Non-Smoker,Normoglycemic,Stage 1 HTN,Desirable,28.5,Non-Obese
40-59,Male,Non-Smoker,Diabetic,Stage 1 HTN,Desirable,32.7,Obese
60-79,Male,Non-Smoker,Normoglycemic,Normal,Borderline High,25.8,Non-Obese
60-79,Female,Non-Smoker,Normoglycemic,Normal,Borderline High,26.7,Non-Obese
40-59,Male,Non-Smoker,Normoglycemic,Normal,High,25.1,Non-Obese
20-39,Male,Non-Smoker,Normoglycemic,Stage 2 HTN,Desirable,27.2,Non-Obese
20-39,Female,Non-Smoker,Normoglycemic,Stage 1 HTN,High,23.3,Non-Obese
60-79,Female,Non-Smoker,Normoglycemic,Normal,Desirable,25.7,Non-Obese
60-79,Female,Non-Smoker,Normoglycemic,Normal,Desirable,26.6,Non-Obese
40-59,Male,Non-Smoker,Normoglycemic,Normal,Very High,30.7,Obese
20-39,Female,Current Smoker,Normoglycemic,Stage 1 HTN,Borderline High,24.7,Non-Obese
60-79,Male,Non-Smoker,Normoglycemic,Stage 1 HTN,Borderline High,27.4,Non-Obese
80+,Female,Non-Smoker,Normoglycemic,Normal,Desirable,26.0,Non-Obese
60-79,Male,Current Smoker,Normoglycemic,Stage 1 HTN,Desirable,22.3,Non-Obese
40-59,Male,Non-Smoker,Normoglycemic,Normal,Desirable,24.6,Non-Obese
60-79,Male,Current Smoker,Normoglycemic,Elevated,High,24.3,Non-Obese
40-59,Female,Non-Smoker,Normoglycemic,Normal,Borderline High,26.4,Non-Obese
20-39,Female,Current Smoker,Normoglycemic,Stage 1 HTN,High,28.8,Non-Obese
40-59,Male,Non-Smoker,Normoglycemic,Stage 1 HTN,High,34.6,Obese
40-59,Male,Non-Smoker,Diabetic,Stage 2 HTN,Desirable,34.7,Obese
20-39,Male,Non-Smoker,Normoglycemic,Stage 1 HTN,Borderline High,31.3,Obese
20-39,Female,Non-Smoker,Normoglycemic,Elevated,Very High,27.0,Non-Obese
20-39,Female,Current Smoker,Normoglycemic,Stage 2 HTN,Borderline High,30.5,Obese
80+,Male,Non-Smoker,Normoglycemic,Normal,High,25.4,Non-Obese
40-59,Male,Non-Smoker,Normoglycemic,Stage 1 HTN,Borderline High,24.3,Non-Obese
40-59,Female,Non-Smoker,Normoglycemic,Normal,High,24.3,Non-Obese
60-79,Female,Non-Smoker,Normoglycemic,Elevated,Borderline High,31.4,Obese
40-59,Female,Current Smoker,Normoglycemic,Stage 2 HTN,Desirable,25.3,Non-Obese
80+,Male,Current Smoker,Normoglycemic,Stage 2 HTN,Desirable,25.9,Non-Obese
20-39,Male,Non-Smoker,Normoglycemic,Stage 2 HTN,Desirable,34.0,Obese
60-79,Male,Non-Smoker,Diabetic,Elevated,High,31.7,Obese
60-79,Male,Non-Smoker,Diabetic,Stage 1 HTN,Desirable,25.5,Non-Obese
20-39,Male,Non-Smoker,Normoglycemic,Stage 1 HTN,High,30.2,Obese
20-39,Female,Non-Smoker,Normoglycemic,Elevated,Desirable,30.3,Obese
40-59,Female,Non-Smoker,Normoglycemic,Elevated,High,39.5,Obese
40-59,Male,Non-Smoker,Normoglycemic,Stage 1 HTN,Borderline High,31.8,Obese
60-79,Female,Non-Smoker,Normoglycemic,Elevated,High,31.2,Obese
60-79,Male,Non-Smoker,Normoglycemic,Stage 1 HTN,Desirable,30.7,Obese
20-39,Female,Non-Smoker,Normoglycemic,Normal,Borderline High,22.4,Non-Obese
60-79,Male,Non-Smoker,Normoglycemic,Normal,Desirable,26.6,Non-Obese
80+,Female,Non-Smoker,Normoglycemic,Stage 1 HTN,High,31.6,Obese
60-79,Male,Non-Smoker,Normoglycemic,Elevated,High,28.2,Non-Obese
80+,Male,Non-Smoker,Diabetic,Stage 2 HTN,Desirable,30.8,Obese
60-79,Female,Non-Smoker,Normoglycemic,Normal,Desirable,32.0,Obese
20-39,Male,Current Smoker,Normoglycemic,Normal,Borderline High,23.1,Non-Obese
20-39,Female,Current Smoker,Normoglycemic,Stage 2 HTN,Desirable,32.5,Obese
20-39,Female,Non-Smoker,Normoglycemic,Normal,Borderline High,24.5,Non-Obese
20-39,Female,Current Smoker,Normoglycemic,Normal,High,26.0,Non-Obese
20-39,Male,Non-Smoker,Normoglycemic,Normal,High,28.0,Non-Obese
60-79,Female,Non-Smoker,Normoglycemic,Normal,High,25.6,Non-Obese
20-39,Female,Current Smoker,Normoglycemic,Elevated,Borderline High,28.5,Non-Obese
20-39,Male,Non-Smoker,Normoglycemic,Stage 1 HTN,High,28.4,Non-Obese
60-79,Male,Current Smoker,Normoglycemic,Stage 2 HTN,Desirable,26.6,Non-Obese
40-59,Male,Non-Smoker,Normoglycemic,Normal,High,26.3,Non-Obese
80+,Male,Non-Smoker,Normoglycemic,Normal,Desirable,17.4,Non-Obese
40-59,Female,Non-Smoker,Normoglycemic,Stage 1 HTN,High,30.3,Obese
40-59,Male,Non-Smoker,Normoglycemic,Normal,Desirable,29.3,Non-Obese
40-59,Female,Non-Smoker,Normoglycemic,Normal,Very High,28.0,Non-Obese
40-59,Female,Non-Smoker,Normoglycemic,Elevated,Desirable,26.4,Non-Obese
60-79,Female,Non-Smoker,Normoglycemic,Stage 1 HTN,Desirable,29.3,Non-Obese
60-79,Male,Non-Smoker,Normoglycemic,Elevated,Borderline High,20.4,Non-Obese
60-79,Female,Non-Smoker,Normoglycemic,Elevated,Desirable,28.5,Non-Obese
60-79,Female,Non-Smoker,Normoglycemic,Normal,High,27.1,Non-Obese
40-59,Male,Non-Smoker,Normoglycemic,Stage 2 HTN,Borderline High,30.4,Obese
20-39,Male,Non-Smoker,Normoglycemic,Normal,High,27.0,Non-Obese
40-59,Male,Non-Smoker,Normoglycemic,Normal,Borderline High,27.9,Non-Obese
20-39,Female,Non-Smoker,Normoglycemic,Stage 2 HTN,High,25.4,Non-Obese
20-39,Male,Non-Smoker,Normoglycemic,Normal,High,26.4,Non-Obese
40-59,Male,Current Smoker,Normoglycemic,Elevated,Very High,31.9,Obese
80+,Male,Non-Smoker,Normoglycemic,Normal,Desirable,20.4,Non-Obese
60-79,Male,Current Smoker,Diabetic,Elevated,High,31.2,Obese
60-79,Male,Current Smoker,Normoglycemic,Normal,High,20.9,Non-Obese
40-59,Female,Non-Smoker,Normoglycemic,Normal,Desirable,21.7,Non-Obese
60-79,Female,Current Smoker,Diabetic,Stage 1 HTN,Very High,27.8,Non-Obese
60-79,Female,Non-Smoker,Normoglycemic,Normal,Borderline High,24.3,Non-Obese
40-59,Male,Current Smoker,Normoglycemic,Stage 2 HTN,High,36.0,Obese
40-59,Female,Non-Smoker,Diabetic,Elevated,Borderline High,29.7,Non-Obese
20-39,Female,Non-Smoker,Normoglycemic,Normal,Desirable,20.2,Non-Obese
60-79,Male,Current Smoker,Diabetic,Stage 2 HTN,High,38.8,Obese
20-39,Male,Non-Smoker,Normoglycemic,Normal,High,32.2,Obese
20-39,Female,Non-Smoker,Normoglycemic,Normal,Borderline High,22.9,Non-Obese
20-39,Female,Non-Smoker,Normoglycemic,Normal,Very High,30.1,Obese
60-79,Male,Current Smoker,Normoglycemic,Stage 1 HTN,High,28.6,Non-Obese
80+,Female,Non-Smoker,Normoglycemic,Stage 1 HTN,Borderline High,29.4,Non-Obese
80+,Female,Non-Smoker,Normoglycemic,Normal,High,25.2,Non-Obese
40-59,Male,Non-Smoker,Diabetic,Elevated,High,21.5,Non-Obese
20-39,Female,Non-Smoker,Normoglycemic,Normal,Desirable,27.7,Non-Obese
20-39,Male,Non-Smoker,Normoglycemic,Elevated,Borderline High,33.1,Obese
60-79,Female,Non-Smoker,Normoglycemic,Normal,Desirable,22.5,Non-Obese
20-39,Male,Current Smoker,Normoglycemic,Elevated,Very High,24.8,Non-Obese
80+,Male,Current Smoker,Normoglycemic,Stage 2 HTN,Borderline High,31.1,Obese
40-59,Female,Non-Smoker,Normoglycemic,Normal,High,24.8,Non-Obese
80+,Female,Non-Smoker,Normoglycemic,Normal,Borderline High,20.4,Non-Obese
20-39,Female,Non-Smoker,Normoglycemic,Stage 1 HTN,Desirable,32.4,Obese
60-79,Male,Non-Smoker,Diabetic,Stage 2 HTN,Borderline High,28.7,Non-Obese
40-59,Male,Current Smoker,Normoglycemic,Elevated,High,26.0,Non-Obese
40-59,Female,Non-Smoker,Normoglycemic,Normal,Borderline High,32.3,Obese
60-79,Male,Non-Smoker,Normoglycemic,Normal,Borderline High,27.4,Non-Obese
40-59,Female,Non-Smoker,Normoglycemic,Elevated,Borderline High,36.4,Obese
80+,Male,Non-Smoker,Normoglycemic,Elevated,Desirable,28.3,Non-Obese
60-79,Male,Non-Smoker,Diabetic,Stage 1 HTN,High,35.2,Obese
40-59,Male,Non-Smoker,Normoglycemic,Normal,Desirable,25.5,Non-Obese
80+,Male,Non-Smoker,Normoglycemic,Normal,Borderline High,29.4,Non-Obese
40-59,Male,Current Smoker,Diabetic,Stage 2 HTN,High,35.1,Obese
20-39,Male,Non-Smoker,Normoglycemic,Stage 2 HTN,Desirable,35.2,Obese
40-59,Male,Non-Smoker,Normoglycemic,Elevated,High,21.6,Non-Obese
20-39,Male,Current Smoker,Normoglycemic,Stage 1 HTN,Very High,28.0,Non-Obese
40-59,Female,Non-Smoker,Normoglycemic,Elevated,Borderline High,25.0,Non-Obese
60-79,Female,Non-Smoker,Diabetic,Stage 2 HTN,High,33.5,Obese
20-39,Male,Non-Smoker,Normoglycemic,Stage 1 HTN,Desirable,21.8,Non-Obese
80+,Female,Non-Smoker,Diabetic,Stage 1 HTN,Desirable,33.4,Obese
60-79,Female,Non-Smoker,Normoglycemic,Normal,Desirable,28.9,Non-Obese
80+,Male,Non-Smoker,Normoglycemic,Elevated,Desirable,22.6,Non-Obese
40-59,Male,Current Smoker,Normoglycemic,Normal,Desirable,20.0,Non-Obese
60-79,Male,Non-Smoker,Diabetic,Stage 2 HTN,High,30.8,Obese
40-59,Male,Non-Smoker,Normoglycemic,Stage 2 HTN,Borderline High,30.8,Obese
20-39,Male,Current Smoker,Normoglycemic,Stage 1 HTN,High,26.6,Non-Obese
20-39,Female,Non-Smoker,Normoglycemic,Normal,Desirable,20.9,Non-Obese
80+,Male,Non-Smoker,Normoglycemic,Normal,High,25.8,Non-Obese
20-39,Female,Non-Smoker,Normoglycemic,Normal,Borderline High,23.7,Non-Obese
20-39,Male,Current Smoker,Normoglycemic,Elevated,Desirable,22.7,Non-Obese
40-59,Female,Current Smoker,Normoglycemic,Normal,Desirable,28.4,Non-Obese
40-59,Female,Non-Smoker,Normoglycemic,Normal,Desirable,21.8,Non-Obese
20-39,Female,Non-Smoker,Normoglycemic,Stage 1 HTN,Desirable,27.6,Non-Obese
20-39,Male,Current Smoker,Diabetic,Stage 2 HTN,High,31.4,Obese
40-59,Male,Current Smoker,Normoglycemic,Stage 1 HTN,Borderline High,32.6,Obese
40-59,Female,Non-Smoker,Normoglycemic,Normal,High,24.8,Non-Obese
60-79,Male,Current Smoker,Normoglycemic,Stage 2 HTN,Desirable,24.8,Non-Obese
60-79,Male,Current Smoker,Normoglycemic,Elevated,High,29.4,Non-Obese
60-79,Female,Non-Smoker,Diabetic,Stage 2 HTN,Borderline High,37.0,Obese
80+,Male,Non-Smoker,Diabetic,Stage 2 HTN,High,37.7,Obese
20-39,Male,Non-Smoker,Normoglycemic,Elevated,Desirable,22.2,Non-Obese
40-59,Male,Current Smoker,Normoglycemic,Stage 2 HTN,High,23.7,Non-Obese
80+,Male,Non-Smoker,Normoglycemic,Elevated,Very High,27.0,Non-Obese
80+,Female,Non-Smoker,Normoglycemic,Elevated,High,31.3,Obese
20-39,Male,Non-Smoker,Normoglycemic,Normal,Borderline High,27.2,Non-Obese
20-39,Female,Non-Smoker,Normoglycemic,Normal,Borderline High,30.2,Obese
60-79,Female,Non-Smoker,Normoglycemic,Elevated,Borderline High,26.0,Non-Obese
20-39,Female,Non-Smoker,Normoglycemic,Normal,Borderline High,29.8,Non-Obese
60-79,Female,Non-Smoker,Normoglycemic,Normal,High,29.6,Non-Obese
20-39,Male,Current Smoker,Normoglycemic,Elevated,Desirable,25.7,Non-Obese
60-79,Female,Non-Smoker,Normoglycemic,Normal,Borderline High,31.0,Obese
60-79,Male,Non-Smoker,Normoglycemic,Normal,Very High,26.9,Non-Obese
80+,Female,Non-Smoker,Normoglycemic,Stage 1 HTN,Very High,33.0,Obese
40-59,Female,Non-Smoker,Normoglycemic,Normal,Borderline High,27.7,Non-Obese
20-39,Female,Non-Smoker,Normoglycemic,Normal,Borderline High,19.4,Non-Obese
20-39,Male,Non-Smoker,Normoglycemic,Elevated,Desirable,21.2,Non-Obese
20-39,Female,Non-Smoker,Diabetic,Stage 2 HTN,High,33.9,Obese
40-59,Male,Current Smoker,Normoglycemic,Stage 1 HTN,High,24.3,Non-Obese
60-79,Female,Non-Smoker,Normoglycemic,Normal,Desirable,29.2,Non-Obese
60-79,Female,Non-Smoker,Diabetic,Stage 2 HTN,Borderline High,29.0,Non-Obese
20-39,Male,Current Smoker,Normoglycemic,Stage 1 HTN,Very High,24.0,Non-Obese
80+,Female,Non-Smoker,Normoglycemic,Elevated,Borderline High,22.3,Non-Obese
60-79,Male,Non-Smoker,Normoglycemic,Stage 1 HTN,Very High,44.6,Obese
40-59,Female,Non-Smoker,Normoglycemic,Normal,Borderline High,20.0,Non-Obese
80+,Female,Non-Smoker,Normoglycemic,Stage 1 HTN,Desirable,30.5,Obese
20-39,Male,Non-Smoker,Normoglycemic,Elevated,Very High,28.7,Non-Obese
40-59,Female,Current Smoker,Normoglycemic,Stage 2 HTN,Borderline High,30.2,Obese
80+,Female,Non-Smoker,Normoglycemic,Normal,Borderline High,25.9,Non-Obese
20-39,Female,Non-Smoker,Normoglycemic,Normal,Very High,24.2,Non-Obese
40-59,Female,Non-Smoker,Normoglycemic,Normal,Desirable,34.7,Obese
60-79,Male,Non-Smoker,Normoglycemic,Normal,Borderline High,27.0,Non-Obese
40-59,Male,Non-Smoker,Normoglycemic,Normal,High,22.5,Non-Obese
40-59,Female,Non-Smoker,Normoglycemic,Elevated,Desirable,31.9,Obese
40-59,Male,Non-Smoker,Normoglycemic,Normal,Borderline High,34.9,Obese
40-59,Female,Current Smoker,Normoglycemic,Elevated,Borderline High,31.9,Obese
40-59,Male,Current Smoker,Diabetic,Stage 2 HTN,Desirable,30.6,Obese
60-79,Female,Current Smoker,Normoglycemic,Stage 2 HTN,High,25.8,Non-Obese
80+,Female,Non-Smoker,Normoglycemic,Normal,Desirable,27.5,Non-Obese
80+,Male,Non-Smoker,Normoglycemic,Stage 1 HTN,Desirable,27.9,Non-Obese
40-59,Male,Non-Smoker,Normoglycemic,Normal,High,27.4,Non-Obese
40-59,Male,Non-Smoker,Normoglycemic,Normal,Desirable,26.9,Non-Obese
80+,Male,Current Smoker,Normoglycemic,Stage 2 HTN,High,39.5,Obese
20-39,Male,Current Smoker,Normoglycemic,Elevated,Desirable,25.6,Non-Obese
60-79,Female,Non-Smoker,Diabetic,Stage 1 HTN,Borderline High,26.9,Non-Obese
60-79,Female,Current Smoker,Diabetic,Stage 1 HTN,Borderline High,33.2,Obese
40-59,Female,Non-Smoker,Diabetic,Stage 1 HTN,Borderline High,42.0,Obese
20-39,Male,Non-Smoker,Normoglycemic,Normal,Desirable,21.7,Non-Obese
80+,Female,Non-Smoker,Normoglycemic,Normal,Desirable,19.0,Non-Obese
20-39,Male,Non-Smoker,Normoglycemic,Normal,High,31.1,Obese
20-39,Male,Current Smoker,Normoglycemic,Elevated,High,23.4,Non-Obese
20-39,Female,Non-Smoker,Normoglycemic,Elevated,Very High,22.8,Non-Obese
60-79,Female,Non-Smoker,Normoglycemic,Stage 1 HTN,Borderline High,31.9,Obese
40-59,Male,Non-Smoker,Normoglycemic,Stage 1 HTN,High,28.9,Non-Obese
60-79,Male,Non-Smoker,Normoglycemic,Elevated,Desirable,20.7,Non-Obese
20-39,Female,Current Smoker,Normoglycemic,Stage 2 HTN,Desirable,29.9,Non-Obese
60-79,Male,Current Smoker,Normoglycemic,Stage 1 HTN,High,27.4,Non-Obese
80+,Male,Non-Smoker,Normoglycemic,Normal,High,27.7,Non-Obese
60-79,Male,Non-Smoker,Diabetic,Elevated,High,30.6,Obese
40-59,Female,Non-Smoker,Normoglycemic,Elevated,Borderline High,23.2,Non-Obese
40-59,Female,Non-Smoker,Normoglycemic,Elevated,Very High,28.4,Non-Obese
40-59,Female,Current Smoker,Diabetic,Stage 2 HTN,Very High,35.7,Obese
80+,Female,Non-Smoker,Normoglycemic,Stage 1 HTN,Desirable,27.5,Non-Obese
20-39,Female,Current Smoker,Normoglycemic,Elevated,Borderline High,23.7,Non-Obese
40-59,Female,Non-Smoker,Normoglycemic,Normal,High,28.1,Non-Obese
40-59,Female,Non-Smoker,Normoglycemic,Normal,Borderline High,21.1,Non-Obese
60-79,Female,Non-Smoker,Normoglycemic,Normal,Borderline High,24.8,Non-Obese
40-59,Female,Non-Smoker,Normoglycemic,Normal,Borderline High,31.9,Obese
20-39,Female,Non-Smoker,Normoglycemic,Normal,Borderline High,28.8,Non-Obese
40-59,Male,Non-Smoker,Normoglycemic,Normal,Very High,24.5,Non-Obese
60-79,Female,Current Smoker,Diabetic,Stage 1 HTN,Borderline High,35.7,Obese
80+,Female,Non-Smoker,Diabetic,Stage 2 HTN,Desirable,29.4,Non-Obese
80+,Female,Current Smoker,Normoglycemic,Stage 1 HTN,High,29.3,Non-Obese
40-59,Female,Current Smoker,Diabetic,Stage 2 HTN,Desirable,26.9,Non-Obese
40-59,Male,Current Smoker,Normoglycemic,Stage 1 HTN,High,34.6,Obese
20-39,Male,Current Smoker,Normoglycemic,Elevated,High,26.5,Non-Obese
60-79,Male,Non-Smoker,Normoglycemic,Elevated,High,23.7,Non-Obese
80+,Female,Current Smoker,Normoglycemic,Normal,High,20.9,Non-Obese
60-79,Male,Current Smoker,Normoglycemic,Stage 2 HTN,Desirable,27.7,Non-Obese
20-39,Female,Non-Smoker,Normoglycemic,Normal,Borderline High,23.0,Non-Obese
40-59,Female,Non-Smoker,Normoglycemic,Normal,Desirable,22.9,Non-Obese
60-79,Female,Non-Smoker,Normoglycemic,Elevated,Desirable,30.1,Obese
40-59,Male,Non-Smoker,Normoglycemic,Stage 2 HTN,Borderline High,33.7,Obese
60-79,Male,Non-Smoker,Normoglycemic,Normal,High,26.1,Non-Obese
20-39,Male,Non-Smoker,Normoglycemic,Stage 2 HTN,Desirable,24.2,Non-Obese
80+,Female,Non-Smoker,Normoglycemic,Normal,High,20.9,Non-Obese
20-39,Male,Non-Smoker,Normoglycemic,Normal,High,21.3,Non-Obese
20-39,Male,Current Smoker,Normoglycemic,Stage 1 HTN,High,22.3,Non-Obese
60-79,Female,Non-Smoker,Normoglycemic,Normal,Borderline High,28.0,Non-Obese
40-59,Female,Current Smoker,Normoglycemic,Stage 1 HTN,Very High,26.6,Non-Obese
40-59,Female,Non-Smoker,Normoglycemic,Stage 1 HTN,Very High,38.6,Obese
20-39,Female,Non-Smoker,Diabetic,Stage 2 HTN,High,33.0,Obese
60-79,Male,Non-Smoker,Diabetic,Stage 1 HTN,Borderline High,35.7,Obese
20-39,Male,Non-Smoker,Normoglycemic,Normal,Desirable,28.0,Non-Obese
20-39,Male,Non-Smoker,Diabetic,Stage 2 HTN,High,44.9,Obese
60-79,Female,Non-Smoker,Diabetic,Stage 1 HTN,High,35.8,Obese
80+,Male,Current Smoker,Diabetic,Stage 2 HTN,Borderline High,28.8,Non-Obese
20-39,Male,Non-Smoker,Normoglycemic,Stage 1 HTN,Desirable,25.0,Non-Obese
20-39,Female,Non-Smoker,Diabetic,Stage 1 HTN,Very High,30.1,Obese
40-59,Female,Non-Smoker,Diabetic,Stage 2 HTN,Desirable,30.6,Obese
20-39,Male,Non-Smoker,Normoglycemic,Normal,Desirable,22.2,Non-Obese
40-59,Female,Non-Smoker,Normoglycemic,Elevated,Desirable,25.6,Non-Obese
40-59,Female,Non-Smoker,Normoglycemic,Elevated,Borderline High,28.9,Non-Obese
40-59,Female,Non-Smoker,Diabetic,Stage 1 HTN,Desirable,33.5,Obese
40-59,Female,Non-Smoker,Normoglycemic,Stage 1 HTN,Desirable,25.8,Non-Obese
40-59,Female,Non-Smoker,Normoglycemic,Normal,Very High,26.7,Non-Obese
40-59,Female,Non-Smoker,Normoglycemic,Elevated,Borderline High,28.2,Non-Obese
40-59,Male,Non-Smoker,Diabetic,Elevated,Borderline High,29.6,Non-Obese
80+,Male,Non-Smoker,Diabetic,Stage 2 HTN,Very High,32.6,Obese
40-59,Male,Non-Smoker,Normoglycemic,Stage 1 HTN,Desirable,28.6,Non-Obese
40-59,Female,Non-Smoker,Normoglycemic,Normal,Desirable,26.6,Non-Obese
20-39,Male,Current Smoker,Normoglycemic,Elevated,Borderline High,19.9,Non-Obese
40-59,Female,Non-Smoker,Diabetic,Stage 1 HTN,Desirable,29.7,Non-Obese
20-39,Female,Non-Smoker,Normoglycemic,Stage 1 HTN,Desirable,28.5,Non-Obese
20-39,Female,Non-Smoker,Normoglycemic,Normal,Borderline High,25.1,Non-Obese
60-79,Male,Non-Smoker,Normoglycemic,Normal,Desirable,27.8,Non-Obese
40-59,Male,Non-Smoker,Normoglycemic,Elevated,Borderline High,29.6,Non-Obese
40-59,Male,Current Smoker,Normoglycemic,Stage 1 HTN,Desirable,25.1,Non-Obese
40-59,Female,Non-Smoker,Normoglycemic,Normal,Desirable,24.8,Non-Obese
40-59,Female,Current Smoker,Diabetic,Stage 2 HTN,Borderline High,33.1,Obese
40-59,Male,Non-Smoker,Diabetic,Stage 2 HTN,Borderline High,30.3,Obese
60-79,Female,Non-Smoker,Normoglycemic,Normal,High,29.2,Non-Obese
60-79,Male,Current Smoker,Normoglycemic,Stage 1 HTN,Very High,25.6,Non-Obese
20-39,Male,Current Smoker,Normoglycemic,Elevated,Very High,22.7,Non-Obese
20-39,Female,Non-Smoker,Normoglycemic,Normal,Desirable,26.1,Non-Obese
40-59,Male,Non-Smoker,Normoglycemic,Elevated,Desirable,22.2,Non-Obese
60-79,Male,Non-Smoker,Normoglycemic,Normal,High,27.7,Non-Obese
60-79,Female,Non-Smoker,Diabetic,Stage 2 HTN,High,33.8,Obese
40-59,Female,Non-Smoker,Normoglycemic,Elevated,Desirable,23.0,Non-Obese
60-79,Female,Non-Smoker,Normoglycemic,Normal,High,33.9,Obese
60-79,Female,Non-Smoker,Diabetic,Stage 2 HTN,High,40.7,Obese
80+,Male,Non-Smoker,Diabetic,Stage 2 HTN,High,26.1,Non-Obese
80+,Male,Non-Smoker,Normoglycemic,Normal,Borderline High,18.1,Non-Obese
40-59,Female,Non-Smoker,Normoglycemic,Normal,Borderline High,25.5,Non-Obese
40-59,Male,Current Smoker,Normoglycemic,Stage 1 HTN,Borderline High,24.2,Non-Obese
80+,Female,Current Smoker,Normoglycemic,Elevated,High,23.6,Non-Obese
40-59,Female,Non-Smoker,Normoglycemic,Normal,Desirable,28.0,Non-Obese
80+,Female,Non-Smoker,Diabetic,Normal,Borderline High,23.9,Non-Obese
60-79,Male,Non-Smoker,Normoglycemic,Elevated,Desirable,22.2,Non-Obese
40-59,Male,Non-Smoker,Normoglycemic,Elevated,Desirable,27.8,Non-Obese
60-79,Female,Non-Smoker,Normoglycemic,Stage 2 HTN,High,37.0,Obese
20-39,Female,Non-Smoker,Normoglycemic,Elevated,Desirable,22.0,Non-Obese
60-79,Female,Non-Smoker,Normoglycemic,Elevated,Desirable,40.3,Obese
60-79,Female,Non-Smoker,Normoglycemic,Stage 1 HTN,Desirable,23.5,Non-Obese
40-59,Female,Non-Smoker,Normoglycemic,Normal,Desirable,24.0,Non-Obese
60-79,Female,Non-Smoker,Normoglycemic,Elevated,Borderline High,25.0,Non-Obese
60-79,Female,Non-Smoker,Normoglycemic,Normal,Borderline High,24.2,Non-Obese
60-79,Male,Non-Smoker,Normoglycemic,Normal,Desirable,18.4,Non-Obese
80+,Male,Non-Smoker,Normoglycemic,Stage 1 HTN,Borderline High,28.7,Non-Obese
60-79,Female,Non-Smoker,Normoglycemic,Normal,Borderline High,21.3,Non-Obese
60-79,Male,Non-Smoker,Normoglycemic,Elevated,Borderline High,32.5,Obese
40-59,Female,Non-Smoker,Normoglycemic,Normal,Desirable,27.0,Non-Obese
20-39,Female,Non-Smoker,Normoglycemic,Elevated,Borderline High,24.5,Non-Obese
40-59,Male,Non-Smoker,Normoglycemic,Normal,Desirable,29.0,Non-Obese
20-39,Female,Non-Smoker,Normoglycemic,Normal,Desirable,26.8,Non-Obese
40-59,Male,Non-Smoker,Normoglycemic,Normal,Desirable,24.1,Non-Obese
40-59,Female,Non-Smoker,Normoglycemic,Stage 1 HTN,Desirable,26.1,Non-Obese
60-79,Female,Non-Smoker,Normoglycemic,Stage 2 HTN,Borderline High,23.9,Non-Obese
60-79,Female,Non-Smoker,Normoglycemic,Normal,Borderline High,28.2,Non-Obese
40-59,Male,Current Smoker,Normoglycemic,Normal,Desirable,23.7,Non-Obese
60-79,Female,Current Smoker,Diabetic,Stage 1 HTN,Desirable,39.3,Obese
40-59,Female,Current Smoker,Normoglycemic,Stage 1 HTN,Desirable,25.9,Non-Obese
40-59,Male,Non-Smoker,Diabetic,Elevated,Desirable,26.3,Non-Obese
80+,Male,Current Smoker,Normoglycemic,Elevated,High,28.1,Non-Obese
20-39,Female,Non-Smoker,Normoglycemic,Elevated,Very High,23.3,Non-Obese
40-59,Male,Non-Smoker,Normoglycemic,Normal,Borderline High,27.8,Non-Obese
60-79,Female,Non-Smoker,Diabetic,Stage 2 HTN,Borderline High,26.4,Non-Obese
60-79,Female,Non-Smoker,Normoglycemic,Stage 2 HTN,Desirable,34.2,Obese
60-79,Male,Non-Smoker,Diabetic,Stage 2 HTN,Desirable,21.4,Non-Obese
40-59,Female,Non-Smoker,Normoglycemic,Normal,Desirable,22.7,Non-Obese
60-79,Female,Non-Smoker,Normoglycemic,Normal,High,20.9,Non-Obese
20-39,Female,Non-Smoker,Normoglycemic,Elevated,Desirable,27.2,Non-Obese
60-79,Male,Non-Smoker,Normoglycemic,Elevated,Desirable,20.1,Non-Obese
20-39,Female,Non-Smoker,Normoglycemic,Normal,Borderline High,28.2,Non-Obese
20-39,Female,Non-Smoker,Diabetic,Stage 1 HTN,Very High,42.9,Obese
80+,Male,Non-Smoker,Diabetic,Stage 2 HTN,Very High,27.2,Non-Obese
80+,Female,Non-Smoker,Normoglycemic,Normal,Desirable,29.7,Non-Obese
60-79,Female,Non-Smoker,Diabetic,Elevated,Desirable,29.2,Non-Obese
20-39,Female,Non-Smoker,Normoglycemic,Normal,High,23.7,Non-Obese
20-39,Female,Non-Smoker,Diabetic,Stage 2 HTN,Borderline High,25.0,Non-Obese
60-79,Male,Non-Smoker,Normoglycemic,Normal,High,24.0,Non-Obese
60-79,Male,Non-Smoker,Normoglycemic,Normal,Very High,31.0,Obese
20-39,Female,Non-Smoker,Normoglycemic,Normal,Borderline High,25.8,Non-Obese
60-79,Male,Current Smoker,Normoglycemic,Elevated,Borderline High,24.5,Non-Obese
80+,Male,Non-Smoker,Normoglycemic,Normal,Borderline High,26.7,Non-Obese
60-79,Male,Current Smoker,Normoglycemic,Elevated,High,30.7,Obese
60-79,Male,Non-Smoker,Normoglycemic,Normal,Borderline High,29.3,Non-Obese
20-39,Female,Non-Smoker,Normoglycemic,Normal,Very High,25.3,Non-Obese
40-59,Female,Non-Smoker,Normoglycemic,Normal,Borderline High,25.3,Non-Obese
40-59,Male,Non-Smoker,Normoglycemic,Elevated,Desirable,25.6,Non-Obese
20-39,Male,Non-Smoker,Normoglycemic,Elevated,High,32.2,Obese
80+,Female,Non-Smoker,Diabetic,Elevated,Desirable,27.7,Non-Obese
20-39,Male,Current Smoker,Normoglycemic,Stage 1 HTN,Very High,27.0,Non-Obese
40-59,Male,Non-Smoker,Normoglycemic,Normal,Desirable,35.7,Obese
60-79,Male,Current Smoker,Normoglycemic,Stage 2 HTN,High,32.7,Obese
80+,Female,Non-Smoker,Normoglycemic,Elevated,High,33.6,Obese
60-79,Male,Current Smoker,Normoglycemic,Normal,High,30.4,Obese
20-39,Female,Non-Smoker,Normoglycemic,Stage 1 HTN,Borderline High,29.6,Non-Obese
40-59,Male,Non-Smoker,Normoglycemic,Normal,Borderline High,20.5,Non-Obese
40-59,Female,Non-Smoker,Normoglycemic,Normal,Borderline High,27.6,Non-Obese
40-59,Female,Non-Smoker,Normoglycemic,Elevated,Desirable,23.0,Non-Obese
20-39,Female,Non-Smoker,Normoglycemic,Stage 1 HTN,Desirable,32.3,Obese
40-59,Male,Non-Smoker,Normoglycemic,Normal,Borderline High,26.3,Non-Obese
60-79,Male,Non-Smoker,Normoglycemic,Stage 1 HTN,Desirable,25.5,Non-Obese
60-79,Female,Non-Smoker,Normoglycemic,Elevated,Desirable,30.5,Obese
60-79,Female,Non-Smoker,Normoglycemic,Stage 1 HTN,Borderline High,35.7,Obese
40-59,Male,Current Smoker,Diabetic,Stage 2 HTN,High,33.7,Obese
40-59,Male,Non-Smoker,Diabetic,Elevated,Desirable,28.7,Non-Obese
40-59,Male,Non-Smoker,Diabetic,Stage 1 HTN,Very High,37.2,Obese
40-59,Male,Non-Smoker,Normoglycemic,Elevated,Borderline High,29.5,Non-Obese
60-79,Male,Current Smoker,Normoglycemic,Stage 2 HTN,Very High,29.5,Non-Obese
60-79,Female,Non-Smoker,Normoglycemic,Normal,High,29.3,Non-Obese
20-39,Male,Current Smoker,Normoglycemic,Elevated,Borderline High,22.2,Non-Obese
20-39,Male,Current Smoker,Normoglycemic,Stage 2 HTN,High,29.2,Non-Obese
40-59,Male,Non-Smoker,Normoglycemic,Normal,Borderline High,26.2,Non-Obese
60-79,Female,Non-Smoker,Normoglycemic,Normal,High,28.7,Non-Obese
40-59,Female,Non-Smoker,Normoglycemic,Stage 1 HTN,Desirable,28.2,Non-Obese
60-79,Male,Non-Smoker,Normoglycemic,Elevated,Very High,38.3,Obese
60-79,Female,Non-Smoker,Normoglycemic,Normal,High,32.4,Obese
80+,Male,Non-Smoker,Diabetic,Stage 1 HTN,High,33.9,Obese
80+,Female,Non-Smoker,Normoglycemic,Normal,Very High,25.4,Non-Obese
60-79,Male,Current Smoker,Normoglycemic,Normal,Borderline High,23.5,Non-Obese
80+,Female,Non-Smoker,Normoglycemic,Stage 1 HTN,Desirable,26.4,Non-Obese
60-79,Male,Current Smoker,Diabetic,Stage 2 HTN,Borderline High,24.9,Non-Obese
40-59,Male,Non-Smoker,Normoglycemic,Elevated,Borderline High,25.7,Non-Obese
20-39,Female,Non-Smoker,Normoglycemic,Normal,Very High,26.8,Non-Obese
60-79,Male,Current Smoker,Normoglycemic,Stage 1 HTN,Borderline High,24.0,Non-Obese
40-59,Male,Non-Smoker,Diabetic,Stage 2 HTN,Desirable,34.6,Obese
60-79,Female,Non-Smoker,Normoglycemic,Stage 2 HTN,Desirable,26.9,Non-Obese
80+,Female,Non-Smoker,Normoglycemic,Normal,Desirable,22.2,Non-Obese
40-59,Female,Current Smoker,Diabetic,Stage 1 HTN,Borderline High,32.5,Obese
60-79,Male,Current Smoker,Normoglycemic,Stage 2 HTN,Borderline High,34.8,Obese
40-59,Male,Current Smoker,Normoglycemic,Elevated,Borderline High,25.2,Non-Obese
20-39,Male,Non-Smoker,Normoglycemic,Normal,High,23.7,Non-Obese
40-59,Female,Current Smoker,Normoglycemic,Stage 2 HTN,Desirable,25.9,Non-Obese
60-79,Male,Non-Smoker,Normoglycemic,Normal,High,29.9,Non-Obese
60-79,Female,Non-Smoker,Normoglycemic,Stage 1 HTN,Borderline High,31.9,Obese
40-59,Male,Non-Smoker,Normoglycemic,Normal,Borderline High,29.1,Non-Obese
60-79,Female,Non-Smoker,Normoglycemic,Normal,High,29.8,Non-Obese
40-59,Female,Non-Smoker,Normoglycemic,Normal,Borderline High,22.0,Non-Obese
60-79,Male,Non-Smoker,Normoglycemic,Normal,Borderline High,35.9,Obese
60-79,Female,Non-Smoker,Normoglycemic,Elevated,Borderline High,41.0,Obese
60-79,Female,Non-Smoker,Normoglycemic,Normal,Desirable,23.7,Non-Obese
60-79,Female,Non-Smoker,Normoglycemic,Elevated,Borderline High,19.7,Non-Obese
60-79,Male,Non-Smoker,Normoglycemic,Normal,High,28.3,Non-Obese
20-39,Male,Current Smoker,Normoglycemic,Stage 1 HTN,High,29.2,Non-Obese
20-39,Male,Current Smoker,Diabetic,Stage 2 HTN,High,27.3,Non-Obese
40-59,Female,Non-Smoker,Normoglycemic,Normal,Borderline High,31.0,Obese
40-59,Male,Current Smoker,Normoglycemic,Elevated,Desirable,30.9,Obese
20-39,Female,Non-Smoker,Normoglycemic,Normal,High,21.1,Non-Obese
40-59,Male,Non-Smoker,Normoglycemic,Normal,Desirable,27.8,Non-Obese
40-59,Male,Non-Smoker,Diabetic,Stage 1 HTN,High,42.6,Obese
80+,Female,Non-Smoker,Diabetic,Stage 1 HTN,High,31.0,Obese
20-39,Male,Non-Smoker,Normoglycemic,Normal,Desirable,25.7,Non-Obese
40-59,Male,Current Smoker,Normoglycemic,Stage 1 HTN,Borderline High,25.6,Non-Obese
20-39,Female,Current Smoker,Normoglycemic,Stage 1 HTN,Borderline High,22.2,Non-Obese
60-79,Female,Non-Smoker,Normoglycemic,Elevated,Desirable,27.6,Non-Obese
20-39,Male,Non-Smoker,Normoglycemic,Normal,Desirable,29.3,Non-Obese
20-39,Male,Non-Smoker,Normoglycemic,Normal,Desirable,21.4,Non-Obese
40-59,Female,Non-Smoker,Normoglycemic,Stage 2 HTN,Desirable,27.1,Non-Obese
40-59,Male,Non-Smoker,Normoglycemic,Normal,Desirable,34.2,Obese
60-79,Female,Non-Smoker,Diabetic,Stage 2 HTN,High,39.4,Obese
40-59,Male,Non-Smoker,Normoglycemic,Normal,Borderline High,22.7,Non-Obese
40-59,Male,Non-Smoker,Diabetic,Stage 2 HTN,High,40.5,Obese
40-59,Male,Non-Smoker,Normoglycemic,Elevated,Desirable,23.1,Non-Obese
20-39,Female,Non-Smoker,Normoglycemic,Normal,Desirable,27.1,Non-Obese
20-39,Female,Current Smoker,Normoglycemic,Stage 2 HTN,Borderline High,24.0,Non-Obese
20-39,Female,Non-Smoker,Normoglycemic,Elevated,Desirable,32.9,Obese
60-79,Male,Non-Smoker,Normoglycemic,Normal,Borderline High,25.2,Non-Obese
60-79,Male,Non-Smoker,Normoglycemic,Normal,Desirable,25.6,Non-Obese
20-39,Female,Non-Smoker,Normoglycemic,Stage 1 HTN,High,30.5,Obese
60-79,Male,Non-Smoker,Normoglycemic,Normal,High,26.0,Non-Obese
80+,Female,Non-Smoker,Normoglycemic,Normal,High,24.4,Non-Obese
20-39,Female,Non-Smoker,Normoglycemic,Normal,Desirable,24.8,Non-Obese
60-79,Male,Non-Smoker,Normoglycemic,Normal,Borderline High,22.2,Non-Obese
60-79,Female,Non-Smoker,Diabetic,Stage 1 HTN,Desirable,28.1,Non-Obese
80+,Female,Current Smoker,Diabetic,Stage 2 HTN,Desirable,34.3,Obese
40-59,Male,Non-Smoker,Normoglycemic,Normal,Borderline High,24.9,Non-Obese
40-59,Male,Non-Smoker,Normoglycemic,Elevated,Borderline High,29.9,Non-Obese
20-39,Female,Non-Smoker,Normoglycemic,Normal,Desirable,21.9,Non-Obese
80+,Female,Non-Smoker,Normoglycemic,Normal,Desirable,22.2,Non-Obese
40-59,Female,Non-Smoker,Normoglycemic,Stage 2 HTN,Borderline High,38.2,Obese
60-79,Male,Non-Smoker,Normoglycemic,Normal,Very High,27.5,Non-Obese
60-79,Male,Current Smoker,Diabetic,Stage 2 HTN,Very High,26.2,Non-Obese
40-59,Female,Non-Smoker,Normoglycemic,Normal,Borderline High,22.9,Non-Obese
80+,Male,Current Smoker,Diabetic,Stage 2 HTN,Borderline High,26.1,Non-Obese
60-79,Male,Non-Smoker,Normoglycemic,Stage 1 HTN,Borderline High,30.3,Obese
20-39,Male,Non-Smoker,Normoglycemic,Normal,Desirable,23.7,Non-Obese
60-79,Female,Non-Smoker,Diabetic,Stage 2 HTN,Desirable,34.0,Obese
20-39,Male,Non-Smoker,Normoglycemic,Elevated,Desirable,23.2,Non-Obese
40-59,Male,Non-Smoker,Normoglycemic,Stage 2 HTN,Desirable,28.8,Non-Obese
80+,Male,Non-Smoker,Diabetic,Stage 1 HTN,Desirable,31.3,Obese
80+,Male,Non-Smoker,Normoglycemic,Stage 1 HTN,Desirable,23.4,Non-Obese
60-79,Male,Current Smoker,Normoglycemic,Normal,High,23.4,Non-Obese
60-79,Female,Non-Smoker,Normoglycemic,Elevated,Very High,32.8,Obese
40-59,Female,Non-Smoker,Diabetic,Stage 1 HTN,Very High,39.7,Obese
80+,Female,Non-Smoker,Normoglycemic,Normal,Desirable,33.3,Obese
20-39,Female,Non-Smoker,Normoglycemic,Elevated,Desirable,23.2,Non-Obese
40-59,Male,Non-Smoker,Normoglycemic,Normal,Desirable,26.3,Non-Obese
40-59,Female,Non-Smoker,Normoglycemic,Normal,Desirable,29.5,Non-Obese
40-59,Female,Current Smoker,Normoglycemic,Elevated,High,32.2,Obese
40-59,Male,Current Smoker,Normoglycemic,Stage 1 HTN,Very High,33.3,Obese
60-79,Male,Current Smoker,Normoglycemic,Elevated,High,22.0,Non-Obese
20-39,Male,Current Smoker,Normoglycemic,Elevated,Borderline High,24.5,Non-Obese
80+,Male,Non-Smoker,Normoglycemic,Normal,Borderline High,24.6,Non-Obese
40-59,Female,Non-Smoker,Normoglycemic,Stage 1 HTN,Desirable,28.1,Non-Obese
40-59,Male,Current Smoker,Normoglycemic,Stage 2 HTN,Borderline High,32.8,Obese
80+,Male,Non-Smoker,Diabetic,Stage 2 HTN,Borderline High,26.2,Non-Obese
40-59,Female,Non-Smoker,Normoglycemic,Normal,Desirable,20.7,Non-Obese
60-79,Male,Non-Smoker,Diabetic,Normal,Borderline High,27.7,Non-Obese
20-39,Female,Current Smoker,Normoglycemic,Normal,High,23.6,Non-Obese
40-59,Female,Non-Smoker,Normoglycemic,Elevated,Desirable,33.3,Obese
20-39,Male,Non-Smoker,Normoglycemic,Normal,High,19.6,Non-Obese
60-79,Female,Non-Smoker,Normoglycemic,Normal,High,23.0,Non-Obese
60-79,Female,Non-Smoker,Normoglycemic,Normal,Very High,32.2,Obese
20-39,Male,Current Smoker,Normoglycemic,Stage 1 HTN,High,27.3,Non-Obese
40-59,Female,Non-Smoker,Normoglycemic,Normal,Borderline High,28.4,Non-Obese
40-59,Male,Non-Smoker,Normoglycemic,Stage 1 HTN,Borderline High,17.5,Non-Obese
60-79,Male,Current Smoker,Normoglycemic,Stage 1 HTN,Borderline High,33.1,Obese
80+,Male,Non-Smoker,Diabetic,Stage 1 HTN,Borderline High,30.4,Obese
60-79,Female,Non-Smoker,Normoglycemic,Normal,Desirable,26.3,Non-Obese
80+,Female,Non-Smoker,Normoglycemic,Elevated,Desirable,28.6,Non-Obese
60-79,Male,Non-Smoker,Normoglycemic,Normal,Borderline High,27.1,Non-Obese
60-79,Male,Current Smoker,Normoglycemic,Normal,High,26.8,Non-Obese
20-39,Male,Current Smoker,Normoglycemic,Stage 1 HTN,High,25.9,Non-Obese
60-79,Female,Non-Smoker,Normoglycemic,Elevated,High,25.9,Non-Obese
20-39,Female,Non-Smoker,Normoglycemic,Normal,Desirable,25.0,Non-Obese
60-79,Female,Current Smoker,Normoglycemic,Stage 1 HTN,Very High,29.9,Non-Obese
60-79,Male,Non-Smoker,Normoglycemic,Stage 1 HTN,High,33.6,Obese
40-59,Female,Non-Smoker,Normoglycemic,Normal,High,22.6,Non-Obese
40-59,Female,Non-Smoker,Normoglycemic,Normal,Desirable,26.9,Non-Obese
20-39,Female,Non-Smoker,Normoglycemic,Normal,Very High,29.1,Non-Obese
20-39,Male,Non-Smoker,Normoglycemic,Normal,High,22.0,Non-Obese
60-79,Female,Non-Smoker,Normoglycemic,Normal,Desirable,28.7,Non-Obese
40-59,Male,Non-Smoker,Normoglycemic,Stage 1 HTN,High,32.7,Obese
80+,Male,Current Smoker,Normoglycemic,Stage 2 HTN,Borderline High,27.0,Non-Obese
40-59,Male,Current Smoker,Normoglycemic,Stage 2 HTN,Very High,34.8,Obese
40-59,Male,Non-Smoker,Normoglycemic,Normal,Borderline High,28.2,Non-Obese
20-39,Female,Non-Smoker,Normoglycemic,Stage 1 HTN,Borderline High,20.9,Non-Obese
60-79,Male,Non-Smoker,Diabetic,Stage 2 HTN,Borderline High,29.2,Non-Obese
40-59,Male,Current Smoker,Normoglycemic,Stage 1 HTN,Borderline High,26.8,Non-Obese
60-79,Male,Current Smoker,Normoglycemic,Stage 1 HTN,High,28.0,Non-Obese
80+,Female,Non-Smoker,Normoglycemic,Normal,Desirable,25.1,Non-Obese
40-59,Female,Current Smoker,Normoglycemic,Elevated,High,23.0,Non-Obese
60-79,Male,Current Smoker,Normoglycemic,Stage 1 HTN,Desirable,25.9,Non-Obese
20-39,Female,Non-Smoker,Normoglycemic,Normal,Borderline High,24.2,Non-Obese
80+,Male,Non-Smoker,Normoglycemic,Elevated,Borderline High,29.0,Non-Obese
40-59,Male,Non-Smoker,Diabetic,Elevated,Desirable,29.6,Non-Obese
60-79,Female,Current Smoker,Normoglycemic,Stage 1 HTN,Desirable,23.0,Non-Obese
40-59,Male,Non-Smoker,Diabetic,Stage 2 HTN,Desirable,33.9,Obese
40-59,Female,Non-Smoker,Normoglycemic,Stage 2 HTN,Borderline High,22.5,Non-Obese
60-79,Female,Non-Smoker,Normoglycemic,Elevated,Very High,34.2,Obese
40-59,Male,Non-Smoker,Normoglycemic,Elevated,Desirable,25.2,Non-Obese
20-39,Male,Non-Smoker,Normoglycemic,Normal,Borderline High,30.3,Obese
60-79,Female,Non-Smoker,Normoglycemic,Elevated,Borderline High,30.6,Obese
20-39,Male,Current Smoker,Normoglycemic,Elevated,Borderline High,24.8,Non-Obese
60-79,Female,Non-Smoker,Normoglycemic,Stage 2 HTN,Desirable,33.5,Obese
40-59,Male,Current Smoker,Normoglycemic,Stage 1 HTN,Borderline High,29.0,Non-Obese
60-79,Male,Non-Smoker,Normoglycemic,Normal,Desirable,25.2,Non-Obese
60-79,Male,Current Smoker,Normoglycemic,Stage 1 HTN,Desirable,24.0,Non-Obese
20-39,Male,Non-Smoker,Normoglycemic,Normal,Borderline High,21.2,Non-Obese
40-59,Male,Non-Smoker,Normoglycemic,Stage 1 HTN,Borderline High,26.9,Non-Obese
80+,Female,Non-Smoker,Normoglycemic,Elevated,High,24.8,Non-Obese
60-79,Female,Non-Smoker,Diabetic,Stage 2 HTN,Desirable,26.5,Non-Obese
80+,Male,Non-Smoker,Normoglycemic,Normal,Borderline High,21.0,Non-Obese
40-59,Female,Current Smoker,Normoglycemic,Elevated,Borderline High,25.2,Non-Obese
60-79,Female,Non-Smoker,Normoglycemic,Normal,High,24.5,Non-Obese
40-59,Male,Current Smoker,Normoglycemic,Stage 1 HTN,Desirable,32.1,Obese
20-39,Female,Non-Smoker,Normoglycemic,Normal,Very High,24.3,Non-Obese
40-59,Male,Current Smoker,Normoglycemic,Stage 1 HTN,Desirable,26.9,Non-Obese
20-39,Male,Current Smoker,Normoglycemic,Stage 2 HTN,High,25.3,Non-Obese
20-39,Female,Non-Smoker,Normoglycemic,Normal,High,31.9,Obese
40-59,Female,Non-Smoker,Normoglycemic,Normal,Very High,33.4,Obese
20-39,Male,Non-Smoker,Normoglycemic,Normal,Very High,30.9,Obese
20-39,Male,Current Smoker,Normoglycemic,Normal,High,20.3,Non-Obese
80+,Female,Current Smoker,Diabetic,Stage 1 HTN,Very High,33.0,Obese
20-39,Male,Non-Smoker,Normoglycemic,Normal,Desirable,21.9,Non-Obese
40-59,Female,Non-Smoker,Normoglycemic,Normal,Very High,27.0,Non-Obese
40-59,Female,Non-Smoker,Normoglycemic,Normal,High,28.1,Non-Obese
40-59,Female,Current Smoker,Diabetic,Stage 1 HTN,Borderline High,30.4,Obese
40-59,Male,Current Smoker,Normoglycemic,Stage 1 HTN,Borderline High,34.0,Obese
20-39,Female,Non-Smoker,Normoglycemic,Elevated,Desirable,29.6,Non-Obese
60-79,Male,Non-Smoker,Normoglycemic,Normal,Desirable,24.8,Non-Obese
80+,Female,Non-Smoker,Diabetic,Stage 2 HTN,Desirable,28.3,Non-Obese
20-39,Female,Non-Smoker,Normoglycemic,Normal,Borderline High,23.0,Non-Obese
60-79,Female,Non-Smoker,Normoglycemic,Elevated,High,31.3,Obese
40-59,Male,Non-Smoker,Normoglycemic,Normal,Desirable,32.7,Obese
40-59,Male,Non-Smoker,Diabetic,Stage 2 HTN,Desirable,25.9,Non-Obese
20-39,Female,Non-Smoker,Normoglycemic,Stage 2 HTN,Borderline High,25.1,Non-Obese
80+,Male,Non-Smoker,Normoglycemic,Normal,Borderline High,24.9,Non-Obese
60-79,Male,Current Smoker,Normoglycemic,Stage 2 HTN,Very High,26.2,Non-Obese
40-59,Female,Non-Smoker,Normoglycemic,Normal,Borderline High,25.0,Non-Obese
20-39,Male,Non-Smoker,Normoglycemic,Elevated,Desirable,38.1,Obese
20-39,Female,Current Smoker,Normoglycemic,Stage 1 HTN,High,26.0,Non-Obese
40-59,Female,Non-Smoker,Normoglycemic,Stage 1 HTN,Desirable,34.8,Obese
40-59,Female,Non-Smoker,Normoglycemic,Normal,High,32.1,Obese
60-79,Male,Non-Smoker,Normoglycemic,Normal,Borderline High,23.6,Non-Obese
60-79,Female,Non-Smoker,Normoglycemic,Elevated,Borderline High,35.3,Obese
20-39,Male,Non-Smoker,Normoglycemic,Normal,Desirable,22.2,Non-Obese
60-79,Male,Non-Smoker,Diabetic,Stage 1 HTN,Borderline High,26.9,Non-Obese
40-59,Female,Non-Smoker,Normoglycemic,Normal,Desirable,28.4,Non-Obese
20-39,Male,Non-Smoker,Normoglycemic,Stage 1 HTN,High,29.5,Non-Obese
60-79,Female,Non-Smoker,Diabetic,Normal,Borderline High,30.6,Obese
20-39,Female,Non-Smoker,Normoglycemic,Normal,High,23.6,Non-Obese
40-59,Male,Non-Smoker,Normoglycemic,Normal,Borderline High,23.5,Non-Obese
60-79,Male,Non-Smoker,Normoglycemic,Normal,Very High,30.6,Obese
20-39,Male,Current Smoker,Normoglycemic,Stage 2 HTN,High,25.7,Non-Obese
60-79,Female,Current Smoker,Normoglycemic,Normal,Very High,30.2,Obese
40-59,Female,Current Smoker,Normoglycemic,Stage 1 HTN,High,33.3,Obese
40-59,Female,Current Smoker,Normoglycemic,Normal,Desirable,18.4,Non-Obese
60-79,Male,Non-Smoker,Normoglycemic,Stage 1 HTN,High,27.6,Non-Obese
80+,Female,Non-Smoker,Diabetic,Stage 2 HTN,High,32.7,Obese
80+,Female,Non-Smoker,Normoglycemic,Elevated,Very High,30.9,Obese
80+,Female,Non-Smoker,Normoglycemic,Normal,High,20.8,Non-Obese
40-59,Female,Current Smoker,Diabetic,Stage 2 HTN,Desirable,30.9,Obese
20-39,Female,Non-Smoker,Normoglycemic,Stage 1 HTN,High,35.5,Obese
20-39,Female,Non-Smoker,Normoglycemic,Elevated,Desirable,20.3,Non-Obese
40-59,Male,Current Smoker,Normoglycemic,Elevated,Desirable,27.3,Non-Obese
60-79,Female,Non-Smoker,Diabetic,Stage 2 HTN,High,34.3,Obese
60-79,Female,Non-Smoker,Normoglycemic,Normal,Desirable,26.9,Non-Obese
40-59,Male,Non-Smoker,Normoglycemic,Stage 2 HTN,Borderline High,31.3,Obese
20-39,Male,Non-Smoker,Normoglycemic,Normal,High,25.6,Non-Obese
60-79,Male,Current Smoker,Normoglycemic,Normal,Borderline High,26.2,Non-Obese
40-59,Female,Non-Smoker,Normoglycemic,Stage 1 HTN,Desirable,25.7,Non-Obese
80+,Male,Current Smoker,Normoglycemic,Stage 2 HTN,High,26.8,Non-Obese
20-39,Male,Non-Smoker,Normoglycemic,Elevated,Very High,30.8,Obese
20-39,Male,Non-Smoker,Normoglycemic,Normal,Borderline High,20.2,Non-Obese
40-59,Male,Current Smoker,Normoglycemic,Normal,High,27.9,Non-Obese
40-59,Female,Non-Smoker,Normoglycemic,Normal,Very High,28.1,Non-Obese
40-59,Female,Non-Smoker,Normoglycemic,Stage 2 HTN,High,28.3,Non-Obese
20-39,Male,Non-Smoker,Normoglycemic,Normal,High,26.6,Non-Obese
60-79,Male,Non-Smoker,Diabetic,Stage 2 HTN,High,36.9,Obese
40-59,Male,Current Smoker,Normoglycemic,Stage 2 HTN,Desirable,27.9,Non-Obese
20-39,Male,Current Smoker,Diabetic,Stage 1 HTN,Very High,26.4,Non-Obese
40-59,Female,Non-Smoker,Normoglycemic,Normal,High,29.1,Non-Obese
20-39,Female,Non-Smoker,Normoglycemic,Stage 1 HTN,Borderline High,29.1,Non-Obese
40-59,Female,Non-Smoker,Normoglycemic,Normal,Very High,28.4,Non-Obese
40-59,Male,Non-Smoker,Normoglycemic,Elevated,High,26.8,Non-Obese
80+,Male,Non-Smoker,Normoglycemic,Normal,High,23.6,Non-Obese
60-79,Female,Non-Smoker,Normoglycemic,Normal,High,31.2,Obese
20-39,Male,Current Smoker,Normoglycemic,Stage 1 HTN,Desirable,21.2,Non-Obese
40-59,Male,Non-Smoker,Diabetic,Stage 2 HTN,Desirable,24.8,Non-Obese
40-59,Female,Non-Smoker,Normoglycemic,Elevated,Borderline High,28.4,Non-Obese
80+,Male,Non-Smoker,Normoglycemic,Normal,Very High,25.4,Non-Obese
20-39,Female,Non-Smoker,Normoglycemic,Stage 1 HTN,Desirable,23.1,Non-Obese
60-79,Male,Non-Smoker,Normoglycemic,Stage 1 HTN,High,33.7,Obese
60-79,Female,Current Smoker,Normoglycemic,Stage 1 HTN,Borderline High,26.1,Non-Obese
80+,Male,Current Smoker,Diabetic,Stage 2 HTN,Borderline High,27.7,Non-Obese
40-59,Female,Non-Smoker,Diabetic,Stage 2 HTN,Desirable,26.8,Non-Obese
60-79,Female,Non-Smoker,Diabetic,Stage 2 HTN,Borderline High,30.9,Obese
60-79,Male,Non-Smoker,Normoglycemic,Stage 1 HTN,Borderline High,26.4,Non-Obese
60-79,Female,Current Smoker,Diabetic,Stage 1 HTN,Borderline High,28.0,Non-Obese
20-39,Female,Non-Smoker,Normoglycemic,Normal,Very High,27.0,Non-Obese
60-79,Male,Non-Smoker,Normoglycemic,Stage 2 HTN,Desirable,29.9,Non-Obese
40-59,Female,Non-Smoker,Normoglycemic,Normal,Desirable,25.7,Non-Obese
40-59,Female,Non-Smoker,Normoglycemic,Normal,Desirable,22.2,Non-Obese
80+,Male,Current Smoker,Diabetic,Stage 2 HTN,Desirable,34.5,Obese
20-39,Male,Non-Smoker,Normoglycemic,Normal,Desirable,23.6,Non-Obese
20-39,Male,Current Smoker,Normoglycemic,Stage 1 HTN,Desirable,28.2,Non-Obese
20-39,Male,Non-Smoker,Diabetic,Elevated,Desirable,25.1,Non-Obese
60-79,Female,Non-Smoker,Normoglycemic,Normal,Desirable,27.9,Non-Obese
60-79,Female,Non-Smoker,Normoglycemic,Normal,Borderline High,27.5,Non-Obese
80+,Male,Non-Smoker,Diabetic,Stage 2 HTN,Desirable,30.4,Obese
80+,Female,Current Smoker,Normoglycemic,Stage 1 HTN,Desirable,27.2,Non-Obese
60-79,Female,Non-Smoker,Diabetic,Stage 2 HTN,Borderline High,29.6,Non-Obese
40-59,Male,Current Smoker,Normoglycemic,Stage 1 HTN,Very High,37.3,Obese
40-59,Male,Non-Smoker,Normoglycemic,Elevated,Desirable,24.9,Non-Obese
40-59,Male,Non-Smoker,Normoglycemic,Normal,Very High,24.2,Non-Obese
60-79,Male,Non-Smoker,Normoglycemic,Stage 1 HTN,Desirable,26.6,Non-Obese
20-39,Female,Non-Smoker,Normoglycemic,Elevated,Desirable,30.3,Obese
60-79,Male,Non-Smoker,Diabetic,Stage 1 HTN,Desirable,33.1,Obese
80+,Female,Non-Smoker,Normoglycemic,Stage 1 HTN,Desirable,25.7,Non-Obese
20-39,Male,Non-Smoker,Normoglycemic,Normal,Borderline High,22.4,Non-Obese
40-59,Female,Non-Smoker,Normoglycemic,Normal,High,28.2,Non-Obese
60-79,Female,Non-Smoker,Normoglycemic,Stage 1 HTN,Desirable,28.2,Non-Obese
20-39,Male,Non-Smoker,Normoglycemic,Normal,High,29.5,Non-Obese
80+,Female,Non-Smoker,Normoglycemic,Normal,Borderline High,25.8,Non-Obese
60-79,Female,Non-Smoker,Normoglycemic,Normal,Borderline High,17.9,Non-Obese
20-39,Female,Non-Smoker,Normoglycemic,Stage 2 HTN,Borderline High,29.1,Non-Obese
60-79,Male,Current Smoker,Diabetic,Elevated,Very High,34.5,Obese
60-79,Male,Non-Smoker,Normoglycemic,Elevated,Borderline High,32.0,Obese
40-59,Male,Non-Smoker,Normoglycemic,Stage 1 HTN,Desirable,25.8,Non-Obese
60-79,Male,Non-Smoker,Normoglycemic,Normal,Desirable,24.7,Non-Obese
80+,Female,Non-Smoker,Normoglycemic,Normal,High,21.4,Non-Obese
40-59,Male,Non-Smoker,Diabetic,Stage 2 HTN,Borderline High,30.9,Obese
60-79,Female,Non-Smoker,Normoglycemic,Stage 1 HTN,Borderline High,30.5,Obese
40-59,Female,Non-Smoker,Diabetic,Elevated,High,43.1,Obese
40-59,Female,Non-Smoker,Normoglycemic,Normal,Borderline High,27.4,Non-Obese
60-79,Male,Current Smoker,Normoglycemic,Normal,Desirable,24.4,Non-Obese
40-59,Female,Non-Smoker,Normoglycemic,Normal,Borderline High,21.3,Non-Obese
20-39,Female,Non-Smoker,Normoglycemic,Normal,Desirable,19.2,Non-Obese
20-39,Male,Current Smoker,Normoglycemic,Stage 2 HTN,Borderline High,18.3,Non-Obese
40-59,Female,Non-Smoker,Normoglycemic,Normal,Desirable,24.6,Non-Obese
40-59,Female,Current Smoker,Normoglycemic,Normal,Borderline High,29.9,Non-Obese
40-59,Female,Non-Smoker,Normoglycemic,Normal,High,27.1,Non-Obese
40-59,Male,Non-Smoker,Normoglycemic,Normal,Desirable,20.7,Non-Obese
60-79,Male,Non-Smoker,Normoglycemic,Stage 1 HTN,Borderline High,27.9,Non-Obese
40-59,Male,Non-Smoker,Diabetic,Stage 2 HTN,Borderline High,30.7,Obese
80+,Female,Non-Smoker,Normoglycemic,Elevated,Very High,23.4,Non-Obese
60-79,Female,Non-Smoker,Normoglycemic,Normal,Borderline High,28.1,Non-Obese
60-79,Male,Current Smoker,Normoglycemic,Elevated,Desirable,26.5,Non-Obese
60-79,Female,Current Smoker,Diabetic,Stage 2 HTN,Borderline High,29.7,Non-Obese
60-79,Male,Current Smoker,Normoglycemic,Elevated,High,27.9,Non-Obese
40-59,Female,Non-Smoker,Normoglycemic,Normal,Desirable,26.7,Non-Obese
60-79,Male,Non-Smoker,Normoglycemic,Normal,Borderline High,29.5,Non-Obese
20-39,Female,Non-Smoker,Normoglycemic,Normal,Borderline High,30.6,Obese
40-59,Female,Non-Smoker,Normoglycemic,Normal,Desirable,28.8,Non-Obese
80+,Female,Non-Smoker,Normoglycemic,Normal,Borderline High,28.3,Non-Obese
20-39,Male,Current Smoker,Normoglycemic,Stage 1 HTN,Desirable,24.4,Non-Obese
20-39,Male,Non-Smoker,Normoglycemic,Normal,Borderline High,22.4,Non-Obese
20-39,Male,Non-Smoker,Normoglycemic,Normal,High,24.5,Non-Obese
60-79,Female,Current Smoker,Diabetic,Stage 2 HTN,Borderline High,28.9,Non-Obese
20-39,Male,Current Smoker,Normoglycemic,Stage 1 HTN,Desirable,29.2,Non-Obese
20-39,Male,Non-Smoker,Normoglycemic,Stage 2 HTN,Borderline High,29.5,Non-Obese
40-59,Female,Non-Smoker,Normoglycemic,Elevated,Borderline High,27.5,Non-Obese
40-59,Male,Current Smoker,Normoglycemic,Stage 2 HTN,Borderline High,30.8,Obese
60-79,Female,Non-Smoker,Normoglycemic,Normal,Borderline High,21.3,Non-Obese
80+,Male,Non-Smoker,Normoglycemic,Stage 2 HTN,High,26.4,Non-Obese
20-39,Male,Non-Smoker,Diabetic,Stage 2 HTN,Desirable,24.5,Non-Obese
80+,Female,Non-Smoker,Normoglycemic,Stage 2 HTN,Very High,26.6,Non-Obese
40-59,Male,Non-Smoker,Normoglycemic,Elevated,Desirable,30.3,Obese
80+,Male,Non-Smoker,Normoglycemic,Normal,High,23.5,Non-Obese
80+,Male,Non-Smoker,Normoglycemic,Stage 2 HTN,High,30.2,Obese
40-59,Female,Non-Smoker,Normoglycemic,Elevated,High,29.4,Non-Obese
40-59,Male,Current Smoker,Diabetic,Stage 2 HTN,High,27.6,Non-Obese
60-79,Male,Non-Smoker,Normoglycemic,Elevated,Borderline High,32.7,Obese
40-59,Male,Non-Smoker,Normoglycemic,Elevated,Borderline High,30.1,Obese
20-39,Female,Non-Smoker,Normoglycemic,Normal,Borderline High,25.3,Non-Obese
80+,Female,Non-Smoker,Normoglycemic,Stage 1 HTN,Desirable,27.4,Non-Obese
20-39,Male,Current Smoker,Normoglycemic,Stage 2 HTN,High,27.6,Non-Obese
60-79,Male,Current Smoker,Normoglycemic,Stage 2 HTN,Desirable,33.6,Obese
60-79,Male,Non-Smoker,Diabetic,Stage 2 HTN,Borderline High,39.0,Obese
80+,Female,Non-Smoker,Normoglycemic,Normal,Very High,23.1,Non-Obese
40-59,Male,Non-Smoker,Diabetic,Stage 2 HTN,High,40.3,Obese
20-39,Female,Current Smoker,Normoglycemic,Elevated,Borderline High,21.0,Non-Obese
20-39,Male,Current Smoker,Normoglycemic,Stage 1 HTN,Desirable,22.8,Non-Obese
60-79,Male,Non-Smoker,Normoglycemic,Stage 1 HTN,Borderline High,27.6,Non-Obese
20-39,Female,Non-Smoker,Normoglycemic,Normal,Very High,24.4,Non-Obese
40-59,Female,Non-Smoker,Normoglycemic,Stage 2 HTN,Desirable,30.1,Obese
20-39,Female,Non-Smoker,Normoglycemic,Stage 1 HTN,Desirable,26.1,Non-Obese
40-59,Female,Non-Smoker,Normoglycemic,Stage 1 HTN,Borderline High,37.4,Obese
20-39,Male,Non-Smoker,Normoglycemic,Normal,Desirable,17.1,Non-Obese
60-79,Male,Non-Smoker,Normoglycemic,Normal,Very High,26.5,Non-Obese
60-79,Female,Non-Smoker,Normoglycemic,Stage 2 HTN,Very High,35.2,Obese
40-59,Male,Non-Smoker,Normoglycemic,Stage 1 HTN,Desirable,28.3,Non-Obese
20-39,Male,Current Smoker,Normoglycemic,Stage 2 HTN,High,25.1,Non-Obese
20-39,Male,Current Smoker,Normoglycemic,Normal,Very High,26.5,Non-Obese
40-59,Female,Non-Smoker,Normoglycemic,Normal,Desirable,31.1,Obese
80+,Male,Non-Smoker,Diabetic,Stage 1 HTN,High,41.4,Obese
80+,Female,Non-Smoker,Normoglycemic,Elevated,High,28.4,Non-Obese
60-79,Female,Non-Smoker,Normoglycemic,Normal,High,33.7,Obese
40-59,Male,Non-Smoker,Diabetic,Stage 1 HTN,Borderline High,28.8,Non-Obese
60-79,Male,Non-Smoker,Normoglycemic,Normal,Very High,31.1,Obese
40-59,Male,Non-Smoker,Normoglycemic,Normal,Very High,25.9,Non-Obese
60-79,Male,Current Smoker,Diabetic,Stage 1 HTN,Borderline High,29.5,Non-Obese
40-59,Male,Non-Smoker,Normoglycemic,Normal,Desirable,28.9,Non-Obese
60-79,Female,Non-Smoker,Normoglycemic,Stage 1 HTN,Desirable,30.2,Obese
60-79,Female,Non-Smoker,Normoglycemic,Normal,High,24.6,Non-Obese
80+,Male,Non-Smoker,Normoglycemic,Normal,Borderline High,24.8,Non-Obese
60-79,Female,Non-Smoker,Normoglycemic,Stage 2 HTN,High,31.6,Obese
40-59,Female,Current Smoker,Normoglycemic,Elevated,Borderline High,25.2,Non-Obese
20-39,Female,Non-Smoker,Normoglycemic,Normal,Very High,23.2,Non-Obese
20-39,Male,Non-Smoker,Normoglycemic,Normal,Borderline High,24.8,Non-Obese
20-39,Female,Current Smoker,Normoglycemic,Elevated,Very High,29.0,Non-Obese
20-39,Female,Non-Smoker,Normoglycemic,Elevated,Borderline High,26.6,Non-Obese
40-59,Male,Non-Smoker,Normoglycemic,Normal,Very High,36.7,Obese
20-39,Female,Non-Smoker,Normoglycemic,Normal,Desirable,26.8,Non-Obese
60-79,Male,Current Smoker,Normoglycemic,Stage 1 HTN,Very High,31.4,Obese
80+,Male,Non-Smoker,Diabetic,Stage 1 HTN,High,29.0,Non-Obese
60-79,Male,Non-Smoker,Normoglycemic,Normal,Desirable,23.1,Non-Obese
40-59,Female,Non-Smoker,Diabetic,Stage 2 HTN,Borderline High,37.2,Obese
20-39,Female,Non-Smoker,Normoglycemic,Normal,High,22.7,Non-Obese
40-59,Male,Non-Smoker,Normoglycemic,Elevated,High,27.6,Non-Obese
60-79,Female,Non-Smoker,Normoglycemic,Normal,High,29.1,Non-Obese
40-59,Male,Non-Smoker,Diabetic,Stage 2 HTN,Very High,37.9,Obese
20-39,Female,Current Smoker,Normoglycemic,Stage 1 HTN,Desirable,24.3,Non-Obese
60-79,Female,Non-Smoker,Diabetic,Stage 1 HTN,High,31.3,Obese
80+,Male,Non-Smoker,Normoglycemic,Normal,High,24.9,Non-Obese
20-39,Male,Non-Smoker,Normoglycemic,Normal,Desirable,23.7,Non-Obese
80+,Male,Non-Smoker,Diabetic,Elevated,Borderline High,23.9,Non-Obese
40-59,Male,Non-Smoker,Normoglycemic,Normal,Desirable,31.8,Obese
40-59,Female,Non-Smoker,Normoglycemic,Elevated,Borderline High,26.1,Non-Obese
40-59,Male,Current Smoker,Normoglycemic,Stage 2 HTN,Borderline High,29.4,Non-Obese
40-59,Male,Current Smoker,Normoglycemic,Normal,Desirable,24.1,Non-Obese
40-59,Male,Non-Smoker,Normoglycemic,Elevated,High,31.2,Obese
40-59,Female,Non-Smoker,Normoglycemic,Normal,Desirable,21.7,Non-Obese
40-59,Male,Non-Smoker,Diabetic,Stage 2 HTN,High,34.4,Obese
60-79,Female,Non-Smoker,Normoglycemic,Elevated,Desirable,32.2,Obese
60-79,Female,Non-Smoker,Normoglycemic,Normal,Very High,27.6,Non-Obese
40-59,Female,Current Smoker,Normoglycemic,Stage 2 HTN,Borderline High,33.4,Obese
20-39,Male,Current Smoker,Normoglycemic,Stage 1 HTN,Borderline High,24.9,Non-Obese
60-79,Male,Non-Smoker,Normoglycemic,Elevated,High,27.9,Non-Obese
80+,Female,Non-Smoker,Diabetic,Stage 2 HTN,Desirable,28.4,Non-Obese
40-59,Female,Non-Smoker,Normoglycemic,Normal,High,26.9,Non-Obese
20-39,Female,Non-Smoker,Normoglycemic,Normal,High,21.7,Non-Obese
20-39,Male,Non-Smoker,Normoglycemic,Normal,Borderline High,27.8,Non-Obese
20-39,Female,Non-Smoker,Normoglycemic,Normal,Borderline High,22.0,Non-Obese
80+,Female,Non-Smoker,Diabetic,Normal,Borderline High,23.5,Non-Obese
40-59,Female,Non-Smoker,Normoglycemic,Normal,Desirable,23.6,Non-Obese
40-59,Female,Non-Smoker,Normoglycemic,Elevated,Borderline High,35.5,Obese
80+,Female,Current Smoker,Diabetic,Stage 2 HTN,Very High,39.3,Obese
40-59,Female,Current Smoker,Normoglycemic,Stage 1 HTN,High,26.3,Non-Obese
20-39,Male,Non-Smoker,Normoglycemic,Stage 2 HTN,Desirable,37.3,Obese
20-39,Male,Non-Smoker,Diabetic,Stage 2 HTN,Borderline High,25.5,Non-Obese
80+,Male,Current Smoker,Normoglycemic,Stage 2 HTN,High,21.8,Non-Obese
80+,Male,Current Smoker,Diabetic,Stage 2 HTN,Borderline High,36.7,Obese
40-59,Male,Non-Smoker,Normoglycemic,Normal,Borderline High,35.3,Obese
40-59,Female,Non-Smoker,Normoglycemic,Stage 2 HTN,High,33.8,Obese
80+,Female,Non-Smoker,Normoglycemic,Normal,Desirable,24.9,Non-Obese
40-59,Male,Non-Smoker,Normoglycemic,Normal,Borderline High,26.1,Non-Obese
60-79,Female,Non-Smoker,Normoglycemic,Normal,Borderline High,27.1,Non-Obese
40-59,Male,Non-Smoker,Diabetic,Stage 2 HTN,Borderline High,30.9,Obese
60-79,Female,Non-Smoker,Normoglycemic,Elevated,High,28.1,Non-Obese
40-59,Male,Current Smoker,Normoglycemic,Normal,Very High,35.4,Obese
20-39,Female,Non-Smoker,Normoglycemic,Stage 1 HTN,High,22.2,Non-Obese
60-79,Female,Non-Smoker,Normoglycemic,Normal,High,32.0,Obese
40-59,Male,Non-Smoker,Normoglycemic,Elevated,Desirable,33.3,Obese
40-59,Male,Current Smoker,Diabetic,Stage 1 HTN,Borderline High,31.0,Obese
20-39,Male,Current Smoker,Normoglycemic,Normal,Very High,23.4,Non-Obese
40-59,Male,Non-Smoker,Normoglycemic,Elevated,Desirable,26.3,Non-Obese
40-59,Female,Non-Smoker,Normoglycemic,Elevated,Borderline High,26.7,Non-Obese
20-39,Female,Non-Smoker,Diabetic,Stage 2 HTN,Borderline High,27.6,Non-Obese
80+,Female,Non-Smoker,Diabetic,Stage 1 HTN,High,30.9,Obese
40-59,Male,Current Smoker,Normoglycemic,Stage 2 HTN,High,31.9,Obese
20-39,Male,Non-Smoker,Normoglycemic,Stage 1 HTN,Borderline High,33.9,Obese
80+,Female,Non-Smoker,Normoglycemic,Normal,Borderline High,21.4,Non-Obese
80+,Female,Non-Smoker,Diabetic,Stage 2 HTN,High,33.3,Obese
20-39,Male,Non-Smoker,Normoglycemic,Normal,Desirable,23.5,Non-Obese
20-39,Male,Non-Smoker,Normoglycemic,Normal,Borderline High,22.7,Non-Obese
60-79,Female,Non-Smoker,Normoglycemic,Elevated,Desirable,32.1,Obese
60-79,Female,Non-Smoker,Normoglycemic,Normal,Desirable,24.3,Non-Obese
60-79,Female,Non-Smoker,Normoglycemic,Stage 2 HTN,Borderline High,33.0,Obese
20-39,Female,Non-Smoker,Normoglycemic,Normal,Desirable,22.9,Non-Obese
20-39,Female,Current Smoker,Normoglycemic,Stage 2 HTN,Desirable,24.8,Non-Obese
80+,Male,Non-Smoker,Normoglycemic,Stage 2 HTN,High,25.3,Non-Obese
40-59,Male,Current Smoker,Normoglycemic,Stage 1 HTN,Borderline High,24.3,Non-Obese
40-59,Female,Non-Smoker,Normoglycemic,Normal,Desirable,25.4,Non-Obese
40-59,Female,Current Smoker,Normoglycemic,Elevated,Borderline High,24.3,Non-Obese
60-79,Female,Non-Smoker,Normoglycemic,Normal,High,22.2,Non-Obese
40-59,Male,Non-Smoker,Normoglycemic,Stage 2 HTN,Borderline High,29.8,Non-Obese
20-39,Female,Non-Smoker,Normoglycemic,Normal,Desirable,23.5,Non-Obese
40-59,Male,Non-Smoker,Normoglycemic,Stage 1 HTN,Desirable,22.8,Non-Obese
60-79,Male,Non-Smoker,Normoglycemic,Normal,Desirable,23.5,Non-Obese
60-79,Female,Non-Smoker,Normoglycemic,Normal,Borderline High,31.1,Obese
40-59,Female,Non-Smoker,Normoglycemic,Stage 1 HTN,Desirable,22.3,Non-Obese
40-59,Male,Non-Smoker,Diabetic,Stage 2 HTN,Desirable,28.4,Non-Obese
20-39,Female,Non-Smoker,Normoglycemic,Normal,Borderline High,24.4,Non-Obese
40-59,Male,Non-Smoker,Normoglycemic,Stage 2 HTN,Desirable,32.1,Obese
40-59,Male,Current Smoker,Normoglycemic,Stage 2 HTN,Very High,32.8,Obese
40-59,Male,Non-Smoker,Normoglycemic,Normal,High,29.6,Non-Obese
40-59,Male,Current Smoker,Diabetic,Stage 2 HTN,Borderline High,29.4,Non-Obese
80+,Female,Non-Smoker,Normoglycemic,Stage 1 HTN,Very High,29.0,Non-Obese
40-59,Male,Non-Smoker,Normoglycemic,Normal,Desirable,20.4,Non-Obese
80+,Female,Non-Smoker,Normoglycemic,Normal,Desirable,29.3,Non-Obese
40-59,Male,Non-Smoker,Normoglycemic,Normal,High,22.3,Non-Obese
80+,Female,Non-Smoker,Normoglycemic,Normal,Borderline High,24.7,Non-Obese
80+,Male,Current Smoker,Normoglycemic,Stage 1 HTN,Desirable,24.0,Non-Obese
40-59,Male,Non-Smoker,Normoglycemic,Elevated,Desirable,31.5,Obese
60-79,Male,Current Smoker,Normoglycemic,Normal,High,24.8,Non-Obese
20-39,Female,Current Smoker,Normoglycemic,Stage 1 HTN,Borderline High,19.2,Non-Obese
40-59,Male,Non-Smoker,Normoglycemic,Normal,Very High,28.2,Non-Obese
60-79,Male,Current Smoker,Normoglycemic,Normal,High,23.9,Non-Obese
60-79,Male,Non-Smoker,Normoglycemic,Normal,Very High,21.7,Non-Obese
20-39,Female,Non-Smoker,Normoglycemic,Normal,Desirable,18.6,Non-Obese
60-79,Female,Non-Smoker,Diabetic,Elevated,High,32.1,Obese
40-59,Male,Non-Smoker,Normoglycemic,Normal,Borderline High,26.5,Non-Obese
20-39,Female,Non-Smoker,Normoglycemic,Normal,Desirable,21.6,Non-Obese
80+,Male,Non-Smoker,Normoglycemic,Normal,Borderline High,24.3,Non-Obese
20-39,Female,Non-Smoker,Normoglycemic,Normal,Borderline High,27.3,Non-Obese
80+,Female,Non-Smoker,Normoglycemic,Elevated,High,27.7,Non-Obese
80+,Male,Current Smoker,Normoglycemic,Elevated,Desirable,24.4,Non-Obese
20-39,Male,Non-Smoker,Normoglycemic,Normal,Desirable,21.2,Non-Obese
40-59,Female,Non-Smoker,Diabetic,Elevated,High,28.3,Non-Obese
40-59,Male,Current Smoker,Normoglycemic,Normal,High,20.4,Non-Obese
20-39,Female,Current Smoker,Normoglycemic,Stage 2 HTN,Borderline High,23.5,Non-Obese
40-59,Male,Non-Smoker,Normoglycemic,Stage 1 HTN,High,28.3,Non-Obese
60-79,Female,Current Smoker,Normoglycemic,Elevated,Borderline High,23.1,Non-Obese
80+,Female,Non-Smoker,Normoglycemic,Stage 1 HTN,Desirable,32.6,Obese
20-39,Male,Non-Smoker,Normoglycemic,Normal,Borderline High,23.7,Non-Obese
80+,Female,Current Smoker,Normoglycemic,Stage 2 HTN,Desirable,26.3,Non-Obese
80+,Male,Non-Smoker,Normoglycemic,Stage 2 HTN,Desirable,30.7,Obese
40-59,Male,Non-Smoker,Normoglycemic,Stage 2 HTN,Desirable,28.4,Non-Obese
80+,Female,Non-Smoker,Normoglycemic,Normal,Desirable,33.9,Obese
40-59,Female,Non-Smoker,Normoglycemic,Normal,Borderline High,29.9,Non-Obese
40-59,Male,Non-Smoker,Normoglycemic,Normal,High,24.0,Non-Obese
60-79,Female,Current Smoker,Normoglycemic,Elevated,Desirable,27.7,Non-Obese
20-39,Female,Non-Smoker,Normoglycemic,Stage 1 HTN,Borderline High,24.6,Non-Obese
20-39,Male,Non-Smoker,Diabetic,Normal,Borderline High,26.9,Non-Obese
40-59,Male,Non-Smoker,Normoglycemic,Stage 1 HTN,Desirable,24.2,Non-Obese
60-79,Male,Current Smoker,Diabetic,Stage 1 HTN,Borderline High,25.6,Non-Obese
40-59,Male,Non-Smoker,Normoglycemic,Normal,Borderline High,26.3,Non-Obese
60-79,Male,Current Smoker,Normoglycemic,Stage 2 HTN,Very High,29.9,Non-Obese
40-59,Male,Non-Smoker,Normoglycemic,Normal,Borderline High,28.4,Non-Obese
60-79,Female,Current Smoker,Diabetic,Stage 2 HTN,Very High,31.8,Obese
40-59,Male,Non-Smoker,Normoglycemic,Normal,High,25.9,Non-Obese
60-79,Male,Non-Smoker,Normoglycemic,Normal,Desirable,24.3,Non-Obese
20-39,Female,Non-Smoker,Normoglycemic,Normal,High,30.6,Obese
40-59,Female,Non-Smoker,Normoglycemic,Normal,Desirable,25.9,Non-Obese
40-59,Male,Non-Smoker,Normoglycemic,Elevated,Borderline High,30.1,Obese
60-79,Female,Non-Smoker,Normoglycemic,Normal,Borderline High,26.8,Non-Obese
40-59,Male,Current Smoker,Normoglycemic,Normal,High,21.9,Non-Obese
40-59,Male,Current Smoker,Diabetic,Stage 2 HTN,Borderline High,28.4,Non-Obese
40-59,Female,Non-Smoker,Diabetic,Stage 1 HTN,Very High,37.3,Obese
60-79,Female,Current Smoker,Normoglycemic,Stage 1 HTN,High,26.7,Non-Obese
40-59,Male,Non-Smoker,Normoglycemic,Normal,High,22.5,Non-Obese
60-79,Female,Non-Smoker,Normoglycemic,Stage 1 HTN,Borderline High,28.4,Non-Obese
40-59,Female,Non-Smoker,Normoglycemic,Normal,High,30.4,Obese
60-79,Female,Non-Smoker,Normoglycemic,Normal,High,23.3,Non-Obese
20-39,Female,Non-Smoker,Normoglycemic,Normal,Borderline High,27.8,Non-Obese
20-39,Female,Non-Smoker,Normoglycemic,Normal,Desirable,23.8,Non-Obese
60-79,Male,Non-Smoker,Normoglycemic,Normal,Borderline High,34.1,Obese
60-79,Female,Non-Smoker,Diabetic,Stage 2 HTN,Borderline High,29.4,Non-Obese
20-39,Female,Non-Smoker,Normoglycemic,Stage 1 HTN,Desirable,26.8,Non-Obese
40-59,Female,Current Smoker,Diabetic,Stage 2 HTN,High,32.1,Obese
80+,Female,Non-Smoker,Normoglycemic,Elevated,Desirable,32.4,Obese
40-59,Female,Non-Smoker,Normoglycemic,Stage 1 HTN,Desirable,26.3,Non-Obese
20-39,Male,Non-Smoker,Normoglycemic,Normal,Very High,25.5,Non-Obese
20-39,Male,Non-Smoker,Normoglycemic,Elevated,Very High,32.3,Obese
40-59,Male,Non-Smoker,Normoglycemic,Normal,High,30.1,Obese
20-39,Male,Non-Smoker,Diabetic,Elevated,High,36.6,Obese
80+,Female,Non-Smoker,Diabetic,Stage 1 HTN,Desirable,33.1,Obese
80+,Female,Current Smoker,Normoglycemic,Stage 2 HTN,Desirable,33.3,Obese
20-39,Female,Non-Smoker,Normoglycemic,Normal,High,29.2,Non-Obese
80+,Male,Non-Smoker,Diabetic,Stage 2 HTN,Borderline High,29.6,Non-Obese
60-79,Female,Non-Smoker,Normoglycemic,Normal,Borderline High,28.6,Non-Obese
40-59,Male,Non-Smoker,Normoglycemic,Normal,Desirable,28.8,Non-Obese
60-79,Female,Non-Smoker,Normoglycemic,Normal,Borderline High,28.4,Non-Obese
20-39,Female,Non-Smoker,Normoglycemic,Normal,High,29.2,Non-Obese
60-79,Male,Non-Smoker,Diabetic,Stage 2 HTN,Desirable,30.6,Obese
20-39,Female,Non-Smoker,Normoglycemic,Elevated,Desirable,24.3,Non-Obese
20-39,Male,Non-Smoker,Normoglycemic,Normal,Desirable,24.0,Non-Obese
60-79,Male,Non-Smoker,Normoglycemic,Elevated,Desirable,30.6,Obese
20-39,Female,Non-Smoker,Normoglycemic,Normal,High,22.8,Non-Obese
60-79,Male,Current Smoker,Normoglycemic,Elevated,Borderline High,28.4,Non-Obese
60-79,Male,Current Smoker,Diabetic,Elevated,Borderline High,26.9,Non-Obese
40-59,Male,Non-Smoker,Normoglycemic,Stage 2 HTN,Desirable,30.7,Obese
60-79,Male,Non-Smoker,Normoglycemic,Stage 2 HTN,Desirable,25.7,Non-Obese
40-59,Male,Current Smoker,Normoglycemic,Stage 1 HTN,High,34.2,Obese
80+,Male,Non-Smoker,Normoglycemic,Stage 2 HTN,High,31.2,Obese
60-79,Female,Non-Smoker,Normoglycemic,Normal,Borderline High,22.3,Non-Obese
40-59,Male,Non-Smoker,Normoglycemic,Stage 2 HTN,Desirable,30.1,Obese
60-79,Female,Non-Smoker,Normoglycemic,Normal,Very High,23.6,Non-Obese
20-39,Female,Non-Smoker,Diabetic,Elevated,Desirable,29.0,Non-Obese
40-59,Female,Non-Smoker,Normoglycemic,Normal,High,27.8,Non-Obese
40-59,Female,Non-Smoker,Normoglycemic,Elevated,Desirable,25.9,Non-Obese
20-39,Female,Non-Smoker,Normoglycemic,Elevated,Borderline High,29.3,Non-Obese
60-79,Female,Non-Smoker,Normoglycemic,Elevated,Desirable,28.0,Non-Obese
40-59,Male,Current Smoker,Normoglycemic,Elevated,High,34.8,Obese
60-79,Male,Non-Smoker,Diabetic,Stage 2 HTN,Desirable,31.2,Obese
60-79,Female,Non-Smoker,Normoglycemic,Normal,Very High,23.2,Non-Obese
80+,Male,Current Smoker,Normoglycemic,Stage 1 HTN,Desirable,25.3,Non-Obese
60-79,Male,Non-Smoker,Normoglycemic,Normal,High,27.7,Non-Obese
20-39,Male,Current Smoker,Normoglycemic,Elevated,Desirable,24.3,Non-Obese
40-59,Male,Non-Smoker,Normoglycemic,Normal,Borderline High,25.1,Non-Obese
20-39,Male,Non-Smoker,Normoglycemic,Normal,High,26.7,Non-Obese
20-39,Female,Non-Smoker,Normoglycemic,Normal,Desirable,23.1,Non-Obese
40-59,Male,Non-Smoker,Normoglycemic,Stage 1 HTN,Borderline High,33.7,Obese
60-79,Male,Non-Smoker,Diabetic,Stage 1 HTN,Desirable,29.0,Non-Obese
40-59,Male,Non-Smoker,Normoglycemic,Normal,High,31.6,Obese
60-79,Male,Non-Smoker,Normoglycemic,Elevated,Borderline High,29.1,Non-Obese
80+,Male,Non-Smoker,Normoglycemic,Normal,Borderline High,28.9,Non-Obese
60-79,Male,Non-Smoker,Normoglycemic,Normal,Desirable,22.8,Non-Obese
80+,Male,Non-Smoker,Normoglycemic,Normal,High,22.5,Non-Obese
40-59,Male,Non-Smoker,Normoglycemic,Normal,Borderline High,22.8,Non-Obese
60-79,Female,Non-Smoker,Normoglycemic,Normal,Desirable,25.2,Non-Obese
80+,Female,Non-Smoker,Diabetic,Stage 2 HTN,High,29.5,Non-Obese
20-39,Male,Non-Smoker,Normoglycemic,Normal,High,28.8,Non-Obese
60-79,Male,Non-Smoker,Normoglycemic,Stage 2 HTN,Borderline High,29.9,Non-Obese
80+,Female,Current Smoker,Normoglycemic,Stage 2 HTN,Very High,28.3,Non-Obese
60-79,Female,Non-Smoker,Normoglycemic,Normal,Borderline High,29.9,Non-Obese
20-39,Male,Current Smoker,Normoglycemic,Stage 1 HTN,Borderline High,27.4,Non-Obese
20-39,Male,Non-Smoker,Normoglycemic,Elevated,Desirable,24.3,Non-Obese
20-39,Female,Non-Smoker,Normoglycemic,Normal,Very High,29.8,Non-Obese
40-59,Female,Non-Smoker,Normoglycemic,Stage 1 HTN,Borderline High,30.6,Obese
40-59,Female,Current Smoker,Normoglycemic,Stage 1 HTN,High,25.7,Non-Obese
60-79,Male,Non-Smoker,Normoglycemic,Normal,Desirable,23.0,Non-Obese
40-59,Male,Non-Smoker,Normoglycemic,Normal,High,20.3,Non-Obese
20-39,Female,Non-Smoker,Normoglycemic,Normal,Borderline High,29.8,Non-Obese
20-39,Male,Current Smoker,Diabetic,Stage 2 HTN,Desirable,33.4,Obese
20-39,Female,Non-Smoker,Normoglycemic,Normal,Borderline High,29.4,Non-Obese
20-39,Female,Non-Smoker,Normoglycemic,Stage 1 HTN,Borderline High,30.1,Obese
20-39,Male,Non-Smoker,Normoglycemic,Stage 2 HTN,Borderline High,30.7,Obese
20-39,Female,Non-Smoker,Normoglycemic,Elevated,Borderline High,22.3,Non-Obese
40-59,Male,Non-Smoker,Normoglycemic,Normal,High,25.2,Non-Obese
80+,Female,Non-Smoker,Normoglycemic,Normal,Desirable,21.9,Non-Obese
60-79,Female,Non-Smoker,Diabetic,Stage 1 HTN,Very High,34.6,Obese
40-59,Female,Current Smoker,Normoglycemic,Stage 1 HTN,Very High,30.1,Obese
20-39,Male,Non-Smoker,Normoglycemic,Elevated,Borderline High,31.1,Obese
40-59,Male,Current Smoker,Normoglycemic,Normal,Borderline High,22.8,Non-Obese
60-79,Male,Current Smoker,Diabetic,Stage 2 HTN,High,29.8,Non-Obese
40-59,Male,Non-Smoker,Normoglycemic,Stage 2 HTN,Borderline High,32.3,Obese
40-59,Female,Current Smoker,Diabetic,Stage 1 HTN,High,34.8,Obese
40-59,Female,Current Smoker,Normoglycemic,Normal,Very High,25.2,Non-Obese
40-59,Male,Current Smoker,Normoglycemic,Stage 2 HTN,Desirable,32.8,Obese
40-59,Male,Current Smoker,Diabetic,Stage 2 HTN,Borderline High,29.5,Non-Obese
20-39,Male,Non-Smoker,Normoglycemic,Normal,Borderline High,30.3,Obese
60-79,Male,Current Smoker,Normoglycemic,Stage 1 HTN,Desirable,26.1,Non-Obese
20-39,Male,Non-Smoker,Normoglycemic,Elevated,Desirable,24.0,Non-Obese
80+,Male,Non-Smoker,Diabetic,Elevated,Borderline High,23.6,Non-Obese
60-79,Male,Non-Smoker,Normoglycemic,Normal,High,22.3,Non-Obese
60-79,Male,Current Smoker,Diabetic,Elevated,Borderline High,27.6,Non-Obese
20-39,Female,Non-Smoker,Normoglycemic,Normal,Borderline High,25.5,Non-Obese
40-59,Male,Non-Smoker,Normoglycemic,Normal,Desirable,26.6,Non-Obese
40-59,Female,Non-Smoker,Normoglycemic,Elevated,High,33.6,Obese
60-79,Male,Current Smoker,Normoglycemic,Elevated,High,28.0,Non-Obese
20-39,Male,Non-Smoker,Normoglycemic,Normal,Borderline High,23.0,Non-Obese
60-79,Female,Non-Smoker,Diabetic,Elevated,High,29.9,Non-Obese
60-79,Male,Non-Smoker,Normoglycemic,Elevated,Borderline High,30.3,Obese
40-59,Female,Non-Smoker,Normoglycemic,Normal,Desirable,26.4,Non-Obese
40-59,Male,Non-Smoker,Normoglycemic,Stage 1 HTN,Desirable,23.3,Non-Obese
40-59,Female,Non-Smoker,Normoglycemic,Normal,High,23.8,Non-Obese
40-59,Female,Non-Smoker,Normoglycemic,Normal,High,23.3,Non-Obese
60-79,Female,Non-Smoker,Normoglycemic,Normal,Desirable,28.0,Non-Obese
80+,Female,Current Smoker,Normoglycemic,Stage 1 HTN,Desirable,24.8,Non-Obese
20-39,Male,Current Smoker,Normoglycemic,Stage 1 HTN,High,22.6,Non-Obese
60-79,Male,Non-Smoker,Normoglycemic,Normal,Borderline High,34.7,Obese
60-79,Male,Non-Smoker,Normoglycemic,Normal,High,25.5,Non-Obese
60-79,Male,Non-Smoker,Normoglycemic,Normal,High,26.8,Non-Obese
20-39,Female,Non-Smoker,Normoglycemic,Stage 2 HTN,Borderline High,29.6,Non-Obese
60-79,Male,Non-Smoker,Diabetic,Stage 2 HTN,High,34.2,Obese
60-79,Male,Current Smoker,Normoglycemic,Stage 2 HTN,High,37.1,Obese
60-79,Male,Non-Smoker,Normoglycemic,Stage 2 HTN,Borderline High,25.0,Non-Obese
40-59,Male,Current Smoker,Diabetic,Stage 1 HTN,Borderline High,35.5,Obese
40-59,Male,Current Smoker,Normoglycemic,Stage 1 HTN,High,33.9,Obese
40-59,Female,Non-Smoker,Diabetic,Stage 1 HTN,Desirable,37.0,Obese
60-79,Male,Current Smoker,Normoglycemic,Stage 2 HTN,Very High,30.7,Obese
40-59,Male,Current Smoker,Normoglycemic,Stage 1 HTN,Very High,25.9,Non-Obese
40-59,Female,Non-Smoker,Normoglycemic,Normal,Very High,28.3,Non-Obese
60-79,Female,Non-Smoker,Normoglycemic,Stage 2 HTN,Desirable,33.5,Obese
60-79,Female,Non-Smoker,Normoglycemic,Normal,Desirable,22.3,Non-Obese
20-39,Male,Non-Smoker,Normoglycemic,Elevated,Desirable,25.6,Non-Obese
20-39,Female,Non-Smoker,Normoglycemic,Elevated,Borderline High,24.3,Non-Obese
60-79,Male,Current Smoker,Diabetic,Stage 2 HTN,Very High,29.7,Non-Obese
20-39,Female,Non-Smoker,Normoglycemic,Stage 1 HTN,High,25.7,Non-Obese
60-79,Female,Non-Smoker,Normoglycemic,Normal,Borderline High,29.7,Non-Obese
20-39,Male,Non-Smoker,Normoglycemic,Normal,Borderline High,32.1,Obese
60-79,Male,Non-Smoker,Normoglycemic,Stage 1 HTN,Desirable,27.5,Non-Obese
60-79,Male,Non-Smoker,Normoglycemic,Stage 1 HTN,Very High,30.3,Obese
60-79,Female,Non-Smoker,Normoglycemic,Normal,Desirable,27.8,Non-Obese
40-59,Female,Non-Smoker,Normoglycemic,Stage 1 HTN,Desirable,25.1,Non-Obese
40-59,Male,Non-Smoker,Normoglycemic,Normal,Borderline High,26.9,Non-Obese
40-59,Female,Non-Smoker,Normoglycemic,Stage 1 HTN,Borderline High,22.4,Non-Obese
40-59,Female,Non-Smoker,Normoglycemic,Normal,Desirable,26.8,Non-Obese
60-79,Female,Non-Smoker,Normoglycemic,Normal,Very High,33.1,Obese
40-59,Female,Current Smoker,Normoglycemic,Stage 2 HTN,Desirable,26.1,Non-Obese
20-39,Male,Non-Smoker,Normoglycemic,Elevated,Borderline High,24.9,Non-Obese
40-59,Female,Non-Smoker,Normoglycemic,Stage 1 HTN,Desirable,29.2,Non-Obese
40-59,Male,Non-Smoker,Normoglycemic,Normal,High,26.7,Non-Obese
20-39,Female,Non-Smoker,Normoglycemic,Stage 1 HTN,High,35.5,Obese
20-39,Female,Current Smoker,Normoglycemic,Normal,High,22.6,Non-Obese
80+,Female,Non-Smoker,Diabetic,Elevated,Desirable,31.4,Obese
20-39,Female,Non-Smoker,Normoglycemic,Normal,Borderline High,27.8,Non-Obese
80+,Female,Non-Smoker,Normoglycemic,Stage 1 HTN,High,22.5,Non-Obese
40-59,Female,Non-Smoker,Normoglycemic,Normal,Borderline High,24.9,Non-Obese
40-59,Female,Non-Smoker,Normoglycemic,Elevated,Borderline High,29.1,Non-Obese
20-39,Female,Non-Smoker,Normoglycemic,Normal,Borderline High,24.7,Non-Obese
80+,Female,Non-Smoker,Normoglycemic,Elevated,High,27.5,Non-Obese
60-79,Male,Non-Smoker,Normoglycemic,Normal,Very High,26.1,Non-Obese
20-39,Male,Non-Smoker,Normoglycemic,Normal,Borderline High,24.1,Non-Obese
20-39,Male,Current Smoker,Normoglycemic,Normal,Desirable,27.2,Non-Obese
40-59,Female,Non-Smoker,Normoglycemic,Normal,Borderline High,25.4,Non-Obese
40-59,Male,Non-Smoker,Normoglycemic,Elevated,High,26.5,Non-Obese
60-79,Male,Non-Smoker,Normoglycemic,Normal,Very High,25.9,Non-Obese
60-79,Female,Non-Smoker,Normoglycemic,Elevated,Borderline High,25.6,Non-Obese
20-39,Female,Non-Smoker,Normoglycemic,Normal,Desirable,22.6,Non-Obese
40-59,Female,Non-Smoker,Normoglycemic,Normal,Desirable,26.0,Non-Obese
60-79,Female,Non-Smoker,Normoglycemic,Normal,High,22.4,Non-Obese
80+,Female,Non-Smoker,Normoglycemic,Elevated,Very High,28.4,Non-Obese
80+,Female,Non-Smoker,Normoglycemic,Elevated,Desirable,26.3,Non-Obese
60-79,Male,Non-Smoker,Normoglycemic,Elevated,Borderline High,32.7,Obese
60-79,Male,Non-Smoker,Normoglycemic,Normal,Borderline High,24.9,Non-Obese
60-79,Male,Non-Smoker,Normoglycemic,Elevated,Borderline High,26.3,Non-Obese
20-39,Male,Current Smoker,Normoglycemic,Stage 2 HTN,Very High,27.3,Non-Obese
60-79,Female,Non-Smoker,Normoglycemic,Normal,Desirable,20.9,Non-Obese
40-59,Male,Current Smoker,Normoglycemic,Normal,High,25.2,Non-Obese
20-39,Female,Non-Smoker,Normoglycemic,Normal,Borderline High,30.5,Obese
60-79,Female,Non-Smoker,Normoglycemic,Normal,Borderline High,32.8,Obese
20-39,Male,Non-Smoker,Normoglycemic,Normal,Desirable,33.7,Obese
60-79,Male,Current Smoker,Normoglycemic,Normal,Desirable,21.1,Non-Obese
20-39,Female,Non-Smoker,Normoglycemic,Normal,Desirable,23.0,Non-Obese
60-79,Male,Non-Smoker,Normoglycemic,Normal,Borderline High,25.4,Non-Obese
80+,Male,Non-Smoker,Normoglycemic,Normal,Borderline High,27.6,Non-Obese
40-59,Male,Non-Smoker,Normoglycemic,Normal,Desirable,26.6,Non-Obese
40-59,Female,Non-Smoker,Normoglycemic,Normal,High,25.5,Non-Obese
20-39,Male,Current Smoker,Normoglycemic,Elevated,Borderline High,23.0,Non-Obese
80+,Male,Non-Smoker,Normoglycemic,Elevated,Desirable,21.1,Non-Obese
40-59,Female,Non-Smoker,Diabetic,Stage 2 HTN,High,32.2,Obese
60-79,Female,Non-Smoker,Normoglycemic,Stage 1 HTN,Borderline High,32.5,Obese
80+,Male,Current Smoker,Normoglycemic,Elevated,High,23.8,Non-Obese
20-39,Male,Current Smoker,Normoglycemic,Elevated,Borderline High,22.6,Non-Obese
20-39,Male,Non-Smoker,Normoglycemic,Normal,Desirable,26.3,Non-Obese
20-39,Female,Non-Smoker,Normoglycemic,Normal,High,26.9,Non-Obese
40-59,Male,Non-Smoker,Normoglycemic,Normal,Desirable,26.6,Non-Obese
40-59,Female,Current Smoker,Normoglycemic,Elevated,Borderline High,26.9,Non-Obese
20-39,Female,Non-Smoker,Normoglycemic,Normal,Very High,29.3,Non-Obese
40-59,Female,Non-Smoker,Diabetic,Stage 1 HTN,Desirable,28.8,Non-Obese
60-79,Male,Current Smoker,Normoglycemic,Stage 2 HTN,High,26.7,Non-Obese
80+,Female,Non-Smoker,Normoglycemic,Normal,Very High,30.9,Obese
20-39,Female,Non-Smoker,Normoglycemic,Elevated,Desirable,26.2,Non-Obese
40-59,Female,Non-Smoker,Diabetic,Stage 1 HTN,Very High,39.5,Obese
40-59,Female,Non-Smoker,Normoglycemic,Elevated,Desirable,28.0,Non-Obese
80+,Female,Non-Smoker,Normoglycemic,Normal,Desirable,24.4,Non-Obese
20-39,Female,Non-Smoker,Normoglycemic,Elevated,Desirable,18.5,Non-Obese
20-39,Female,Non-Smoker,Normoglycemic,Stage 2 HTN,High,28.4,Non-Obese
40-59,Male,Non-Smoker,Normoglycemic,Elevated,High,28.6,Non-Obese
40-59,Female,Non-Smoker,Normoglycemic,Stage 2 HTN,Desirable,31.3,Obese
60-79,Male,Non-Smoker,Normoglycemic,Elevated,High,28.8,Non-Obese
20-39,Male,Non-Smoker,Normoglycemic,Normal,Borderline High,23.6,Non-Obese
60-79,Female,Non-Smoker,Normoglycemic,Normal,Desirable,26.1,Non-Obese
60-79,Male,Non-Smoker,Normoglycemic,Stage 1 HTN,Very High,32.6,Obese
40-59,Male,Non-Smoker,Normoglycemic,Normal,High,25.4,Non-Obese
40-59,Male,Non-Smoker,Normoglycemic,Elevated,Desirable,27.1,Non-Obese
40-59,Male,Non-Smoker,Normoglycemic,Stage 2 HTN,Desirable,23.7,Non-Obese
60-79,Male,Current Smoker,Normoglycemic,Elevated,High,27.5,Non-Obese
20-39,Female,Non-Smoker,Normoglycemic,Elevated,Borderline High,31.4,Obese
60-79,Male,Non-Smoker,Normoglycemic,Normal,Desirable,25.1,Non-Obese
40-59,Male,Non-Smoker,Diabetic,Elevated,Borderline High,33.1,Obese
60-79,Male,Current Smoker,Normoglycemic,Stage 1 HTN,High,24.2,Non-Obese
40-59,Female,Non-Smoker,Normoglycemic,Normal,Desirable,26.7,Non-Obese
40-59,Male,Non-Smoker,Diabetic,Stage 1 HTN,Borderline High,35.2,Obese
20-39,Female,Non-Smoker,Normoglycemic,Normal,Desirable,21.1,Non-Obese
20-39,Female,Non-Smoker,Diabetic,Stage 2 HTN,Borderline High,33.0,Obese
80+,Female,Current Smoker,Diabetic,Stage 2 HTN,Borderline High,24.9,Non-Obese
40-59,Male,Current Smoker,Normoglycemic,Normal,High,23.5,Non-Obese
20-39,Female,Non-Smoker,Normoglycemic,Normal,Desirable,33.9,Obese
40-59,Female,Non-Smoker,Normoglycemic,Normal,Borderline High,30.4,Obese
20-39,Female,Non-Smoker,Normoglycemic,Stage 2 HTN,Desirable,19.7,Non-Obese
60-79,Female,Current Smoker,Normoglycemic,Elevated,Borderline High,25.0,Non-Obese
60-79,Male,Non-Smoker,Normoglycemic,Stage 1 HTN,Desirable,29.3,Non-Obese
60-79,Female,Current Smoker,Normoglycemic,Elevated,Borderline High,32.9,Obese
20-39,Male,Non-Smoker,Normoglycemic,Normal,High,28.4,Non-Obese
20-39,Male,Non-Smoker,Normoglycemic,Stage 1 HTN,High,27.2,Non-Obese
40-59,Female,Non-Smoker,Normoglycemic,Elevated,High,27.5,Non-Obese
20-39,Female,Current Smoker,Diabetic,Elevated,High,25.2,Non-Obese
20-39,Female,Non-Smoker,Normoglycemic,Normal,Desirable,20.5,Non-Obese
60-79,Male,Non-Smoker,Diabetic,Stage 2 HTN,High,30.7,Obese
40-59,Male,Current Smoker,Normoglycemic,Stage 1 HTN,High,33.4,Obese
60-79,Female,Non-Smoker,Normoglycemic,Normal,High,28.9,Non-Obese
60-79,Female,Non-Smoker,Normoglycemic,Normal,Borderline High,30.1,Obese
60-79,Female,Non-Smoker,Normoglycemic,Stage 1 HTN,Borderline High,32.0,Obese
40-59,Female,Non-Smoker,Normoglycemic,Stage 1 HTN,Desirable,26.6,Non-Obese
60-79,Male,Non-Smoker,Diabetic,Elevated,High,29.0,Non-Obese
20-39,Male,Current Smoker,Normoglycemic,Stage 2 HTN,High,25.9,Non-Obese
20-39,Female,Non-Smoker,Normoglycemic,Stage 1 HTN,High,24.0,Non-Obese
60-79,Female,Current Smoker,Normoglycemic,Elevated,Borderline High,25.7,Non-Obese
60-79,Female,Non-Smoker,Normoglycemic,Normal,High,29.9,Non-Obese
80+,Male,Non-Smoker,Normoglycemic,Normal,Desirable,25.5,Non-Obese
80+,Female,Non-Smoker,Normoglycemic,Normal,Borderline High,27.5,Non-Obese
40-59,Male,Non-Smoker,Normoglycemic,Elevated,Desirable,26.0,Non-Obese
40-59,Female,Non-Smoker,Diabetic,Stage 2 HTN,Desirable,28.0,Non-Obese
60-79,Female,Current Smoker,Normoglycemic,Stage 2 HTN,Borderline High,37.2,Obese
60-79,Male,Non-Smoker,Normoglycemic,Stage 2 HTN,Desirable,33.4,Obese
60-79,Female,Non-Smoker,Normoglycemic,Elevated,Desirable,29.6,Non-Obese
60-79,Female,Current Smoker,Normoglycemic,Stage 2 HTN,High,31.9,Obese
40-59,Female,Non-Smoker,Normoglycemic,Normal,Very High,32.6,Obese
40-59,Male,Non-Smoker,Normoglycemic,Normal,Desirable,24.7,Non-Obese
60-79,Female,Non-Smoker,Diabetic,Stage 1 HTN,Borderline High,30.8,Obese
20-39,Female,Non-Smoker,Normoglycemic,Normal,Very High,23.9,Non-Obese
20-39,Male,Non-Smoker,Diabetic,Stage 2 HTN,Very High,33.5,Obese
60-79,Female,Current Smoker,Normoglycemic,Normal,High,31.9,Obese
20-39,Male,Current Smoker,Normoglycemic,Stage 1 HTN,Very High,25.8,Non-Obese
40-59,Female,Non-Smoker,Normoglycemic,Normal,Borderline High,29.1,Non-Obese
40-59,Male,Non-Smoker,Normoglycemic,Normal,Borderline High,24.2,Non-Obese
20-39,Male,Non-Smoker,Normoglycemic,Elevated,Desirable,25.9,Non-Obese
60-79,Male,Current Smoker,Normoglycemic,Normal,Borderline High,26.9,Non-Obese
60-79,Male,Non-Smoker,Normoglycemic,Normal,High,26.7,Non-Obese
40-59,Female,Non-Smoker,Diabetic,Normal,Desirable,37.3,Obese
60-79,Female,Non-Smoker,Normoglycemic,Stage 1 HTN,Borderline High,41.0,Obese
80+,Female,Non-Smoker,Normoglycemic,Elevated,Borderline High,26.3,Non-Obese
20-39,Female,Current Smoker,Normoglycemic,Stage 2 HTN,Borderline High,27.1,Non-Obese
20-39,Male,Current Smoker,Normoglycemic,Elevated,Very High,24.9,Non-Obese
20-39,Female,Non-Smoker,Normoglycemic,Normal,Desirable,20.7,Non-Obese
60-79,Female,Non-Smoker,Normoglycemic,Normal,High,23.7,Non-Obese
40-59,Female,Current Smoker,Diabetic,Stage 1 HTN,Very High,38.4,Obese
80+,Female,Non-Smoker,Normoglycemic,Normal,Very High,28.9,Non-Obese
20-39,Female,Non-Smoker,Normoglycemic,Normal,Desirable,22.1,Non-Obese
40-59,Male,Current Smoker,Diabetic,Stage 2 HTN,Borderline High,31.9,Obese
20-39,Female,Non-Smoker,Normoglycemic,Elevated,Desirable,23.3,Non-Obese
80+,Male,Non-Smoker,Normoglycemic,Stage 1 HTN,High,22.8,Non-Obese
40-59,Female,Non-Smoker,Normoglycemic,Stage 1 HTN,High,40.3,Obese
60-79,Female,Non-Smoker,Diabetic,Stage 2 HTN,Desirable,40.3,Obese
20-39,Female,Non-Smoker,Diabetic,Stage 2 HTN,Desirable,30.8,Obese
40-59,Male,Current Smoker,Normoglycemic,Elevated,Borderline High,28.5,Non-Obese
60-79,Female,Non-Smoker,Diabetic,Stage 2 HTN,Desirable,31.0,Obese
20-39,Male,Current Smoker,Normoglycemic,Elevated,High,26.5,Non-Obese
40-59,Male,Current Smoker,Normoglycemic,Elevated,High,24.5,Non-Obese
40-59,Male,Current Smoker,Normoglycemic,Stage 1 HTN,Borderline High,31.7,Obese
60-79,Female,Non-Smoker,Normoglycemic,Stage 1 HTN,Desirable,29.4,Non-Obese
20-39,Male,Non-Smoker,Normoglycemic,Stage 2 HTN,High,28.6,Non-Obese
20-39,Female,Non-Smoker,Normoglycemic,Normal,Very High,24.0,Non-Obese
60-79,Male,Non-Smoker,Normoglycemic,Normal,Borderline High,31.4,Obese
40-59,Male,Current Smoker,Normoglycemic,Normal,Borderline High,25.2,Non-Obese
20-39,Female,Non-Smoker,Normoglycemic,Normal,Desirable,32.0,Obese
20-39,Female,Non-Smoker,Normoglycemic,Normal,Borderline High,21.0,Non-Obese
60-79,Male,Non-Smoker,Diabetic,Stage 2 HTN,Borderline High,29.6,Non-Obese
40-59,Male,Non-Smoker,Normoglycemic,Normal,Desirable,24.2,Non-Obese
80+,Male,Non-Smoker,Normoglycemic,Elevated,High,27.7,Non-Obese
20-39,Female,Non-Smoker,Normoglycemic,Elevated,Very High,24.9,Non-Obese
80+,Female,Non-Smoker,Normoglycemic,Normal,High,27.4,Non-Obese
20-39,Female,Non-Smoker,Normoglycemic,Normal,Borderline High,29.6,Non-Obese
60-79,Male,Current Smoker,Normoglycemic,Stage 1 HTN,Borderline High,30.4,Obese
60-79,Female,Non-Smoker,Normoglycemic,Stage 1 HTN,Desirable,28.9,Non-Obese
40-59,Male,Current Smoker,Diabetic,Stage 1 HTN,Desirable,33.1,Obese
80+,Female,Non-Smoker,Diabetic,Stage 1 HTN,Desirable,28.1,Non-Obese
40-59,Male,Non-Smoker,Normoglycemic,Elevated,High,25.4,Non-Obese
80+,Female,Non-Smoker,Normoglycemic,Normal,High,23.5,Non-Obese
60-79,Male,Non-Smoker,Normoglycemic,Normal,Borderline High,29.2,Non-Obese
60-79,Female,Current Smoker,Normoglycemic,Stage 1 HTN,Very High,24.8,Non-Obese
60-79,Male,Non-Smoker,Normoglycemic,Normal,Desirable,29.3,Non-Obese
20-39,Male,Current Smoker,Normoglycemic,Normal,Very High,29.7,Non-Obese
40-59,Male,Non-Smoker,Normoglycemic,Normal,Desirable,24.0,Non-Obese
20-39,Female,Non-Smoker,Normoglycemic,Normal,High,27.5,Non-Obese
20-39,Female,Non-Smoker,Diabetic,Stage 1 HTN,Borderline High,27.9,Non-Obese
40-59,Female,Non-Smoker,Normoglycemic,Normal,Desirable,27.2,Non-Obese
40-59,Female,Non-Smoker,Normoglycemic,Stage 1 HTN,Borderline High,26.3,Non-Obese
60-79,Female,Non-Smoker,Normoglycemic,Stage 2 HTN,Desirable,28.9,Non-Obese
40-59,Male,Current Smoker,Normoglycemic,Normal,Very High,24.1,Non-Obese
60-79,Male,Current Smoker,Normoglycemic,Stage 1 HTN,Desirable,24.3,Non-Obese
80+,Female,Non-Smoker,Normoglycemic,Elevated,Desirable,25.2,Non-Obese
20-39,Male,Non-Smoker,Normoglycemic,Normal,High,22.2,Non-Obese
60-79,Male,Non-Smoker,Normoglycemic,Elevated,Desirable,24.8,Non-Obese
60-79,Male,Non-Smoker,Normoglycemic,Normal,Very High,22.3,Non-Obese
80+,Male,Current Smoker,Normoglycemic,Stage 2 HTN,High,24.1,Non-Obese
20-39,Female,Current Smoker,Normoglycemic,Stage 2 HTN,High,28.7,Non-Obese
80+,Female,Non-Smoker,Normoglycemic,Normal,Borderline High,24.2,Non-Obese
80+,Female,Non-Smoker,Normoglycemic,Normal,Borderline High,27.5,Non-Obese
80+,Male,Non-Smoker,Normoglycemic,Normal,Borderline High,19.5,Non-Obese
20-39,Female,Current Smoker,Normoglycemic,Stage 1 HTN,High,31.5,Obese
60-79,Female,Non-Smoker,Normoglycemic,Elevated,Desirable,21.4,Non-Obese
40-59,Male,Non-Smoker,Normoglycemic,Elevated,Borderline High,25.7,Non-Obese
60-79,Female,Non-Smoker,Normoglycemic,Normal,Desirable,27.8,Non-Obese
40-59,Female,Non-Smoker,Diabetic,Stage 2 HTN,Borderline High,32.1,Obese
20-39,Female,Non-Smoker,Normoglycemic,Normal,Borderline High,23.0,Non-Obese
80+,Female,Non-Smoker,Diabetic,Stage 1 HTN,Borderline High,32.8,Obese
60-79,Male,Non-Smoker,Normoglycemic,Normal,Desirable,26.0,Non-Obese
60-79,Female,Non-Smoker,Normoglycemic,Normal,Borderline High,21.7,Non-Obese
60-79,Female,Current Smoker,Normoglycemic,Stage 1 HTN,High,25.8,Non-Obese
40-59,Female,Non-Smoker,Normoglycemic,Normal,Borderline High,29.6,Non-Obese
60-79,Female,Non-Smoker,Diabetic,Stage 2 HTN,Borderline High,36.0,Obese
40-59,Female,Non-Smoker,Normoglycemic,Normal,Desirable,23.2,Non-Obese
40-59,Female,Non-Smoker,Normoglycemic,Normal,Borderline High,36.2,Obese
20-39,Male,Non-Smoker,Normoglycemic,Normal,Desirable,22.5,Non-Obese
20-39,Female,Current Smoker,Normoglycemic,Elevated,Borderline High,22.7,Non-Obese
20-39,Female,Current Smoker,Normoglycemic,Elevated,Borderline High,22.8,Non-Obese
60-79,Male,Current Smoker,Diabetic,Stage 1 HTN,Borderline High,23.5,Non-Obese
60-79,Female,Non-Smoker,Diabetic,Stage 2 HTN,Desirable,31.0,Obese
60-79,Female,Non-Smoker,Normoglycemic,Normal,Desirable,24.9,Non-Obese
20-39,Male,Current Smoker,Normoglycemic,Stage 1 HTN,Desirable,22.9,Non-Obese
40-59,Male,Non-Smoker,Normoglycemic,Elevated,Desirable,26.0,Non-Obese
20-39,Female,Non-Smoker,Normoglycemic,Stage 1 HTN,Borderline High,25.2,Non-Obese
40-59,Male,Non-Smoker,Normoglycemic,Stage 1 HTN,Borderline High,28.9,Non-Obese
60-79,Female,Non-Smoker,Diabetic,Stage 2 HTN,Borderline High,33.7,Obese
40-59,Female,Non-Smoker,Normoglycemic,Normal,Desirable,30.4,Obese
40-59,Male,Current Smoker,Normoglycemic,Stage 2 HTN,Borderline High,22.4,Non-Obese
60-79,Male,Current Smoker,Normoglycemic,Stage 2 HTN,Very High,25.0,Non-Obese
40-59,Female,Non-Smoker,Normoglycemic,Stage 1 HTN,Borderline High,29.9,Non-Obese
40-59,Male,Non-Smoker,Normoglycemic,Elevated,Very High,36.4,Obese
40-59,Female,Current Smoker,Normoglycemic,Normal,Borderline High,24.0,Non-Obese
20-39,Female,Non-Smoker,Normoglycemic,Normal,High,27.6,Non-Obese
60-79,Male,Non-Smoker,Normoglycemic,Stage 2 HTN,High,35.6,Obese
40-59,Male,Current Smoker,Normoglycemic,Stage 2 HTN,High,33.6,Obese
20-39,Female,Non-Smoker,Normoglycemic,Elevated,Very High,28.0,Non-Obese
40-59,Female,Non-Smoker,Diabetic,Stage 1 HTN,Borderline High,24.7,Non-Obese
40-59,Female,Current Smoker,Diabetic,Stage 1 HTN,Very High,40.3,Obese
60-79,Female,Non-Smoker,Normoglycemic,Normal,High,34.3,Obese
20-39,Male,Non-Smoker,Normoglycemic,Normal,Desirable,17.0,Non-Obese
80+,Male,Current Smoker,Normoglycemic,Elevated,High,22.7,Non-Obese
40-59,Male,Non-Smoker,Normoglycemic,Normal,Borderline High,24.6,Non-Obese
20-39,Female,Current Smoker,Normoglycemic,Stage 1 HTN,Borderline High,34.9,Obese
40-59,Female,Non-Smoker,Normoglycemic,Stage 1 HTN,Borderline High,30.4,Obese
20-39,Male,Non-Smoker,Normoglycemic,Normal,Very High,21.0,Non-Obese
20-39,Male,Current Smoker,Normoglycemic,Stage 2 HTN,Borderline High,25.6,Non-Obese
60-79,Male,Non-Smoker,Normoglycemic,Normal,Desirable,24.9,Non-Obese
40-59,Male,Non-Smoker,Normoglycemic,Normal,Desirable,28.4,Non-Obese
20-39,Male,Non-Smoker,Normoglycemic,Stage 2 HTN,Desirable,24.0,Non-Obese
20-39,Male,Non-Smoker,Normoglycemic,Stage 1 HTN,High,25.4,Non-Obese
60-79,Male,Current Smoker,Normoglycemic,Stage 1 HTN,Borderline High,28.9,Non-Obese
60-79,Male,Current Smoker,Normoglycemic,Stage 1 HTN,Very High,23.8,Non-Obese
20-39,Male,Current Smoker,Normoglycemic,Stage 1 HTN,Very High,27.3,Non-Obese
60-79,Female,Non-Smoker,Normoglycemic,Normal,Very High,26.3,Non-Obese
20-39,Female,Non-Smoker,Normoglycemic,Stage 1 HTN,High,25.8,Non-Obese
20-39,Male,Non-Smoker,Normoglycemic,Normal,Borderline High,26.9,Non-Obese
40-59,Male,Current Smoker,Normoglycemic,Stage 1 HTN,High,32.3,Obese
60-79,Female,Current Smoker,Normoglycemic,Stage 2 HTN,Borderline High,28.8,Non-Obese
60-79,Male,Non-Smoker,Normoglycemic,Stage 1 HTN,Desirable,24.5,Non-Obese
80+,Male,Non-Smoker,Normoglycemic,Stage 1 HTN,Desirable,21.4,Non-Obese
20-39,Male,Non-Smoker,Normoglycemic,Elevated,Borderline High,25.4,Non-Obese
20-39,Male,Non-Smoker,Normoglycemic,Normal,Desirable,19.8,Non-Obese
40-59,Female,Non-Smoker,Normoglycemic,Normal,Borderline High,24.2,Non-Obese
40-59,Male,Non-Smoker,Normoglycemic,Stage 1 HTN,High,28.1,Non-Obese
60-79,Male,Non-Smoker,Normoglycemic,Normal,Very High,30.4,Obese
20-39,Female,Current Smoker,Normoglycemic,Elevated,Very High,37.7,Obese
80+,Male,Non-Smoker,Normoglycemic,Normal,Borderline High,23.8,Non-Obese
20-39,Male,Current Smoker,Normoglycemic,Elevated,Desirable,25.5,Non-Obese
20-39,Female,Non-Smoker,Normoglycemic,Normal,Borderline High,23.4,Non-Obese
40-59,Female,Current Smoker,Diabetic,Stage 1 HTN,Very High,35.2,Obese
80+,Male,Current Smoker,Normoglycemic,Stage 1 HTN,Desirable,20.1,Non-Obese
20-39,Male,Non-Smoker,Normoglycemic,Normal,High,24.9,Non-Obese
60-79,Male,Non-Smoker,Normoglycemic,Normal,High,19.4,Non-Obese
80+,Male,Non-Smoker,Normoglycemic,Normal,Desirable,19.9,Non-Obese
60-79,Male,Non-Smoker,Normoglycemic,Elevated,High,25.8,Non-Obese
60-79,Male,Non-Smoker,Diabetic,Stage 1 HTN,Desirable,32.6,Obese
60-79,Female,Non-Smoker,Normoglycemic,Elevated,High,30.8,Obese
40-59,Female,Non-Smoker,Normoglycemic,Elevated,Desirable,28.4,Non-Obese
60-79,Female,Current Smoker,Diabetic,Stage 1 HTN,Borderline High,39.6,Obese
20-39,Male,Current Smoker,Normoglycemic,Stage 1 HTN,Desirable,25.1,Non-Obese
60-79,Male,Current Smoker,Normoglycemic,Normal,Borderline High,24.6,Non-Obese
40-59,Female,Non-Smoker,Normoglycemic,Normal,Borderline High,24.7,Non-Obese
40-59,Male,Current Smoker,Normoglycemic,Normal,High,24.9,Non-Obese
60-79,Male,Non-Smoker,Diabetic,Stage 1 HTN,Borderline High,28.3,Non-Obese
60-79,Female,Non-Smoker,Normoglycemic,Stage 2 HTN,High,35.8,Obese
80+,Male,Non-Smoker,Normoglycemic,Elevated,High,31.5,Obese
40-59,Male,Non-Smoker,Normoglycemic,Elevated,Desirable,25.1,Non-Obese
40-59,Female,Non-Smoker,Normoglycemic,Stage 1 HTN,Desirable,27.1,Non-Obese
20-39,Female,Non-Smoker,Normoglycemic,Normal,Very High,29.1,Non-Obese
60-79,Female,Non-Smoker,Normoglycemic,Normal,Borderline High,34.5,Obese
20-39,Female,Non-Smoker,Normoglycemic,Elevated,Desirable,27.6,Non-Obese
40-59,Male,Current Smoker,Normoglycemic,Normal,Desirable,26.1,Non-Obese
40-59,Male,Current Smoker,Diabetic,Elevated,High,27.3,Non-Obese
60-79,Female,Current Smoker,Normoglycemic,Stage 2 HTN,Borderline High,29.0,Non-Obese
60-79,Female,Current Smoker,Normoglycemic,Normal,Borderline High,21.3,Non-Obese
60-79,Female,Non-Smoker,Normoglycemic,Normal,Desirable,29.0,Non-Obese
80+,Male,Non-Smoker,Diabetic,Stage 1 HTN,Borderline High,31.3,Obese
60-79,Female,Non-Smoker,Diabetic,Stage 2 HTN,Desirable,32.4,Obese
80+,Female,Current Smoker,Normoglycemic,Elevated,High,23.3,Non-Obese
20-39,Female,Non-Smoker,Normoglycemic,Stage 2 HTN,Borderline High,28.1,Non-Obese
40-59,Male,Current Smoker,Diabetic,Elevated,High,26.5,Non-Obese
60-79,Female,Non-Smoker,Normoglycemic,Stage 2 HTN,Borderline High,37.8,Obese
80+,Female,Non-Smoker,Normoglycemic,Stage 1 HTN,Desirable,22.6,Non-Obese
60-79,Male,Non-Smoker,Normoglycemic,Stage 2 HTN,Very High,30.2,Obese
80+,Female,Current Smoker,Normoglycemic,Elevated,High,25.2,Non-Obese
40-59,Female,Non-Smoker,Normoglycemic,Stage 1 HTN,Borderline High,27.4,Non-Obese
60-79,Male,Non-Smoker,Normoglycemic,Normal,Desirable,21.2,Non-Obese
60-79,Female,Non-Smoker,Diabetic,Stage 2 HTN,Borderline High,31.2,Obese
40-59,Male,Current Smoker,Normoglycemic,Stage 2 HTN,High,24.2,Non-Obese
80+,Female,Non-Smoker,Diabetic,Stage 1 HTN,Desirable,28.9,Non-Obese
40-59,Female,Non-Smoker,Normoglycemic,Elevated,High,25.0,Non-Obese
20-39,Male,Non-Smoker,Normoglycemic,Elevated,Very High,28.5,Non-Obese
80+,Female,Current Smoker,Normoglycemic,Stage 1 HTN,Desirable,24.4,Non-Obese
20-39,Male,Current Smoker,Normoglycemic,Stage 2 HTN,Desirable,22.3,Non-Obese
40-59,Female,Non-Smoker,Diabetic,Stage 2 HTN,Desirable,38.3,Obese
40-59,Male,Non-Smoker,Normoglycemic,Normal,Desirable,23.6,Non-Obese
80+,Female,Non-Smoker,Diabetic,Stage 1 HTN,Desirable,38.6,Obese
80+,Male,Non-Smoker,Normoglycemic,Elevated,Borderline High,30.5,Obese
60-79,Female,Current Smoker,Normoglycemic,Stage 1 HTN,High,29.7,Non-Obese
80+,Male,Current Smoker,Normoglycemic,Normal,Desirable,28.1,Non-Obese
40-59,Male,Non-Smoker,Diabetic,Normal,High,25.8,Non-Obese
60-79,Male,Non-Smoker,Normoglycemic,Elevated,Desirable,24.9,Non-Obese
60-79,Male,Current Smoker,Normoglycemic,Stage 2 HTN,Borderline High,39.1,Obese
40-59,Female,Non-Smoker,Normoglycemic,Normal,Borderline High,23.1,Non-Obese
40-59,Male,Non-Smoker,Normoglycemic,Normal,High,23.5,Non-Obese
20-39,Male,Non-Smoker,Normoglycemic,Stage 1 HTN,Desirable,29.3,Non-Obese
20-39,Female,Non-Smoker,Normoglycemic,Stage 1 HTN,Very High,34.5,Obese
80+,Female,Non-Smoker,Normoglycemic,Normal,Desirable,24.9,Non-Obese
60-79,Male,Non-Smoker,Normoglycemic,Normal,Desirable,25.1,Non-Obese
20-39,Female,Non-Smoker,Normoglycemic,Normal,Desirable,23.4,Non-Obese
40-59,Male,Current Smoker,Normoglycemic,Stage 1 HTN,Very High,29.3,Non-Obese
60-79,Female,Non-Smoker,Diabetic,Stage 2 HTN,Desirable,38.4,Obese
40-59,Male,Current Smoker,Normoglycemic,Elevated,Desirable,24.3,Non-Obese
60-79,Male,Non-Smoker,Diabetic,Stage 2 HTN,Borderline High,35.5,Obese
20-39,Male,Non-Smoker,Normoglycemic,Normal,High,21.9,Non-Obese
40-59,Male,Non-Smoker,Normoglycemic,Normal,Borderline High,26.0,Non-Obese
20-39,Male,Non-Smoker,Normoglycemic,Stage 1 HTN,High,30.8,Obese
40-59,Female,Non-Smoker,Normoglycemic,Normal,Borderline High,26.4,Non-Obese
40-59,Male,Non-Smoker,Normoglycemic,Elevated,Very High,26.4,Non-Obese
60-79,Female,Non-Smoker,Normoglycemic,Normal,Desirable,25.3,Non-Obese
40-59,Male,Current Smoker,Normoglycemic,Stage 1 HTN,High,35.2,Obese
60-79,Male,Non-Smoker,Diabetic,Stage 2 HTN,Desirable,26.0,Non-Obese
60-79,Female,Non-Smoker,Diabetic,Stage 2 HTN,Desirable,28.4,Non-Obese
40-59,Female,Non-Smoker,Normoglycemic,Normal,Borderline High,29.8,Non-Obese
60-79,Female,Non-Smoker,Normoglycemic,Normal,Borderline High,31.6,Obese
20-39,Female,Non-Smoker,Normoglycemic,Normal,High,25.6,Non-Obese
80+,Male,Non-Smoker,Normoglycemic,Normal,Borderline High,28.6,Non-Obese
40-59,Female,Non-Smoker,Normoglycemic,Elevated,High,27.7,Non-Obese
20-39,Male,Non-Smoker,Normoglycemic,Stage 1 HTN,High,28.9,Non-Obese
20-39,Female,Non-Smoker,Normoglycemic,Normal,High,26.4,Non-Obese
40-59,Male,Non-Smoker,Normoglycemic,Elevated,Borderline High,30.4,Obese
20-39,Female,Non-Smoker,Normoglycemic,Stage 2 HTN,Desirable,28.0,Non-Obese
80+,Female,Non-Smoker,Normoglycemic,Normal,Desirable,25.8,Non-Obese
40-59,Male,Current Smoker,Normoglycemic,Normal,High,25.0,Non-Obese
60-79,Female,Non-Smoker,Normoglycemic,Elevated,Desirable,30.9,Obese
80+,Male,Non-Smoker,Normoglycemic,Normal,Very High,22.0,Non-Obese
60-79,Female,Non-Smoker,Diabetic,Stage 2 HTN,Borderline High,30.7,Obese
60-79,Female,Non-Smoker,Normoglycemic,Elevated,Borderline High,27.4,Non-Obese
40-59,Female,Non-Smoker,Normoglycemic,Stage 2 HTN,Borderline High,31.9,Obese
40-59,Female,Current Smoker,Normoglycemic,Stage 1 HTN,High,32.0,Obese
60-79,Male,Non-Smoker,Diabetic,Elevated,High,38.2,Obese
20-39,Female,Current Smoker,Normoglycemic,Stage 2 HTN,Desirable,25.3,Non-Obese
80+,Male,Current Smoker,Normoglycemic,Stage 1 HTN,High,20.0,Non-Obese
40-59,Female,Current Smoker,Normoglycemic,Elevated,Borderline High,27.0,Non-Obese
80+,Male,Non-Smoker,Diabetic,Stage 2 HTN,Borderline High,24.7,Non-Obese
60-79,Male,Current Smoker,Normoglycemic,Stage 1 HTN,High,23.7,Non-Obese
80+,Female,Current Smoker,Normoglycemic,Stage 2 HTN,Desirable,23.6,Non-Obese
40-59,Female,Non-Smoker,Normoglycemic,Stage 1 HTN,Desirable,32.5,Obese
60-79,Female,Non-Smoker,Normoglycemic,Normal,Borderline High,29.4,Non-Obese
60-79,Female,Non-Smoker,Normoglycemic,Elevated,High,32.1,Obese
20-39,Male,Current Smoker,Normoglycemic,Stage 1 HTN,High,23.1,Non-Obese
20-39,Male,Non-Smoker,Normoglycemic,Normal,Desirable,25.7,Non-Obese
60-79,Female,Non-Smoker,Normoglycemic,Normal,High,30.5,Obese
60-79,Male,Non-Smoker,Normoglycemic,Stage 1 HTN,Desirable,23.9,Non-Obese
60-79,Male,Non-Smoker,Normoglycemic,Normal,Borderline High,28.7,Non-Obese
40-59,Female,Non-Smoker,Diabetic,Stage 1 HTN,Borderline High,33.0,Obese
60-79,Male,Current Smoker,Diabetic,Normal,Desirable,24.8,Non-Obese
20-39,Female,Non-Smoker,Normoglycemic,Stage 1 HTN,Desirable,26.2,Non-Obese
60-79,Male,Non-Smoker,Diabetic,Elevated,Very High,23.2,Non-Obese
60-79,Female,Non-Smoker,Normoglycemic,Normal,High,23.3,Non-Obese
20-39,Female,Current Smoker,Normoglycemic,Stage 1 HTN,Desirable,29.3,Non-Obese
60-79,Male,Current Smoker,Normoglycemic,Elevated,Borderline High,27.4,Non-Obese
60-79,Male,Non-Smoker,Normoglycemic,Normal,Borderline High,33.7,Obese
20-39,Male,Non-Smoker,Diabetic,Normal,Borderline High,33.9,Obese
60-79,Female,Non-Smoker,Normoglycemic,Normal,Desirable,27.3,Non-Obese
20-39,Female,Non-Smoker,Normoglycemic,Normal,Borderline High,25.9,Non-Obese
40-59,Female,Non-Smoker,Diabetic,Stage 2 HTN,Borderline High,41.0,Obese
60-79,Male,Non-Smoker,Normoglycemic,Normal,Borderline High,33.4,Obese
40-59,Female,Current Smoker,Normoglycemic,Normal,High,30.3,Obese
60-79,Female,Non-Smoker,Normoglycemic,Normal,Desirable,27.0,Non-Obese
20-39,Female,Non-Smoker,Normoglycemic,Elevated,High,26.5,Non-Obese
80+,Male,Non-Smoker,Normoglycemic,Stage 1 HTN,Desirable,26.1,Non-Obese
80+,Female,Non-Smoker,Normoglycemic,Normal,Desirable,24.3,Non-Obese
80+,Female,Non-Smoker,Normoglycemic,Normal,Desirable,19.6,Non-Obese
40-59,Male,Current Smoker,Normoglycemic,Stage 1 HTN,Very High,23.7,Non-Obese
20-39,Male,Non-Smoker,Normoglycemic,Normal,High,25.7,Non-Obese
40-59,Male,Non-Smoker,Normoglycemic,Stage 2 HTN,High,29.4,Non-Obese
60-79,Female,Non-Smoker,Normoglycemic,Normal,Desirable,22.8,Non-Obese
40-59,Male,Non-Smoker,Normoglycemic,Normal,Desirable,17.7,Non-Obese
40-59,Male,Non-Smoker,Normoglycemic,Normal,High,32.7,Obese
40-59,Female,Non-Smoker,Normoglycemic,Normal,Borderline High,24.3,Non-Obese
60-79,Female,Non-Smoker,Normoglycemic,Normal,Borderline High,25.2,Non-Obese
40-59,Female,Non-Smoker,Normoglycemic,Stage 1 HTN,Borderline High,30.6,Obese
80+,Male,Current Smoker,Normoglycemic,Elevated,High,17.1,Non-Obese
60-79,Female,Non-Smoker,Diabetic,Stage 2 HTN,Desirable,25.1,Non-Obese
60-79,Female,Non-Smoker,Normoglycemic,Normal,Very High,28.2,Non-Obese
40-59,Male,Current Smoker,Normoglycemic,Stage 1 HTN,High,29.6,Non-Obese
60-79,Female,Non-Smoker,Diabetic,Elevated,High,31.2,Obese
60-79,Female,Current Smoker,Diabetic,Elevated,High,25.9,Non-Obese
40-59,Male,Non-Smoker,Normoglycemic,Normal,Desirable,22.9,Non-Obese
60-79,Male,Current Smoker,Diabetic,Stage 2 HTN,High,34.3,Obese
60-79,Female,Non-Smoker,Normoglycemic,Normal,Very High,28.4,Non-Obese
20-39,Male,Non-Smoker,Normoglycemic,Normal,Very High,27.2,Non-Obese
60-79,Female,Current Smoker,Diabetic,Elevated,High,30.2,Obese
60-79,Female,Current Smoker,Normoglycemic,Stage 1 HTN,Very High,22.4,Non-Obese
60-79,Female,Non-Smoker,Normoglycemic,Elevated,Desirable,25.2,Non-Obese
60-79,Female,Non-Smoker,Normoglycemic,Elevated,High,28.8,Non-Obese
40-59,Female,Current Smoker,Normoglycemic,Elevated,Borderline High,30.7,Obese
60-79,Male,Current Smoker,Diabetic,Stage 2 HTN,Borderline High,33.4,Obese
60-79,Male,Non-Smoker,Normoglycemic,Stage 1 HTN,Borderline High,26.6,Non-Obese
80+,Male,Non-Smoker,Normoglycemic,Stage 2 HTN,Borderline High,32.6,Obese
60-79,Male,Non-Smoker,Normoglycemic,Stage 1 HTN,Desirable,28.4,Non-Obese
60-79,Female,Non-Smoker,Normoglycemic,Normal,Borderline High,26.2,Non-Obese
60-79,Male,Non-Smoker,Normoglycemic,Normal,Borderline High,23.3,Non-Obese
20-39,Male,Non-Smoker,Normoglycemic,Stage 1 HTN,High,28.8,Non-Obese
20-39,Male,Non-Smoker,Normoglycemic,Elevated,Desirable,23.2,Non-Obese
80+,Female,Non-Smoker,Normoglycemic,Elevated,Desirable,19.7,Non-Obese
40-59,Male,Non-Smoker,Normoglycemic,Normal,Desirable,25.0,Non-Obese
40-59,Female,Non-Smoker,Normoglycemic,Normal,Borderline High,30.5,Obese
60-79,Female,Non-Smoker,Normoglycemic,Normal,Borderline High,27.4,Non-Obese
40-59,Male,Non-Smoker,Normoglycemic,Normal,Borderline High,23.4,Non-Obese
80+,Male,Non-Smoker,Normoglycemic,Normal,Borderline High,25.9,Non-Obese
20-39,Female,Non-Smoker,Normoglycemic,Normal,Desirable,26.1,Non-Obese
20-39,Male,Current Smoker,Normoglycemic,Stage 1 HTN,Borderline High,25.4,Non-Obese
60-79,Female,Non-Smoker,Normoglycemic,Stage 1 HTN,Very High,27.5,Non-Obese
20-39,Male,Non-Smoker,Normoglycemic,Normal,Desirable,21.8,Non-Obese
60-79,Female,Non-Smoker,Normoglycemic,Stage 1 HTN,Borderline High,30.6,Obese
80+,Male,Non-Smoker,Normoglycemic,Normal,Desirable,18.2,Non-Obese
60-79,Female,Non-Smoker,Normoglycemic,Normal,High,29.4,Non-Obese
40-59,Male,Current Smoker,Normoglycemic,Stage 2 HTN,Borderline High,28.8,Non-Obese
40-59,Male,Current Smoker,Diabetic,Stage 2 HTN,High,32.2,Obese
20-39,Female,Non-Smoker,Normoglycemic,Normal,Desirable,23.9,Non-Obese
80+,Male,Non-Smoker,Normoglycemic,Stage 1 HTN,High,31.6,Obese
60-79,Female,Non-Smoker,Normoglycemic,Stage 1 HTN,Very High,31.1,Obese
40-59,Female,Non-Smoker,Normoglycemic,Stage 1 HTN,Desirable,26.7,Non-Obese
60-79,Female,Non-Smoker,Diabetic,Stage 1 HTN,Borderline High,27.6,Non-Obese
40-59,Male,Non-Smoker,Normoglycemic,Stage 1 HTN,Desirable,27.3,Non-Obese
40-59,Male,Non-Smoker,Diabetic,Stage 2 HTN,High,34.4,Obese
60-79,Female,Non-Smoker,Normoglycemic,Normal,Borderline High,28.5,Non-Obese
80+,Male,Non-Smoker,Normoglycemic,Elevated,High,25.6,Non-Obese
60-79,Female,Non-Smoker,Normoglycemic,Normal,Desirable,20.2,Non-Obese
40-59,Male,Non-Smoker,Normoglycemic,Normal,Borderline High,30.4,Obese
80+,Male,Current Smoker,Normoglycemic,Stage 1 HTN,Borderline High,28.2,Non-Obese
80+,Female,Non-Smoker,Normoglycemic,Elevated,High,27.2,Non-Obese
20-39,Male,Non-Smoker,Normoglycemic,Normal,Borderline High,27.4,Non-Obese
20-39,Male,Non-Smoker,Normoglycemic,Normal,Desirable,27.6,Non-Obese
60-79,Male,Non-Smoker,Normoglycemic,Normal,Very High,28.6,Non-Obese
60-79,Female,Non-Smoker,Diabetic,Stage 2 HTN,Borderline High,33.0,Obese
20-39,Male,Current Smoker,Diabetic,Stage 2 HTN,High,39.9,Obese
40-59,Male,Non-Smoker,Normoglycemic,Normal,Borderline High,24.8,Non-Obese
20-39,Male,Current Smoker,Normoglycemic,Stage 1 HTN,Borderline High,22.7,Non-Obese
20-39,Female,Non-Smoker,Normoglycemic,Normal,Borderline High,21.2,Non-Obese
80+,Male,Current Smoker,Normoglycemic,Stage 1 HTN,Borderline High,20.6,Non-Obese
80+,Female,Current Smoker,Normoglycemic,Stage 1 HTN,High,25.5,Non-Obese
40-59,Female,Non-Smoker,Normoglycemic,Normal,Borderline High,26.4,Non-Obese
20-39,Female,Non-Smoker,Normoglycemic,Elevated,Desirable,22.4,Non-Obese
60-79,Female,Non-Smoker,Diabetic,Stage 2 HTN,Borderline High,32.3,Obese
60-79,Male,Non-Smoker,Normoglycemic,Stage 1 HTN,Very High,26.7,Non-Obese
20-39,Male,Current Smoker,Normoglycemic,Stage 1 HTN,High,27.6,Non-Obese
40-59,Female,Current Smoker,Normoglycemic,Elevated,Borderline High,29.4,Non-Obese
60-79,Male,Current Smoker,Normoglycemic,Elevated,Borderline High,27.1,Non-Obese
60-79,Female,Non-Smoker,Diabetic,Stage 2 HTN,Desirable,25.7,Non-Obese
60-79,Female,Non-Smoker,Normoglycemic,Normal,Desirable,25.3,Non-Obese
20-39,Male,Non-Smoker,Normoglycemic,Stage 1 HTN,High,23.0,Non-Obese
20-39,Male,Non-Smoker,Normoglycemic,Elevated,Desirable,22.4,Non-Obese
80+,Male,Non-Smoker,Normoglycemic,Normal,Borderline High,23.5,Non-Obese
20-39,Female,Non-Smoker,Normoglycemic,Normal,High,29.7,Non-Obese
40-59,Male,Current Smoker,Normoglycemic,Stage 2 HTN,High,28.3,Non-Obese
60-79,Female,Non-Smoker,Normoglycemic,Normal,Desirable,24.7,Non-Obese
20-39,Female,Non-Smoker,Normoglycemic,Normal,Desirable,21.8,Non-Obese
40-59,Male,Current Smoker,Normoglycemic,Normal,Borderline High,25.9,Non-Obese
40-59,Male,Non-Smoker,Normoglycemic,Normal,High,28.0,Non-Obese
60-79,Male,Non-Smoker,Normoglycemic,Stage 1 HTN,Borderline High,25.4,Non-Obese
60-79,Female,Non-Smoker,Normoglycemic,Elevated,Desirable,24.1,Non-Obese
60-79,Female,Non-Smoker,Normoglycemic,Stage 1 HTN,Borderline High,30.1,Obese
40-59,Female,Non-Smoker,Normoglycemic,Normal,Borderline High,26.3,Non-Obese
40-59,Female,Current Smoker,Diabetic,Stage 2 HTN,Borderline High,30.8,Obese
60-79,Male,Non-Smoker,Normoglycemic,Elevated,Very High,35.8,Obese
40-59,Male,Current Smoker,Normoglycemic,Elevated,High,34.2,Obese
40-59,Female,Non-Smoker,Normoglycemic,Normal,Desirable,21.8,Non-Obese
60-79,Female,Non-Smoker,Diabetic,Stage 2 HTN,High,36.3,Obese
20-39,Female,Non-Smoker,Normoglycemic,Normal,Desirable,22.2,Non-Obese
20-39,Male,Non-Smoker,Normoglycemic,Stage 2 HTN,High,30.1,Obese
60-79,Female,Non-Smoker,Normoglycemic,Normal,Desirable,30.9,Obese
20-39,Male,Non-Smoker,Normoglycemic,Normal,Desirable,17.8,Non-Obese
60-79,Male,Current Smoker,Normoglycemic,Normal,High,25.1,Non-Obese
40-59,Female,Non-Smoker,Normoglycemic,Normal,Desirable,22.4,Non-Obese
20-39,Male,Current Smoker,Normoglycemic,Stage 1 HTN,Desirable,19.1,Non-Obese
60-79,Female,Non-Smoker,Normoglycemic,Normal,Desirable,27.5,Non-Obese
40-59,Male,Non-Smoker,Normoglycemic,Normal,Borderline High,30.8,Obese
40-59,Female,Non-Smoker,Diabetic,Elevated,Desirable,30.3,Obese
20-39,Male,Non-Smoker,Normoglycemic,Normal,Borderline High,22.3,Non-Obese
40-59,Male,Current Smoker,Diabetic,Stage 2 HTN,Borderline High,29.4,Non-Obese
20-39,Male,Current Smoker,Diabetic,Stage 2 HTN,Desirable,33.3,Obese
60-79,Male,Non-Smoker,Diabetic,Elevated,Borderline High,34.8,Obese
60-79,Male,Non-Smoker,Normoglycemic,Normal,High,26.4,Non-Obese
60-79,Female,Non-Smoker,Normoglycemic,Normal,Desirable,34.9,Obese
20-39,Female,Current Smoker,Normoglycemic,Elevated,Desirable,28.8,Non-Obese
20-39,Female,Current Smoker,Normoglycemic,Stage 2 HTN,Desirable,31.4,Obese
40-59,Female,Current Smoker,Normoglycemic,Stage 2 HTN,High,25.2,Non-Obese
60-79,Male,Non-Smoker,Normoglycemic,Normal,High,26.6,Non-Obese
80+,Female,Current Smoker,Normoglycemic,Normal,Borderline High,25.6,Non-Obese
20-39,Female,Non-Smoker,Normoglycemic,Stage 2 HTN,Desirable,19.3,Non-Obese
20-39,Female,Non-Smoker,Normoglycemic,Stage 2 HTN,Borderline High,33.8,Obese
20-39,Male,Non-Smoker,Normoglycemic,Stage 1 HTN,High,26.4,Non-Obese
60-79,Female,Non-Smoker,Normoglycemic,Elevated,Desirable,26.0,Non-Obese
20-39,Male,Current Smoker,Normoglycemic,Normal,Borderline High,18.3,Non-Obese
60-79,Male,Current Smoker,Normoglycemic,Normal,Borderline High,21.0,Non-Obese
40-59,Female,Non-Smoker,Normoglycemic,Normal,Borderline High,29.9,Non-Obese
40-59,Male,Current Smoker,Diabetic,Stage 2 HTN,Borderline High,35.6,Obese
20-39,Male,Non-Smoker,Normoglycemic,Stage 2 HTN,Desirable,23.0,Non-Obese
60-79,Male,Current Smoker,Diabetic,Stage 2 HTN,High,28.8,Non-Obese
60-79,Female,Non-Smoker,Diabetic,Stage 2 HTN,Borderline High,34.7,Obese
20-39,Female,Non-Smoker,Normoglycemic,Elevated,Desirable,24.4,Non-Obese
40-59,Male,Current Smoker,Diabetic,Stage 2 HTN,Desirable,29.2,Non-Obese
40-59,Male,Non-Smoker,Normoglycemic,Elevated,Borderline High,24.9,Non-Obese
60-79,Female,Non-Smoker,Normoglycemic,Normal,Desirable,23.8,Non-Obese
20-39,Male,Current Smoker,Normoglycemic,Stage 2 HTN,Borderline High,28.4,Non-Obese
60-79,Female,Non-Smoker,Normoglycemic,Normal,Desirable,27.5,Non-Obese
60-79,Female,Non-Smoker,Diabetic,Stage 1 HTN,Borderline High,33.9,Obese
40-59,Male,Non-Smoker,Normoglycemic,Normal,High,31.0,Obese
20-39,Female,Non-Smoker,Normoglycemic,Normal,Desirable,17.2,Non-Obese
40-59,Male,Non-Smoker,Normoglycemic,Normal,Desirable,30.3,Obese
80+,Female,Non-Smoker,Normoglycemic,Normal,Desirable,20.0,Non-Obese
40-59,Male,Current Smoker,Normoglycemic,Stage 1 HTN,Desirable,27.3,Non-Obese
60-79,Male,Non-Smoker,Diabetic,Normal,Very High,29.6,Non-Obese
60-79,Female,Current Smoker,Normoglycemic,Stage 1 HTN,Very High,24.2,Non-Obese
20-39,Male,Non-Smoker,Normoglycemic,Elevated,High,28.5,Non-Obese
20-39,Female,Non-Smoker,Diabetic,Stage 2 HTN,Borderline High,27.4,Non-Obese
40-59,Female,Non-Smoker,Normoglycemic,Elevated,Desirable,24.7,Non-Obese
20-39,Male,Current Smoker,Normoglycemic,Stage 1 HTN,Borderline High,24.6,Non-Obese
40-59,Female,Non-Smoker,Normoglycemic,Normal,High,30.2,Obese
40-59,Male,Current Smoker,Normoglycemic,Normal,Borderline High,22.5,Non-Obese
60-79,Male,Non-Smoker,Normoglycemic,Normal,Very High,38.5,Obese
40-59,Male,Non-Smoker,Normoglycemic,Stage 2 HTN,Borderline High,25.1,Non-Obese
60-79,Male,Non-Smoker,Normoglycemic,Stage 1 HTN,Borderline High,27.9,Non-Obese
20-39,Male,Non-Smoker,Normoglycemic,Elevated,Very High,34.8,Obese
60-79,Male,Non-Smoker,Normoglycemic,Stage 1 HTN,High,25.5,Non-Obese
40-59,Female,Non-Smoker,Normoglycemic,Normal,Borderline High,25.7,Non-Obese
60-79,Male,Non-Smoker,Normoglycemic,Normal,Desirable,27.6,Non-Obese
40-59,Female,Non-Smoker,Diabetic,Stage 2 HTN,Desirable,30.1,Obese
40-59,Male,Non-Smoker,Normoglycemic,Elevated,Borderline High,23.9,Non-Obese
20-39,Male,Current Smoker,Normoglycemic,Stage 1 HTN,Borderline High,27.8,Non-Obese
80+,Male,Non-Smoker,Normoglycemic,Normal,High,34.3,Obese
40-59,Female,Non-Smoker,Normoglycemic,Stage 1 HTN,High,24.3,Non-Obese
60-79,Female,Non-Smoker,Diabetic,Stage 1 HTN,Borderline High,23.6,Non-Obese
40-59,Male,Current Smoker,Normoglycemic,Normal,Very High,28.7,Non-Obese
20-39,Female,Current Smoker,Normoglycemic,Normal,Very High,28.7,Non-Obese
60-79,Female,Non-Smoker,Normoglycemic,Normal,Desirable,25.2,Non-Obese
20-39,Female,Non-Smoker,Normoglycemic,Normal,Desirable,21.1,Non-Obese
60-79,Male,Non-Smoker,Normoglycemic,Normal,Desirable,24.9,Non-Obese
40-59,Female,Non-Smoker,Normoglycemic,Normal,Borderline High,28.7,Non-Obese
40-59,Female,Current Smoker,Normoglycemic,Stage 2 HTN,High,25.0,Non-Obese
20-39,Male,Non-Smoker,Normoglycemic,Elevated,Borderline High,28.1,Non-Obese
60-79,Male,Non-Smoker,Normoglycemic,Stage 1 HTN,High,26.4,Non-Obese
40-59,Male,Non-Smoker,Normoglycemic,Normal,Very High,28.7,Non-Obese
20-39,Female,Non-Smoker,Normoglycemic,Stage 1 HTN,High,23.5,Non-Obese
80+,Male,Non-Smoker,Normoglycemic,Normal,Very High,32.1,Obese
20-39,Female,Non-Smoker,Normoglycemic,Normal,High,24.2,Non-Obese
40-59,Male,Non-Smoker,Normoglycemic,Normal,Borderline High,27.0,Non-Obese
40-59,Male,Non-Smoker,Normoglycemic,Normal,Desirable,27.0,Non-Obese
40-59,Female,Non-Smoker,Normoglycemic,Normal,High,30.9,Obese
20-39,Female,Non-Smoker,Normoglycemic,Normal,Borderline High,24.3,Non-Obese
80+,Female,Non-Smoker,Normoglycemic,Stage 2 HTN,Desirable,24.6,Non-Obese
20-39,Female,Non-Smoker,Normoglycemic,Normal,Desirable,18.6,Non-Obese
20-39,Male,Current Smoker,Normoglycemic,Elevated,Desirable,24.4,Non-Obese
60-79,Female,Non-Smoker,Normoglycemic,Stage 2 HTN,Borderline High,26.5,Non-Obese
20-39,Female,Non-Smoker,Normoglycemic,Normal,High,27.1,Non-Obese
60-79,Female,Non-Smoker,Normoglycemic,Normal,High,29.1,Non-Obese
60-79,Male,Non-Smoker,Normoglycemic,Normal,High,25.1,Non-Obese
40-59,Female,Non-Smoker,Normoglycemic,Elevated,Very High,31.4,Obese
20-39,Male,Non-Smoker,Normoglycemic,Normal,Desirable,33.4,Obese
60-79,Male,Current Smoker,Diabetic,Elevated,Very High,23.9,Non-Obese
80+,Female,Non-Smoker,Normoglycemic,Normal,Desirable,24.3,Non-Obese
20-39,Male,Non-Smoker,Normoglycemic,Stage 2 HTN,Very High,27.4,Non-Obese
80+,Female,Non-Smoker,Diabetic,Normal,Very High,22.1,Non-Obese
60-79,Female,Non-Smoker,Diabetic,Stage 1 HTN,Desirable,34.7,Obese
60-79,Male,Non-Smoker,Normoglycemic,Normal,High,25.8,Non-Obese
40-59,Male,Non-Smoker,Normoglycemic,Normal,Borderline High,29.5,Non-Obese
20-39,Female,Non-Smoker,Normoglycemic,Stage 1 HTN,Desirable,24.0,Non-Obese
40-59,Male,Non-Smoker,Normoglycemic,Normal,High,33.8,Obese
40-59,Male,Current Smoker,Normoglycemic,Stage 1 HTN,High,26.9,Non-Obese
20-39,Female,Non-Smoker,Normoglycemic,Stage 2 HTN,Borderline High,25.7,Non-Obese
60-79,Male,Non-Smoker,Normoglycemic,Normal,Borderline High,28.6,Non-Obese
60-79,Female,Non-Smoker,Normoglycemic,Stage 2 HTN,Borderline High,41.3,Obese
40-59,Female,Non-Smoker,Normoglycemic,Normal,Borderline High,22.2,Non-Obese
20-39,Female,Non-Smoker,Normoglycemic,Elevated,Borderline High,23.6,Non-Obese
40-59,Female,Current Smoker,Normoglycemic,Normal,Desirable,29.0,Non-Obese
40-59,Female,Current Smoker,Diabetic,Stage 1 HTN,Very High,41.2,Obese
60-79,Male,Non-Smoker,Diabetic,Elevated,Very High,29.8,Non-Obese
60-79,Male,Current Smoker,Diabetic,Stage 2 HTN,Very High,33.9,Obese
40-59,Female,Non-Smoker,Diabetic,Elevated,High,37.8,Obese
20-39,Male,Current Smoker,Normoglycemic,Stage 1 HTN,Borderline High,25.7,Non-Obese
40-59,Male,Non-Smoker,Normoglycemic,Normal,Borderline High,27.3,Non-Obese
40-59,Male,Non-Smoker,Normoglycemic,Elevated,Desirable,23.1,Non-Obese
20-39,Male,Non-Smoker,Normoglycemic,Normal,High,31.1,Obese
40-59,Male,Non-Smoker,Normoglycemic,Normal,Desirable,27.2,Non-Obese
60-79,Female,Non-Smoker,Normoglycemic,Stage 1 HTN,Desirable,27.3,Non-Obese
60-79,Female,Current Smoker,Normoglycemic,Elevated,Borderline High,28.1,Non-Obese
80+,Male,Non-Smoker,Normoglycemic,Elevated,Borderline High,21.0,Non-Obese
40-59,Female,Non-Smoker,Normoglycemic,Elevated,Very High,26.7,Non-Obese
20-39,Male,Non-Smoker,Normoglycemic,Normal,Desirable,23.5,Non-Obese
60-79,Female,Non-Smoker,Normoglycemic,Normal,Desirable,20.6,Non-Obese
60-79,Male,Current Smoker,Normoglycemic,Stage 2 HTN,Desirable,24.8,Non-Obese
60-79,Male,Current Smoker,Normoglycemic,Elevated,Borderline High,26.5,Non-Obese
40-59,Male,Current Smoker,Normoglycemic,Normal,Desirable,22.9,Non-Obese
40-59,Female,Non-Smoker,Normoglycemic,Normal,High,25.1,Non-Obese
40-59,Female,Non-Smoker,Normoglycemic,Elevated,Borderline High,30.8,Obese
80+,Male,Non-Smoker,Normoglycemic,Elevated,Borderline High,23.9,Non-Obese
40-59,Female,Current Smoker,Normoglycemic,Stage 1 HTN,Very High,26.1,Non-Obese
20-39,Female,Non-Smoker,Diabetic,Stage 2 HTN,Borderline High,34.0,Obese
60-79,Female,Non-Smoker,Normoglycemic,Stage 1 HTN,Very High,31.5,Obese
40-59,Male,Non-Smoker,Normoglycemic,Elevated,High,35.4,Obese
60-79,Female,Non-Smoker,Normoglycemic,Elevated,Borderline High,24.4,Non-Obese
40-59,Female,Non-Smoker,Normoglycemic,Elevated,Desirable,23.8,Non-Obese
20-39,Male,Current Smoker,Normoglycemic,Stage 1 HTN,Borderline High,23.2,Non-Obese
20-39,Male,Non-Smoker,Normoglycemic,Normal,Borderline High,21.2,Non-Obese
60-79,Female,Non-Smoker,Diabetic,Stage 1 HTN,High,38.8,Obese
40-59,Female,Non-Smoker,Normoglycemic,Elevated,High,29.6,Non-Obese
60-79,Female,Non-Smoker,Normoglycemic,Normal,High,30.5,Obese
60-79,Female,Current Smoker,Normoglycemic,Elevated,Borderline High,20.6,Non-Obese
20-39,Female,Non-Smoker,Normoglycemic,Normal,Desirable,25.9,Non-Obese
40-59,Female,Non-Smoker,Normoglycemic,Stage 1 HTN,Borderline High,25.1,Non-Obese
60-79,Male,Non-Smoker,Normoglycemic,Elevated,Very High,30.1,Obese
60-79,Female,Non-Smoker,Normoglycemic,Normal,Desirable,18.3,Non-Obese
40-59,Male,Current Smoker,Normoglycemic,Stage 1 HTN,High,23.7,Non-Obese
20-39,Female,Current Smoker,Normoglycemic,Stage 2 HTN,Desirable,27.5,Non-Obese
60-79,Female,Non-Smoker,Normoglycemic,Normal,Desirable,28.8,Non-Obese
40-59,Female,Non-Smoker,Normoglycemic,Normal,High,31.8,Obese
40-59,Male,Non-Smoker,Normoglycemic,Normal,Desirable,21.4,Non-Obese
40-59,Male,Non-Smoker,Normoglycemic,Normal,Very High,26.4,Non-Obese
60-79,Male,Current Smoker,Normoglycemic,Elevated,High,31.3,Obese
80+,Male,Non-Smoker,Normoglycemic,Normal,Borderline High,24.6,Non-Obese
60-79,Male,Non-Smoker,Normoglycemic,Normal,High,24.7,Non-Obese
40-59,Male,Non-Smoker,Normoglycemic,Stage 1 HTN,Desirable,28.4,Non-Obese
40-59,Female,Non-Smoker,Normoglycemic,Normal,Borderline High,21.8,Non-Obese
20-39,Male,Non-Smoker,Normoglycemic,Normal,Desirable,25.8,Non-Obese
40-59,Male,Non-Smoker,Diabetic,Stage 1 HTN,Very High,27.2,Non-Obese
20-39,Male,Non-Smoker,Normoglycemic,Normal,Desirable,22.3,Non-Obese
60-79,Female,Current Smoker,Normoglycemic,Stage 2 HTN,Borderline High,30.2,Obese
60-79,Female,Non-Smoker,Normoglycemic,Normal,Desirable,22.9,Non-Obese
40-59,Female,Non-Smoker,Normoglycemic,Normal,Desirable,27.0,Non-Obese
80+,Female,Non-Smoker,Normoglycemic,Elevated,Desirable,22.2,Non-Obese
80+,Male,Non-Smoker,Diabetic,Stage 2 HTN,Very High,38.1,Obese
60-79,Male,Non-Smoker,Normoglycemic,Elevated,High,37.1,Obese
60-79,Female,Current Smoker,Normoglycemic,Stage 2 HTN,Borderline High,26.2,Non-Obese
40-59,Male,Current Smoker,Normoglycemic,Stage 1 HTN,High,31.2,Obese
60-79,Male,Non-Smoker,Normoglycemic,Normal,Very High,28.7,Non-Obese
60-79,Female,Non-Smoker,Diabetic,Stage 1 HTN,Borderline High,25.3,Non-Obese
60-79,Male,Non-Smoker,Diabetic,Stage 2 HTN,Desirable,31.2,Obese
40-59,Female,Non-Smoker,Normoglycemic,Stage 1 HTN,High,27.1,Non-Obese
60-79,Male,Non-Smoker,Normoglycemic,Stage 2 HTN,Borderline High,26.3,Non-Obese
40-59,Male,Current Smoker,Normoglycemic,Normal,Desirable,25.7,Non-Obese
40-59,Male,Non-Smoker,Diabetic,Stage 1 HTN,High,27.7,Non-Obese
60-79,Male,Current Smoker,Diabetic,Stage 2 HTN,High,28.7,Non-Obese
20-39,Female,Current Smoker,Normoglycemic,Stage 1 HTN,Desirable,32.8,Obese
60-79,Male,Non-Smoker,Normoglycemic,Normal,Borderline High,24.7,Non-Obese
40-59,Female,Non-Smoker,Normoglycemic,Elevated,Desirable,25.5,Non-Obese
40-59,Female,Non-Smoker,Diabetic,Stage 2 HTN,High,30.6,Obese
80+,Male,Current Smoker,Normoglycemic,Elevated,Very High,24.7,Non-Obese
80+,Female,Current Smoker,Normoglycemic,Normal,High,22.9,Non-Obese
20-39,Male,Non-Smoker,Normoglycemic,Stage 1 HTN,Desirable,29.6,Non-Obese
40-59,Male,Non-Smoker,Normoglycemic,Elevated,Desirable,28.6,Non-Obese
60-79,Female,Non-Smoker,Diabetic,Elevated,High,27.9,Non-Obese
60-79,Female,Current Smoker,Diabetic,Stage 2 HTN,Borderline High,38.4,Obese
20-39,Female,Current Smoker,Normoglycemic,Stage 2 HTN,Borderline High,33.3,Obese
20-39,Male,Non-Smoker,Normoglycemic,Normal,Borderline High,23.6,Non-Obese
20-39,Male,Current Smoker,Normoglycemic,Stage 1 HTN,Desirable,23.8,Non-Obese
60-79,Male,Non-Smoker,Normoglycemic,Elevated,Very High,32.5,Obese
60-79,Male,Non-Smoker,Normoglycemic,Normal,Borderline High,29.6,Non-Obese
20-39,Male,Non-Smoker,Normoglycemic,Normal,Very High,30.5,Obese
40-59,Male,Non-Smoker,Normoglycemic,Normal,High,26.0,Non-Obese
60-79,Female,Non-Smoker,Normoglycemic,Normal,Desirable,27.5,Non-Obese
60-79,Female,Non-Smoker,Normoglycemic,Stage 1 HTN,High,29.7,Non-Obese
20-39,Female,Non-Smoker,Normoglycemic,Normal,Desirable,22.5,Non-Obese
20-39,Female,Non-Smoker,Normoglycemic,Stage 1 HTN,Borderline High,25.6,Non-Obese
40-59,Male,Current Smoker,Diabetic,Stage 2 HTN,Borderline High,41.8,Obese
20-39,Female,Current Smoker,Normoglycemic,Stage 2 HTN,High,26.1,Non-Obese
40-59,Female,Non-Smoker,Normoglycemic,Elevated,High,24.6,Non-Obese
40-59,Female,Non-Smoker,Diabetic,Stage 1 HTN,Desirable,36.3,Obese
20-39,Female,Non-Smoker,Normoglycemic,Stage 1 HTN,Desirable,22.2,Non-Obese
40-59,Male,Non-Smoker,Diabetic,Stage 2 HTN,Desirable,26.3,Non-Obese
60-79,Male,Non-Smoker,Normoglycemic,Normal,Desirable,27.9,Non-Obese
60-79,Male,Current Smoker,Normoglycemic,Stage 1 HTN,Desirable,26.6,Non-Obese
80+,Male,Non-Smoker,Diabetic,Stage 2 HTN,High,29.2,Non-Obese
60-79,Male,Non-Smoker,Diabetic,Stage 1 HTN,High,38.0,Obese
20-39,Male,Non-Smoker,Normoglycemic,Normal,Desirable,19.6,Non-Obese
80+,Female,Non-Smoker,Diabetic,Stage 2 HTN,Desirable,31.3,Obese
40-59,Female,Non-Smoker,Normoglycemic,Normal,High,30.3,Obese
60-79,Female,Non-Smoker,Normoglycemic,Normal,Very High,27.6,Non-Obese
60-79,Female,Non-Smoker,Normoglycemic,Normal,Borderline High,23.7,Non-Obese
20-39,Male,Non-Smoker,Normoglycemic,Normal,Borderline High,24.4,Non-Obese
40-59,Male,Non-Smoker,Normoglycemic,Normal,High,28.6,Non-Obese
40-59,Male,Non-Smoker,Diabetic,Stage 1 HTN,High,34.3,Obese
20-39,Male,Non-Smoker,Diabetic,Stage 1 HTN,Borderline High,27.1,Non-Obese
80+,Female,Non-Smoker,Normoglycemic,Stage 1 HTN,Very High,22.6,Non-Obese
80+,Male,Non-Smoker,Normoglycemic,Normal,Borderline High,24.9,Non-Obese
80+,Female,Non-Smoker,Diabetic,Stage 1 HTN,Desirable,28.5,Non-Obese
60-79,Male,Non-Smoker,Normoglycemic,Stage 2 HTN,Desirable,31.7,Obese
20-39,Female,Current Smoker,Normoglycemic,Stage 2 HTN,Borderline High,25.3,Non-Obese
60-79,Male,Non-Smoker,Diabetic,Stage 1 HTN,High,29.8,Non-Obese
40-59,Male,Current Smoker,Normoglycemic,Stage 1 HTN,Desirable,28.5,Non-Obese
40-59,Female,Non-Smoker,Normoglycemic,Elevated,Desirable,30.4,Obese
40-59,Female,Non-Smoker,Normoglycemic,Normal,Desirable,24.9,Non-Obese
40-59,Male,Non-Smoker,Normoglycemic,Stage 2 HTN,Borderline High,28.6,Non-Obese
80+,Male,Non-Smoker,Diabetic,Stage 2 HTN,High,36.0,Obese
60-79,Male,Current Smoker,Diabetic,Stage 1 HTN,Desirable,34.5,Obese
20-39,Female,Non-Smoker,Normoglycemic,Normal,Desirable,23.1,Non-Obese
20-39,Male,Non-Smoker,Normoglycemic,Stage 1 HTN,High,23.4,Non-Obese
60-79,Female,Non-Smoker,Normoglycemic,Normal,Desirable,34.3,Obese
20-39,Female,Current Smoker,Normoglycemic,Stage 2 HTN,Borderline High,27.7,Non-Obese
60-79,Female,Non-Smoker,Diabetic,Stage 2 HTN,Borderline High,43.0,Obese
40-59,Male,Non-Smoker,Normoglycemic,Normal,Borderline High,21.9,Non-Obese
20-39,Male,Non-Smoker,Normoglycemic,Stage 2 HTN,Desirable,26.5,Non-Obese
80+,Male,Non-Smoker,Normoglycemic,Normal,Desirable,22.2,Non-Obese
20-39,Male,Non-Smoker,Normoglycemic,Normal,Borderline High,25.7,Non-Obese
40-59,Male,Non-Smoker,Diabetic,Stage 2 HTN,High,33.6,Obese
20-39,Male,Non-Smoker,Normoglycemic,Normal,High,26.9,Non-Obese
20-39,Male,Non-Smoker,Normoglycemic,Elevated,Desirable,27.5,Non-Obese
40-59,Male,Non-Smoker,Normoglycemic,Elevated,Desirable,23.8,Non-Obese
60-79,Male,Non-Smoker,Normoglycemic,Normal,Borderline High,21.2,Non-Obese
40-59,Male,Non-Smoker,Diabetic,Stage 1 HTN,High,34.4,Obese
40-59,Male,Non-Smoker,Normoglycemic,Stage 1 HTN,Borderline High,24.5,Non-Obese
20-39,Female,Current Smoker,Normoglycemic,Elevated,Borderline High,23.1,Non-Obese
40-59,Female,Non-Smoker,Normoglycemic,Normal,High,28.3,Non-Obese
20-39,Male,Non-Smoker,Normoglycemic,Normal,High,30.8,Obese
40-59,Male,Non-Smoker,Normoglycemic,Normal,Desirable,22.5,Non-Obese
60-79,Male,Non-Smoker,Normoglycemic,Elevated,Desirable,35.6,Obese
20-39,Female,Non-Smoker,Normoglycemic,Elevated,Desirable,24.1,Non-Obese
80+,Male,Non-Smoker,Normoglycemic,Normal,Borderline High,28.9,Non-Obese
20-39,Female,Non-Smoker,Normoglycemic,Normal,Very High,24.7,Non-Obese
60-79,Female,Current Smoker,Normoglycemic,Stage 1 HTN,High,29.0,Non-Obese
60-79,Female,Non-Smoker,Normoglycemic,Normal,Desirable,25.2,Non-Obese
60-79,Male,Non-Smoker,Normoglycemic,Elevated,Desirable,28.6,Non-Obese
80+,Female,Non-Smoker,Normoglycemic,Stage 1 HTN,Borderline High,22.1,Non-Obese
40-59,Female,Non-Smoker,Normoglycemic,Stage 2 HTN,High,24.5,Non-Obese
80+,Female,Non-Smoker,Normoglycemic,Normal,Borderline High,24.1,Non-Obese
60-79,Female,Non-Smoker,Normoglycemic,Elevated,Very High,32.0,Obese
60-79,Female,Non-Smoker,Diabetic,Stage 2 HTN,Borderline High,31.5,Obese
40-59,Female,Non-Smoker,Normoglycemic,Elevated,Desirable,27.1,Non-Obese
20-39,Male,Non-Smoker,Normoglycemic,Normal,High,24.4,Non-Obese
80+,Male,Current Smoker,Normoglycemic,Normal,Desirable,26.8,Non-Obese
40-59,Female,Non-Smoker,Normoglycemic,Normal,High,33.5,Obese
20-39,Female,Current Smoker,Diabetic,Stage 2 HTN,Desirable,21.6,Non-Obese
60-79,Male,Current Smoker,Diabetic,Stage 2 HTN,High,27.5,Non-Obese
60-79,Female,Non-Smoker,Normoglycemic,Normal,Desirable,21.2,Non-Obese
20-39,Female,Non-Smoker,Normoglycemic,Elevated,Desirable,24.3,Non-Obese
40-59,Female,Non-Smoker,Normoglycemic,Normal,Desirable,26.7,Non-Obese
20-39,Male,Non-Smoker,Normoglycemic,Stage 2 HTN,Desirable,29.5,Non-Obese
80+,Female,Non-Smoker,Diabetic,Stage 2 HTN,High,28.9,Non-Obese
40-59,Female,Current Smoker,Diabetic,Stage 2 HTN,High,32.6,Obese
60-79,Male,Non-Smoker,Normoglycemic,Stage 1 HTN,Very High,27.2,Non-Obese
40-59,Male,Current Smoker,Normoglycemic,Elevated,Borderline High,26.2,Non-Obese
20-39,Female,Non-Smoker,Normoglycemic,Elevated,Borderline High,22.5,Non-Obese
20-39,Female,Non-Smoker,Normoglycemic,Normal,High,23.3,Non-Obese
20-39,Male,Non-Smoker,Normoglycemic,Elevated,Desirable,25.1,Non-Obese
40-59,Female,Non-Smoker,Normoglycemic,Normal,High,29.2,Non-Obese
40-59,Female,Non-Smoker,Normoglycemic,Normal,Borderline High,23.8,Non-Obese
40-59,Male,Current Smoker,Normoglycemic,Normal,Desirable,27.2,Non-Obese
40-59,Female,Non-Smoker,Normoglycemic,Elevated,Borderline High,23.7,Non-Obese
40-59,Male,Current Smoker,Normoglycemic,Stage 1 HTN,Desirable,24.1,Non-Obese
60-79,Male,Non-Smoker,Normoglycemic,Stage 2 HTN,Desirable,34.1,Obese
40-59,Female,Current Smoker,Normoglycemic,Stage 1 HTN,Very High,28.5,Non-Obese
40-59,Male,Current Smoker,Normoglycemic,Stage 2 HTN,Very High,27.0,Non-Obese
20-39,Male,Non-Smoker,Normoglycemic,Stage 2 HTN,Desirable,25.0,Non-Obese
40-59,Female,Non-Smoker,Diabetic,Stage 2 HTN,High,35.8,Obese
40-59,Male,Current Smoker,Normoglycemic,Elevated,High,22.7,Non-Obese
60-79,Male,Current Smoker,Normoglycemic,Stage 1 HTN,Desirable,28.6,Non-Obese
60-79,Male,Non-Smoker,Normoglycemic,Stage 2 HTN,Very High,30.6,Obese
80+,Female,Non-Smoker,Normoglycemic,Stage 1 HTN,Borderline High,31.4,Obese
20-39,Female,Non-Smoker,Diabetic,Stage 1 HTN,Desirable,29.5,Non-Obese
20-39,Male,Non-Smoker,Normoglycemic,Normal,Desirable,19.5,Non-Obese
40-59,Male,Non-Smoker,Normoglycemic,Normal,Borderline High,22.8,Non-Obese
40-59,Female,Non-Smoker,Normoglycemic,Elevated,Borderline High,32.8,Obese
20-39,Male,Current Smoker,Normoglycemic,Stage 1 HTN,High,28.3,Non-Obese
40-59,Male,Non-Smoker,Normoglycemic,Normal,Borderline High,26.0,Non-Obese
60-79,Male,Non-Smoker,Normoglycemic,Stage 1 HTN,Desirable,26.4,Non-Obese
40-59,Male,Non-Smoker,Normoglycemic,Stage 2 HTN,Desirable,33.7,Obese
40-59,Male,Non-Smoker,Normoglycemic,Elevated,Very High,22.3,Non-Obese
20-39,Male,Non-Smoker,Diabetic,Stage 2 HTN,Borderline High,26.9,Non-Obese
60-79,Male,Non-Smoker,Normoglycemic,Normal,Borderline High,24.7,Non-Obese
20-39,Male,Non-Smoker,Normoglycemic,Stage 2 HTN,Borderline High,32.1,Obese
40-59,Male,Non-Smoker,Normoglycemic,Normal,High,37.3,Obese
40-59,Female,Non-Smoker,Normoglycemic,Normal,High,23.0,Non-Obese
60-79,Male,Current Smoker,Normoglycemic,Stage 2 HTN,High,24.9,Non-Obese
40-59,Female,Non-Smoker,Normoglycemic,Stage 1 HTN,Borderline High,21.7,Non-Obese
20-39,Male,Non-Smoker,Normoglycemic,Elevated,High,28.3,Non-Obese
20-39,Female,Non-Smoker,Normoglycemic,Normal,Desirable,20.3,Non-Obese
80+,Female,Non-Smoker,Normoglycemic,Normal,Very High,33.3,Obese
20-39,Female,Non-Smoker,Normoglycemic,Normal,Very High,24.8,Non-Obese
20-39,Female,Non-Smoker,Diabetic,Elevated,Borderline High,38.4,Obese
60-79,Male,Current Smoker,Diabetic,Stage 2 HTN,High,23.5,Non-Obese
40-59,Female,Non-Smoker,Normoglycemic,Normal,Desirable,23.0,Non-Obese
20-39,Male,Current Smoker,Diabetic,Stage 2 HTN,High,30.9,Obese
60-79,Female,Current Smoker,Normoglycemic,Stage 1 HTN,Very High,30.8,Obese
40-59,Female,Non-Smoker,Normoglycemic,Normal,Desirable,26.0,Non-Obese
40-59,Female,Non-Smoker,Normoglycemic,Stage 1 HTN,Borderline High,38.2,Obese
20-39,Male,Current Smoker,Normoglycemic,Stage 2 HTN,High,28.5,Non-Obese
40-59,Female,Non-Smoker,Normoglycemic,Stage 1 HTN,Desirable,32.5,Obese
40-59,Male,Non-Smoker,Normoglycemic,Normal,Borderline High,19.4,Non-Obese
80+,Female,Non-Smoker,Normoglycemic,Stage 2 HTN,High,27.9,Non-Obese
20-39,Male,Non-Smoker,Normoglycemic,Normal,Borderline High,22.6,Non-Obese
40-59,Male,Non-Smoker,Normoglycemic,Stage 1 HTN,Borderline High,31.2,Obese
20-39,Male,Non-Smoker,Normoglycemic,Elevated,High,25.3,Non-Obese
40-59,Male,Non-Smoker,Normoglycemic,Normal,Desirable,19.9,Non-Obese
40-59,Female,Non-Smoker,Normoglycemic,Stage 2 HTN,Desirable,23.2,Non-Obese
20-39,Female,Non-Smoker,Normoglycemic,Elevated,High,24.7,Non-Obese
20-39,Male,Non-Smoker,Normoglycemic,Elevated,Borderline High,24.3,Non-Obese
20-39,Female,Non-Smoker,Normoglycemic,Stage 1 HTN,Desirable,27.6,Non-Obese
60-79,Male,Current Smoker,Normoglycemic,Stage 1 HTN,Borderline High,31.9,Obese
60-79,Male,Current Smoker,Normoglycemic,Normal,High,23.1,Non-Obese
60-79,Male,Non-Smoker,Normoglycemic,Normal,Very High,26.6,Non-Obese
20-39,Female,Non-Smoker,Normoglycemic,Normal,Desirable,23.0,Non-Obese
60-79,Male,Current Smoker,Normoglycemic,Elevated,High,30.1,Obese
20-39,Female,Non-Smoker,Normoglycemic,Normal,Desirable,23.2,Non-Obese
60-79,Male,Non-Smoker,Diabetic,Stage 1 HTN,Desirable,21.9,Non-Obese
60-79,Female,Non-Smoker,Normoglycemic,Normal,Desirable,20.5,Non-Obese
40-59,Female,Non-Smoker,Normoglycemic,Normal,Very High,29.9,Non-Obese
20-39,Female,Non-Smoker,Normoglycemic,Normal,Desirable,26.2,Non-Obese
40-59,Female,Non-Smoker,Normoglycemic,Normal,Borderline High,23.0,Non-Obese
60-79,Male,Current Smoker,Normoglycemic,Stage 2 HTN,High,30.3,Obese
40-59,Female,Non-Smoker,Diabetic,Normal,High,26.1,Non-Obese
60-79,Female,Non-Smoker,Normoglycemic,Elevated,High,30.8,Obese
40-59,Male,Current Smoker,Normoglycemic,Normal,High,25.4,Non-Obese
80+,Male,Current Smoker,Normoglycemic,Stage 2 HTN,Borderline High,30.1,Obese
20-39,Male,Current Smoker,Normoglycemic,Elevated,Very High,31.0,Obese
20-39,Male,Non-Smoker,Normoglycemic,Elevated,Desirable,20.7,Non-Obese
40-59,Male,Non-Smoker,Normoglycemic,Normal,Borderline High,25.0,Non-Obese
40-59,Male,Non-Smoker,Diabetic,Stage 2 HTN,Desirable,30.2,Obese
20-39,Female,Non-Smoker,Normoglycemic,Stage 1 HTN,Borderline High,17.8,Non-Obese
20-39,Female,Non-Smoker,Normoglycemic,Stage 1 HTN,Desirable,25.9,Non-Obese
60-79,Male,Non-Smoker,Normoglycemic,Elevated,Very High,30.9,Obese
60-79,Male,Non-Smoker,Diabetic,Stage 1 HTN,Borderline High,31.6,Obese
40-59,Female,Non-Smoker,Normoglycemic,Normal,Desirable,24.7,Non-Obese
20-39,Male,Non-Smoker,Normoglycemic,Normal,Borderline High,22.6,Non-Obese
20-39,Female,Non-Smoker,Normoglycemic,Normal,Desirable,21.3,Non-Obese
40-59,Female,Current Smoker,Normoglycemic,Elevated,Borderline High,24.9,Non-Obese
60-79,Male,Current Smoker,Diabetic,Stage 2 HTN,Desirable,28.7,Non-Obese
20-39,Female,Non-Smoker,Diabetic,Elevated,Borderline High,27.6,Non-Obese
20-39,Male,Non-Smoker,Normoglycemic,Elevated,Borderline High,28.7,Non-Obese
40-59,Female,Non-Smoker,Normoglycemic,Normal,High,31.5,Obese
40-59,Male,Current Smoker,Diabetic,Stage 2 HTN,Borderline High,23.0,Non-Obese
60-79,Female,Non-Smoker,Normoglycemic,Normal,High,26.2,Non-Obese
20-39,Female,Non-Smoker,Normoglycemic,Normal,High,22.2,Non-Obese
60-79,Male,Non-Smoker,Normoglycemic,Normal,Desirable,24.6,Non-Obese
60-79,Male,Current Smoker,Normoglycemic,Stage 1 HTN,High,28.5,Non-Obese
60-79,Female,Current Smoker,Normoglycemic,Stage 1 HTN,Very High,19.4,Non-Obese
40-59,Female,Non-Smoker,Diabetic,Stage 2 HTN,High,35.5,Obese
80+,Female,Current Smoker,Normoglycemic,Normal,Desirable,22.0,Non-Obese
60-79,Female,Non-Smoker,Normoglycemic,Elevated,Desirable,28.9,Non-Obese
40-59,Female,Non-Smoker,Normoglycemic,Stage 1 HTN,High,30.6,Obese
20-39,Female,Non-Smoker,Normoglycemic,Elevated,Very High,32.5,Obese
60-79,Male,Current Smoker,Diabetic,Stage 1 HTN,Desirable,24.0,Non-Obese
40-59,Male,Non-Smoker,Normoglycemic,Stage 1 HTN,Borderline High,24.7,Non-Obese
60-79,Female,Non-Smoker,Normoglycemic,Normal,High,24.2,Non-Obese
20-39,Female,Current Smoker,Diabetic,Stage 2 HTN,Desirable,32.6,Obese
80+,Male,Non-Smoker,Normoglycemic,Normal,Borderline High,22.1,Non-Obese
40-59,Male,Current Smoker,Normoglycemic,Normal,High,21.7,Non-Obese
20-39,Male,Current Smoker,Normoglycemic,Stage 2 HTN,High,29.0,Non-Obese
20-39,Female,Non-Smoker,Normoglycemic,Elevated,Borderline High,25.3,Non-Obese
40-59,Female,Non-Smoker,Normoglycemic,Normal,Desirable,21.5,Non-Obese
40-59,Female,Non-Smoker,Normoglycemic,Elevated,Desirable,26.9,Non-Obese
60-79,Female,Non-Smoker,Normoglycemic,Normal,Borderline High,21.3,Non-Obese
60-79,Male,Non-Smoker,Normoglycemic,Normal,High,26.7,Non-Obese
40-59,Male,Non-Smoker,Normoglycemic,Normal,Very High,30.8,Obese
20-39,Female,Non-Smoker,Normoglycemic,Normal,Desirable,26.8,Non-Obese
60-79,Male,Non-Smoker,Normoglycemic,Stage 1 HTN,Very High,29.6,Non-Obese
40-59,Male,Non-Smoker,Normoglycemic,Normal,Borderline High,25.7,Non-Obese
60-79,Female,Non-Smoker,Normoglycemic,Normal,High,25.7,Non-Obese
40-59,Female,Non-Smoker,Normoglycemic,Normal,Desirable,26.2,Non-Obese
40-59,Female,Non-Smoker,Normoglycemic,Normal,Very High,37.9,Obese
40-59,Male,Current Smoker,Diabetic,Stage 2 HTN,Desirable,30.2,Obese
60-79,Male,Current Smoker,Normoglycemic,Stage 2 HTN,High,31.6,Obese
60-79,Male,Non-Smoker,Normoglycemic,Normal,Very High,27.6,Non-Obese
40-59,Female,Non-Smoker,Normoglycemic,Normal,Desirable,21.1,Non-Obese
20-39,Female,Current Smoker,Normoglycemic,Elevated,Borderline High,29.3,Non-Obese
80+,Female,Non-Smoker,Normoglycemic,Normal,Borderline High,19.1,Non-Obese
20-39,Female,Non-Smoker,Normoglycemic,Normal,Borderline High,32.3,Obese
80+,Male,Current Smoker,Normoglycemic,Stage 1 HTN,Desirable,31.2,Obese
20-39,Male,Non-Smoker,Normoglycemic,Normal,High,20.8,Non-Obese
20-39,Female,Non-Smoker,Normoglycemic,Elevated,High,25.9,Non-Obese
60-79,Male,Current Smoker,Normoglycemic,Stage 2 HTN,High,36.1,Obese
40-59,Female,Non-Smoker,Diabetic,Stage 1 HTN,Desirable,33.8,Obese
40-59,Male,Non-Smoker,Diabetic,Stage 1 HTN,Very High,32.1,Obese
80+,Male,Non-Smoker,Normoglycemic,Normal,Desirable,29.5,Non-Obese
40-59,Male,Current Smoker,Normoglycemic,Normal,High,25.8,Non-Obese
80+,Male,Non-Smoker,Normoglycemic,Normal,Borderline High,29.2,Non-Obese
60-79,Male,Current Smoker,Diabetic,Stage 2 HTN,Very High,33.5,Obese
20-39,Male,Non-Smoker,Normoglycemic,Stage 2 HTN,Borderline High,27.5,Non-Obese
20-39,Male,Non-Smoker,Normoglycemic,Normal,Desirable,19.4,Non-Obese
60-79,Male,Non-Smoker,Normoglycemic,Normal,Desirable,32.7,Obese
40-59,Male,Non-Smoker,Normoglycemic,Normal,High,22.7,Non-Obese
40-59,Female,Non-Smoker,Normoglycemic,Normal,Desirable,23.3,Non-Obese
20-39,Female,Non-Smoker,Normoglycemic,Normal,Desirable,22.9,Non-Obese
40-59,Male,Non-Smoker,Normoglycemic,Elevated,Borderline High,25.1,Non-Obese
40-59,Male,Non-Smoker,Diabetic,Stage 1 HTN,Desirable,31.6,Obese
80+,Male,Non-Smoker,Normoglycemic,Normal,High,24.8,Non-Obese
40-59,Male,Current Smoker,Normoglycemic,Stage 1 HTN,Desirable,38.7,Obese
60-79,Female,Non-Smoker,Normoglycemic,Normal,Desirable,26.9,Non-Obese
60-79,Female,Current Smoker,Normoglycemic,Stage 2 HTN,Borderline High,30.6,Obese
40-59,Female,Non-Smoker,Normoglycemic,Normal,Desirable,23.8,Non-Obese
60-79,Female,Non-Smoker,Normoglycemic,Stage 2 HTN,Desirable,33.2,Obese
40-59,Female,Non-Smoker,Normoglycemic,Normal,Very High,28.5,Non-Obese
40-59,Female,Non-Smoker,Normoglycemic,Normal,Desirable,33.0,Obese
40-59,Female,Non-Smoker,Normoglycemic,Normal,Desirable,20.1,Non-Obese
60-79,Male,Current Smoker,Normoglycemic,Stage 2 HTN,Borderline High,30.2,Obese
80+,Female,Current Smoker,Normoglycemic,Elevated,High,27.1,Non-Obese
20-39,Female,Non-Smoker,Normoglycemic,Stage 1 HTN,Borderline High,28.0,Non-Obese
20-39,Female,Non-Smoker,Normoglycemic,Stage 1 HTN,Borderline High,25.7,Non-Obese
80+,Male,Non-Smoker,Diabetic,Stage 1 HTN,Desirable,24.9,Non-Obese
20-39,Male,Non-Smoker,Normoglycemic,Normal,High,28.2,Non-Obese
20-39,Female,Non-Smoker,Normoglycemic,Stage 1 HTN,Borderline High,26.1,Non-Obese
60-79,Male,Non-Smoker,Normoglycemic,Normal,Desirable,29.6,Non-Obese
40-59,Male,Current Smoker,Normoglycemic,Stage 2 HTN,High,31.3,Obese
40-59,Male,Current Smoker,Normoglycemic,Normal,Borderline High,24.7,Non-Obese
80+,Female,Non-Smoker,Normoglycemic,Normal,Borderline High,28.7,Non-Obese
80+,Female,Non-Smoker,Normoglycemic,Normal,Desirable,19.1,Non-Obese
60-79,Female,Non-Smoker,Diabetic,Stage 1 HTN,Very High,37.0,Obese
60-79,Male,Current Smoker,Normoglycemic,Stage 2 HTN,High,24.6,Non-Obese
40-59,Male,Non-Smoker,Normoglycemic,Normal,High,32.2,Obese
60-79,Male,Non-Smoker,Normoglycemic,Elevated,Desirable,29.0,Non-Obese
20-39,Male,Non-Smoker,Normoglycemic,Stage 1 HTN,Desirable,29.2,Non-Obese
60-79,Female,Current Smoker,Normoglycemic,Stage 1 HTN,High,23.0,Non-Obese
20-39,Female,Current Smoker,Normoglycemic,Elevated,Desirable,21.3,Non-Obese
40-59,Female,Non-Smoker,Normoglycemic,Stage 1 HTN,Very High,20.4,Non-Obese
20-39,Male,Non-Smoker,Normoglycemic,Elevated,Very High,27.9,Non-Obese
20-39,Male,Non-Smoker,Normoglycemic,Elevated,Borderline High,27.1,Non-Obese
60-79,Male,Non-Smoker,Normoglycemic,Normal,Very High,21.7,Non-Obese
40-59,Female,Current Smoker,Normoglycemic,Stage 1 HTN,Desirable,25.1,Non-Obese
40-59,Male,Non-Smoker,Normoglycemic,Stage 1 HTN,Borderline High,25.8,Non-Obese
40-59,Male,Non-Smoker,Normoglycemic,Normal,Very High,32.6,Obese
60-79,Male,Non-Smoker,Normoglycemic,Elevated,Borderline High,35.3,Obese
60-79,Female,Non-Smoker,Normoglycemic,Stage 1 HTN,Desirable,24.0,Non-Obese
40-59,Male,Non-Smoker,Normoglycemic,Stage 2 HTN,High,26.7,Non-Obese
40-59,Female,Non-Smoker,Normoglycemic,Elevated,Desirable,26.3,Non-Obese
40-59,Female,Non-Smoker,Normoglycemic,Elevated,High,27.2,Non-Obese
60-79,Female,Non-Smoker,Normoglycemic,Normal,Desirable,28.1,Non-Obese
20-39,Male,Non-Smoker,Normoglycemic,Normal,Desirable,23.6,Non-Obese
40-59,Male,Current Smoker,Normoglycemic,Stage 2 HTN,Very High,28.2,Non-Obese
40-59,Male,Non-Smoker,Normoglycemic,Elevated,Desirable,31.8,Obese
20-39,Female,Non-Smoker,Diabetic,Stage 1 HTN,Desirable,32.2,Obese
40-59,Female,Non-Smoker,Diabetic,Stage 2 HTN,Desirable,33.6,Obese
80+,Male,Non-Smoker,Normoglycemic,Normal,Very High,23.1,Non-Obese
20-39,Male,Current Smoker,Normoglycemic,Stage 1 HTN,Desirable,23.2,Non-Obese
20-39,Male,Non-Smoker,Normoglycemic,Elevated,Borderline High,31.6,Obese
80+,Male,Current Smoker,Normoglycemic,Stage 1 HTN,Desirable,23.0,Non-Obese
60-79,Female,Non-Smoker,Normoglycemic,Stage 1 HTN,Very High,39.4,Obese
60-79,Female,Current Smoker,Normoglycemic,Stage 1 HTN,Desirable,38.5,Obese
40-59,Male,Non-Smoker,Normoglycemic,Normal,Desirable,27.2,Non-Obese
60-79,Female,Non-Smoker,Normoglycemic,Normal,Borderline High,26.4,Non-Obese
20-39,Male,Non-Smoker,Normoglycemic,Normal,High,25.1,Non-Obese
40-59,Female,Non-Smoker,Normoglycemic,Normal,Desirable,30.5,Obese
40-59,Male,Non-Smoker,Normoglycemic,Stage 2 HTN,Borderline High,38.4,Obese
40-59,Male,Current Smoker,Normoglycemic,Stage 1 HTN,High,28.5,Non-Obese
60-79,Male,Non-Smoker,Normoglycemic,Stage 1 HTN,Borderline High,25.5,Non-Obese
40-59,Female,Non-Smoker,Normoglycemic,Normal,Desirable,27.0,Non-Obese
80+,Male,Current Smoker,Normoglycemic,Elevated,High,21.8,Non-Obese
60-79,Male,Non-Smoker,Normoglycemic,Elevated,High,24.1,Non-Obese
40-59,Female,Current Smoker,Normoglycemic,Elevated,Desirable,25.1,Non-Obese
60-79,Female,Non-Smoker,Normoglycemic,Elevated,Desirable,32.6,Obese
40-59,Male,Non-Smoker,Normoglycemic,Elevated,Desirable,26.3,Non-Obese
80+,Male,Non-Smoker,Diabetic,Stage 2 HTN,Borderline High,32.4,Obese
40-59,Female,Current Smoker,Normoglycemic,Elevated,Desirable,30.1,Obese
40-59,Female,Non-Smoker,Normoglycemic,Stage 2 HTN,Borderline High,28.6,Non-Obese
20-39,Male,Current Smoker,Normoglycemic,Elevated,Borderline High,20.4,Non-Obese
40-59,Male,Non-Smoker,Normoglycemic,Normal,Desirable,21.6,Non-Obese
40-59,Female,Non-Smoker,Normoglycemic,Normal,High,27.4,Non-Obese
60-79,Male,Non-Smoker,Normoglycemic,Stage 1 HTN,Desirable,25.9,Non-Obese
40-59,Female,Non-Smoker,Normoglycemic,Normal,Desirable,28.5,Non-Obese
40-59,Female,Non-Smoker,Normoglycemic,Normal,Desirable,32.4,Obese
20-39,Male,Current Smoker,Normoglycemic,Elevated,High,25.7,Non-Obese
80+,Male,Non-Smoker,Normoglycemic,Normal,Very High,26.0,Non-Obese
60-79,Male,Non-Smoker,Normoglycemic,Normal,Borderline High,31.1,Obese
60-79,Female,Non-Smoker,Normoglycemic,Normal,High,32.8,Obese
20-39,Male,Non-Smoker,Normoglycemic,Normal,Borderline High,25.1,Non-Obese
40-59,Male,Non-Smoker,Diabetic,Stage 1 HTN,Borderline High,31.3,Obese
60-79,Female,Non-Smoker,Normoglycemic,Normal,Borderline High,27.3,Non-Obese
80+,Male,Non-Smoker,Normoglycemic,Normal,Very High,23.0,Non-Obese
80+,Female,Non-Smoker,Normoglycemic,Elevated,Desirable,37.9,Obese
20-39,Male,Non-Smoker,Normoglycemic,Normal,High,29.3,Non-Obese
40-59,Female,Non-Smoker,Diabetic,Stage 1 HTN,Very High,30.5,Obese
20-39,Male,Non-Smoker,Normoglycemic,Normal,Borderline High,24.1,Non-Obese
80+,Male,Current Smoker,Normoglycemic,Stage 2 HTN,Borderline High,31.2,Obese
20-39,Female,Current Smoker,Normoglycemic,Stage 2 HTN,Borderline High,29.0,Non-Obese
40-59,Female,Non-Smoker,Normoglycemic,Normal,Desirable,28.7,Non-Obese
60-79,Female,Non-Smoker,Normoglycemic,Normal,Desirable,29.1,Non-Obese
40-59,Female,Non-Smoker,Normoglycemic,Stage 1 HTN,Borderline High,25.0,Non-Obese
20-39,Male,Non-Smoker,Diabetic,Stage 1 HTN,Desirable,31.0,Obese
40-59,Male,Non-Smoker,Normoglycemic,Elevated,High,23.1,Non-Obese
60-79,Male,Current Smoker,Diabetic,Elevated,Very High,28.9,Non-Obese
20-39,Male,Non-Smoker,Normoglycemic,Normal,Desirable,21.5,Non-Obese
60-79,Female,Non-Smoker,Normoglycemic,Normal,High,29.7,Non-Obese
60-79,Female,Non-Smoker,Normoglycemic,Normal,High,27.0,Non-Obese
60-79,Male,Non-Smoker,Normoglycemic,Elevated,Desirable,26.4,Non-Obese
80+,Male,Current Smoker,Normoglycemic,Stage 1 HTN,Borderline High,27.0,Non-Obese
40-59,Male,Non-Smoker,Normoglycemic,Normal,Very High,26.5,Non-Obese
40-59,Male,Current Smoker,Normoglycemic,Stage 1 HTN,High,23.7,Non-Obese
20-39,Male,Non-Smoker,Normoglycemic,Normal,High,25.7,Non-Obese
20-39,Male,Current Smoker,Normoglycemic,Stage 2 HTN,High,34.2,Obese
80+,Female,Non-Smoker,Normoglycemic,Normal,Desirable,27.0,Non-Obese
60-79,Male,Current Smoker,Normoglycemic,Elevated,Borderline High,22.5,Non-Obese
20-39,Female,Non-Smoker,Normoglycemic,Stage 1 HTN,Borderline High,27.4,Non-Obese
80+,Male,Non-Smoker,Normoglycemic,Normal,High,24.7,Non-Obese
20-39,Female,Current Smoker,Normoglycemic,Elevated,Desirable,22.5,Non-Obese
60-79,Female,Non-Smoker,Normoglycemic,Normal,High,29.0,Non-Obese
60-79,Male,Non-Smoker,Normoglycemic,Elevated,Borderline High,23.7,Non-Obese
20-39,Female,Non-Smoker,Normoglycemic,Normal,Borderline High,27.3,Non-Obese
40-59,Male,Non-Smoker,Normoglycemic,Normal,Desirable,24.8,Non-Obese
20-39,Female,Non-Smoker,Normoglycemic,Normal,Very High,29.8,Non-Obese
60-79,Female,Current Smoker,Normoglycemic,Elevated,High,38.0,Obese
60-79,Male,Current Smoker,Diabetic,Stage 2 HTN,Desirable,31.5,Obese
60-79,Female,Non-Smoker,Diabetic,Stage 1 HTN,Borderline High,24.3,Non-Obese
40-59,Male,Non-Smoker,Normoglycemic,Normal,Very High,34.0,Obese
40-59,Male,Non-Smoker,Normoglycemic,Normal,Borderline High,28.6,Non-Obese
60-79,Female,Non-Smoker,Normoglycemic,Elevated,High,27.5,Non-Obese
40-59,Male,Current Smoker,Normoglycemic,Stage 2 HTN,Borderline High,26.1,Non-Obese
80+,Female,Non-Smoker,Normoglycemic,Normal,Desirable,27.7,Non-Obese
40-59,Female,Non-Smoker,Normoglycemic,Elevated,Borderline High,29.9,Non-Obese
60-79,Female,Non-Smoker,Normoglycemic,Elevated,High,28.8,Non-Obese
40-59,Male,Non-Smoker,Normoglycemic,Normal,Desirable,22.4,Non-Obese
40-59,Male,Non-Smoker,Normoglycemic,Normal,Borderline High,25.1,Non-Obese
80+,Male,Non-Smoker,Normoglycemic,Normal,Borderline High,24.1,Non-Obese
40-59,Male,Non-Smoker,Normoglycemic,Elevated,Borderline High,23.6,Non-Obese
80+,Male,Non-Smoker,Normoglycemic,Normal,Borderline High,23.9,Non-Obese
60-79,Female,Non-Smoker,Normoglycemic,Normal,Desirable,24.9,Non-Obese
80+,Female,Non-Smoker,Normoglycemic,Normal,High,17.7,Non-Obese
40-59,Female,Non-Smoker,Diabetic,Stage 2 HTN,Desirable,34.7,Obese
40-59,Male,Current Smoker,Normoglycemic,Normal,High,28.9,Non-Obese
60-79,Male,Non-Smoker,Diabetic,Stage 2 HTN,Desirable,29.4,Non-Obese
20-39,Female,Non-Smoker,Normoglycemic,Normal,Desirable,25.2,Non-Obese
20-39,Male,Non-Smoker,Normoglycemic,Normal,High,21.2,Non-Obese
60-79,Female,Non-Smoker,Diabetic,Stage 2 HTN,Desirable,28.4,Non-Obese
80+,Male,Non-Smoker,Normoglycemic,Stage 2 HTN,Borderline High,35.5,Obese
60-79,Male,Non-Smoker,Normoglycemic,Normal,High,23.4,Non-Obese
40-59,Female,Non-Smoker,Normoglycemic,Stage 2 HTN,Desirable,29.7,Non-Obese
20-39,Male,Non-Smoker,Normoglycemic,Stage 2 HTN,Desirable,25.5,Non-Obese
40-59,Male,Non-Smoker,Diabetic,Stage 2 HTN,High,42.3,Obese
20-39,Male,Non-Smoker,Normoglycemic,Normal,Borderline High,24.0,Non-Obese
20-39,Female,Non-Smoker,Normoglycemic,Normal,Desirable,27.8,Non-Obese
60-79,Female,Non-Smoker,Normoglycemic,Normal,Very High,19.8,Non-Obese
40-59,Female,Current Smoker,Normoglycemic,Stage 2 HTN,Borderline High,30.1,Obese
20-39,Male,Non-Smoker,Diabetic,Stage 2 HTN,Very High,27.5,Non-Obese
40-59,Female,Non-Smoker,Normoglycemic,Elevated,Desirable,27.9,Non-Obese
60-79,Male,Non-Smoker,Normoglycemic,Elevated,Very High,25.5,Non-Obese
60-79,Female,Non-Smoker,Normoglycemic,Elevated,Very High,27.9,Non-Obese
60-79,Female,Non-Smoker,Normoglycemic,Stage 1 HTN,Borderline High,30.7,Obese
40-59,Male,Non-Smoker,Normoglycemic,Stage 1 HTN,High,26.3,Non-Obese
80+,Female,Non-Smoker,Diabetic,Elevated,Borderline High,27.4,Non-Obese
20-39,Female,Non-Smoker,Normoglycemic,Normal,High,28.8,Non-Obese
80+,Male,Non-Smoker,Normoglycemic,Normal,Very High,24.4,Non-Obese
40-59,Male,Non-Smoker,Normoglycemic,Normal,High,25.9,Non-Obese
40-59,Male,Non-Smoker,Normoglycemic,Normal,Desirable,24.7,Non-Obese
80+,Female,Non-Smoker,Normoglycemic,Normal,Borderline High,25.9,Non-Obese
40-59,Male,Current Smoker,Normoglycemic,Normal,Desirable,25.7,Non-Obese
40-59,Female,Non-Smoker,Normoglycemic,Normal,Desirable,27.3,Non-Obese
40-59,Male,Current Smoker,Normoglycemic,Stage 2 HTN,Very High,31.4,Obese
80+,Female,Non-Smoker,Normoglycemic,Normal,Borderline High,27.1,Non-Obese
20-39,Male,Non-Smoker,Normoglycemic,Normal,Desirable,25.3,Non-Obese
20-39,Female,Non-Smoker,Normoglycemic,Normal,Desirable,20.6,Non-Obese
40-59,Male,Current Smoker,Normoglycemic,Elevated,Borderline High,32.7,Obese
20-39,Male,Non-Smoker,Normoglycemic,Normal,Borderline High,20.4,Non-Obese
80+,Male,Current Smoker,Normoglycemic,Normal,Desirable,25.6,Non-Obese
20-39,Male,Non-Smoker,Normoglycemic,Stage 1 HTN,Borderline High,28.3,Non-Obese
40-59,Female,Non-Smoker,Normoglycemic,Normal,Desirable,28.2,Non-Obese
40-59,Female,Non-Smoker,Normoglycemic,Elevated,Borderline High,27.6,Non-Obese
20-39,Male,Current Smoker,Normoglycemic,Normal,Very High,23.2,Non-Obese
40-59,Female,Current Smoker,Diabetic,Stage 2 HTN,High,45.1,Obese
60-79,Male,Non-Smoker,Normoglycemic,Elevated,Very High,29.8,Non-Obese
60-79,Male,Non-Smoker,Normoglycemic,Normal,Desirable,25.3,Non-Obese
40-59,Male,Non-Smoker,Normoglycemic,Stage 1 HTN,Desirable,28.7,Non-Obese
60-79,Male,Current Smoker,Normoglycemic,Elevated,High,29.5,Non-Obese
40-59,Female,Non-Smoker,Normoglycemic,Stage 2 HTN,High,35.0,Obese
80+,Male,Current Smoker,Normoglycemic,Stage 1 HTN,Desirable,22.8,Non-Obese
60-79,Female,Non-Smoker,Normoglycemic,Stage 1 HTN,Desirable,29.9,Non-Obese
20-39,Male,Non-Smoker,Normoglycemic,Stage 1 HTN,Borderline High,24.7,Non-Obese
40-59,Female,Non-Smoker,Normoglycemic,Normal,Desirable,25.1,Non-Obese
60-79,Female,Non-Smoker,Normoglycemic,Normal,Borderline High,23.4,Non-Obese
40-59,Male,Non-Smoker,Normoglycemic,Normal,Desirable,21.4,Non-Obese
60-79,Male,Non-Smoker,Normoglycemic,Normal,High,39.4,Obese
20-39,Male,Non-Smoker,Diabetic,Stage 1 HTN,High,29.4,Non-Obese
60-79,Female,Non-Smoker,Normoglycemic,Stage 2 HTN,High,32.2,Obese
60-79,Female,Non-Smoker,Normoglycemic,Elevated,Borderline High,27.3,Non-Obese
60-79,Female,Non-Smoker,Normoglycemic,Normal,High,27.5,Non-Obese
40-59,Male,Non-Smoker,Normoglycemic,Elevated,High,26.6,Non-Obese
20-39,Male,Non-Smoker,Normoglycemic,Normal,Very High,21.5,Non-Obese
60-79,Female,Non-Smoker,Normoglycemic,Normal,High,29.9,Non-Obese
60-79,Male,Non-Smoker,Normoglycemic,Normal,High,32.1,Obese
20-39,Male,Non-Smoker,Normoglycemic,Normal,Very High,27.3,Non-Obese
40-59,Female,Non-Smoker,Normoglycemic,Elevated,Borderline High,27.9,Non-Obese
40-59,Male,Current Smoker,Normoglycemic,Stage 2 HTN,Very High,31.9,Obese
80+,Female,Non-Smoker,Normoglycemic,Normal,Desirable,25.5,Non-Obese
20-39,Male,Current Smoker,Normoglycemic,Elevated,High,19.1,Non-Obese
40-59,Male,Non-Smoker,Normoglycemic,Elevated,Borderline High,29.9,Non-Obese
60-79,Male,Non-Smoker,Diabetic,Stage 1 HTN,Desirable,31.9,Obese
40-59,Female,Non-Smoker,Diabetic,Stage 1 HTN,Borderline High,25.7,Non-Obese
40-59,Male,Non-Smoker,Diabetic,Stage 2 HTN,Borderline High,33.6,Obese
40-59,Female,Non-Smoker,Normoglycemic,Normal,Borderline High,23.9,Non-Obese
60-79,Male,Non-Smoker,Normoglycemic,Normal,Desirable,23.7,Non-Obese
40-59,Male,Current Smoker,Normoglycemic,Elevated,High,24.3,Non-Obese
20-39,Male,Non-Smoker,Normoglycemic,Normal,Borderline High,31.6,Obese
40-59,Male,Current Smoker,Normoglycemic,Stage 2 HTN,Desirable,28.2,Non-Obese
40-59,Male,Non-Smoker,Normoglycemic,Stage 1 HTN,Borderline High,30.8,Obese
40-59,Male,Non-Smoker,Diabetic,Stage 1 HTN,High,32.6,Obese
40-59,Male,Non-Smoker,Normoglycemic,Elevated,Desirable,30.9,Obese
60-79,Female,Non-Smoker,Normoglycemic,Normal,High,25.0,Non-Obese
40-59,Male,Non-Smoker,Normoglycemic,Normal,Borderline High,26.6,Non-Obese
40-59,Male,Non-Smoker,Diabetic,Normal,High,30.8,Obese
80+,Female,Non-Smoker,Normoglycemic,Stage 2 HTN,Very High,36.6,Obese
60-79,Female,Current Smoker,Normoglycemic,Elevated,Very High,22.9,Non-Obese
60-79,Male,Non-Smoker,Normoglycemic,Normal,Desirable,22.4,Non-Obese
40-59,Female,Non-Smoker,Normoglycemic,Normal,High,27.7,Non-Obese
60-79,Male,Non-Smoker,Diabetic,Normal,Desirable,26.2,Non-Obese
60-79,Male,Non-Smoker,Normoglycemic,Stage 1 HTN,Desirable,26.0,Non-Obese
20-39,Male,Non-Smoker,Normoglycemic,Stage 1 HTN,Borderline High,24.2,Non-Obese
20-39,Male,Non-Smoker,Normoglycemic,Normal,Very High,25.0,Non-Obese
60-79,Female,Non-Smoker,Normoglycemic,Stage 1 HTN,Desirable,24.2,Non-Obese
20-39,Female,Non-Smoker,Normoglycemic,Stage 1 HTN,High,25.5,Non-Obese
80+,Female,Non-Smoker,Diabetic,Stage 2 HTN,High,33.1,Obese
20-39,Male,Current Smoker,Normoglycemic,Stage 1 HTN,Desirable,23.2,Non-Obese
20-39,Female,Non-Smoker,Normoglycemic,Stage 1 HTN,Desirable,27.4,Non-Obese
60-79,Female,Non-Smoker,Diabetic,Stage 2 HTN,Borderline High,28.0,Non-Obese
40-59,Female,Current Smoker,Normoglycemic,Elevated,High,23.8,Non-Obese
40-59,Male,Non-Smoker,Normoglycemic,Elevated,Very High,27.0,Non-Obese
40-59,Female,Non-Smoker,Normoglycemic,Normal,High,22.8,Non-Obese
20-39,Male,Current Smoker,Normoglycemic,Stage 2 HTN,Desirable,32.7,Obese
20-39,Male,Current Smoker,Normoglycemic,Stage 2 HTN,High,27.0,Non-Obese
60-79,Female,Non-Smoker,Normoglycemic,Normal,Desirable,29.9,Non-Obese
20-39,Female,Current Smoker,Normoglycemic,Stage 2 HTN,High,24.3,Non-Obese
40-59,Male,Current Smoker,Normoglycemic,Stage 2 HTN,Desirable,28.5,Non-Obese
60-79,Female,Non-Smoker,Normoglycemic,Normal,High,22.5,Non-Obese
60-79,Male,Non-Smoker,Diabetic,Elevated,Very High,25.8,Non-Obese
20-39,Female,Current Smoker,Normoglycemic,Elevated,High,27.1,Non-Obese
60-79,Male,Non-Smoker,Diabetic,Stage 2 HTN,Desirable,36.8,Obese
40-59,Female,Non-Smoker,Normoglycemic,Normal,Desirable,22.5,Non-Obese
60-79,Female,Non-Smoker,Diabetic,Stage 2 HTN,Borderline High,29.0,Non-Obese
60-79,Female,Non-Smoker,Diabetic,Stage 2 HTN,Borderline High,31.3,Obese
40-59,Male,Non-Smoker,Normoglycemic,Normal,Desirable,22.2,Non-Obese
60-79,Male,Non-Smoker,Normoglycemic,Normal,Borderline High,25.3,Non-Obese
80+,Female,Non-Smoker,Normoglycemic,Stage 1 HTN,High,25.9,Non-Obese
40-59,Female,Non-Smoker,Normoglycemic,Elevated,High,36.7,Obese
60-79,Male,Non-Smoker,Normoglycemic,Stage 1 HTN,High,29.9,Non-Obese
40-59,Male,Current Smoker,Normoglycemic,Stage 1 HTN,Borderline High,29.7,Non-Obese
60-79,Female,Non-Smoker,Normoglycemic,Normal,Borderline High,25.8,Non-Obese
40-59,Male,Non-Smoker,Normoglycemic,Normal,Borderline High,31.3,Obese
60-79,Male,Current Smoker,Normoglycemic,Stage 1 HTN,Very High,32.9,Obese
20-39,Male,Non-Smoker,Normoglycemic,Normal,Borderline High,21.0,Non-Obese
60-79,Female,Non-Smoker,Normoglycemic,Normal,Borderline High,23.8,Non-Obese
60-79,Male,Non-Smoker,Normoglycemic,Elevated,Borderline High,25.5,Non-Obese
40-59,Male,Non-Smoker,Normoglycemic,Elevated,Borderline High,29.0,Non-Obese
40-59,Female,Non-Smoker,Diabetic,Stage 2 HTN,Borderline High,38.0,Obese
40-59,Male,Non-Smoker,Normoglycemic,Normal,Desirable,26.2,Non-Obese
80+,Female,Non-Smoker,Normoglycemic,Stage 1 HTN,Desirable,29.9,Non-Obese
20-39,Female,Non-Smoker,Normoglycemic,Normal,High,25.8,Non-Obese
20-39,Male,Non-Smoker,Normoglycemic,Elevated,Borderline High,29.0,Non-Obese
60-79,Female,Non-Smoker,Normoglycemic,Elevated,Very High,33.6,Obese
20-39,Male,Current Smoker,Normoglycemic,Stage 2 HTN,Borderline High,25.6,Non-Obese
20-39,Male,Non-Smoker,Normoglycemic,Elevated,Desirable,24.5,Non-Obese
60-79,Male,Non-Smoker,Normoglycemic,Normal,High,25.6,Non-Obese
60-79,Male,Non-Smoker,Normoglycemic,Normal,Borderline High,28.0,Non-Obese
20-39,Female,Non-Smoker,Normoglycemic,Normal,Desirable,25.7,Non-Obese
40-59,Female,Non-Smoker,Diabetic,Stage 2 HTN,Desirable,46.5,Obese
40-59,Female,Non-Smoker,Normoglycemic,Elevated,Desirable,27.8,Non-Obese
60-79,Male,Non-Smoker,Normoglycemic,Normal,Desirable,30.7,Obese
40-59,Male,Non-Smoker,Normoglycemic,Stage 2 HTN,Very High,39.4,Obese
20-39,Female,Non-Smoker,Normoglycemic,Normal,Borderline High,29.9,Non-Obese
40-59,Male,Current Smoker,Normoglycemic,Stage 1 HTN,Very High,35.3,Obese
20-39,Female,Non-Smoker,Normoglycemic,Normal,Desirable,22.7,Non-Obese
40-59,Female,Non-Smoker,Normoglycemic,Normal,Borderline High,28.3,Non-Obese
40-59,Male,Non-Smoker,Normoglycemic,Normal,High,34.2,Obese
40-59,Male,Non-Smoker,Normoglycemic,Normal,Desirable,20.7,Non-Obese
20-39,Female,Non-Smoker,Normoglycemic,Normal,High,21.8,Non-Obese
40-59,Female,Non-Smoker,Normoglycemic,Elevated,Very High,28.8,Non-Obese
20-39,Female,Non-Smoker,Normoglycemic,Stage 1 HTN,Desirable,26.5,Non-Obese
60-79,Male,Non-Smoker,Normoglycemic,Normal,Desirable,25.0,Non-Obese
40-59,Male,Non-Smoker,Normoglycemic,Stage 2 HTN,Borderline High,36.8,Obese
60-79,Male,Non-Smoker,Normoglycemic,Stage 1 HTN,Borderline High,26.7,Non-Obese
80+,Female,Non-Smoker,Normoglycemic,Stage 2 HTN,Desirable,27.4,Non-Obese
20-39,Female,Non-Smoker,Normoglycemic,Normal,Borderline High,29.5,Non-Obese
60-79,Female,Non-Smoker,Diabetic,Elevated,Desirable,43.3,Obese
60-79,Female,Non-Smoker,Normoglycemic,Normal,Desirable,20.1,Non-Obese
60-79,Male,Non-Smoker,Normoglycemic,Stage 2 HTN,Borderline High,43.6,Obese
20-39,Male,Non-Smoker,Normoglycemic,Elevated,Very High,33.7,Obese
20-39,Male,Current Smoker,Normoglycemic,Stage 1 HTN,High,24.7,Non-Obese
40-59,Male,Non-Smoker,Normoglycemic,Normal,High,23.4,Non-Obese
40-59,Male,Non-Smoker,Normoglycemic,Elevated,Borderline High,34.3,Obese
60-79,Female,Current Smoker,Normoglycemic,Stage 2 HTN,Desirable,24.5,Non-Obese
40-59,Male,Current Smoker,Normoglycemic,Normal,High,34.0,Obese
60-79,Female,Non-Smoker,Normoglycemic,Stage 1 HTN,High,25.6,Non-Obese
80+,Female,Current Smoker,Normoglycemic,Elevated,Borderline High,22.0,Non-Obese
20-39,Male,Non-Smoker,Normoglycemic,Normal,Borderline High,26.4,Non-Obese
60-79,Female,Non-Smoker,Normoglycemic,Normal,Borderline High,27.5,Non-Obese
60-79,Female,Non-Smoker,Normoglycemic,Normal,Desirable,25.1,Non-Obese
60-79,Male,Non-Smoker,Normoglycemic,Stage 1 HTN,Desirable,22.9,Non-Obese
40-59,Male,Current Smoker,Normoglycemic,Stage 1 HTN,Borderline High,25.2,Non-Obese
80+,Female,Non-Smoker,Normoglycemic,Normal,High,24.9,Non-Obese
60-79,Male,Non-Smoker,Normoglycemic,Normal,Desirable,26.9,Non-Obese
20-39,Male,Non-Smoker,Normoglycemic,Normal,Borderline High,28.2,Non-Obese
40-59,Male,Non-Smoker,Normoglycemic,Normal,Desirable,28.3,Non-Obese
20-39,Female,Non-Smoker,Normoglycemic,Stage 1 HTN,Borderline High,23.0,Non-Obese
40-59,Female,Non-Smoker,Normoglycemic,Normal,Desirable,25.6,Non-Obese
40-59,Female,Current Smoker,Diabetic,Stage 2 HTN,Desirable,34.1,Obese
60-79,Male,Non-Smoker,Normoglycemic,Normal,Borderline High,22.7,Non-Obese
40-59,Male,Current Smoker,Normoglycemic,Elevated,Borderline High,24.7,Non-Obese
20-39,Male,Non-Smoker,Normoglycemic,Normal,Very High,25.3,Non-Obese
60-79,Male,Current Smoker,Normoglycemic,Elevated,Very High,19.8,Non-Obese
80+,Male,Non-Smoker,Normoglycemic,Elevated,Borderline High,25.4,Non-Obese
80+,Female,Current Smoker,Normoglycemic,Normal,Borderline High,24.6,Non-Obese
40-59,Male,Current Smoker,Normoglycemic,Stage 1 HTN,Desirable,25.6,Non-Obese
40-59,Female,Non-Smoker,Normoglycemic,Normal,Borderline High,22.6,Non-Obese
60-79,Female,Non-Smoker,Diabetic,Stage 2 HTN,Borderline High,38.3,Obese
60-79,Male,Non-Smoker,Normoglycemic,Stage 1 HTN,Desirable,27.0,Non-Obese
20-39,Male,Current Smoker,Normoglycemic,Stage 1 HTN,High,26.4,Non-Obese
60-79,Female,Non-Smoker,Normoglycemic,Normal,High,30.1,Obese
40-59,Male,Current Smoker,Normoglycemic,Elevated,Very High,33.2,Obese
40-59,Female,Non-Smoker,Normoglycemic,Elevated,Borderline High,33.3,Obese
20-39,Female,Non-Smoker,Normoglycemic,Elevated,High,21.6,Non-Obese
60-79,Female,Current Smoker,Normoglycemic,Stage 1 HTN,Very High,20.4,Non-Obese
40-59,Male,Current Smoker,Normoglycemic,Stage 2 HTN,Borderline High,26.9,Non-Obese
20-39,Male,Non-Smoker,Normoglycemic,Normal,Borderline High,25.8,Non-Obese
80+,Female,Current Smoker,Normoglycemic,Stage 2 HTN,Very High,29.7,Non-Obese
40-59,Female,Non-Smoker,Normoglycemic,Normal,Borderline High,24.7,Non-Obese
60-79,Female,Non-Smoker,Normoglycemic,Normal,High,29.1,Non-Obese
80+,Female,Non-Smoker,Diabetic,Stage 1 HTN,High,34.6,Obese
20-39,Male,Non-Smoker,Normoglycemic,Normal,Desirable,18.9,Non-Obese
20-39,Female,Non-Smoker,Normoglycemic,Normal,Desirable,21.9,Non-Obese
60-79,Female,Non-Smoker,Normoglycemic,Normal,Desirable,27.8,Non-Obese
40-59,Female,Non-Smoker,Normoglycemic,Stage 1 HTN,Borderline High,26.9,Non-Obese
40-59,Male,Non-Smoker,Normoglycemic,Normal,Borderline High,28.9,Non-Obese
40-59,Female,Current Smoker,Normoglycemic,Normal,Desirable,21.1,Non-Obese
80+,Male,Non-Smoker,Diabetic,Stage 1 HTN,Very High,29.6,Non-Obese
20-39,Female,Non-Smoker,Normoglycemic,Normal,Borderline High,25.0,Non-Obese
20-39,Female,Non-Smoker,Normoglycemic,Elevated,Borderline High,25.3,Non-Obese
40-59,Male,Non-Smoker,Normoglycemic,Stage 2 HTN,Borderline High,31.7,Obese
80+,Female,Current Smoker,Normoglycemic,Elevated,Very High,22.0,Non-Obese
60-79,Female,Current Smoker,Normoglycemic,Stage 2 HTN,Borderline High,27.8,Non-Obese
80+,Female,Non-Smoker,Normoglycemic,Normal,High,22.1,Non-Obese
80+,Female,Non-Smoker,Normoglycemic,Normal,Desirable,25.3,Non-Obese
40-59,Male,Non-Smoker,Normoglycemic,Normal,High,30.4,Obese
60-79,Female,Non-Smoker,Diabetic,Stage 1 HTN,Desirable,31.1,Obese
40-59,Female,Non-Smoker,Normoglycemic,Normal,Borderline High,24.8,Non-Obese
40-59,Female,Non-Smoker,Diabetic,Stage 2 HTN,Desirable,26.4,Non-Obese
40-59,Male,Non-Smoker,Diabetic,Stage 1 HTN,Desirable,26.9,Non-Obese
20-39,Male,Non-Smoker,Normoglycemic,Normal,Borderline High,20.3,Non-Obese
80+,Female,Non-Smoker,Diabetic,Stage 1 HTN,High,39.2,Obese
40-59,Female,Non-Smoker,Normoglycemic,Normal,Desirable,23.6,Non-Obese
60-79,Female,Current Smoker,Diabetic,Stage 2 HTN,High,29.5,Non-Obese
60-79,Male,Current Smoker,Diabetic,Elevated,Very High,34.0,Obese
20-39,Male,Non-Smoker,Normoglycemic,Normal,Borderline High,23.5,Non-Obese
60-79,Female,Non-Smoker,Normoglycemic,Normal,Desirable,23.2,Non-Obese
40-59,Female,Non-Smoker,Normoglycemic,Stage 1 HTN,Borderline High,35.1,Obese
40-59,Male,Non-Smoker,Normoglycemic,Normal,Borderline High,29.9,Non-Obese
60-79,Female,Non-Smoker,Diabetic,Stage 2 HTN,Very High,31.8,Obese
80+,Male,Non-Smoker,Normoglycemic,Elevated,High,29.0,Non-Obese
60-79,Male,Current Smoker,Normoglycemic,Elevated,Borderline High,27.3,Non-Obese
40-59,Female,Non-Smoker,Normoglycemic,Elevated,Desirable,25.6,Non-Obese
20-39,Male,Non-Smoker,Normoglycemic,Normal,Very High,27.0,Non-Obese
40-59,Female,Non-Smoker,Normoglycemic,Elevated,Borderline High,34.7,Obese
80+,Male,Current Smoker,Normoglycemic,Normal,High,24.7,Non-Obese
60-79,Male,Non-Smoker,Normoglycemic,Normal,Very High,32.3,Obese
60-79,Female,Non-Smoker,Normoglycemic,Normal,Borderline High,27.2,Non-Obese
20-39,Male,Non-Smoker,Normoglycemic,Stage 1 HTN,Desirable,21.5,Non-Obese
60-79,Female,Non-Smoker,Normoglycemic,Normal,Desirable,27.2,Non-Obese
40-59,Male,Current Smoker,Normoglycemic,Stage 1 HTN,Very High,32.3,Obese
60-79,Male,Non-Smoker,Normoglycemic,Normal,Borderline High,32.8,Obese
40-59,Male,Non-Smoker,Normoglycemic,Elevated,Desirable,24.2,Non-Obese
60-79,Male,Non-Smoker,Diabetic,Stage 2 HTN,High,34.2,Obese
80+,Male,Current Smoker,Normoglycemic,Stage 1 HTN,High,26.4,Non-Obese
40-59,Male,Non-Smoker,Normoglycemic,Elevated,High,33.6,Obese
60-79,Male,Current Smoker,Normoglycemic,Normal,Desirable,23.7,Non-Obese
20-39,Female,Non-Smoker,Normoglycemic,Elevated,Very High,24.3,Non-Obese
60-79,Male,Non-Smoker,Normoglycemic,Elevated,Desirable,23.4,Non-Obese
20-39,Female,Non-Smoker,Normoglycemic,Normal,Desirable,21.0,Non-Obese
60-79,Male,Non-Smoker,Diabetic,Stage 2 HTN,High,35.0,Obese
20-39,Male,Non-Smoker,Diabetic,Stage 2 HTN,Desirable,26.8,Non-Obese
20-39,Male,Non-Smoker,Normoglycemic,Elevated,Borderline High,29.9,Non-Obese
40-59,Female,Non-Smoker,Normoglycemic,Normal,Desirable,27.0,Non-Obese
60-79,Male,Current Smoker,Diabetic,Stage 2 HTN,High,36.2,Obese
40-59,Female,Non-Smoker,Diabetic,Stage 2 HTN,Very High,31.3,Obese
80+,Male,Non-Smoker,Normoglycemic,Stage 2 HTN,Desirable,28.6,Non-Obese
60-79,Male,Non-Smoker,Normoglycemic,Stage 2 HTN,Borderline High,35.7,Obese
60-79,Male,Current Smoker,Diabetic,Stage 2 HTN,Very High,35.6,Obese
80+,Male,Current Smoker,Normoglycemic,Elevated,High,24.5,Non-Obese
60-79,Female,Non-Smoker,Normoglycemic,Normal,High,30.2,Obese
60-79,Female,Non-Smoker,Normoglycemic,Normal,High,28.3,Non-Obese
60-79,Female,Non-Smoker,Normoglycemic,Normal,Borderline High,24.4,Non-Obese
40-59,Male,Non-Smoker,Normoglycemic,Normal,Desirable,25.5,Non-Obese
60-79,Male,Current Smoker,Diabetic,Stage 2 HTN,Borderline High,31.0,Obese
60-79,Female,Non-Smoker,Normoglycemic,Normal,Desirable,23.1,Non-Obese
40-59,Female,Non-Smoker,Normoglycemic,Normal,Desirable,28.6,Non-Obese
60-79,Female,Non-Smoker,Normoglycemic,Normal,High,24.2,Non-Obese
20-39,Male,Non-Smoker,Normoglycemic,Stage 1 HTN,Desirable,22.5,Non-Obese
40-59,Male,Current Smoker,Normoglycemic,Stage 2 HTN,High,32.5,Obese
20-39,Male,Non-Smoker,Normoglycemic,Stage 1 HTN,Desirable,23.2,Non-Obese
80+,Male,Current Smoker,Normoglycemic,Stage 2 HTN,Desirable,32.2,Obese
20-39,Male,Current Smoker,Normoglycemic,Elevated,High,26.3,Non-Obese
20-39,Male,Non-Smoker,Normoglycemic,Stage 1 HTN,High,28.8,Non-Obese
20-39,Female,Non-Smoker,Normoglycemic,Elevated,High,28.2,Non-Obese
60-79,Male,Non-Smoker,Normoglycemic,Normal,Desirable,24.9,Non-Obese
20-39,Female,Non-Smoker,Normoglycemic,Normal,Borderline High,26.6,Non-Obese
60-79,Male,Non-Smoker,Diabetic,Normal,Borderline High,35.0,Obese
80+,Male,Non-Smoker,Normoglycemic,Normal,High,25.5,Non-Obese
40-59,Male,Current Smoker,Normoglycemic,Stage 1 HTN,High,28.7,Non-Obese
20-39,Female,Non-Smoker,Normoglycemic,Normal,High,29.2,Non-Obese
20-39,Male,Non-Smoker,Normoglycemic,Stage 1 HTN,Desirable,36.4,Obese
60-79,Female,Non-Smoker,Diabetic,Normal,Desirable,24.5,Non-Obese
40-59,Male,Current Smoker,Normoglycemic,Elevated,Borderline High,24.9,Non-Obese
60-79,Male,Current Smoker,Normoglycemic,Elevated,Very High,26.8,Non-Obese
40-59,Male,Non-Smoker,Normoglycemic,Stage 1 HTN,Desirable,25.6,Non-Obese
60-79,Female,Non-Smoker,Normoglycemic,Elevated,Borderline High,28.8,Non-Obese
60-79,Female,Current Smoker,Normoglycemic,Elevated,Borderline High,25.3,Non-Obese
60-79,Male,Current Smoker,Diabetic,Stage 2 HTN,High,35.2,Obese
80+,Female,Non-Smoker,Diabetic,Normal,Borderline High,26.6,Non-Obese
60-79,Male,Non-Smoker,Normoglycemic,Normal,High,24.8,Non-Obese
40-59,Male,Non-Smoker,Normoglycemic,Normal,Desirable,26.4,Non-Obese
40-59,Female,Non-Smoker,Normoglycemic,Normal,High,24.5,Non-Obese
80+,Male,Non-Smoker,Normoglycemic,Elevated,Desirable,22.1,Non-Obese
60-79,Female,Non-Smoker,Normoglycemic,Stage 1 HTN,High,29.3,Non-Obese
80+,Male,Non-Smoker,Normoglycemic,Stage 1 HTN,Desirable,28.8,Non-Obese
20-39,Male,Current Smoker,Normoglycemic,Elevated,High,29.4,Non-Obese
40-59,Female,Non-Smoker,Normoglycemic,Normal,Desirable,26.8,Non-Obese
40-59,Male,Non-Smoker,Normoglycemic,Normal,Desirable,23.9,Non-Obese
20-39,Female,Non-Smoker,Normoglycemic,Stage 1 HTN,Very High,30.8,Obese
60-79,Male,Non-Smoker,Diabetic,Stage 2 HTN,Borderline High,29.9,Non-Obese
20-39,Female,Current Smoker,Diabetic,Stage 2 HTN,Borderline High,32.2,Obese
40-59,Female,Non-Smoker,Normoglycemic,Stage 1 HTN,Desirable,29.0,Non-Obese
40-59,Female,Non-Smoker,Normoglycemic,Elevated,High,27.9,Non-Obese
40-59,Male,Non-Smoker,Normoglycemic,Elevated,Desirable,23.5,Non-Obese
80+,Male,Non-Smoker,Diabetic,Stage 2 HTN,Borderline High,23.9,Non-Obese
40-59,Male,Non-Smoker,Normoglycemic,Stage 1 HTN,High,34.4,Obese
20-39,Male,Non-Smoker,Normoglycemic,Elevated,Desirable,29.1,Non-Obese
80+,Male,Non-Smoker,Normoglycemic,Normal,Very High,24.6,Non-Obese
60-79,Female,Non-Smoker,Normoglycemic,Normal,High,28.5,Non-Obese
40-59,Female,Non-Smoker,Normoglycemic,Elevated,Borderline High,28.8,Non-Obese
20-39,Male,Non-Smoker,Normoglycemic,Elevated,Borderline High,32.3,Obese
80+,Female,Current Smoker,Normoglycemic,Stage 1 HTN,Desirable,23.9,Non-Obese
60-79,Female,Non-Smoker,Diabetic,Stage 1 HTN,Very High,32.2,Obese
40-59,Female,Non-Smoker,Normoglycemic,Normal,Borderline High,24.7,Non-Obese
60-79,Female,Current Smoker,Normoglycemic,Stage 1 HTN,Very High,36.9,Obese
20-39,Male,Non-Smoker,Diabetic,Stage 2 HTN,Desirable,29.6,Non-Obese
60-79,Female,Non-Smoker,Normoglycemic,Stage 2 HTN,Borderline High,37.1,Obese
20-39,Male,Non-Smoker,Normoglycemic,Elevated,Desirable,23.0,Non-Obese
20-39,Male,Non-Smoker,Normoglycemic,Normal,High,29.1,Non-Obese
20-39,Female,Non-Smoker,Normoglycemic,Normal,Desirable,22.5,Non-Obese
80+,Female,Non-Smoker,Normoglycemic,Normal,Desirable,19.8,Non-Obese
40-59,Female,Non-Smoker,Normoglycemic,Normal,Desirable,20.2,Non-Obese
60-79,Female,Non-Smoker,Normoglycemic,Normal,High,35.5,Obese
40-59,Male,Non-Smoker,Diabetic,Elevated,Borderline High,35.1,Obese
40-59,Female,Non-Smoker,Normoglycemic,Elevated,Borderline High,30.3,Obese
40-59,Male,Non-Smoker,Diabetic,Stage 2 HTN,High,29.1,Non-Obese
40-59,Male,Non-Smoker,Normoglycemic,Elevated,Very High,23.5,Non-Obese
60-79,Female,Non-Smoker,Normoglycemic,Elevated,Desirable,24.8,Non-Obese
20-39,Female,Non-Smoker,Normoglycemic,Elevated,High,30.5,Obese
40-59,Male,Current Smoker,Normoglycemic,Stage 1 HTN,Desirable,30.3,Obese
20-39,Male,Non-Smoker,Normoglycemic,Normal,Borderline High,21.6,Non-Obese
40-59,Male,Non-Smoker,Normoglycemic,Normal,Very High,27.5,Non-Obese
20-39,Female,Non-Smoker,Normoglycemic,Normal,High,28.8,Non-Obese
80+,Male,Non-Smoker,Normoglycemic,Normal,High,26.8,Non-Obese
60-79,Male,Current Smoker,Diabetic,Stage 1 HTN,Borderline High,38.9,Obese
60-79,Male,Non-Smoker,Diabetic,Stage 2 HTN,Borderline High,34.2,Obese
20-39,Female,Non-Smoker,Normoglycemic,Normal,Desirable,24.9,Non-Obese
80+,Male,Non-Smoker,Normoglycemic,Normal,Borderline High,25.0,Non-Obese
40-59,Male,Non-Smoker,Diabetic,Stage 2 HTN,Desirable,45.2,Obese
20-39,Male,Non-Smoker,Normoglycemic,Normal,Borderline High,26.6,Non-Obese
60-79,Female,Non-Smoker,Normoglycemic,Normal,Desirable,21.7,Non-Obese
20-39,Male,Non-Smoker,Normoglycemic,Elevated,Very High,21.6,Non-Obese
20-39,Male,Non-Smoker,Normoglycemic,Normal,Borderline High,24.6,Non-Obese
20-39,Male,Non-Smoker,Normoglycemic,Normal,Borderline High,24.2,Non-Obese
40-59,Male,Non-Smoker,Normoglycemic,Normal,High,20.0,Non-Obese
60-79,Male,Non-Smoker,Normoglycemic,Normal,Borderline High,32.5,Obese
40-59,Female,Non-Smoker,Normoglycemic,Elevated,Very High,30.1,Obese
40-59,Female,Non-Smoker,Normoglycemic,Normal,Desirable,26.3,Non-Obese
80+,Male,Non-Smoker,Normoglycemic,Normal,Borderline High,18.9,Non-Obese
60-79,Male,Current Smoker,Normoglycemic,Normal,Borderline High,27.3,Non-Obese
20-39,Female,Current Smoker,Normoglycemic,Stage 2 HTN,Very High,37.2,Obese
80+,Male,Non-Smoker,Normoglycemic,Normal,Very High,31.7,Obese
80+,Female,Non-Smoker,Normoglycemic,Normal,Desirable,21.6,Non-Obese
60-79,Male,Current Smoker,Diabetic,Stage 2 HTN,Desirable,27.3,Non-Obese
40-59,Male,Current Smoker,Normoglycemic,Elevated,Borderline High,30.9,Obese
60-79,Female,Non-Smoker,Normoglycemic,Normal,Borderline High,28.4,Non-Obese
20-39,Male,Non-Smoker,Normoglycemic,Normal,Desirable,22.5,Non-Obese
60-79,Female,Non-Smoker,Normoglycemic,Normal,Desirable,25.5,Non-Obese
20-39,Male,Non-Smoker,Normoglycemic,Normal,Desirable,22.7,Non-Obese
60-79,Male,Current Smoker,Normoglycemic,Stage 2 HTN,Borderline High,37.0,Obese
40-59,Female,Non-Smoker,Normoglycemic,Normal,Borderline High,19.9,Non-Obese
20-39,Female,Non-Smoker,Diabetic,Elevated,Borderline High,28.7,Non-Obese
20-39,Male,Current Smoker,Normoglycemic,Stage 1 HTN,Desirable,17.9,Non-Obese
20-39,Male,Non-Smoker,Normoglycemic,Elevated,Desirable,23.9,Non-Obese
20-39,Male,Current Smoker,Normoglycemic,Stage 1 HTN,Desirable,24.2,Non-Obese
40-59,Female,Non-Smoker,Normoglycemic,Normal,Desirable,19.6,Non-Obese
20-39,Female,Non-Smoker,Normoglycemic,Normal,Borderline High,24.4,Non-Obese
40-59,Female,Non-Smoker,Normoglycemic,Normal,Borderline High,29.0,Non-Obese
40-59,Male,Non-Smoker,Normoglycemic,Normal,Borderline High,22.8,Non-Obese
40-59,Male,Current Smoker,Normoglycemic,Elevated,Borderline High,23.2,Non-Obese
40-59,Female,Non-Smoker,Diabetic,Elevated,High,33.7,Obese
20-39,Male,Current Smoker,Normoglycemic,Stage 2 HTN,Borderline High,23.0,Non-Obese
20-39,Male,Current Smoker,Normoglycemic,Stage 2 HTN,Borderline High,26.9,Non-Obese
40-59,Male,Current Smoker,Normoglycemic,Stage 1 HTN,Desirable,29.7,Non-Obese
20-39,Female,Non-Smoker,Normoglycemic,Stage 2 HTN,Borderline High,27.9,Non-Obese
60-79,Female,Non-Smoker,Normoglycemic,Stage 2 HTN,Desirable,23.4,Non-Obese
40-59,Male,Non-Smoker,Normoglycemic,Elevated,Very High,30.2,Obese
20-39,Female,Current Smoker,Normoglycemic,Stage 1 HTN,Borderline High,25.3,Non-Obese
40-59,Male,Non-Smoker,Normoglycemic,Stage 1 HTN,Desirable,27.9,Non-Obese
60-79,Female,Non-Smoker,Normoglycemic,Normal,High,25.3,Non-Obese
20-39,Male,Non-Smoker,Normoglycemic,Normal,Borderline High,25.2,Non-Obese
40-59,Female,Non-Smoker,Normoglycemic,Stage 1 HTN,Very High,42.4,Obese
80+,Female,Non-Smoker,Normoglycemic,Normal,Desirable,24.4,Non-Obese
40-59,Female,Non-Smoker,Normoglycemic,Normal,Desirable,28.8,Non-Obese
80+,Female,Non-Smoker,Diabetic,Normal,High,25.1,Non-Obese
20-39,Male,Non-Smoker,Normoglycemic,Normal,Desirable,24.8,Non-Obese
20-39,Female,Non-Smoker,Normoglycemic,Stage 1 HTN,High,25.5,Non-Obese
20-39,Female,Non-Smoker,Normoglycemic,Normal,Desirable,24.8,Non-Obese
60-79,Male,Non-Smoker,Normoglycemic,Normal,Very High,32.1,Obese
60-79,Female,Non-Smoker,Diabetic,Elevated,Borderline High,31.1,Obese
80+,Male,Non-Smoker,Normoglycemic,Elevated,Borderline High,23.1,Non-Obese
40-59,Male,Non-Smoker,Normoglycemic,Normal,High,19.0,Non-Obese
20-39,Female,Non-Smoker,Normoglycemic,Stage 2 HTN,High,33.7,Obese
20-39,Female,Non-Smoker,Normoglycemic,Stage 2 HTN,Borderline High,28.8,Non-Obese
80+,Male,Non-Smoker,Diabetic,Stage 2 HTN,Borderline High,28.0,Non-Obese
60-79,Female,Non-Smoker,Normoglycemic,Normal,Borderline High,27.3,Non-Obese
60-79,Male,Non-Smoker,Normoglycemic,Normal,Desirable,29.3,Non-Obese
40-59,Female,Non-Smoker,Diabetic,Stage 1 HTN,Borderline High,29.8,Non-Obese
40-59,Male,Non-Smoker,Normoglycemic,Normal,Very High,26.3,Non-Obese
40-59,Female,Non-Smoker,Normoglycemic,Stage 1 HTN,Very High,29.9,Non-Obese
40-59,Female,Non-Smoker,Normoglycemic,Normal,Desirable,28.7,Non-Obese
60-79,Female,Non-Smoker,Normoglycemic,Elevated,Borderline High,33.2,Obese
40-59,Male,Non-Smoker,Normoglycemic,Stage 1 HTN,Borderline High,26.3,Non-Obese
40-59,Male,Non-Smoker,Normoglycemic,Normal,Desirable,24.0,Non-Obese
40-59,Female,Non-Smoker,Normoglycemic,Stage 1 HTN,High,30.4,Obese
60-79,Female,Non-Smoker,Diabetic,Stage 2 HTN,Borderline High,42.0,Obese
60-79,Female,Non-Smoker,Normoglycemic,Normal,Very High,25.8,Non-Obese
40-59,Male,Current Smoker,Normoglycemic,Normal,Borderline High,26.5,Non-Obese
20-39,Male,Non-Smoker,Normoglycemic,Normal,Desirable,21.1,Non-Obese
40-59,Male,Non-Smoker,Normoglycemic,Normal,High,29.3,Non-Obese
80+,Female,Non-Smoker,Normoglycemic,Normal,High,25.3,Non-Obese
40-59,Male,Non-Smoker,Normoglycemic,Normal,Desirable,25.7,Non-Obese
60-79,Female,Current Smoker,Diabetic,Stage 2 HTN,Very High,31.5,Obese
60-79,Female,Current Smoker,Normoglycemic,Stage 1 HTN,Very High,38.4,Obese
40-59,Male,Non-Smoker,Normoglycemic,Normal,High,29.7,Non-Obese
60-79,Male,Non-Smoker,Normoglycemic,Normal,Desirable,25.6,Non-Obese
40-59,Female,Non-Smoker,Diabetic,Stage 2 HTN,High,32.3,Obese
40-59,Female,Non-Smoker,Normoglycemic,Normal,Desirable,20.9,Non-Obese
60-79,Male,Non-Smoker,Diabetic,Stage 2 HTN,Desirable,32.0,Obese
40-59,Female,Current Smoker,Normoglycemic,Elevated,Desirable,25.1,Non-Obese
40-59,Male,Non-Smoker,Normoglycemic,Stage 1 HTN,High,33.8,Obese
60-79,Female,Non-Smoker,Normoglycemic,Normal,Desirable,23.5,Non-Obese
20-39,Female,Non-Smoker,Normoglycemic,Normal,Desirable,24.7,Non-Obese
40-59,Female,Non-Smoker,Normoglycemic,Normal,Desirable,28.4,Non-Obese
20-39,Female,Non-Smoker,Normoglycemic,Stage 1 HTN,Borderline High,29.0,Non-Obese
40-59,Female,Non-Smoker,Normoglycemic,Normal,Borderline High,23.0,Non-Obese
60-79,Male,Current Smoker,Diabetic,Stage 2 HTN,Very High,31.7,Obese
60-79,Male,Non-Smoker,Normoglycemic,Normal,Very High,28.5,Non-Obese
20-39,Female,Non-Smoker,Normoglycemic,Normal,High,28.4,Non-Obese
20-39,Male,Non-Smoker,Normoglycemic,Normal,Borderline High,20.2,Non-Obese
20-39,Male,Current Smoker,Normoglycemic,Normal,Borderline High,26.6,Non-Obese
20-39,Female,Current Smoker,Diabetic,Stage 2 HTN,High,33.5,Obese
80+,Male,Current Smoker,Normoglycemic,Stage 2 HTN,Borderline High,27.7,Non-Obese
60-79,Male,Non-Smoker,Normoglycemic,Stage 2 HTN,Borderline High,23.7,Non-Obese
60-79,Female,Non-Smoker,Normoglycemic,Normal,Desirable,27.3,Non-Obese
20-39,Female,Current Smoker,Normoglycemic,Stage 1 HTN,Very High,28.1,Non-Obese
20-39,Male,Current Smoker,Normoglycemic,Normal,High,24.2,Non-Obese
20-39,Female,Non-Smoker,Normoglycemic,Stage 1 HTN,Desirable,25.0,Non-Obese
60-79,Male,Non-Smoker,Normoglycemic,Stage 2 HTN,Very High,44.0,Obese
60-79,Female,Non-Smoker,Normoglycemic,Normal,Desirable,23.2,Non-Obese
60-79,Male,Non-Smoker,Diabetic,Elevated,Borderline High,20.9,Non-Obese
40-59,Male,Non-Smoker,Normoglycemic,Elevated,High,25.0,Non-Obese
60-79,Male,Non-Smoker,Normoglycemic,Elevated,Borderline High,21.8,Non-Obese
60-79,Female,Current Smoker,Normoglycemic,Elevated,Desirable,29.3,Non-Obese
80+,Male,Non-Smoker,Normoglycemic,Normal,Desirable,26.6,Non-Obese
20-39,Female,Non-Smoker,Normoglycemic,Normal,Desirable,28.0,Non-Obese
40-59,Female,Current Smoker,Diabetic,Stage 2 HTN,Borderline High,36.5,Obese
20-39,Female,Current Smoker,Normoglycemic,Stage 2 HTN,Desirable,24.5,Non-Obese
40-59,Female,Non-Smoker,Normoglycemic,Elevated,Desirable,32.1,Obese
40-59,Male,Non-Smoker,Normoglycemic,Stage 1 HTN,Desirable,32.6,Obese
80+,Female,Non-Smoker,Normoglycemic,Normal,Borderline High,23.4,Non-Obese
40-59,Female,Current Smoker,Normoglycemic,Elevated,Borderline High,24.9,Non-Obese
40-59,Male,Non-Smoker,Normoglycemic,Normal,Desirable,30.3,Obese
40-59,Female,Non-Smoker,Diabetic,Stage 1 HTN,Very High,35.6,Obese
20-39,Female,Non-Smoker,Normoglycemic,Normal,High,27.0,Non-Obese
40-59,Male,Non-Smoker,Normoglycemic,Elevated,Desirable,23.9,Non-Obese
40-59,Male,Non-Smoker,Normoglycemic,Elevated,Borderline High,27.4,Non-Obese
20-39,Male,Non-Smoker,Normoglycemic,Normal,Borderline High,20.5,Non-Obese
20-39,Female,Non-Smoker,Normoglycemic,Normal,Borderline High,27.8,Non-Obese
60-79,Female,Current Smoker,Diabetic,Stage 1 HTN,Borderline High,34.3,Obese
40-59,Female,Current Smoker,Normoglycemic,Stage 1 HTN,High,28.0,Non-Obese
20-39,Female,Non-Smoker,Normoglycemic,Normal,Borderline High,23.0,Non-Obese
40-59,Male,Non-Smoker,Diabetic,Stage 2 HTN,Borderline High,31.6,Obese
40-59,Female,Non-Smoker,Normoglycemic,Stage 1 HTN,Borderline High,29.9,Non-Obese
40-59,Female,Non-Smoker,Normoglycemic,Stage 1 HTN,Borderline High,22.1,Non-Obese
40-59,Female,Current Smoker,Normoglycemic,Stage 2 HTN,Borderline High,28.0,Non-Obese
60-79,Male,Current Smoker,Normoglycemic,Normal,Borderline High,20.9,Non-Obese
40-59,Male,Non-Smoker,Diabetic,Stage 1 HTN,High,33.1,Obese
60-79,Male,Non-Smoker,Normoglycemic,Normal,Very High,28.1,Non-Obese
40-59,Female,Non-Smoker,Diabetic,Stage 2 HTN,Very High,37.9,Obese
40-59,Female,Current Smoker,Normoglycemic,Stage 2 HTN,High,29.4,Non-Obese
40-59,Female,Non-Smoker,Normoglycemic,Normal,Desirable,25.3,Non-Obese
20-39,Female,Non-Smoker,Normoglycemic,Normal,Desirable,20.9,Non-Obese
20-39,Female,Non-Smoker,Normoglycemic,Stage 1 HTN,Borderline High,25.1,Non-Obese
60-79,Female,Non-Smoker,Normoglycemic,Normal,Borderline High,26.7,Non-Obese
60-79,Male,Non-Smoker,Normoglycemic,Normal,Very High,27.3,Non-Obese
60-79,Male,Current Smoker,Normoglycemic,Normal,Desirable,23.1,Non-Obese
60-79,Female,Current Smoker,Normoglycemic,Elevated,Borderline High,30.9,Obese
40-59,Male,Current Smoker,Normoglycemic,Elevated,Borderline High,28.2,Non-Obese
40-59,Male,Non-Smoker,Normoglycemic,Stage 2 HTN,Desirable,26.2,Non-Obese
20-39,Female,Non-Smoker,Normoglycemic,Normal,Borderline High,29.1,Non-Obese
20-39,Female,Non-Smoker,Normoglycemic,Normal,Desirable,23.5,Non-Obese
40-59,Male,Non-Smoker,Normoglycemic,Normal,Desirable,23.0,Non-Obese
20-39,Male,Non-Smoker,Normoglycemic,Elevated,Desirable,27.0,Non-Obese
60-79,Female,Current Smoker,Normoglycemic,Stage 2 HTN,Very High,28.2,Non-Obese
80+,Female,Non-Smoker,Diabetic,Stage 2 HTN,Desirable,37.1,Obese
20-39,Male,Current Smoker,Normoglycemic,Stage 1 HTN,High,25.5,Non-Obese
60-79,Female,Non-Smoker,Normoglycemic,Normal,High,19.8,Non-Obese
20-39,Female,Non-Smoker,Diabetic,Stage 1 HTN,Desirable,27.7,Non-Obese
20-39,Male,Non-Smoker,Normoglycemic,Stage 1 HTN,Borderline High,25.2,Non-Obese
80+,Male,Non-Smoker,Normoglycemic,Elevated,Desirable,29.9,Non-Obese
60-79,Male,Current Smoker,Normoglycemic,Stage 1 HTN,Very High,33.0,Obese
60-79,Male,Non-Smoker,Normoglycemic,Stage 1 HTN,Very High,28.3,Non-Obese
20-39,Female,Current Smoker,Normoglycemic,Stage 2 HTN,Desirable,25.0,Non-Obese
40-59,Male,Non-Smoker,Normoglycemic,Normal,Desirable,22.5,Non-Obese
40-59,Female,Non-Smoker,Normoglycemic,Normal,High,28.1,Non-Obese
60-79,Female,Non-Smoker,Normoglycemic,Elevated,High,25.8,Non-Obese
20-39,Male,Non-Smoker,Normoglycemic,Normal,Desirable,19.0,Non-Obese
20-39,Female,Non-Smoker,Normoglycemic,Normal,Borderline High,26.2,Non-Obese
80+,Male,Current Smoker,Normoglycemic,Elevated,High,23.9,Non-Obese
40-59,Male,Non-Smoker,Diabetic,Stage 2 HTN,High,42.8,Obese
60-79,Male,Non-Smoker,Diabetic,Elevated,High,35.6,Obese
80+,Male,Non-Smoker,Normoglycemic,Normal,Very High,27.8,Non-Obese
40-59,Male,Non-Smoker,Normoglycemic,Elevated,Borderline High,23.4,Non-Obese
60-79,Male,Non-Smoker,Normoglycemic,Normal,Desirable,21.2,Non-Obese
20-39,Male,Non-Smoker,Normoglycemic,Normal,Borderline High,25.9,Non-Obese
80+,Female,Non-Smoker,Normoglycemic,Normal,Borderline High,26.3,Non-Obese
40-59,Female,Non-Smoker,Normoglycemic,Normal,High,25.3,Non-Obese
40-59,Male,Non-Smoker,Normoglycemic,Normal,Borderline High,24.0,Non-Obese
40-59,Female,Current Smoker,Normoglycemic,Normal,High,22.7,Non-Obese
60-79,Female,Non-Smoker,Normoglycemic,Normal,Desirable,30.6,Obese
60-79,Male,Current Smoker,Normoglycemic,Stage 2 HTN,High,23.8,Non-Obese
20-39,Male,Non-Smoker,Normoglycemic,Normal,High,24.8,Non-Obese
20-39,Female,Non-Smoker,Normoglycemic,Elevated,Desirable,22.7,Non-Obese
20-39,Female,Non-Smoker,Normoglycemic,Stage 1 HTN,Very High,30.6,Obese
40-59,Male,Non-Smoker,Normoglycemic,Stage 1 HTN,Borderline High,26.6,Non-Obese
60-79,Female,Current Smoker,Normoglycemic,Elevated,Borderline High,31.1,Obese
20-39,Male,Current Smoker,Normoglycemic,Stage 2 HTN,Very High,30.6,Obese
60-79,Male,Non-Smoker,Normoglycemic,Normal,Borderline High,25.2,Non-Obese
40-59,Female,Non-Smoker,Normoglycemic,Normal,Borderline High,21.6,Non-Obese
60-79,Female,Non-Smoker,Normoglycemic,Elevated,Borderline High,22.0,Non-Obese
60-79,Female,Non-Smoker,Normoglycemic,Elevated,Borderline High,33.6,Obese
80+,Female,Non-Smoker,Normoglycemic,Stage 2 HTN,Desirable,28.6,Non-Obese
40-59,Female,Non-Smoker,Normoglycemic,Normal,Desirable,27.9,Non-Obese
40-59,Male,Non-Smoker,Normoglycemic,Elevated,Very High,32.8,Obese
20-39,Female,Non-Smoker,Normoglycemic,Normal,Desirable,23.3,Non-Obese
60-79,Female,Non-Smoker,Normoglycemic,Stage 1 HTN,Borderline High,30.2,Obese
60-79,Male,Non-Smoker,Normoglycemic,Elevated,Desirable,26.8,Non-Obese
60-79,Male,Non-Smoker,Normoglycemic,Normal,Borderline High,26.1,Non-Obese
80+,Female,Non-Smoker,Normoglycemic,Stage 1 HTN,Very High,29.3,Non-Obese
20-39,Female,Non-Smoker,Normoglycemic,Normal,High,26.9,Non-Obese
40-59,Female,Non-Smoker,Normoglycemic,Normal,Borderline High,19.7,Non-Obese
20-39,Female,Non-Smoker,Normoglycemic,Normal,Borderline High,28.7,Non-Obese
20-39,Female,Non-Smoker,Normoglycemic,Elevated,Desirable,23.9,Non-Obese
60-79,Female,Non-Smoker,Normoglycemic,Stage 1 HTN,Borderline High,26.5,Non-Obese
40-59,Male,Non-Smoker,Normoglycemic,Normal,Borderline High,24.7,Non-Obese
20-39,Male,Non-Smoker,Normoglycemic,Normal,High,25.9,Non-Obese
60-79,Female,Current Smoker,Normoglycemic,Stage 1 HTN,High,20.8,Non-Obese
80+,Female,Non-Smoker,Normoglycemic,Normal,Desirable,19.8,Non-Obese
20-39,Female,Current Smoker,Normoglycemic,Stage 2 HTN,High,28.8,Non-Obese
40-59,Male,Non-Smoker,Normoglycemic,Normal,Desirable,24.4,Non-Obese
40-59,Female,Non-Smoker,Normoglycemic,Normal,Desirable,29.1,Non-Obese
40-59,Female,Non-Smoker,Diabetic,Stage 2 HTN,Borderline High,33.0,Obese
40-59,Male,Non-Smoker,Normoglycemic,Normal,Borderline High,27.8,Non-Obese
80+,Female,Non-Smoker,Normoglycemic,Stage 1 HTN,Very High,38.0,Obese
40-59,Male,Current Smoker,Normoglycemic,Normal,High,31.7,Obese
40-59,Female,Non-Smoker,Diabetic,Stage 2 HTN,Borderline High,36.3,Obese
40-59,Male,Current Smoker,Normoglycemic,Elevated,Borderline High,23.6,Non-Obese
40-59,Male,Non-Smoker,Normoglycemic,Normal,Desirable,21.5,Non-Obese
60-79,Male,Non-Smoker,Diabetic,Stage 2 HTN,High,34.4,Obese
40-59,Male,Non-Smoker,Normoglycemic,Normal,Desirable,29.1,Non-Obese
80+,Male,Non-Smoker,Normoglycemic,Stage 1 HTN,Very High,29.5,Non-Obese
20-39,Male,Current Smoker,Normoglycemic,Stage 2 HTN,Borderline High,31.7,Obese
40-59,Male,Non-Smoker,Normoglycemic,Normal,High,30.7,Obese
60-79,Male,Current Smoker,Normoglycemic,Stage 1 HTN,Borderline High,22.9,Non-Obese
20-39,Female,Current Smoker,Normoglycemic,Stage 1 HTN,High,25.3,Non-Obese
20-39,Female,Non-Smoker,Normoglycemic,Normal,Desirable,21.4,Non-Obese
40-59,Female,Non-Smoker,Normoglycemic,Elevated,Desirable,24.0,Non-Obese
80+,Female,Current Smoker,Normoglycemic,Stage 2 HTN,Desirable,24.8,Non-Obese
60-79,Male,Non-Smoker,Normoglycemic,Normal,Borderline High,34.3,Obese
20-39,Male,Non-Smoker,Normoglycemic,Elevated,Desirable,28.3,Non-Obese
60-79,Female,Non-Smoker,Diabetic,Stage 2 HTN,High,37.9,Obese
20-39,Male,Non-Smoker,Normoglycemic,Normal,High,24.9,Non-Obese
40-59,Female,Non-Smoker,Normoglycemic,Stage 1 HTN,Borderline High,29.4,Non-Obese
60-79,Male,Non-Smoker,Normoglycemic,Stage 2 HTN,Borderline High,27.2,Non-Obese
60-79,Female,Non-Smoker,Normoglycemic,Normal,Desirable,26.2,Non-Obese
20-39,Male,Non-Smoker,Normoglycemic,Normal,Borderline High,23.0,Non-Obese
20-39,Female,Non-Smoker,Normoglycemic,Stage 1 HTN,Very High,31.2,Obese
20-39,Female,Non-Smoker,Normoglycemic,Normal,Borderline High,24.1,Non-Obese
20-39,Male,Current Smoker,Normoglycemic,Stage 2 HTN,Very High,29.0,Non-Obese
20-39,Female,Non-Smoker,Normoglycemic,Stage 1 HTN,High,28.0,Non-Obese
60-79,Female,Non-Smoker,Normoglycemic,Stage 2 HTN,High,31.0,Obese
60-79,Female,Non-Smoker,Normoglycemic,Normal,Borderline High,24.2,Non-Obese
80+,Female,Non-Smoker,Normoglycemic,Normal,Very High,28.0,Non-Obese
40-59,Female,Current Smoker,Normoglycemic,Stage 2 HTN,High,35.3,Obese
40-59,Female,Non-Smoker,Normoglycemic,Elevated,Borderline High,25.3,Non-Obese
60-79,Male,Non-Smoker,Normoglycemic,Normal,High,28.9,Non-Obese
20-39,Female,Non-Smoker,Normoglycemic,Elevated,Desirable,22.6,Non-Obese
20-39,Female,Non-Smoker,Normoglycemic,Normal,High,21.9,Non-Obese
20-39,Male,Non-Smoker,Normoglycemic,Elevated,Desirable,25.8,Non-Obese
40-59,Female,Current Smoker,Normoglycemic,Elevated,Desirable,25.4,Non-Obese
40-59,Female,Non-Smoker,Normoglycemic,Normal,Borderline High,20.6,Non-Obese
40-59,Female,Non-Smoker,Normoglycemic,Normal,Borderline High,28.2,Non-Obese
60-79,Male,Non-Smoker,Normoglycemic,Stage 1 HTN,High,29.4,Non-Obese
60-79,Male,Non-Smoker,Normoglycemic,Elevated,Very High,24.3,Non-Obese
60-79,Male,Current Smoker,Normoglycemic,Elevated,Very High,31.2,Obese
20-39,Female,Non-Smoker,Normoglycemic,Normal,High,26.0,Non-Obese
60-79,Female,Non-Smoker,Normoglycemic,Normal,Desirable,20.4,Non-Obese
80+,Male,Non-Smoker,Normoglycemic,Normal,High,19.2,Non-Obese
20-39,Female,Non-Smoker,Normoglycemic,Normal,High,28.0,Non-Obese
20-39,Male,Current Smoker,Normoglycemic,Stage 1 HTN,Desirable,22.8,Non-Obese
20-39,Male,Non-Smoker,Normoglycemic,Stage 1 HTN,Desirable,21.8,Non-Obese
60-79,Female,Current Smoker,Normoglycemic,Stage 1 HTN,High,22.2,Non-Obese
20-39,Female,Non-Smoker,Normoglycemic,Stage 1 HTN,Desirable,25.6,Non-Obese
60-79,Female,Non-Smoker,Diabetic,Stage 2 HTN,High,31.3,Obese
60-79,Male,Non-Smoker,Normoglycemic,Normal,High,22.3,Non-Obese
60-79,Female,Non-Smoker,Normoglycemic,Normal,Desirable,23.7,Non-Obese
60-79,Male,Current Smoker,Normoglycemic,Stage 1 HTN,High,32.6,Obese
40-59,Male,Non-Smoker,Normoglycemic,Stage 2 HTN,Borderline High,28.1,Non-Obese
80+,Female,Current Smoker,Normoglycemic,Stage 1 HTN,High,28.4,Non-Obese
40-59,Female,Non-Smoker,Normoglycemic,Elevated,Very High,23.9,Non-Obese
40-59,Male,Non-Smoker,Diabetic,Stage 1 HTN,Desirable,33.9,Obese
60-79,Male,Current Smoker,Normoglycemic,Normal,Very High,28.1,Non-Obese
20-39,Male,Current Smoker,Normoglycemic,Stage 2 HTN,Borderline High,26.5,Non-Obese
80+,Male,Non-Smoker,Diabetic,Stage 2 HTN,Borderline High,33.3,Obese
40-59,Female,Current Smoker,Diabetic,Stage 2 HTN,Desirable,28.8,Non-Obese
40-59,Male,Current Smoker,Diabetic,Stage 2 HTN,High,30.5,Obese
40-59,Male,Non-Smoker,Normoglycemic,Normal,Desirable,27.3,Non-Obese
60-79,Female,Non-Smoker,Diabetic,Stage 2 HTN,Borderline High,33.9,Obese
60-79,Male,Non-Smoker,Normoglycemic,Normal,High,28.5,Non-Obese
80+,Male,Non-Smoker,Normoglycemic,Elevated,High,23.7,Non-Obese
60-79,Male,Non-Smoker,Normoglycemic,Normal,Borderline High,28.6,Non-Obese
40-59,Male,Current Smoker,Diabetic,Stage 2 HTN,Borderline High,37.1,Obese
40-59,Male,Non-Smoker,Normoglycemic,Normal,Borderline High,26.3,Non-Obese
60-79,Male,Current Smoker,Normoglycemic,Stage 1 HTN,High,23.9,Non-Obese
20-39,Female,Non-Smoker,Normoglycemic,Normal,Very High,33.1,Obese
60-79,Male,Non-Smoker,Normoglycemic,Elevated,Desirable,26.0,Non-Obese
20-39,Male,Non-Smoker,Normoglycemic,Stage 2 HTN,High,34.4,Obese
20-39,Female,Non-Smoker,Normoglycemic,Elevated,High,21.2,Non-Obese
60-79,Male,Non-Smoker,Diabetic,Stage 2 HTN,High,37.9,Obese
20-39,Male,Current Smoker,Normoglycemic,Stage 1 HTN,Borderline High,24.7,Non-Obese
80+,Male,Non-Smoker,Normoglycemic,Normal,Very High,24.6,Non-Obese
20-39,Male,Non-Smoker,Normoglycemic,Elevated,Desirable,28.8,Non-Obese
60-79,Male,Non-Smoker,Normoglycemic,Stage 1 HTN,High,28.2,Non-Obese
60-79,Female,Non-Smoker,Diabetic,Stage 1 HTN,Desirable,35.5,Obese
20-39,Female,Non-Smoker,Normoglycemic,Elevated,Borderline High,23.8,Non-Obese
20-39,Male,Current Smoker,Normoglycemic,Stage 2 HTN,Very High,29.2,Non-Obese
20-39,Female,Non-Smoker,Normoglycemic,Stage 1 HTN,Desirable,27.6,Non-Obese
80+,Male,Non-Smoker,Normoglycemic,Elevated,Desirable,21.6,Non-Obese
20-39,Male,Current Smoker,Normoglycemic,Stage 2 HTN,Desirable,28.0,Non-Obese
20-39,Male,Non-Smoker,Normoglycemic,Normal,Borderline High,21.2,Non-Obese
40-59,Male,Non-Smoker,Normoglycemic,Elevated,High,28.1,Non-Obese
20-39,Female,Non-Smoker,Normoglycemic,Normal,High,23.5,Non-Obese
40-59,Male,Non-Smoker,Normoglycemic,Stage 2 HTN,Borderline High,27.2,Non-Obese
40-59,Female,Non-Smoker,Normoglycemic,Stage 1 HTN,Borderline High,30.7,Obese
20-39,Male,Non-Smoker,Normoglycemic,Normal,High,25.3,Non-Obese
20-39,Female,Non-Smoker,Normoglycemic,Normal,Desirable,20.4,Non-Obese
20-39,Female,Non-Smoker,Normoglycemic,Normal,Desirable,22.7,Non-Obese
40-59,Female,Non-Smoker,Normoglycemic,Elevated,Borderline High,29.7,Non-Obese
20-39,Female,Non-Smoker,Normoglycemic,Elevated,Desirable,27.9,Non-Obese
40-59,Female,Non-Smoker,Diabetic,Stage 2 HTN,High,31.7,Obese
40-59,Male,Non-Smoker,Normoglycemic,Normal,Desirable,21.1,Non-Obese
60-79,Male,Current Smoker,Normoglycemic,Elevated,Very High,37.7,Obese
40-59,Male,Non-Smoker,Normoglycemic,Normal,Desirable,24.9,Non-Obese
60-79,Male,Current Smoker,Normoglycemic,Stage 2 HTN,Very High,28.0,Non-Obese
20-39,Male,Non-Smoker,Normoglycemic,Stage 2 HTN,Desirable,28.6,Non-Obese
60-79,Female,Non-Smoker,Normoglycemic,Normal,High,24.2,Non-Obese
40-59,Female,Current Smoker,Normoglycemic,Stage 1 HTN,High,28.8,Non-Obese
40-59,Male,Non-Smoker,Normoglycemic,Normal,Borderline High,28.3,Non-Obese
20-39,Female,Non-Smoker,Normoglycemic,Elevated,High,33.7,Obese
60-79,Female,Non-Smoker,Normoglycemic,Normal,Borderline High,24.4,Non-Obese
80+,Male,Current Smoker,Normoglycemic,Stage 1 HTN,Borderline High,25.2,Non-Obese
60-79,Female,Non-Smoker,Normoglycemic,Stage 2 HTN,Desirable,31.5,Obese
60-79,Male,Non-Smoker,Normoglycemic,Elevated,Borderline High,24.2,Non-Obese
60-79,Female,Non-Smoker,Normoglycemic,Normal,Desirable,27.7,Non-Obese
20-39,Male,Non-Smoker,Normoglycemic,Normal,Borderline High,20.1,Non-Obese
20-39,Male,Non-Smoker,Normoglycemic,Normal,Desirable,28.4,Non-Obese
40-59,Male,Current Smoker,Normoglycemic,Stage 1 HTN,High,23.5,Non-Obese
20-39,Male,Non-Smoker,Normoglycemic,Normal,Borderline High,29.8,Non-Obese
80+,Female,Current Smoker,Normoglycemic,Normal,Desirable,19.9,Non-Obese
40-59,Female,Non-Smoker,Normoglycemic,Normal,Desirable,29.5,Non-Obese
60-79,Female,Current Smoker,Normoglycemic,Stage 1 HTN,Very High,30.4,Obese
60-79,Female,Current Smoker,Diabetic,Stage 2 HTN,Borderline High,31.7,Obese
40-59,Female,Current Smoker,Normoglycemic,Stage 1 HTN,High,22.6,Non-Obese
20-39,Female,Current Smoker,Normoglycemic,Stage 1 HTN,Desirable,22.0,Non-Obese
40-59,Male,Non-Smoker,Normoglycemic,Normal,High,35.7,Obese
40-59,Male,Current Smoker,Normoglycemic,Stage 2 HTN,Desirable,27.7,Non-Obese
40-59,Male,Non-Smoker,Normoglycemic,Normal,Borderline High,23.7,Non-Obese
40-59,Female,Current Smoker,Normoglycemic,Stage 2 HTN,Borderline High,29.2,Non-Obese
60-79,Female,Non-Smoker,Diabetic,Stage 1 HTN,Borderline High,36.4,Obese
60-79,Male,Current Smoker,Normoglycemic,Stage 1 HTN,Borderline High,26.5,Non-Obese
20-39,Female,Non-Smoker,Normoglycemic,Normal,Borderline High,29.0,Non-Obese
60-79,Male,Non-Smoker,Normoglycemic,Normal,Desirable,35.4,Obese
40-59,Male,Non-Smoker,Diabetic,Stage 1 HTN,Borderline High,32.7,Obese
40-59,Male,Non-Smoker,Diabetic,Stage 2 HTN,High,35.1,Obese
40-59,Male,Current Smoker,Normoglycemic,Stage 2 HTN,Very High,23.2,Non-Obese
60-79,Male,Non-Smoker,Normoglycemic,Normal,Borderline High,27.0,Non-Obese
40-59,Male,Non-Smoker,Normoglycemic,Stage 2 HTN,Desirable,25.1,Non-Obese
60-79,Male,Non-Smoker,Normoglycemic,Elevated,Desirable,29.6,Non-Obese
20-39,Female,Non-Smoker,Diabetic,Stage 1 HTN,Borderline High,34.5,Obese
40-59,Female,Non-Smoker,Normoglycemic,Elevated,Borderline High,28.1,Non-Obese
60-79,Female,Non-Smoker,Diabetic,Stage 2 HTN,Desirable,30.6,Obese
40-59,Male,Current Smoker,Diabetic,Stage 2 HTN,Desirable,33.5,Obese
40-59,Female,Current Smoker,Normoglycemic,Normal,Borderline High,28.1,Non-Obese
20-39,Female,Non-Smoker,Normoglycemic,Normal,Desirable,26.7,Non-Obese
40-59,Male,Non-Smoker,Normoglycemic,Elevated,High,27.9,Non-Obese
40-59,Female,Non-Smoker,Normoglycemic,Normal,Borderline High,27.4,Non-Obese
20-39,Male,Non-Smoker,Normoglycemic,Elevated,Borderline High,22.9,Non-Obese
20-39,Male,Non-Smoker,Normoglycemic,Normal,Very High,25.8,Non-Obese
80+,Female,Non-Smoker,Normoglycemic,Normal,Desirable,32.3,Obese
20-39,Male,Non-Smoker,Normoglycemic,Stage 1 HTN,Desirable,23.4,Non-Obese
40-59,Male,Current Smoker,Normoglycemic,Elevated,Borderline High,26.4,Non-Obese
60-79,Female,Non-Smoker,Normoglycemic,Elevated,Desirable,25.4,Non-Obese
60-79,Male,Non-Smoker,Normoglycemic,Elevated,High,24.1,Non-Obese
40-59,Male,Non-Smoker,Normoglycemic,Elevated,Desirable,29.9,Non-Obese
60-79,Female,Non-Smoker,Normoglycemic,Elevated,Very High,23.9,Non-Obese
60-79,Female,Non-Smoker,Normoglycemic,Stage 1 HTN,Desirable,23.9,Non-Obese
20-39,Male,Current Smoker,Diabetic,Stage 2 HTN,Desirable,26.2,Non-Obese
40-59,Male,Current Smoker,Normoglycemic,Elevated,Borderline High,30.7,Obese
40-59,Female,Non-Smoker,Normoglycemic,Normal,Desirable,31.0,Obese
60-79,Male,Non-Smoker,Normoglycemic,Normal,Desirable,26.7,Non-Obese
40-59,Female,Non-Smoker,Normoglycemic,Normal,Borderline High,27.4,Non-Obese
20-39,Female,Non-Smoker,Normoglycemic,Normal,Borderline High,30.1,Obese
20-39,Female,Non-Smoker,Normoglycemic,Normal,Very High,35.6,Obese
60-79,Female,Current Smoker,Normoglycemic,Stage 1 HTN,High,29.6,Non-Obese
60-79,Female,Non-Smoker,Normoglycemic,Stage 1 HTN,Desirable,25.2,Non-Obese
60-79,Female,Current Smoker,Normoglycemic,Stage 2 HTN,High,40.0,Obese
40-59,Female,Current Smoker,Normoglycemic,Stage 1 HTN,High,31.1,Obese
60-79,Male,Non-Smoker,Diabetic,Stage 2 HTN,Desirable,31.2,Obese
80+,Female,Non-Smoker,Normoglycemic,Normal,Borderline High,26.2,Non-Obese
60-79,Female,Non-Smoker,Normoglycemic,Elevated,Desirable,23.5,Non-Obese
40-59,Male,Non-Smoker,Normoglycemic,Normal,Desirable,22.5,Non-Obese
40-59,Male,Non-Smoker,Normoglycemic,Normal,Desirable,22.8,Non-Obese
20-39,Female,Non-Smoker,Normoglycemic,Normal,Borderline High,19.0,Non-Obese
40-59,Male,Current Smoker,Normoglycemic,Stage 1 HTN,Very High,27.2,Non-Obese
80+,Male,Non-Smoker,Diabetic,Stage 1 HTN,Desirable,27.4,Non-Obese
60-79,Female,Non-Smoker,Normoglycemic,Stage 1 HTN,Borderline High,37.7,Obese
20-39,Female,Non-Smoker,Diabetic,Stage 1 HTN,Borderline High,27.6,Non-Obese
40-59,Female,Non-Smoker,Normoglycemic,Normal,High,21.1,Non-Obese
60-79,Female,Non-Smoker,Normoglycemic,Normal,Desirable,27.7,Non-Obese
40-59,Male,Non-Smoker,Normoglycemic,Normal,High,26.3,Non-Obese
60-79,Male,Non-Smoker,Normoglycemic,Elevated,Borderline High,25.4,Non-Obese
60-79,Male,Non-Smoker,Normoglycemic,Stage 2 HTN,High,30.5,Obese
60-79,Female,Non-Smoker,Normoglycemic,Elevated,Desirable,23.6,Non-Obese
20-39,Male,Current Smoker,Normoglycemic,Stage 2 HTN,High,28.9,Non-Obese
40-59,Male,Non-Smoker,Diabetic,Stage 2 HTN,Desirable,31.4,Obese
80+,Female,Non-Smoker,Normoglycemic,Stage 2 HTN,Desirable,23.5,Non-Obese
40-59,Male,Current Smoker,Normoglycemic,Normal,High,24.9,Non-Obese
20-39,Female,Non-Smoker,Normoglycemic,Normal,High,32.1,Obese
60-79,Female,Non-Smoker,Normoglycemic,Normal,High,27.4,Non-Obese
20-39,Female,Non-Smoker,Normoglycemic,Normal,Borderline High,22.1,Non-Obese
80+,Female,Non-Smoker,Normoglycemic,Normal,Borderline High,21.8,Non-Obese
60-79,Male,Non-Smoker,Diabetic,Stage 2 HTN,Desirable,36.6,Obese
40-59,Male,Current Smoker,Diabetic,Stage 2 HTN,High,24.4,Non-Obese
20-39,Male,Non-Smoker,Normoglycemic,Normal,Desirable,22.7,Non-Obese
80+,Male,Non-Smoker,Normoglycemic,Normal,Very High,25.9,Non-Obese
40-59,Male,Non-Smoker,Normoglycemic,Stage 2 HTN,Desirable,33.4,Obese
60-79,Female,Non-Smoker,Normoglycemic,Normal,Borderline High,23.7,Non-Obese
20-39,Female,Non-Smoker,Normoglycemic,Normal,High,34.4,Obese
60-79,Male,Non-Smoker,Normoglycemic,Normal,Very High,27.0,Non-Obese
60-79,Female,Non-Smoker,Diabetic,Normal,Borderline High,26.0,Non-Obese
20-39,Male,Current Smoker,Normoglycemic,Stage 1 HTN,High,25.9,Non-Obese
40-59,Female,Non-Smoker,Normoglycemic,Normal,Desirable,24.3,Non-Obese
40-59,Male,Non-Smoker,Normoglycemic,Stage 2 HTN,Borderline High,23.7,Non-Obese
60-79,Male,Non-Smoker,Normoglycemic,Normal,Desirable,26.7,Non-Obese
40-59,Male,Non-Smoker,Normoglycemic,Elevated,High,28.6,Non-Obese
20-39,Male,Current Smoker,Normoglycemic,Stage 2 HTN,Very High,25.9,Non-Obese
80+,Female,Non-Smoker,Normoglycemic,Normal,Borderline High,23.1,Non-Obese
40-59,Female,Non-Smoker,Normoglycemic,Normal,Borderline High,30.3,Obese
40-59,Male,Non-Smoker,Normoglycemic,Stage 1 HTN,Borderline High,25.9,Non-Obese
60-79,Male,Non-Smoker,Diabetic,Stage 2 HTN,Borderline High,33.2,Obese
60-79,Female,Non-Smoker,Normoglycemic,Elevated,Borderline High,28.2,Non-Obese
20-39,Male,Current Smoker,Normoglycemic,Stage 1 HTN,Desirable,29.1,Non-Obese
60-79,Male,Non-Smoker,Normoglycemic,Normal,Desirable,25.3,Non-Obese
80+,Female,Current Smoker,Diabetic,Stage 2 HTN,Borderline High,29.0,Non-Obese
60-79,Male,Non-Smoker,Normoglycemic,Normal,Borderline High,21.2,Non-Obese
40-59,Male,Current Smoker,Normoglycemic,Stage 1 HTN,High,28.7,Non-Obese
60-79,Female,Non-Smoker,Normoglycemic,Normal,High,34.1,Obese
20-39,Female,Non-Smoker,Normoglycemic,Stage 1 HTN,Borderline High,22.0,Non-Obese
60-79,Female,Current Smoker,Normoglycemic,Elevated,High,24.7,Non-Obese
60-79,Male,Non-Smoker,Normoglycemic,Normal,Desirable,24.7,Non-Obese
40-59,Male,Current Smoker,Normoglycemic,Stage 2 HTN,Borderline High,34.2,Obese
40-59,Male,Current Smoker,Normoglycemic,Elevated,High,31.9,Obese
20-39,Male,Non-Smoker,Normoglycemic,Normal,High,27.5,Non-Obese
20-39,Male,Current Smoker,Normoglycemic,Stage 2 HTN,High,29.5,Non-Obese
60-79,Male,Non-Smoker,Normoglycemic,Normal,Desirable,22.7,Non-Obese
60-79,Male,Current Smoker,Normoglycemic,Stage 1 HTN,Desirable,24.2,Non-Obese
60-79,Male,Current Smoker,Normoglycemic,Stage 1 HTN,High,23.3,Non-Obese
60-79,Male,Non-Smoker,Normoglycemic,Elevated,Borderline High,23.1,Non-Obese
20-39,Female,Non-Smoker,Normoglycemic,Elevated,Very High,27.6,Non-Obese
60-79,Female,Non-Smoker,Diabetic,Stage 1 HTN,Desirable,31.5,Obese
20-39,Female,Non-Smoker,Normoglycemic,Stage 1 HTN,Desirable,33.1,Obese
60-79,Male,Non-Smoker,Diabetic,Stage 1 HTN,Desirable,30.7,Obese
40-59,Male,Current Smoker,Normoglycemic,Stage 2 HTN,Desirable,32.6,Obese
60-79,Female,Non-Smoker,Normoglycemic,Stage 1 HTN,Desirable,29.3,Non-Obese
80+,Female,Non-Smoker,Diabetic,Stage 2 HTN,Desirable,37.8,Obese
60-79,Male,Current Smoker,Diabetic,Stage 2 HTN,Borderline High,36.3,Obese
20-39,Female,Current Smoker,Normoglycemic,Normal,Very High,25.1,Non-Obese
80+,Male,Current Smoker,Normoglycemic,Normal,Very High,19.8,Non-Obese
40-59,Male,Non-Smoker,Normoglycemic,Normal,Desirable,26.7,Non-Obese
60-79,Female,Non-Smoker,Diabetic,Elevated,Desirable,35.3,Obese
40-59,Male,Current Smoker,Diabetic,Stage 2 HTN,Very High,31.3,Obese
60-79,Male,Non-Smoker,Diabetic,Stage 2 HTN,Desirable,29.4,Non-Obese
40-59,Female,Non-Smoker,Diabetic,Stage 2 HTN,Very High,28.4,Non-Obese
40-59,Male,Non-Smoker,Normoglycemic,Elevated,Very High,33.4,Obese
60-79,Female,Non-Smoker,Normoglycemic,Elevated,Very High,25.8,Non-Obese
60-79,Female,Non-Smoker,Normoglycemic,Normal,Borderline High,30.1,Obese
80+,Male,Current Smoker,Normoglycemic,Elevated,High,31.6,Obese
80+,Male,Current Smoker,Normoglycemic,Stage 1 HTN,Borderline High,29.2,Non-Obese
40-59,Male,Current Smoker,Normoglycemic,Stage 1 HTN,High,30.7,Obese
60-79,Male,Non-Smoker,Diabetic,Stage 1 HTN,Borderline High,32.5,Obese
20-39,Male,Non-Smoker,Normoglycemic,Normal,Desirable,21.2,Non-Obese
60-79,Male,Non-Smoker,Diabetic,Stage 2 HTN,Borderline High,37.4,Obese
20-39,Male,Non-Smoker,Normoglycemic,Normal,Desirable,19.4,Non-Obese
20-39,Female,Non-Smoker,Normoglycemic,Normal,Borderline High,27.5,Non-Obese
60-79,Male,Non-Smoker,Normoglycemic,Stage 1 HTN,Desirable,27.9,Non-Obese
20-39,Female,Non-Smoker,Normoglycemic,Stage 1 HTN,Desirable,26.7,Non-Obese
20-39,Male,Non-Smoker,Normoglycemic,Stage 1 HTN,Desirable,27.6,Non-Obese
60-79,Female,Non-Smoker,Normoglycemic,Stage 2 HTN,High,34.1,Obese
60-79,Female,Non-Smoker,Diabetic,Stage 2 HTN,Borderline High,31.0,Obese
60-79,Male,Non-Smoker,Normoglycemic,Normal,Desirable,22.7,Non-Obese
40-59,Male,Non-Smoker,Normoglycemic,Stage 1 HTN,Desirable,26.8,Non-Obese
40-59,Male,Non-Smoker,Normoglycemic,Normal,Borderline High,29.8,Non-Obese
20-39,Female,Non-Smoker,Normoglycemic,Normal,Desirable,26.3,Non-Obese
20-39,Female,Non-Smoker,Normoglycemic,Stage 1 HTN,High,23.0,Non-Obese
40-59,Male,Non-Smoker,Normoglycemic,Elevated,Desirable,27.6,Non-Obese
60-79,Female,Current Smoker,Normoglycemic,Normal,Very High,31.6,Obese
40-59,Male,Non-Smoker,Diabetic,Stage 2 HTN,High,46.5,Obese
40-59,Female,Non-Smoker,Normoglycemic,Stage 1 HTN,Borderline High,31.0,Obese
20-39,Female,Non-Smoker,Normoglycemic,Stage 1 HTN,Very High,22.3,Non-Obese
40-59,Female,Non-Smoker,Normoglycemic,Normal,Borderline High,36.4,Obese
80+,Male,Current Smoker,Diabetic,Elevated,Very High,31.4,Obese
20-39,Female,Non-Smoker,Diabetic,Stage 2 HTN,Desirable,29.7,Non-Obese
60-79,Female,Current Smoker,Normoglycemic,Stage 2 HTN,Very High,22.6,Non-Obese
20-39,Male,Non-Smoker,Normoglycemic,Normal,Borderline High,25.2,Non-Obese
40-59,Female,Non-Smoker,Diabetic,Stage 2 HTN,Desirable,31.2,Obese
60-79,Male,Non-Smoker,Normoglycemic,Normal,Desirable,22.9,Non-Obese
40-59,Female,Non-Smoker,Normoglycemic,Stage 2 HTN,Borderline High,36.1,Obese
20-39,Male,Non-Smoker,Normoglycemic,Normal,Desirable,25.9,Non-Obese
60-79,Female,Current Smoker,Diabetic,Stage 2 HTN,High,29.8,Non-Obese
60-79,Female,Non-Smoker,Diabetic,Stage 2 HTN,Desirable,30.5,Obese
60-79,Male,Non-Smoker,Normoglycemic,Normal,Desirable,23.5,Non-Obese
20-39,Female,Non-Smoker,Normoglycemic,Elevated,High,26.3,Non-Obese
60-79,Male,Non-Smoker,Normoglycemic,Normal,Desirable,23.7,Non-Obese
40-59,Male,Non-Smoker,Diabetic,Stage 1 HTN,Borderline High,36.0,Obese
40-59,Female,Non-Smoker,Normoglycemic,Normal,Desirable,33.6,Obese
40-59,Female,Non-Smoker,Normoglycemic,Normal,Very High,22.8,Non-Obese
40-59,Male,Non-Smoker,Diabetic,Stage 2 HTN,Borderline High,25.8,Non-Obese
40-59,Male,Non-Smoker,Normoglycemic,Stage 1 HTN,High,21.6,Non-Obese
60-79,Female,Non-Smoker,Normoglycemic,Normal,High,22.4,Non-Obese
60-79,Male,Non-Smoker,Diabetic,Stage 1 HTN,Borderline High,43.9,Obese
60-79,Female,Non-Smoker,Normoglycemic,Normal,Borderline High,25.5,Non-Obese
60-79,Female,Non-Smoker,Diabetic,Stage 1 HTN,Desirable,23.3,Non-Obese
40-59,Male,Current Smoker,Normoglycemic,Stage 2 HTN,Desirable,29.1,Non-Obese
20-39,Male,Non-Smoker,Normoglycemic,Normal,High,20.9,Non-Obese
20-39,Female,Current Smoker,Normoglycemic,Stage 2 HTN,Borderline High,29.3,Non-Obese
40-59,Male,Non-Smoker,Normoglycemic,Elevated,Desirable,29.9,Non-Obese
40-59,Female,Non-Smoker,Diabetic,Stage 1 HTN,Very High,27.7,Non-Obese
80+,Female,Non-Smoker,Diabetic,Stage 2 HTN,High,36.3,Obese
20-39,Male,Non-Smoker,Normoglycemic,Stage 1 HTN,High,26.9,Non-Obese
40-59,Female,Non-Smoker,Normoglycemic,Stage 1 HTN,Desirable,26.6,Non-Obese
60-79,Female,Current Smoker,Normoglycemic,Stage 2 HTN,Very High,33.2,Obese
40-59,Male,Current Smoker,Normoglycemic,Stage 2 HTN,Borderline High,24.6,Non-Obese
40-59,Male,Current Smoker,Normoglycemic,Stage 2 HTN,Very High,21.0,Non-Obese
20-39,Female,Current Smoker,Normoglycemic,Stage 2 HTN,Very High,29.3,Non-Obese
20-39,Male,Non-Smoker,Normoglycemic,Normal,High,25.1,Non-Obese
60-79,Male,Non-Smoker,Normoglycemic,Normal,Borderline High,28.2,Non-Obese
20-39,Male,Current Smoker,Normoglycemic,Stage 2 HTN,Borderline High,26.5,Non-Obese
40-59,Female,Non-Smoker,Normoglycemic,Stage 1 HTN,Desirable,35.2,Obese
40-59,Female,Non-Smoker,Normoglycemic,Normal,High,30.3,Obese
60-79,Male,Non-Smoker,Normoglycemic,Stage 1 HTN,Desirable,21.4,Non-Obese
80+,Female,Non-Smoker,Normoglycemic,Stage 1 HTN,Borderline High,28.0,Non-Obese
40-59,Female,Non-Smoker,Normoglycemic,Stage 2 HTN,Desirable,35.7,Obese
20-39,Male,Non-Smoker,Normoglycemic,Normal,High,23.4,Non-Obese
40-59,Female,Non-Smoker,Diabetic,Stage 1 HTN,Borderline High,29.0,Non-Obese
60-79,Female,Non-Smoker,Diabetic,Stage 2 HTN,Borderline High,31.7,Obese
60-79,Female,Non-Smoker,Normoglycemic,Elevated,Borderline High,31.4,Obese
40-59,Female,Current Smoker,Diabetic,Stage 1 HTN,Very High,34.9,Obese
40-59,Male,Current Smoker,Normoglycemic,Stage 1 HTN,Very High,27.3,Non-Obese
20-39,Female,Non-Smoker,Normoglycemic,Normal,Desirable,24.5,Non-Obese
60-79,Male,Current Smoker,Diabetic,Stage 2 HTN,High,31.3,Obese
60-79,Female,Non-Smoker,Diabetic,Stage 2 HTN,Desirable,31.4,Obese
20-39,Male,Non-Smoker,Normoglycemic,Normal,Very High,25.0,Non-Obese
20-39,Female,Current Smoker,Normoglycemic,Normal,High,27.0,Non-Obese
60-79,Male,Current Smoker,Normoglycemic,Stage 1 HTN,High,26.6,Non-Obese
20-39,Female,Non-Smoker,Normoglycemic,Normal,High,24.5,Non-Obese
80+,Female,Non-Smoker,Normoglycemic,Normal,Desirable,27.9,Non-Obese
40-59,Male,Current Smoker,Normoglycemic,Stage 2 HTN,Borderline High,28.6,Non-Obese
80+,Female,Non-Smoker,Normoglycemic,Normal,High,23.2,Non-Obese
20-39,Male,Non-Smoker,Normoglycemic,Stage 1 HTN,High,27.4,Non-Obese
40-59,Male,Non-Smoker,Normoglycemic,Normal,Desirable,29.9,Non-Obese
40-59,Male,Non-Smoker,Normoglycemic,Normal,High,28.2,Non-Obese
40-59,Male,Current Smoker,Diabetic,Stage 1 HTN,Desirable,35.4,Obese
20-39,Male,Non-Smoker,Normoglycemic,Normal,Desirable,28.5,Non-Obese
60-79,Female,Non-Smoker,Normoglycemic,Normal,Borderline High,19.7,Non-Obese
40-59,Female,Non-Smoker,Normoglycemic,Normal,High,25.3,Non-Obese
20-39,Male,Non-Smoker,Normoglycemic,Stage 2 HTN,Borderline High,26.8,Non-Obese
60-79,Female,Non-Smoker,Diabetic,Stage 2 HTN,Desirable,41.4,Obese
40-59,Male,Current Smoker,Normoglycemic,Stage 1 HTN,High,25.4,Non-Obese
20-39,Male,Non-Smoker,Normoglycemic,Elevated,Borderline High,29.7,Non-Obese
20-39,Male,Non-Smoker,Normoglycemic,Normal,Borderline High,26.6,Non-Obese
60-79,Female,Non-Smoker,Normoglycemic,Normal,High,32.6,Obese
60-79,Male,Non-Smoker,Normoglycemic,Normal,Borderline High,28.8,Non-Obese
80+,Male,Current Smoker,Normoglycemic,Elevated,Desirable,26.5,Non-Obese
60-79,Female,Non-Smoker,Normoglycemic,Normal,High,28.9,Non-Obese
60-79,Female,Current Smoker,Normoglycemic,Stage 2 HTN,Borderline High,32.8,Obese
60-79,Female,Non-Smoker,Normoglycemic,Normal,Borderline High,22.0,Non-Obese
60-79,Male,Non-Smoker,Normoglycemic,Normal,Desirable,22.8,Non-Obese
40-59,Female,Current Smoker,Normoglycemic,Stage 1 HTN,Very High,29.2,Non-Obese
20-39,Male,Non-Smoker,Normoglycemic,Stage 1 HTN,High,22.1,Non-Obese
40-59,Male,Non-Smoker,Normoglycemic,Normal,High,22.9,Non-Obese
40-59,Male,Non-Smoker,Normoglycemic,Normal,Desirable,25.5,Non-Obese
80+,Female,Non-Smoker,Diabetic,Elevated,Desirable,28.1,Non-Obese
40-59,Female,Non-Smoker,Normoglycemic,Normal,Borderline High,22.7,Non-Obese
60-79,Male,Non-Smoker,Normoglycemic,Elevated,Very High,35.4,Obese
20-39,Female,Current Smoker,Normoglycemic,Stage 2 HTN,Borderline High,30.1,Obese
60-79,Female,Current Smoker,Normoglycemic,Normal,Borderline High,28.8,Non-Obese
80+,Female,Non-Smoker,Normoglycemic,Normal,Desirable,25.5,Non-Obese
20-39,Male,Non-Smoker,Normoglycemic,Normal,Desirable,20.9,Non-Obese
40-59,Female,Non-Smoker,Normoglycemic,Stage 1 HTN,Very High,28.6,Non-Obese
20-39,Male,Non-Smoker,Normoglycemic,Normal,Desirable,22.0,Non-Obese
20-39,Male,Current Smoker,Normoglycemic,Stage 2 HTN,High,23.6,Non-Obese
40-59,Male,Non-Smoker,Normoglycemic,Elevated,Desirable,23.3,Non-Obese
60-79,Male,Non-Smoker,Normoglycemic,Stage 1 HTN,Desirable,25.7,Non-Obese
60-79,Female,Non-Smoker,Diabetic,Stage 1 HTN,Desirable,29.9,Non-Obese
20-39,Male,Non-Smoker,Normoglycemic,Normal,Desirable,28.4,Non-Obese
60-79,Male,Non-Smoker,Normoglycemic,Stage 1 HTN,High,28.6,Non-Obese
40-59,Female,Non-Smoker,Normoglycemic,Normal,Desirable,20.5,Non-Obese
20-39,Female,Non-Smoker,Normoglycemic,Stage 1 HTN,Borderline High,35.8,Obese
40-59,Male,Non-Smoker,Normoglycemic,Stage 1 HTN,Very High,32.7,Obese
60-79,Female,Non-Smoker,Normoglycemic,Normal,Desirable,23.0,Non-Obese
20-39,Male,Non-Smoker,Normoglycemic,Normal,High,26.2,Non-Obese
60-79,Male,Non-Smoker,Normoglycemic,Elevated,High,29.8,Non-Obese
20-39,Male,Non-Smoker,Normoglycemic,Elevated,Borderline High,27.6,Non-Obese
20-39,Male,Current Smoker,Normoglycemic,Stage 2 HTN,High,26.5,Non-Obese
20-39,Male,Non-Smoker,Normoglycemic,Normal,Desirable,29.2,Non-Obese
60-79,Male,Non-Smoker,Diabetic,Elevated,Borderline High,29.5,Non-Obese
40-59,Male,Non-Smoker,Normoglycemic,Normal,High,23.5,Non-Obese
60-79,Female,Non-Smoker,Diabetic,Normal,Desirable,29.9,Non-Obese
80+,Male,Current Smoker,Diabetic,Elevated,High,42.3,Obese
60-79,Male,Non-Smoker,Normoglycemic,Normal,Desirable,31.4,Obese
20-39,Male,Non-Smoker,Normoglycemic,Normal,High,19.0,Non-Obese
40-59,Female,Non-Smoker,Normoglycemic,Stage 2 HTN,High,32.0,Obese
40-59,Male,Non-Smoker,Normoglycemic,Stage 1 HTN,High,29.9,Non-Obese
60-79,Male,Non-Smoker,Diabetic,Stage 1 HTN,Very High,30.3,Obese
40-59,Female,Non-Smoker,Diabetic,Stage 2 HTN,Borderline High,31.1,Obese
20-39,Female,Non-Smoker,Normoglycemic,Normal,Desirable,23.5,Non-Obese
20-39,Female,Current Smoker,Normoglycemic,Elevated,Borderline High,29.3,Non-Obese
60-79,Male,Non-Smoker,Normoglycemic,Elevated,Desirable,28.6,Non-Obese
40-59,Female,Non-Smoker,Normoglycemic,Normal,Very High,26.2,Non-Obese
60-79,Female,Non-Smoker,Normoglycemic,Normal,High,26.5,Non-Obese
80+,Male,Current Smoker,Normoglycemic,Elevated,Borderline High,26.2,Non-Obese
80+,Male,Non-Smoker,Normoglycemic,Normal,Borderline High,23.9,Non-Obese
60-79,Male,Non-Smoker,Normoglycemic,Normal,Borderline High,22.3,Non-Obese
20-39,Male,Current Smoker,Normoglycemic,Stage 2 HTN,Borderline High,27.9,Non-Obese
60-79,Female,Current Smoker,Diabetic,Stage 1 HTN,Borderline High,35.9,Obese
40-59,Female,Non-Smoker,Diabetic,Stage 2 HTN,Borderline High,33.4,Obese
20-39,Male,Non-Smoker,Normoglycemic,Normal,Desirable,27.7,Non-Obese
20-39,Female,Non-Smoker,Diabetic,Stage 2 HTN,Borderline High,27.4,Non-Obese
60-79,Female,Non-Smoker,Diabetic,Stage 2 HTN,Desirable,33.0,Obese
60-79,Female,Non-Smoker,Normoglycemic,Elevated,High,29.3,Non-Obese
60-79,Female,Non-Smoker,Diabetic,Stage 1 HTN,Borderline High,32.3,Obese
40-59,Female,Non-Smoker,Normoglycemic,Normal,High,26.2,Non-Obese
80+,Female,Current Smoker,Normoglycemic,Stage 2 HTN,Very High,25.2,Non-Obese
60-79,Female,Non-Smoker,Normoglycemic,Normal,Desirable,29.2,Non-Obese
40-59,Male,Non-Smoker,Normoglycemic,Elevated,Borderline High,29.1,Non-Obese
60-79,Female,Non-Smoker,Diabetic,Stage 2 HTN,Desirable,33.8,Obese
80+,Female,Non-Smoker,Normoglycemic,Normal,Borderline High,20.6,Non-Obese
20-39,Female,Non-Smoker,Normoglycemic,Elevated,Borderline High,28.0,Non-Obese
60-79,Male,Non-Smoker,Diabetic,Stage 2 HTN,High,27.2,Non-Obese
60-79,Male,Non-Smoker,Normoglycemic,Normal,Borderline High,20.9,Non-Obese
20-39,Female,Non-Smoker,Normoglycemic,Normal,High,25.9,Non-Obese
40-59,Male,Non-Smoker,Normoglycemic,Stage 1 HTN,Borderline High,30.9,Obese
60-79,Female,Non-Smoker,Normoglycemic,Stage 1 HTN,Very High,36.0,Obese
60-79,Male,Non-Smoker,Normoglycemic,Normal,Borderline High,23.8,Non-Obese
60-79,Female,Non-Smoker,Normoglycemic,Normal,Borderline High,24.7,Non-Obese
20-39,Female,Current Smoker,Normoglycemic,Elevated,Very High,21.6,Non-Obese
20-39,Male,Non-Smoker,Normoglycemic,Elevated,Desirable,26.6,Non-Obese
40-59,Male,Non-Smoker,Normoglycemic,Normal,Desirable,28.3,Non-Obese
40-59,Female,Non-Smoker,Normoglycemic,Normal,Very High,30.7,Obese
80+,Male,Non-Smoker,Diabetic,Stage 1 HTN,Desirable,33.0,Obese
80+,Female,Non-Smoker,Normoglycemic,Elevated,High,32.5,Obese
60-79,Female,Non-Smoker,Normoglycemic,Normal,Borderline High,22.0,Non-Obese
60-79,Female,Current Smoker,Normoglycemic,Stage 1 HTN,Borderline High,25.2,Non-Obese
60-79,Male,Non-Smoker,Normoglycemic,Stage 1 HTN,High,28.2,Non-Obese
40-59,Female,Non-Smoker,Diabetic,Stage 2 HTN,Desirable,40.9,Obese
80+,Male,Non-Smoker,Diabetic,Stage 2 HTN,Desirable,28.3,Non-Obese
60-79,Female,Current Smoker,Normoglycemic,Stage 2 HTN,Borderline High,28.5,Non-Obese
20-39,Female,Non-Smoker,Normoglycemic,Normal,Borderline High,25.9,Non-Obese
60-79,Female,Non-Smoker,Normoglycemic,Normal,Borderline High,21.6,Non-Obese
80+,Female,Current Smoker,Normoglycemic,Stage 1 HTN,Desirable,23.4,Non-Obese
60-79,Male,Non-Smoker,Normoglycemic,Normal,Desirable,28.2,Non-Obese
40-59,Female,Non-Smoker,Normoglycemic,Stage 2 HTN,Desirable,36.5,Obese
80+,Male,Non-Smoker,Normoglycemic,Stage 2 HTN,High,23.4,Non-Obese
20-39,Female,Non-Smoker,Normoglycemic,Stage 2 HTN,Desirable,29.7,Non-Obese
20-39,Male,Current Smoker,Normoglycemic,Stage 2 HTN,Desirable,33.3,Obese
60-79,Female,Non-Smoker,Diabetic,Stage 2 HTN,High,30.2,Obese
40-59,Male,Non-Smoker,Normoglycemic,Normal,High,28.5,Non-Obese
40-59,Female,Non-Smoker,Normoglycemic,Normal,Borderline High,28.1,Non-Obese
40-59,Female,Non-Smoker,Normoglycemic,Elevated,Desirable,30.6,Obese
60-79,Female,Non-Smoker,Normoglycemic,Elevated,Desirable,21.8,Non-Obese
80+,Male,Current Smoker,Normoglycemic,Elevated,High,29.4,Non-Obese
40-59,Female,Non-Smoker,Normoglycemic,Normal,Desirable,31.7,Obese
20-39,Male,Current Smoker,Normoglycemic,Stage 2 HTN,Very High,35.9,Obese
40-59,Female,Current Smoker,Normoglycemic,Stage 1 HTN,Borderline High,27.0,Non-Obese
20-39,Male,Non-Smoker,Normoglycemic,Normal,Borderline High,23.8,Non-Obese
80+,Male,Non-Smoker,Normoglycemic,Normal,Very High,25.5,Non-Obese
20-39,Female,Current Smoker,Normoglycemic,Stage 2 HTN,Desirable,28.7,Non-Obese
20-39,Male,Non-Smoker,Normoglycemic,Normal,Very High,30.3,Obese
60-79,Male,Non-Smoker,Normoglycemic,Normal,Desirable,33.5,Obese
20-39,Male,Non-Smoker,Normoglycemic,Normal,Borderline High,22.3,Non-Obese
60-79,Female,Non-Smoker,Diabetic,Elevated,Desirable,23.6,Non-Obese
20-39,Female,Non-Smoker,Normoglycemic,Stage 1 HTN,Desirable,24.5,Non-Obese
20-39,Female,Non-Smoker,Normoglycemic,Normal,Desirable,22.7,Non-Obese
80+,Male,Non-Smoker,Diabetic,Stage 1 HTN,Borderline High,26.1,Non-Obese
60-79,Female,Current Smoker,Normoglycemic,Stage 1 HTN,Borderline High,16.8,Non-Obese
40-59,Female,Current Smoker,Normoglycemic,Stage 2 HTN,Desirable,31.1,Obese
40-59,Male,Non-Smoker,Normoglycemic,Normal,Borderline High,24.9,Non-Obese
40-59,Female,Current Smoker,Normoglycemic,Normal,Very High,21.6,Non-Obese
60-79,Female,Non-Smoker,Normoglycemic,Elevated,Very High,27.1,Non-Obese
20-39,Female,Non-Smoker,Normoglycemic,Normal,Very High,30.2,Obese
60-79,Female,Non-Smoker,Diabetic,Stage 2 HTN,High,29.3,Non-Obese
20-39,Female,Non-Smoker,Normoglycemic,Normal,Borderline High,28.1,Non-Obese
40-59,Male,Non-Smoker,Normoglycemic,Normal,Desirable,30.2,Obese
40-59,Female,Non-Smoker,Normoglycemic,Elevated,Desirable,31.6,Obese
20-39,Female,Non-Smoker,Normoglycemic,Elevated,Borderline High,30.4,Obese
60-79,Male,Non-Smoker,Normoglycemic,Normal,Borderline High,22.3,Non-Obese
40-59,Female,Non-Smoker,Normoglycemic,Normal,Desirable,23.9,Non-Obese
20-39,Male,Current Smoker,Normoglycemic,Elevated,Very High,28.9,Non-Obese
40-59,Male,Current Smoker,Normoglycemic,Elevated,High,28.6,Non-Obese
20-39,Male,Non-Smoker,Normoglycemic,Stage 1 HTN,Desirable,25.4,Non-Obese
80+,Male,Non-Smoker,Normoglycemic,Normal,Desirable,22.0,Non-Obese
80+,Female,Current Smoker,Normoglycemic,Elevated,Desirable,26.1,Non-Obese
40-59,Female,Non-Smoker,Normoglycemic,Elevated,Very High,26.6,Non-Obese
60-79,Male,Non-Smoker,Normoglycemic,Elevated,Desirable,26.5,Non-Obese
60-79,Female,Non-Smoker,Normoglycemic,Normal,Borderline High,25.9,Non-Obese
40-59,Female,Current Smoker,Diabetic,Stage 2 HTN,Desirable,38.3,Obese
40-59,Female,Current Smoker,Normoglycemic,Elevated,Borderline High,25.4,Non-Obese
20-39,Male,Current Smoker,Normoglycemic,Elevated,Borderline High,27.7,Non-Obese
20-39,Male,Non-Smoker,Normoglycemic,Normal,High,32.0,Obese
60-79,Female,Current Smoker,Normoglycemic,Elevated,High,25.7,Non-Obese
60-79,Male,Current Smoker,Normoglycemic,Stage 1 HTN,High,27.1,Non-Obese
60-79,Female,Non-Smoker,Normoglycemic,Elevated,Desirable,29.5,Non-Obese
40-59,Female,Current Smoker,Diabetic,Stage 2 HTN,Very High,37.0,Obese
40-59,Male,Non-Smoker,Normoglycemic,Elevated,Borderline High,32.0,Obese
20-39,Female,Non-Smoker,Normoglycemic,Normal,High,24.3,Non-Obese
20-39,Female,Non-Smoker,Normoglycemic,Normal,Desirable,21.3,Non-Obese
20-39,Male,Non-Smoker,Normoglycemic,Normal,Desirable,24.4,Non-Obese
20-39,Male,Non-Smoker,Normoglycemic,Normal,Desirable,23.7,Non-Obese
80+,Female,Non-Smoker,Normoglycemic,Stage 1 HTN,Borderline High,32.7,Obese
20-39,Male,Non-Smoker,Normoglycemic,Normal,Borderline High,23.7,Non-Obese
60-79,Female,Non-Smoker,Normoglycemic,Normal,Very High,29.7,Non-Obese
60-79,Female,Non-Smoker,Diabetic,Elevated,High,27.9,Non-Obese
80+,Male,Non-Smoker,Diabetic,Stage 2 HTN,Very High,31.7,Obese
40-59,Male,Current Smoker,Normoglycemic,Stage 2 HTN,High,31.8,Obese
60-79,Male,Non-Smoker,Diabetic,Elevated,Desirable,26.8,Non-Obese
20-39,Female,Current Smoker,Normoglycemic,Elevated,High,23.2,Non-Obese
20-39,Female,Non-Smoker,Normoglycemic,Elevated,Desirable,26.3,Non-Obese
20-39,Female,Non-Smoker,Normoglycemic,Normal,Desirable,24.5,Non-Obese
60-79,Male,Non-Smoker,Diabetic,Stage 1 HTN,Desirable,23.0,Non-Obese
60-79,Female,Current Smoker,Normoglycemic,Elevated,High,28.7,Non-Obese
60-79,Male,Non-Smoker,Normoglycemic,Elevated,Very High,33.7,Obese
20-39,Female,Non-Smoker,Normoglycemic,Normal,High,33.4,Obese
60-79,Male,Non-Smoker,Normoglycemic,Stage 1 HTN,Borderline High,24.1,Non-Obese
80+,Female,Non-Smoker,Normoglycemic,Elevated,High,25.4,Non-Obese
40-59,Male,Non-Smoker,Normoglycemic,Normal,Borderline High,24.6,Non-Obese
20-39,Male,Non-Smoker,Normoglycemic,Stage 2 HTN,Very High,26.4,Non-Obese
60-79,Female,Non-Smoker,Normoglycemic,Normal,Desirable,25.1,Non-Obese
60-79,Female,Non-Smoker,Diabetic,Stage 2 HTN,Desirable,29.0,Non-Obese
60-79,Female,Current Smoker,Normoglycemic,Stage 1 HTN,High,28.6,Non-Obese
60-79,Male,Current Smoker,Normoglycemic,Elevated,Very High,26.7,Non-Obese
20-39,Male,Non-Smoker,Normoglycemic,Stage 2 HTN,Desirable,26.7,Non-Obese
80+,Female,Non-Smoker,Normoglycemic,Elevated,Borderline High,24.4,Non-Obese
80+,Female,Non-Smoker,Normoglycemic,Stage 2 HTN,High,26.3,Non-Obese
80+,Male,Non-Smoker,Normoglycemic,Stage 2 HTN,Desirable,26.8,Non-Obese
40-59,Female,Current Smoker,Diabetic,Stage 2 HTN,Desirable,30.7,Obese
40-59,Male,Non-Smoker,Normoglycemic,Stage 1 HTN,Desirable,25.9,Non-Obese
60-79,Female,Non-Smoker,Normoglycemic,Normal,Borderline High,28.4,Non-Obese
60-79,Male,Non-Smoker,Diabetic,Stage 2 HTN,High,37.3,Obese
60-79,Male,Non-Smoker,Normoglycemic,Normal,High,28.8,Non-Obese
20-39,Female,Non-Smoker,Diabetic,Stage 1 HTN,Desirable,31.7,Obese
60-79,Male,Non-Smoker,Normoglycemic,Normal,Desirable,23.9,Non-Obese
20-39,Male,Non-Smoker,Normoglycemic,Normal,Desirable,23.6,Non-Obese
20-39,Female,Non-Smoker,Normoglycemic,Normal,High,24.3,Non-Obese
20-39,Male,Current Smoker,Normoglycemic,Elevated,High,28.3,Non-Obese
40-59,Female,Non-Smoker,Normoglycemic,Normal,Desirable,22.7,Non-Obese
60-79,Male,Non-Smoker,Normoglycemic,Normal,Borderline High,25.2,Non-Obese
80+,Male,Current Smoker,Normoglycemic,Stage 1 HTN,Desirable,21.1,Non-Obese
40-59,Female,Non-Smoker,Normoglycemic,Normal,High,24.2,Non-Obese
40-59,Female,Non-Smoker,Normoglycemic,Normal,Desirable,26.0,Non-Obese
20-39,Female,Non-Smoker,Normoglycemic,Normal,High,24.4,Non-Obese
80+,Male,Current Smoker,Normoglycemic,Stage 2 HTN,High,25.2,Non-Obese
40-59,Male,Non-Smoker,Normoglycemic,Elevated,High,35.5,Obese
40-59,Female,Current Smoker,Diabetic,Stage 2 HTN,High,30.9,Obese
40-59,Female,Non-Smoker,Normoglycemic,Normal,High,26.3,Non-Obese
40-59,Female,Non-Smoker,Normoglycemic,Elevated,High,31.3,Obese
60-79,Female,Non-Smoker,Diabetic,Stage 2 HTN,Very High,32.5,Obese
80+,Male,Non-Smoker,Normoglycemic,Normal,Desirable,22.1,Non-Obese
60-79,Male,Non-Smoker,Diabetic,Stage 2 HTN,High,29.5,Non-Obese
80+,Female,Non-Smoker,Diabetic,Stage 1 HTN,High,34.5,Obese
40-59,Female,Non-Smoker,Normoglycemic,Normal,Borderline High,29.1,Non-Obese
40-59,Female,Current Smoker,Normoglycemic,Stage 1 HTN,High,23.6,Non-Obese
60-79,Male,Non-Smoker,Normoglycemic,Stage 1 HTN,High,27.6,Non-Obese
40-59,Male,Non-Smoker,Normoglycemic,Elevated,Desirable,24.2,Non-Obese
60-79,Female,Non-Smoker,Normoglycemic,Elevated,Borderline High,24.7,Non-Obese
40-59,Female,Non-Smoker,Normoglycemic,Normal,High,23.3,Non-Obese
80+,Female,Non-Smoker,Normoglycemic,Stage 1 HTN,Borderline High,37.0,Obese
80+,Male,Non-Smoker,Normoglycemic,Normal,Borderline High,22.0,Non-Obese
20-39,Female,Non-Smoker,Normoglycemic,Normal,Desirable,18.0,Non-Obese
20-39,Male,Non-Smoker,Normoglycemic,Normal,Desirable,28.6,Non-Obese
20-39,Female,Non-Smoker,Normoglycemic,Normal,Desirable,20.6,Non-Obese
20-39,Male,Non-Smoker,Normoglycemic,Normal,Borderline High,25.6,Non-Obese
40-59,Male,Non-Smoker,Normoglycemic,Normal,Borderline High,25.4,Non-Obese
60-79,Male,Non-Smoker,Normoglycemic,Elevated,Borderline High,30.8,Obese
20-39,Male,Non-Smoker,Normoglycemic,Normal,Borderline High,24.4,Non-Obese
40-59,Female,Current Smoker,Normoglycemic,Elevated,High,33.2,Obese
60-79,Male,Non-Smoker,Diabetic,Stage 1 HTN,Desirable,28.9,Non-Obese
80+,Female,Non-Smoker,Normoglycemic,Normal,Desirable,22.5,Non-Obese
80+,Male,Non-Smoker,Normoglycemic,Normal,High,24.6,Non-Obese
60-79,Female,Non-Smoker,Normoglycemic,Elevated,Borderline High,29.1,Non-Obese
40-59,Male,Non-Smoker,Normoglycemic,Normal,Borderline High,29.3,Non-Obese
60-79,Female,Current Smoker,Normoglycemic,Elevated,Borderline High,29.9,Non-Obese
40-59,Female,Current Smoker,Normoglycemic,Stage 2 HTN,Desirable,25.7,Non-Obese
20-39,Male,Non-Smoker,Normoglycemic,Stage 1 HTN,Borderline High,27.6,Non-Obese
20-39,Male,Non-Smoker,Normoglycemic,Normal,High,26.4,Non-Obese
60-79,Male,Non-Smoker,Normoglycemic,Normal,High,29.6,Non-Obese
20-39,Female,Non-Smoker,Normoglycemic,Stage 2 HTN,High,23.7,Non-Obese
60-79,Female,Non-Smoker,Normoglycemic,Normal,Desirable,20.7,Non-Obese
40-59,Male,Current Smoker,Diabetic,Stage 1 HTN,Desirable,35.7,Obese
60-79,Female,Non-Smoker,Normoglycemic,Elevated,Borderline High,35.7,Obese
40-59,Female,Non-Smoker,Normoglycemic,Normal,High,24.6,Non-Obese
40-59,Female,Non-Smoker,Normoglycemic,Normal,High,25.4,Non-Obese
40-59,Female,Non-Smoker,Normoglycemic,Normal,High,18.1,Non-Obese
60-79,Male,Non-Smoker,Normoglycemic,Normal,Desirable,24.8,Non-Obese
80+,Female,Non-Smoker,Normoglycemic,Stage 1 HTN,Very High,27.1,Non-Obese
40-59,Male,Non-Smoker,Normoglycemic,Normal,Very High,28.9,Non-Obese
60-79,Male,Non-Smoker,Normoglycemic,Normal,Desirable,22.0,Non-Obese
60-79,Female,Current Smoker,Normoglycemic,Stage 1 HTN,High,30.7,Obese
60-79,Female,Non-Smoker,Diabetic,Stage 2 HTN,Borderline High,37.8,Obese
40-59,Male,Non-Smoker,Normoglycemic,Stage 1 HTN,High,29.6,Non-Obese
20-39,Male,Non-Smoker,Normoglycemic,Normal,High,22.7,Non-Obese
40-59,Female,Non-Smoker,Normoglycemic,Normal,Desirable,24.7,Non-Obese
60-79,Female,Non-Smoker,Diabetic,Elevated,Very High,38.6,Obese
20-39,Female,Non-Smoker,Normoglycemic,Normal,Borderline High,26.2,Non-Obese
40-59,Male,Non-Smoker,Normoglycemic,Normal,Desirable,29.5,Non-Obese
20-39,Male,Current Smoker,Diabetic,Stage 2 HTN,Borderline High,27.6,Non-Obese
40-59,Female,Non-Smoker,Normoglycemic,Normal,Desirable,26.0,Non-Obese
60-79,Male,Non-Smoker,Normoglycemic,Normal,Borderline High,23.4,Non-Obese
20-39,Male,Current Smoker,Normoglycemic,Stage 2 HTN,Desirable,27.8,Non-Obese
80+,Female,Non-Smoker,Normoglycemic,Normal,Borderline High,27.7,Non-Obese
80+,Male,Non-Smoker,Normoglycemic,Normal,High,23.6,Non-Obese
40-59,Female,Non-Smoker,Normoglycemic,Elevated,Desirable,32.0,Obese
40-59,Male,Non-Smoker,Normoglycemic,Elevated,Very High,30.9,Obese
80+,Male,Current Smoker,Normoglycemic,Stage 1 HTN,Borderline High,26.6,Non-Obese
60-79,Female,Non-Smoker,Normoglycemic,Stage 1 HTN,Borderline High,25.4,Non-Obese
40-59,Male,Current Smoker,Normoglycemic,Stage 2 HTN,Borderline High,25.3,Non-Obese
20-39,Male,Non-Smoker,Normoglycemic,Normal,Borderline High,23.2,Non-Obese
20-39,Male,Non-Smoker,Normoglycemic,Normal,Borderline High,24.1,Non-Obese
20-39,Female,Non-Smoker,Normoglycemic,Elevated,Desirable,25.6,Non-Obese
80+,Male,Non-Smoker,Normoglycemic,Normal,High,24.6,Non-Obese
20-39,Male,Non-Smoker,Normoglycemic,Elevated,Desirable,23.7,Non-Obese
80+,Female,Non-Smoker,Normoglycemic,Normal,Desirable,25.0,Non-Obese
40-59,Male,Non-Smoker,Diabetic,Stage 1 HTN,High,32.3,Obese
40-59,Male,Non-Smoker,Normoglycemic,Normal,High,27.1,Non-Obese
20-39,Male,Non-Smoker,Normoglycemic,Stage 1 HTN,Desirable,24.1,Non-Obese
60-79,Female,Non-Smoker,Normoglycemic,Stage 2 HTN,Borderline High,34.2,Obese
20-39,Male,Non-Smoker,Normoglycemic,Normal,Very High,23.7,Non-Obese
60-79,Male,Non-Smoker,Diabetic,Stage 2 HTN,High,44.0,Obese
40-59,Female,Non-Smoker,Normoglycemic,Stage 1 HTN,Borderline High,33.2,Obese
20-39,Male,Current Smoker,Normoglycemic,Stage 2 HTN,High,28.6,Non-Obese
40-59,Female,Non-Smoker,Diabetic,Stage 2 HTN,Borderline High,26.8,Non-Obese
40-59,Male,Non-Smoker,Normoglycemic,Normal,Borderline High,23.0,Non-Obese
60-79,Male,Current Smoker,Normoglycemic,Normal,Desirable,28.9,Non-Obese
20-39,Female,Non-Smoker,Normoglycemic,Stage 1 HTN,Borderline High,28.5,Non-Obese
40-59,Female,Non-Smoker,Diabetic,Stage 2 HTN,Borderline High,30.8,Obese
60-79,Male,Current Smoker,Normoglycemic,Stage 1 HTN,High,34.4,Obese
40-59,Male,Non-Smoker,Normoglycemic,Stage 2 HTN,Borderline High,29.7,Non-Obese
40-59,Male,Non-Smoker,Diabetic,Normal,High,27.5,Non-Obese
20-39,Male,Non-Smoker,Normoglycemic,Normal,High,30.3,Obese
20-39,Male,Non-Smoker,Normoglycemic,Stage 2 HTN,Borderline High,27.7,Non-Obese
60-79,Male,Non-Smoker,Diabetic,Elevated,Desirable,33.4,Obese
60-79,Female,Non-Smoker,Normoglycemic,Normal,High,23.2,Non-Obese
60-79,Male,Non-Smoker,Normoglycemic,Normal,Desirable,24.3,Non-Obese
60-79,Female,Non-Smoker,Normoglycemic,Normal,Desirable,26.8,Non-Obese
80+,Male,Non-Smoker,Normoglycemic,Normal,High,26.1,Non-Obese
20-39,Female,Current Smoker,Diabetic,Elevated,Desirable,32.1,Obese
80+,Female,Non-Smoker,Normoglycemic,Normal,Borderline High,25.4,Non-Obese
60-79,Male,Non-Smoker,Normoglycemic,Elevated,High,37.0,Obese
40-59,Male,Non-Smoker,Normoglycemic,Elevated,Desirable,34.0,Obese
40-59,Female,Non-Smoker,Normoglycemic,Stage 1 HTN,Desirable,18.2,Non-Obese
20-39,Male,Non-Smoker,Normoglycemic,Elevated,High,26.0,Non-Obese
40-59,Male,Non-Smoker,Normoglycemic,Normal,Borderline High,23.2,Non-Obese
40-59,Female,Non-Smoker,Normoglycemic,Elevated,Borderline High,24.8,Non-Obese
20-39,Female,Non-Smoker,Normoglycemic,Normal,Desirable,23.4,Non-Obese
40-59,Male,Non-Smoker,Normoglycemic,Elevated,Borderline High,32.0,Obese
60-79,Male,Current Smoker,Normoglycemic,Stage 1 HTN,Desirable,24.3,Non-Obese
20-39,Female,Non-Smoker,Normoglycemic,Stage 1 HTN,Desirable,24.9,Non-Obese
20-39,Female,Non-Smoker,Normoglycemic,Normal,Desirable,28.0,Non-Obese
20-39,Male,Non-Smoker,Normoglycemic,Normal,Borderline High,18.6,Non-Obese
20-39,Female,Non-Smoker,Normoglycemic,Stage 1 HTN,High,25.8,Non-Obese
60-79,Male,Non-Smoker,Normoglycemic,Normal,Borderline High,29.8,Non-Obese
20-39,Male,Non-Smoker,Normoglycemic,Elevated,Desirable,21.6,Non-Obese
80+,Female,Non-Smoker,Normoglycemic,Normal,Desirable,21.1,Non-Obese
60-79,Female,Non-Smoker,Normoglycemic,Normal,Borderline High,27.1,Non-Obese
60-79,Female,Non-Smoker,Diabetic,Stage 2 HTN,High,28.5,Non-Obese
20-39,Female,Current Smoker,Diabetic,Stage 2 HTN,Desirable,34.1,Obese
40-59,Male,Current Smoker,Normoglycemic,Stage 1 HTN,Desirable,27.0,Non-Obese
60-79,Male,Current Smoker,Normoglycemic,Stage 1 HTN,Desirable,31.7,Obese
40-59,Female,Non-Smoker,Normoglycemic,Stage 1 HTN,High,27.9,Non-Obese
80+,Female,Non-Smoker,Normoglycemic,Stage 1 HTN,Desirable,26.6,Non-Obese
60-79,Female,Non-Smoker,Normoglycemic,Normal,Very High,33.3,Obese
60-79,Male,Current Smoker,Normoglycemic,Stage 1 HTN,Desirable,26.1,Non-Obese
40-59,Female,Current Smoker,Normoglycemic,Normal,Very High,31.2,Obese
40-59,Male,Non-Smoker,Normoglycemic,Normal,High,26.5,Non-Obese
20-39,Female,Non-Smoker,Normoglycemic,Elevated,Borderline High,24.0,Non-Obese
60-79,Male,Current Smoker,Normoglycemic,Stage 1 HTN,Borderline High,23.1,Non-Obese
20-39,Female,Non-Smoker,Normoglycemic,Normal,High,25.1,Non-Obese
20-39,Female,Non-Smoker,Normoglycemic,Elevated,High,27.7,Non-Obese
60-79,Male,Non-Smoker,Normoglycemic,Stage 1 HTN,Desirable,25.0,Non-Obese
60-79,Male,Non-Smoker,Diabetic,Stage 2 HTN,High,37.0,Obese
20-39,Female,Non-Smoker,Normoglycemic,Normal,High,28.6,Non-Obese
20-39,Male,Non-Smoker,Normoglycemic,Stage 2 HTN,Desirable,23.8,Non-Obese
80+,Male,Non-Smoker,Normoglycemic,Normal,Very High,29.4,Non-Obese
20-39,Female,Non-Smoker,Normoglycemic,Stage 1 HTN,Desirable,29.3,Non-Obese
80+,Female,Non-Smoker,Normoglycemic,Normal,High,27.1,Non-Obese
60-79,Female,Non-Smoker,Normoglycemic,Stage 1 HTN,Desirable,27.2,Non-Obese
20-39,Male,Non-Smoker,Normoglycemic,Normal,Desirable,22.5,Non-Obese
40-59,Female,Non-Smoker,Normoglycemic,Elevated,Borderline High,31.7,Obese
60-79,Male,Current Smoker,Normoglycemic,Stage 1 HTN,Very High,28.7,Non-Obese
40-59,Female,Non-Smoker,Normoglycemic,Normal,Borderline High,22.5,Non-Obese
60-79,Male,Non-Smoker,Normoglycemic,Normal,Very High,26.9,Non-Obese
20-39,Male,Current Smoker,Normoglycemic,Stage 1 HTN,Very High,26.0,Non-Obese
80+,Male,Non-Smoker,Normoglycemic,Elevated,Borderline High,22.4,Non-Obese
20-39,Male,Current Smoker,Normoglycemic,Stage 1 HTN,Borderline High,35.2,Obese
20-39,Female,Non-Smoker,Normoglycemic,Elevated,Borderline High,27.9,Non-Obese
60-79,Male,Non-Smoker,Normoglycemic,Normal,Borderline High,20.9,Non-Obese
80+,Female,Current Smoker,Normoglycemic,Elevated,Borderline High,22.5,Non-Obese
60-79,Male,Non-Smoker,Normoglycemic,Normal,Desirable,24.2,Non-Obese
40-59,Male,Current Smoker,Normoglycemic,Stage 1 HTN,Very High,26.1,Non-Obese
20-39,Male,Non-Smoker,Normoglycemic,Normal,Desirable,23.0,Non-Obese
60-79,Male,Current Smoker,Normoglycemic,Elevated,Borderline High,26.2,Non-Obese
60-79,Female,Non-Smoker,Normoglycemic,Normal,Desirable,19.1,Non-Obese
40-59,Female,Non-Smoker,Diabetic,Elevated,Desirable,24.9,Non-Obese
40-59,Male,Non-Smoker,Normoglycemic,Normal,Desirable,27.0,Non-Obese
40-59,Female,Non-Smoker,Normoglycemic,Elevated,Desirable,28.8,Non-Obese
20-39,Female,Non-Smoker,Normoglycemic,Normal,Very High,20.9,Non-Obese
60-79,Male,Non-Smoker,Diabetic,Stage 2 HTN,Desirable,36.2,Obese
40-59,Male,Non-Smoker,Normoglycemic,Elevated,Borderline High,26.5,Non-Obese
40-59,Male,Non-Smoker,Normoglycemic,Normal,Desirable,23.7,Non-Obese
20-39,Male,Current Smoker,Normoglycemic,Stage 1 HTN,Very High,24.9,Non-Obese
60-79,Male,Non-Smoker,Normoglycemic,Normal,Borderline High,32.9,Obese
60-79,Female,Non-Smoker,Normoglycemic,Normal,Borderline High,24.1,Non-Obese
80+,Female,Non-Smoker,Normoglycemic,Normal,Borderline High,26.2,Non-Obese
60-79,Male,Non-Smoker,Normoglycemic,Normal,Very High,27.2,Non-Obese
40-59,Female,Non-Smoker,Normoglycemic,Elevated,Desirable,23.3,Non-Obese
60-79,Male,Non-Smoker,Diabetic,Stage 1 HTN,Desirable,28.9,Non-Obese
20-39,Female,Non-Smoker,Normoglycemic,Normal,High,22.5,Non-Obese
20-39,Male,Non-Smoker,Normoglycemic,Normal,High,26.4,Non-Obese
60-79,Female,Non-Smoker,Normoglycemic,Elevated,Borderline High,34.6,Obese
20-39,Female,Non-Smoker,Normoglycemic,Normal,Borderline High,24.0,Non-Obese
40-59,Female,Non-Smoker,Normoglycemic,Normal,Borderline High,32.9,Obese
80+,Female,Non-Smoker,Normoglycemic,Normal,Borderline High,31.2,Obese
20-39,Male,Non-Smoker,Normoglycemic,Stage 2 HTN,Desirable,27.3,Non-Obese
40-59,Female,Non-Smoker,Normoglycemic,Normal,Desirable,25.9,Non-Obese
40-59,Male,Non-Smoker,Normoglycemic,Normal,High,23.1,Non-Obese
40-59,Female,Non-Smoker,Normoglycemic,Stage 1 HTN,Borderline High,33.6,Obese
40-59,Female,Non-Smoker,Normoglycemic,Normal,High,25.9,Non-Obese
80+,Male,Non-Smoker,Diabetic,Stage 2 HTN,Borderline High,27.2,Non-Obese
60-79,Female,Non-Smoker,Normoglycemic,Normal,Desirable,27.9,Non-Obese
80+,Male,Current Smoker,Diabetic,Stage 2 HTN,Borderline High,23.8,Non-Obese
20-39,Female,Non-Smoker,Normoglycemic,Stage 1 HTN,High,35.4,Obese
60-79,Female,Non-Smoker,Normoglycemic,Normal,High,31.5,Obese
40-59,Female,Non-Smoker,Normoglycemic,Normal,High,30.9,Obese
40-59,Female,Non-Smoker,Normoglycemic,Elevated,Borderline High,33.2,Obese
20-39,Female,Non-Smoker,Diabetic,Stage 1 HTN,Desirable,32.2,Obese
60-79,Female,Non-Smoker,Normoglycemic,Normal,High,25.4,Non-Obese
80+,Male,Current Smoker,Normoglycemic,Elevated,Borderline High,22.7,Non-Obese
40-59,Male,Non-Smoker,Normoglycemic,Normal,High,24.0,Non-Obese
20-39,Female,Current Smoker,Normoglycemic,Normal,Borderline High,22.0,Non-Obese
60-79,Male,Non-Smoker,Diabetic,Stage 2 HTN,Borderline High,34.6,Obese
60-79,Male,Non-Smoker,Normoglycemic,Elevated,Very High,34.3,Obese
60-79,Male,Current Smoker,Normoglycemic,Normal,Borderline High,20.9,Non-Obese
80+,Male,Current Smoker,Diabetic,Stage 1 HTN,Very High,28.6,Non-Obese
40-59,Male,Current Smoker,Normoglycemic,Stage 1 HTN,High,29.9,Non-Obese
40-59,Female,Non-Smoker,Normoglycemic,Normal,High,24.5,Non-Obese
60-79,Female,Non-Smoker,Normoglycemic,Elevated,Desirable,33.5,Obese
60-79,Female,Non-Smoker,Diabetic,Stage 2 HTN,High,31.2,Obese
60-79,Female,Non-Smoker,Diabetic,Stage 2 HTN,Desirable,26.7,Non-Obese
80+,Female,Non-Smoker,Diabetic,Stage 1 HTN,Desirable,29.6,Non-Obese
20-39,Male,Non-Smoker,Normoglycemic,Normal,Desirable,23.9,Non-Obese
60-79,Male,Current Smoker,Normoglycemic,Normal,Very High,25.3,Non-Obese
80+,Female,Non-Smoker,Normoglycemic,Normal,Borderline High,27.6,Non-Obese
80+,Female,Non-Smoker,Normoglycemic,Elevated,Desirable,26.1,Non-Obese
20-39,Female,Non-Smoker,Normoglycemic,Normal,High,22.9,Non-Obese
40-59,Female,Non-Smoker,Diabetic,Normal,Desirable,29.5,Non-Obese
40-59,Female,Non-Smoker,Normoglycemic,Normal,Desirable,19.3,Non-Obese
60-79,Male,Non-Smoker,Normoglycemic,Normal,Desirable,28.8,Non-Obese
40-59,Female,Non-Smoker,Normoglycemic,Normal,Desirable,30.4,Obese
20-39,Male,Non-Smoker,Normoglycemic,Elevated,Desirable,21.0,Non-Obese
20-39,Female,Non-Smoker,Normoglycemic,Stage 1 HTN,Very High,36.4,Obese
40-59,Female,Non-Smoker,Normoglycemic,Normal,Desirable,25.3,Non-Obese
80+,Female,Non-Smoker,Normoglycemic,Stage 2 HTN,Desirable,26.0,Non-Obese
40-59,Female,Current Smoker,Normoglycemic,Stage 2 HTN,Very High,32.6,Obese
60-79,Female,Current Smoker,Normoglycemic,Normal,Borderline High,26.4,Non-Obese
40-59,Male,Non-Smoker,Normoglycemic,Stage 1 HTN,Borderline High,33.9,Obese
60-79,Male,Non-Smoker,Diabetic,Stage 2 HTN,Desirable,33.3,Obese
20-39,Male,Current Smoker,Normoglycemic,Stage 2 HTN,Desirable,20.9,Non-Obese
20-39,Male,Non-Smoker,Normoglycemic,Stage 2 HTN,Desirable,22.8,Non-Obese
60-79,Female,Non-Smoker,Normoglycemic,Normal,Desirable,29.7,Non-Obese
60-79,Male,Non-Smoker,Normoglycemic,Normal,Very High,22.5,Non-Obese
60-79,Male,Non-Smoker,Normoglycemic,Stage 1 HTN,Borderline High,29.9,Non-Obese
60-79,Male,Current Smoker,Normoglycemic,Stage 1 HTN,Desirable,24.1,Non-Obese
40-59,Male,Non-Smoker,Normoglycemic,Normal,Desirable,24.4,Non-Obese
40-59,Male,Current Smoker,Normoglycemic,Normal,High,23.0,Non-Obese
40-59,Female,Current Smoker,Normoglycemic,Stage 2 HTN,High,32.8,Obese
20-39,Female,Non-Smoker,Normoglycemic,Normal,High,25.2,Non-Obese
20-39,Female,Current Smoker,Normoglycemic,Stage 2 HTN,Desirable,27.6,Non-Obese
60-79,Male,Non-Smoker,Normoglycemic,Normal,Desirable,22.2,Non-Obese
20-39,Male,Non-Smoker,Diabetic,Stage 2 HTN,Borderline High,25.4,Non-Obese
80+,Female,Current Smoker,Normoglycemic,Stage 2 HTN,Desirable,29.8,Non-Obese
20-39,Female,Non-Smoker,Normoglycemic,Normal,Borderline High,23.2,Non-Obese
20-39,Female,Non-Smoker,Normoglycemic,Normal,Borderline High,24.1,Non-Obese
60-79,Female,Non-Smoker,Normoglycemic,Stage 1 HTN,High,25.4,Non-Obese
60-79,Male,Non-Smoker,Normoglycemic,Normal,Borderline High,23.0,Non-Obese
40-59,Male,Non-Smoker,Diabetic,Stage 1 HTN,High,37.3,Obese
60-79,Male,Non-Smoker,Normoglycemic,Elevated,Borderline High,26.8,Non-Obese
20-39,Male,Non-Smoker,Normoglycemic,Normal,High,22.6,Non-Obese
60-79,Male,Non-Smoker,Normoglycemic,Stage 2 HTN,Very High,31.2,Obese
20-39,Female,Non-Smoker,Normoglycemic,Stage 1 HTN,Borderline High,26.8,Non-Obese
80+,Female,Non-Smoker,Normoglycemic,Elevated,Desirable,24.4,Non-Obese
40-59,Female,Non-Smoker,Normoglycemic,Normal,Desirable,32.2,Obese
40-59,Male,Non-Smoker,Normoglycemic,Stage 1 HTN,Desirable,22.2,Non-Obese
80+,Male,Non-Smoker,Normoglycemic,Elevated,Very High,29.7,Non-Obese
80+,Male,Current Smoker,Normoglycemic,Stage 1 HTN,High,23.0,Non-Obese
40-59,Female,Current Smoker,Diabetic,Stage 1 HTN,Borderline High,31.1,Obese
20-39,Female,Non-Smoker,Normoglycemic,Elevated,Desirable,20.4,Non-Obese
80+,Male,Non-Smoker,Diabetic,Stage 2 HTN,Borderline High,35.2,Obese
60-79,Male,Non-Smoker,Diabetic,Stage 2 HTN,Desirable,32.7,Obese
80+,Male,Current Smoker,Normoglycemic,Elevated,High,25.3,Non-Obese
40-59,Female,Non-Smoker,Normoglycemic,Elevated,Borderline High,23.5,Non-Obese
40-59,Male,Non-Smoker,Normoglycemic,Normal,Desirable,25.8,Non-Obese
40-59,Male,Non-Smoker,Normoglycemic,Stage 1 HTN,High,20.4,Non-Obese
20-39,Male,Non-Smoker,Normoglycemic,Normal,High,22.1,Non-Obese
40-59,Male,Non-Smoker,Normoglycemic,Normal,High,23.3,Non-Obese
60-79,Male,Non-Smoker,Diabetic,Normal,Very High,31.1,Obese
80+,Female,Non-Smoker,Normoglycemic,Elevated,Borderline High,26.9,Non-Obese
20-39,Female,Current Smoker,Normoglycemic,Stage 1 HTN,High,23.1,Non-Obese
60-79,Male,Current Smoker,Normoglycemic,Stage 2 HTN,Desirable,27.9,Non-Obese
20-39,Male,Non-Smoker,Normoglycemic,Normal,Desirable,21.2,Non-Obese
20-39,Female,Non-Smoker,Normoglycemic,Stage 2 HTN,Desirable,36.8,Obese
60-79,Female,Non-Smoker,Normoglycemic,Elevated,Desirable,29.4,Non-Obese
80+,Male,Current Smoker,Normoglycemic,Stage 1 HTN,Desirable,26.2,Non-Obese
40-59,Female,Non-Smoker,Normoglycemic,Elevated,Desirable,23.8,Non-Obese
40-59,Female,Non-Smoker,Normoglycemic,Stage 1 HTN,Very High,30.1,Obese
20-39,Male,Current Smoker,Normoglycemic,Stage 2 HTN,High,28.4,Non-Obese
20-39,Male,Current Smoker,Normoglycemic,Normal,Very High,24.6,Non-Obese
20-39,Female,Non-Smoker,Normoglycemic,Elevated,Desirable,26.2,Non-Obese
40-59,Female,Non-Smoker,Diabetic,Stage 2 HTN,Borderline High,31.6,Obese
60-79,Female,Non-Smoker,Normoglycemic,Normal,Desirable,21.6,Non-Obese
80+,Male,Non-Smoker,Diabetic,Stage 1 HTN,High,33.3,Obese
80+,Female,Current Smoker,Normoglycemic,Normal,Borderline High,22.3,Non-Obese
40-59,Female,Current Smoker,Normoglycemic,Stage 1 HTN,Borderline High,33.6,Obese
40-59,Male,Non-Smoker,Normoglycemic,Elevated,Borderline High,30.1,Obese
80+,Female,Non-Smoker,Diabetic,Stage 1 HTN,High,34.1,Obese
20-39,Female,Non-Smoker,Normoglycemic,Elevated,High,27.6,Non-Obese
60-79,Male,Non-Smoker,Normoglycemic,Normal,High,25.1,Non-Obese
40-59,Male,Non-Smoker,Normoglycemic,Normal,Desirable,22.7,Non-Obese
60-79,Female,Non-Smoker,Diabetic,Stage 2 HTN,High,28.9,Non-Obese
20-39,Female,Non-Smoker,Normoglycemic,Normal,Very High,22.2,Non-Obese
60-79,Female,Non-Smoker,Diabetic,Stage 2 HTN,Borderline High,30.9,Obese
40-59,Male,Non-Smoker,Normoglycemic,Normal,Desirable,26.1,Non-Obese
40-59,Male,Current Smoker,Normoglycemic,Stage 1 HTN,Borderline High,24.3,Non-Obese
60-79,Female,Non-Smoker,Diabetic,Stage 2 HTN,High,29.6,Non-Obese
40-59,Female,Non-Smoker,Normoglycemic,Normal,Desirable,29.3,Non-Obese
20-39,Male,Current Smoker,Normoglycemic,Stage 1 HTN,Desirable,24.4,Non-Obese
60-79,Female,Non-Smoker,Diabetic,Stage 2 HTN,Borderline High,35.5,Obese
60-79,Female,Non-Smoker,Normoglycemic,Normal,Desirable,25.5,Non-Obese
60-79,Female,Non-Smoker,Normoglycemic,Normal,High,29.0,Non-Obese
20-39,Female,Non-Smoker,Normoglycemic,Normal,Desirable,20.5,Non-Obese
60-79,Female,Current Smoker,Normoglycemic,Normal,Borderline High,23.5,Non-Obese
80+,Female,Non-Smoker,Normoglycemic,Stage 1 HTN,Very High,23.2,Non-Obese
20-39,Male,Non-Smoker,Normoglycemic,Normal,Borderline High,24.0,Non-Obese
20-39,Male,Non-Smoker,Normoglycemic,Stage 2 HTN,High,35.0,Obese
20-39,Female,Non-Smoker,Normoglycemic,Normal,High,20.5,Non-Obese
40-59,Male,Non-Smoker,Diabetic,Stage 1 HTN,High,35.9,Obese
40-59,Male,Non-Smoker,Diabetic,Stage 2 HTN,Desirable,31.5,Obese
40-59,Male,Non-Smoker,Normoglycemic,Elevated,High,31.0,Obese
20-39,Female,Non-Smoker,Normoglycemic,Stage 1 HTN,Desirable,29.9,Non-Obese
20-39,Female,Current Smoker,Normoglycemic,Stage 1 HTN,Very High,29.4,Non-Obese
60-79,Female,Non-Smoker,Normoglycemic,Stage 1 HTN,Desirable,33.3,Obese
40-59,Female,Non-Smoker,Normoglycemic,Normal,High,28.9,Non-Obese
40-59,Male,Non-Smoker,Normoglycemic,Normal,Desirable,30.1,Obese
60-79,Female,Non-Smoker,Diabetic,Normal,Borderline High,30.5,Obese
20-39,Female,Current Smoker,Normoglycemic,Elevated,Borderline High,20.0,Non-Obese
40-59,Female,Non-Smoker,Normoglycemic,Normal,Desirable,21.6,Non-Obese
20-39,Male,Current Smoker,Normoglycemic,Normal,Borderline High,24.6,Non-Obese
20-39,Female,Current Smoker,Normoglycemic,Normal,Very High,25.7,Non-Obese
80+,Male,Non-Smoker,Normoglycemic,Normal,Borderline High,24.2,Non-Obese
40-59,Female,Non-Smoker,Normoglycemic,Stage 1 HTN,Borderline High,27.8,Non-Obese
80+,Male,Current Smoker,Normoglycemic,Stage 2 HTN,Borderline High,26.8,Non-Obese
20-39,Female,Non-Smoker,Normoglycemic,Normal,Borderline High,26.2,Non-Obese
40-59,Male,Current Smoker,Normoglycemic,Normal,High,25.0,Non-Obese
60-79,Female,Non-Smoker,Normoglycemic,Stage 1 HTN,Desirable,26.6,Non-Obese
60-79,Female,Current Smoker,Normoglycemic,Stage 1 HTN,Very High,28.7,Non-Obese
60-79,Female,Non-Smoker,Normoglycemic,Normal,High,23.6,Non-Obese
40-59,Female,Non-Smoker,Normoglycemic,Elevated,Desirable,23.5,Non-Obese
40-59,Female,Current Smoker,Normoglycemic,Stage 2 HTN,Very High,38.1,Obese
60-79,Female,Non-Smoker,Diabetic,Stage 2 HTN,Desirable,26.9,Non-Obese
60-79,Male,Non-Smoker,Normoglycemic,Normal,Very High,31.1,Obese
20-39,Male,Non-Smoker,Normoglycemic,Normal,Borderline High,23.0,Non-Obese
20-39,Male,Non-Smoker,Normoglycemic,Normal,Borderline High,24.6,Non-Obese
40-59,Male,Non-Smoker,Normoglycemic,Stage 1 HTN,Desirable,30.4,Obese
60-79,Female,Non-Smoker,Diabetic,Stage 1 HTN,Very High,30.8,Obese
40-59,Male,Non-Smoker,Normoglycemic,Elevated,High,29.3,Non-Obese
60-79,Male,Current Smoker,Normoglycemic,Stage 2 HTN,High,29.4,Non-Obese
80+,Female,Non-Smoker,Normoglycemic,Stage 1 HTN,Very High,29.5,Non-Obese
60-79,Male,Non-Smoker,Diabetic,Stage 2 HTN,Borderline High,33.7,Obese
60-79,Male,Non-Smoker,Diabetic,Stage 2 HTN,High,38.9,Obese
40-59,Male,Non-Smoker,Normoglycemic,Normal,Borderline High,24.7,Non-Obese
40-59,Male,Current Smoker,Normoglycemic,Stage 1 HTN,Desirable,32.9,Obese
20-39,Male,Non-Smoker,Normoglycemic,Normal,Borderline High,21.1,Non-Obese
20-39,Male,Current Smoker,Normoglycemic,Stage 2 HTN,High,28.2,Non-Obese
40-59,Male,Current Smoker,Normoglycemic,Normal,Borderline High,22.6,Non-Obese
40-59,Female,Non-Smoker,Normoglycemic,Normal,Desirable,35.3,Obese
60-79,Male,Current Smoker,Normoglycemic,Stage 2 HTN,Borderline High,36.8,Obese
40-59,Female,Non-Smoker,Normoglycemic,Elevated,Desirable,24.8,Non-Obese
40-59,Female,Non-Smoker,Normoglycemic,Stage 1 HTN,Very High,25.3,Non-Obese
60-79,Male,Non-Smoker,Normoglycemic,Stage 1 HTN,Borderline High,27.2,Non-Obese
60-79,Female,Non-Smoker,Diabetic,Stage 2 HTN,Borderline High,30.9,Obese
20-39,Female,Non-Smoker,Normoglycemic,Normal,Desirable,27.3,Non-Obese
40-59,Female,Non-Smoker,Normoglycemic,Normal,Borderline High,26.1,Non-Obese
40-59,Male,Non-Smoker,Normoglycemic,Normal,Borderline High,25.0,Non-Obese
60-79,Female,Non-Smoker,Diabetic,Stage 1 HTN,Desirable,41.3,Obese
80+,Male,Non-Smoker,Normoglycemic,Normal,Borderline High,22.6,Non-Obese
60-79,Male,Current Smoker,Diabetic,Elevated,Borderline High,26.0,Non-Obese
60-79,Male,Current Smoker,Normoglycemic,Stage 1 HTN,Desirable,25.0,Non-Obese
60-79,Male,Non-Smoker,Diabetic,Elevated,Borderline High,27.2,Non-Obese
60-79,Female,Non-Smoker,Diabetic,Stage 2 HTN,Very High,37.0,Obese
60-79,Female,Current Smoker,Normoglycemic,Stage 1 HTN,High,30.4,Obese
20-39,Male,Non-Smoker,Diabetic,Stage 2 HTN,High,27.7,Non-Obese
80+,Male,Non-Smoker,Diabetic,Stage 1 HTN,Desirable,32.9,Obese
20-39,Female,Non-Smoker,Normoglycemic,Stage 1 HTN,Desirable,23.2,Non-Obese
60-79,Female,Non-Smoker,Diabetic,Stage 1 HTN,High,23.4,Non-Obese
40-59,Male,Non-Smoker,Normoglycemic,Normal,Borderline High,28.1,Non-Obese
60-79,Female,Non-Smoker,Normoglycemic,Normal,Very High,31.3,Obese
60-79,Male,Current Smoker,Normoglycemic,Stage 1 HTN,Desirable,30.1,Obese
60-79,Female,Non-Smoker,Normoglycemic,Normal,Desirable,29.5,Non-Obese
60-79,Male,Non-Smoker,Normoglycemic,Stage 2 HTN,Borderline High,31.4,Obese
60-79,Male,Non-Smoker,Normoglycemic,Normal,Very High,23.4,Non-Obese
60-79,Male,Current Smoker,Normoglycemic,Normal,Desirable,20.4,Non-Obese
40-59,Female,Non-Smoker,Normoglycemic,Elevated,Desirable,29.5,Non-Obese
40-59,Female,Non-Smoker,Normoglycemic,Elevated,Borderline High,29.6,Non-Obese
60-79,Male,Non-Smoker,Normoglycemic,Elevated,Borderline High,30.1,Obese
20-39,Male,Non-Smoker,Normoglycemic,Normal,Borderline High,24.3,Non-Obese
60-79,Female,Non-Smoker,Normoglycemic,Normal,Borderline High,23.0,Non-Obese
40-59,Male,Non-Smoker,Normoglycemic,Normal,Desirable,25.8,Non-Obese
60-79,Male,Non-Smoker,Normoglycemic,Normal,High,24.8,Non-Obese
20-39,Male,Current Smoker,Normoglycemic,Stage 2 HTN,Very High,25.5,Non-Obese
40-59,Female,Non-Smoker,Normoglycemic,Stage 2 HTN,Borderline High,31.0,Obese
60-79,Male,Non-Smoker,Normoglycemic,Normal,Borderline High,28.5,Non-Obese
40-59,Male,Non-Smoker,Normoglycemic,Stage 2 HTN,Borderline High,28.0,Non-Obese
40-59,Male,Non-Smoker,Normoglycemic,Stage 1 HTN,High,35.0,Obese
60-79,Female,Non-Smoker,Normoglycemic,Elevated,Very High,25.3,Non-Obese
80+,Female,Non-Smoker,Normoglycemic,Elevated,Borderline High,28.1,Non-Obese
20-39,Female,Non-Smoker,Normoglycemic,Normal,High,27.5,Non-Obese
40-59,Female,Non-Smoker,Normoglycemic,Normal,Very High,33.7,Obese
60-79,Male,Current Smoker,Normoglycemic,Elevated,Desirable,18.3,Non-Obese
20-39,Male,Non-Smoker,Normoglycemic,Normal,Borderline High,28.2,Non-Obese
20-39,Female,Non-Smoker,Normoglycemic,Normal,Desirable,22.7,Non-Obese
60-79,Female,Non-Smoker,Normoglycemic,Normal,Borderline High,25.0,Non-Obese
40-59,Male,Non-Smoker,Diabetic,Stage 2 HTN,High,31.5,Obese
20-39,Male,Current Smoker,Normoglycemic,Stage 1 HTN,Desirable,28.3,Non-Obese
80+,Female,Non-Smoker,Normoglycemic,Stage 2 HTN,High,34.7,Obese
80+,Female,Non-Smoker,Normoglycemic,Normal,Borderline High,27.4,Non-Obese
60-79,Male,Non-Smoker,Normoglycemic,Normal,Desirable,29.5,Non-Obese
40-59,Male,Non-Smoker,Normoglycemic,Elevated,High,34.8,Obese
60-79,Male,Current Smoker,Normoglycemic,Stage 1 HTN,Borderline High,23.3,Non-Obese
60-79,Male,Non-Smoker,Normoglycemic,Normal,Desirable,21.1,Non-Obese
60-79,Female,Non-Smoker,Diabetic,Stage 1 HTN,High,32.3,Obese
80+,Female,Current Smoker,Normoglycemic,Normal,Borderline High,24.4,Non-Obese
40-59,Male,Non-Smoker,Normoglycemic,Normal,Desirable,25.6,Non-Obese
40-59,Male,Non-Smoker,Diabetic,Stage 1 HTN,Borderline High,30.8,Obese
40-59,Male,Non-Smoker,Normoglycemic,Elevated,Borderline High,24.3,Non-Obese
20-39,Male,Non-Smoker,Normoglycemic,Normal,High,22.8,Non-Obese
20-39,Male,Non-Smoker,Normoglycemic,Elevated,Borderline High,28.0,Non-Obese
60-79,Male,Non-Smoker,Normoglycemic,Normal,Desirable,24.5,Non-Obese
60-79,Female,Non-Smoker,Diabetic,Stage 1 HTN,Very High,35.6,Obese
40-59,Male,Non-Smoker,Diabetic,Stage 1 HTN,Desirable,26.5,Non-Obese
60-79,Female,Non-Smoker,Normoglycemic,Stage 1 HTN,Borderline High,22.6,Non-Obese
20-39,Female,Non-Smoker,Normoglycemic,Stage 1 HTN,Borderline High,24.1,Non-Obese
40-59,Male,Non-Smoker,Normoglycemic,Normal,Desirable,20.7,Non-Obese
40-59,Female,Non-Smoker,Normoglycemic,Elevated,Desirable,33.0,Obese
60-79,Female,Non-Smoker,Normoglycemic,Normal,Borderline High,26.9,Non-Obese
20-39,Female,Non-Smoker,Normoglycemic,Elevated,Desirable,23.2,Non-Obese
60-79,Female,Non-Smoker,Normoglycemic,Normal,Desirable,26.3,Non-Obese
40-59,Female,Non-Smoker,Diabetic,Normal,Very High,31.8,Obese
80+,Female,Non-Smoker,Normoglycemic,Elevated,Desirable,24.8,Non-Obese
20-39,Male,Non-Smoker,Normoglycemic,Elevated,High,28.4,Non-Obese
20-39,Female,Non-Smoker,Normoglycemic,Stage 1 HTN,Borderline High,24.0,Non-Obese
80+,Male,Non-Smoker,Normoglycemic,Stage 2 HTN,Borderline High,23.3,Non-Obese
40-59,Male,Non-Smoker,Diabetic,Stage 1 HTN,Desirable,26.8,Non-Obese
20-39,Female,Non-Smoker,Normoglycemic,Stage 1 HTN,Desirable,21.7,Non-Obese
40-59,Male,Current Smoker,Diabetic,Stage 2 HTN,Borderline High,38.7,Obese
40-59,Male,Non-Smoker,Normoglycemic,Normal,Desirable,23.0,Non-Obese
20-39,Male,Non-Smoker,Normoglycemic,Normal,Desirable,28.5,Non-Obese
20-39,Male,Non-Smoker,Normoglycemic,Stage 2 HTN,Borderline High,27.2,Non-Obese
40-59,Female,Non-Smoker,Normoglycemic,Normal,Borderline High,26.0,Non-Obese
20-39,Female,Non-Smoker,Normoglycemic,Normal,Desirable,26.4,Non-Obese
20-39,Female,Non-Smoker,Normoglycemic,Elevated,Borderline High,23.0,Non-Obese
40-59,Female,Non-Smoker,Normoglycemic,Normal,Borderline High,25.6,Non-Obese
40-59,Male,Current Smoker,Normoglycemic,Normal,High,25.5,Non-Obese
80+,Male,Non-Smoker,Diabetic,Stage 2 HTN,Desirable,30.7,Obese
60-79,Female,Current Smoker,Normoglycemic,Stage 2 HTN,Borderline High,22.3,Non-Obese
40-59,Male,Non-Smoker,Normoglycemic,Elevated,Borderline High,30.9,Obese
40-59,Female,Non-Smoker,Normoglycemic,Normal,Borderline High,25.1,Non-Obese
40-59,Male,Current Smoker,Normoglycemic,Elevated,Desirable,22.5,Non-Obese
40-59,Female,Non-Smoker,Normoglycemic,Normal,Borderline High,29.1,Non-Obese
60-79,Female,Non-Smoker,Diabetic,Stage 2 HTN,Borderline High,32.9,Obese
60-79,Female,Non-Smoker,Diabetic,Stage 2 HTN,Desirable,36.8,Obese
20-39,Male,Non-Smoker,Normoglycemic,Elevated,Very High,25.1,Non-Obese
60-79,Female,Non-Smoker,Normoglycemic,Elevated,Borderline High,30.8,Obese
60-79,Male,Non-Smoker,Normoglycemic,Normal,High,24.6,Non-Obese
60-79,Male,Non-Smoker,Normoglycemic,Normal,High,22.1,Non-Obese
20-39,Male,Non-Smoker,Normoglycemic,Normal,Borderline High,19.5,Non-Obese
40-59,Male,Current Smoker,Normoglycemic,Normal,High,32.6,Obese
40-59,Female,Non-Smoker,Normoglycemic,Normal,Borderline High,21.5,Non-Obese
80+,Female,Current Smoker,Normoglycemic,Elevated,Very High,22.5,Non-Obese
60-79,Female,Non-Smoker,Normoglycemic,Elevated,Borderline High,32.0,Obese
20-39,Female,Non-Smoker,Normoglycemic,Normal,Desirable,24.8,Non-Obese
60-79,Male,Non-Smoker,Normoglycemic,Stage 1 HTN,High,38.7,Obese
80+,Female,Non-Smoker,Diabetic,Stage 2 HTN,Desirable,29.9,Non-Obese
60-79,Female,Non-Smoker,Normoglycemic,Elevated,Borderline High,27.1,Non-Obese
60-79,Female,Non-Smoker,Normoglycemic,Normal,Borderline High,22.3,Non-Obese
20-39,Female,Non-Smoker,Normoglycemic,Stage 1 HTN,Desirable,25.7,Non-Obese
20-39,Male,Non-Smoker,Normoglycemic,Stage 1 HTN,High,38.4,Obese
40-59,Female,Non-Smoker,Normoglycemic,Normal,Very High,31.3,Obese
40-59,Male,Non-Smoker,Normoglycemic,Stage 1 HTN,Desirable,24.6,Non-Obese
20-39,Male,Non-Smoker,Normoglycemic,Elevated,Desirable,24.4,Non-Obese
60-79,Male,Current Smoker,Normoglycemic,Stage 1 HTN,Borderline High,34.7,Obese
40-59,Female,Non-Smoker,Normoglycemic,Normal,Borderline High,28.9,Non-Obese
40-59,Male,Non-Smoker,Normoglycemic,Stage 2 HTN,High,31.2,Obese
60-79,Female,Current Smoker,Normoglycemic,Stage 1 HTN,Very High,30.2,Obese
20-39,Female,Non-Smoker,Normoglycemic,Normal,High,33.2,Obese
20-39,Female,Non-Smoker,Normoglycemic,Normal,High,28.9,Non-Obese
40-59,Female,Non-Smoker,Normoglycemic,Stage 1 HTN,Borderline High,32.5,Obese
60-79,Male,Current Smoker,Normoglycemic,Stage 2 HTN,High,35.7,Obese
60-79,Male,Non-Smoker,Normoglycemic,Stage 2 HTN,Desirable,23.8,Non-Obese
40-59,Male,Current Smoker,Normoglycemic,Stage 2 HTN,Desirable,24.4,Non-Obese
60-79,Female,Non-Smoker,Normoglycemic,Elevated,Very High,40.0,Obese
60-79,Female,Non-Smoker,Diabetic,Elevated,Borderline High,32.4,Obese
40-59,Male,Current Smoker,Normoglycemic,Stage 1 HTN,Desirable,31.3,Obese
40-59,Female,Non-Smoker,Diabetic,Stage 2 HTN,Very High,36.8,Obese
60-79,Male,Current Smoker,Diabetic,Normal,Desirable,32.3,Obese
40-59,Female,Non-Smoker,Normoglycemic,Normal,Borderline High,25.5,Non-Obese
20-39,Female,Current Smoker,Normoglycemic,Elevated,Desirable,23.5,Non-Obese
60-79,Female,Current Smoker,Normoglycemic,Stage 2 HTN,Desirable,25.5,Non-Obese
60-79,Male,Non-Smoker,Normoglycemic,Normal,Very High,27.6,Non-Obese
40-59,Male,Current Smoker,Normoglycemic,Stage 1 HTN,High,30.6,Obese
40-59,Male,Current Smoker,Normoglycemic,Stage 2 HTN,Very High,25.4,Non-Obese
20-39,Female,Non-Smoker,Normoglycemic,Stage 2 HTN,Desirable,32.0,Obese
80+,Female,Non-Smoker,Normoglycemic,Normal,Desirable,19.7,Non-Obese
20-39,Male,Current Smoker,Normoglycemic,Elevated,High,17.9,Non-Obese
40-59,Male,Current Smoker,Normoglycemic,Normal,Borderline High,23.1,Non-Obese
20-39,Female,Non-Smoker,Normoglycemic,Normal,Desirable,22.3,Non-Obese
60-79,Male,Non-Smoker,Normoglycemic,Elevated,Borderline High,27.4,Non-Obese
60-79,Female,Non-Smoker,Normoglycemic,Elevated,Desirable,27.9,Non-Obese
60-79,Female,Non-Smoker,Normoglycemic,Stage 1 HTN,Desirable,31.7,Obese
80+,Female,Non-Smoker,Normoglycemic,Stage 1 HTN,Desirable,31.7,Obese
60-79,Male,Current Smoker,Normoglycemic,Normal,Very High,27.4,Non-Obese
20-39,Female,Non-Smoker,Normoglycemic,Normal,Desirable,27.1,Non-Obese
20-39,Female,Non-Smoker,Normoglycemic,Normal,Desirable,26.2,Non-Obese
20-39,Male,Non-Smoker,Normoglycemic,Stage 2 HTN,Borderline High,27.2,Non-Obese
20-39,Female,Non-Smoker,Normoglycemic,Normal,Very High,22.7,Non-Obese
40-59,Female,Non-Smoker,Diabetic,Stage 1 HTN,Desirable,28.7,Non-Obese
40-59,Male,Non-Smoker,Normoglycemic,Elevated,High,36.1,Obese
40-59,Female,Non-Smoker,Normoglycemic,Elevated,High,25.2,Non-Obese
20-39,Female,Non-Smoker,Normoglycemic,Elevated,High,23.5,Non-Obese
60-79,Male,Current Smoker,Normoglycemic,Stage 1 HTN,Borderline High,20.6,Non-Obese
40-59,Female,Non-Smoker,Normoglycemic,Stage 1 HTN,Borderline High,26.0,Non-Obese
40-59,Male,Non-Smoker,Normoglycemic,Normal,High,27.3,Non-Obese
40-59,Male,Non-Smoker,Diabetic,Normal,High,31.9,Obese
40-59,Female,Non-Smoker,Normoglycemic,Elevated,Desirable,22.1,Non-Obese
40-59,Male,Non-Smoker,Normoglycemic,Normal,Borderline High,29.0,Non-Obese
60-79,Female,Non-Smoker,Normoglycemic,Elevated,Borderline High,28.7,Non-Obese
60-79,Male,Non-Smoker,Normoglycemic,Stage 2 HTN,Very High,32.1,Obese
80+,Female,Current Smoker,Normoglycemic,Elevated,High,24.1,Non-Obese
40-59,Male,Non-Smoker,Normoglycemic,Normal,High,28.7,Non-Obese
60-79,Male,Current Smoker,Normoglycemic,Stage 1 HTN,Borderline High,30.2,Obese
40-59,Male,Current Smoker,Diabetic,Stage 2 HTN,Borderline High,25.5,Non-Obese
80+,Male,Non-Smoker,Diabetic,Stage 2 HTN,Very High,33.5,Obese
40-59,Male,Non-Smoker,Normoglycemic,Normal,Desirable,27.8,Non-Obese
20-39,Male,Non-Smoker,Normoglycemic,Elevated,Desirable,31.2,Obese
40-59,Female,Non-Smoker,Normoglycemic,Normal,Borderline High,33.9,Obese
60-79,Female,Non-Smoker,Normoglycemic,Normal,High,28.4,Non-Obese
40-59,Male,Current Smoker,Normoglycemic,Elevated,Desirable,24.1,Non-Obese
20-39,Female,Current Smoker,Normoglycemic,Stage 1 HTN,High,22.3,Non-Obese
20-39,Male,Non-Smoker,Normoglycemic,Normal,Desirable,25.8,Non-Obese
20-39,Female,Current Smoker,Normoglycemic,Elevated,Borderline High,28.1,Non-Obese
20-39,Female,Current Smoker,Normoglycemic,Elevated,Very High,26.8,Non-Obese
40-59,Male,Non-Smoker,Normoglycemic,Normal,Borderline High,27.8,Non-Obese
20-39,Female,Current Smoker,Normoglycemic,Elevated,Desirable,20.1,Non-Obese
80+,Male,Current Smoker,Normoglycemic,Stage 2 HTN,High,31.4,Obese
40-59,Female,Non-Smoker,Normoglycemic,Stage 1 HTN,Borderline High,29.0,Non-Obese
40-59,Male,Non-Smoker,Normoglycemic,Normal,High,24.0,Non-Obese
20-39,Male,Current Smoker,Normoglycemic,Stage 2 HTN,High,26.6,Non-Obese
40-59,Male,Non-Smoker,Normoglycemic,Normal,Desirable,29.4,Non-Obese
40-59,Female,Non-Smoker,Normoglycemic,Normal,Desirable,27.2,Non-Obese
20-39,Female,Non-Smoker,Normoglycemic,Stage 1 HTN,Desirable,26.4,Non-Obese
40-59,Female,Non-Smoker,Diabetic,Stage 2 HTN,High,40.4,Obese
80+,Male,Current Smoker,Normoglycemic,Stage 1 HTN,Borderline High,32.9,Obese
40-59,Female,Current Smoker,Normoglycemic,Normal,Desirable,25.0,Non-Obese
60-79,Female,Non-Smoker,Normoglycemic,Elevated,Borderline High,30.6,Obese
60-79,Male,Non-Smoker,Diabetic,Stage 2 HTN,Desirable,29.0,Non-Obese
60-79,Female,Non-Smoker,Diabetic,Stage 2 HTN,Very High,31.6,Obese
40-59,Male,Current Smoker,Normoglycemic,Elevated,Borderline High,25.7,Non-Obese
20-39,Male,Non-Smoker,Normoglycemic,Elevated,Borderline High,24.0,Non-Obese
60-79,Male,Non-Smoker,Normoglycemic,Elevated,Desirable,22.8,Non-Obese
80+,Female,Non-Smoker,Diabetic,Stage 1 HTN,Borderline High,25.2,Non-Obese
20-39,Male,Current Smoker,Normoglycemic,Stage 2 HTN,Borderline High,25.7,Non-Obese
20-39,Male,Non-Smoker,Normoglycemic,Normal,Borderline High,26.8,Non-Obese
40-59,Male,Non-Smoker,Normoglycemic,Normal,Desirable,29.9,Non-Obese
60-79,Male,Non-Smoker,Normoglycemic,Stage 1 HTN,Desirable,23.6,Non-Obese
80+,Male,Non-Smoker,Normoglycemic,Normal,Borderline High,22.7,Non-Obese
60-79,Male,Non-Smoker,Diabetic,Stage 2 HTN,High,30.2,Obese
40-59,Female,Non-Smoker,Normoglycemic,Normal,Desirable,28.1,Non-Obese
40-59,Female,Non-Smoker,Normoglycemic,Normal,Borderline High,28.1,Non-Obese
80+,Female,Non-Smoker,Normoglycemic,Stage 1 HTN,Borderline High,28.3,Non-Obese
20-39,Female,Non-Smoker,Normoglycemic,Stage 1 HTN,Desirable,30.1,Obese
40-59,Male,Current Smoker,Normoglycemic,Stage 1 HTN,Desirable,25.2,Non-Obese
60-79,Male,Non-Smoker,Diabetic,Stage 1 HTN,High,34.2,Obese
40-59,Male,Current Smoker,Normoglycemic,Normal,Desirable,26.0,Non-Obese
40-59,Female,Non-Smoker,Normoglycemic,Elevated,Desirable,29.0,Non-Obese
40-59,Male,Non-Smoker,Normoglycemic,Normal,Very High,33.8,Obese
40-59,Female,Non-Smoker,Normoglycemic,Normal,Borderline High,22.5,Non-Obese
60-79,Male,Current Smoker,Diabetic,Stage 2 HTN,Borderline High,30.6,Obese
40-59,Female,Non-Smoker,Normoglycemic,Normal,Desirable,26.7,Non-Obese
60-79,Female,Non-Smoker,Normoglycemic,Normal,Desirable,21.5,Non-Obese
80+,Female,Non-Smoker,Normoglycemic,Stage 2 HTN,Desirable,30.1,Obese
20-39,Female,Non-Smoker,Normoglycemic,Normal,Desirable,25.2,Non-Obese
60-79,Female,Non-Smoker,Normoglycemic,Normal,Very High,34.9,Obese
80+,Male,Current Smoker,Normoglycemic,Stage 2 HTN,Very High,30.5,Obese
20-39,Female,Non-Smoker,Normoglycemic,Elevated,Desirable,25.1,Non-Obese
60-79,Female,Current Smoker,Normoglycemic,Stage 1 HTN,Very High,26.3,Non-Obese
80+,Male,Non-Smoker,Normoglycemic,Elevated,High,23.6,Non-Obese
60-79,Female,Non-Smoker,Normoglycemic,Normal,High,31.3,Obese
80+,Male,Current Smoker,Diabetic,Stage 2 HTN,Very High,31.8,Obese
20-39,Female,Non-Smoker,Normoglycemic,Elevated,Desirable,22.5,Non-Obese
60-79,Female,Current Smoker,Normoglycemic,Stage 2 HTN,High,28.9,Non-Obese
60-79,Female,Non-Smoker,Normoglycemic,Normal,Very High,33.3,Obese
20-39,Female,Current Smoker,Normoglycemic,Normal,Very High,22.9,Non-Obese
80+,Male,Non-Smoker,Normoglycemic,Normal,Borderline High,27.1,Non-Obese
60-79,Male,Non-Smoker,Normoglycemic,Stage 1 HTN,Borderline High,26.8,Non-Obese
60-79,Male,Non-Smoker,Diabetic,Stage 2 HTN,High,33.8,Obese
40-59,Female,Non-Smoker,Normoglycemic,Normal,Borderline High,22.1,Non-Obese
40-59,Male,Non-Smoker,Normoglycemic,Normal,Borderline High,26.7,Non-Obese
40-59,Male,Current Smoker,Normoglycemic,Stage 2 HTN,Very High,33.1,Obese
40-59,Male,Non-Smoker,Normoglycemic,Stage 1 HTN,Desirable,28.2,Non-Obese
40-59,Male,Current Smoker,Normoglycemic,Stage 1 HTN,High,34.7,Obese
20-39,Female,Non-Smoker,Normoglycemic,Normal,Desirable,21.0,Non-Obese
40-59,Male,Current Smoker,Normoglycemic,Stage 1 HTN,Borderline High,26.4,Non-Obese
40-59,Female,Non-Smoker,Normoglycemic,Normal,High,29.2,Non-Obese
60-79,Female,Non-Smoker,Normoglycemic,Elevated,Desirable,27.7,Non-Obese
20-39,Male,Non-Smoker,Normoglycemic,Stage 1 HTN,Desirable,34.9,Obese
20-39,Female,Non-Smoker,Normoglycemic,Stage 1 HTN,Very High,26.8,Non-Obese
40-59,Male,Non-Smoker,Normoglycemic,Normal,High,25.8,Non-Obese
40-59,Male,Current Smoker,Normoglycemic,Stage 1 HTN,Very High,35.0,Obese
60-79,Male,Non-Smoker,Normoglycemic,Elevated,Desirable,27.6,Non-Obese
40-59,Male,Non-Smoker,Normoglycemic,Normal,Borderline High,21.6,Non-Obese
60-79,Male,Non-Smoker,Normoglycemic,Normal,High,21.8,Non-Obese
60-79,Female,Non-Smoker,Normoglycemic,Normal,High,26.5,Non-Obese
20-39,Male,Non-Smoker,Normoglycemic,Normal,High,24.2,Non-Obese
40-59,Female,Non-Smoker,Normoglycemic,Normal,High,29.9,Non-Obese
40-59,Male,Non-Smoker,Normoglycemic,Elevated,Desirable,25.3,Non-Obese
20-39,Male,Current Smoker,Normoglycemic,Stage 1 HTN,High,24.8,Non-Obese
40-59,Female,Non-Smoker,Normoglycemic,Normal,Very High,27.7,Non-Obese
60-79,Female,Non-Smoker,Normoglycemic,Stage 2 HTN,Desirable,30.5,Obese
40-59,Male,Non-Smoker,Normoglycemic,Normal,Desirable,23.2,Non-Obese
40-59,Male,Current Smoker,Normoglycemic,Normal,Borderline High,23.8,Non-Obese
40-59,Female,Current Smoker,Normoglycemic,Elevated,High,30.5,Obese
60-79,Female,Non-Smoker,Normoglycemic,Normal,Borderline High,22.9,Non-Obese
40-59,Male,Non-Smoker,Diabetic,Stage 1 HTN,Very High,30.8,Obese
20-39,Male,Non-Smoker,Normoglycemic,Normal,Desirable,28.6,Non-Obese
60-79,Male,Non-Smoker,Normoglycemic,Normal,High,24.6,Non-Obese
40-59,Male,Non-Smoker,Normoglycemic,Normal,Borderline High,23.0,Non-Obese
60-79,Female,Non-Smoker,Diabetic,Stage 1 HTN,Very High,35.1,Obese
60-79,Male,Non-Smoker,Normoglycemic,Elevated,Desirable,24.9,Non-Obese
80+,Female,Non-Smoker,Normoglycemic,Normal,Borderline High,19.8,Non-Obese
20-39,Female,Non-Smoker,Normoglycemic,Normal,Very High,26.1,Non-Obese
40-59,Male,Non-Smoker,Normoglycemic,Elevated,Borderline High,29.1,Non-Obese
60-79,Male,Non-Smoker,Normoglycemic,Normal,Borderline High,32.1,Obese
40-59,Female,Current Smoker,Normoglycemic,Normal,High,23.0,Non-Obese
40-59,Male,Current Smoker,Normoglycemic,Stage 1 HTN,Borderline High,25.4,Non-Obese
60-79,Female,Current Smoker,Diabetic,Stage 1 HTN,Borderline High,28.5,Non-Obese
20-39,Male,Current Smoker,Normoglycemic,Stage 2 HTN,Borderline High,30.7,Obese
60-79,Female,Non-Smoker,Diabetic,Stage 2 HTN,Borderline High,29.4,Non-Obese
80+,Male,Non-Smoker,Normoglycemic,Stage 2 HTN,Borderline High,28.5,Non-Obese
60-79,Male,Current Smoker,Normoglycemic,Normal,High,23.5,Non-Obese
20-39,Male,Non-Smoker,Normoglycemic,Normal,High,22.7,Non-Obese
80+,Female,Non-Smoker,Normoglycemic,Stage 2 HTN,Borderline High,22.1,Non-Obese
60-79,Male,Non-Smoker,Diabetic,Stage 1 HTN,Desirable,28.2,Non-Obese
60-79,Female,Non-Smoker,Diabetic,Stage 2 HTN,Desirable,35.1,Obese
20-39,Male,Non-Smoker,Normoglycemic,Normal,Desirable,16.0,Non-Obese
60-79,Female,Non-Smoker,Normoglycemic,Normal,Borderline High,26.2,Non-Obese
60-79,Male,Non-Smoker,Diabetic,Stage 2 HTN,Borderline High,28.2,Non-Obese
20-39,Male,Non-Smoker,Normoglycemic,Elevated,Borderline High,27.2,Non-Obese
40-59,Male,Non-Smoker,Normoglycemic,Elevated,Desirable,19.0,Non-Obese
20-39,Male,Non-Smoker,Normoglycemic,Normal,Desirable,24.4,Non-Obese
60-79,Male,Current Smoker,Normoglycemic,Stage 1 HTN,Very High,25.1,Non-Obese
40-59,Male,Current Smoker,Normoglycemic,Elevated,Borderline High,25.2,Non-Obese
20-39,Female,Non-Smoker,Normoglycemic,Stage 1 HTN,Very High,28.8,Non-Obese
20-39,Male,Non-Smoker,Normoglycemic,Elevated,Borderline High,29.5,Non-Obese
20-39,Male,Non-Smoker,Normoglycemic,Normal,Desirable,25.1,Non-Obese
20-39,Male,Non-Smoker,Normoglycemic,Stage 1 HTN,Desirable,27.2,Non-Obese
40-59,Male,Current Smoker,Diabetic,Stage 2 HTN,Very High,36.5,Obese
60-79,Female,Non-Smoker,Normoglycemic,Normal,Desirable,21.6,Non-Obese
60-79,Male,Non-Smoker,Normoglycemic,Normal,Desirable,21.3,Non-Obese
40-59,Male,Non-Smoker,Diabetic,Elevated,High,30.6,Obese
40-59,Male,Non-Smoker,Normoglycemic,Normal,High,27.5,Non-Obese
60-79,Female,Non-Smoker,Normoglycemic,Normal,Borderline High,33.8,Obese
40-59,Female,Non-Smoker,Normoglycemic,Elevated,Desirable,22.4,Non-Obese
20-39,Female,Non-Smoker,Normoglycemic,Elevated,Borderline High,27.2,Non-Obese
40-59,Female,Non-Smoker,Normoglycemic,Elevated,Desirable,27.8,Non-Obese
60-79,Male,Non-Smoker,Diabetic,Stage 2 HTN,Borderline High,25.2,Non-Obese
20-39,Female,Non-Smoker,Normoglycemic,Normal,Desirable,30.6,Obese
60-79,Male,Non-Smoker,Diabetic,Stage 2 HTN,Desirable,31.1,Obese
40-59,Female,Non-Smoker,Normoglycemic,Normal,Very High,28.1,Non-Obese
40-59,Male,Current Smoker,Normoglycemic,Elevated,Borderline High,28.8,Non-Obese
40-59,Female,Non-Smoker,Normoglycemic,Normal,Borderline High,26.4,Non-Obese
40-59,Male,Current Smoker,Normoglycemic,Stage 2 HTN,High,25.7,Non-Obese
60-79,Female,Non-Smoker,Diabetic,Elevated,Borderline High,27.5,Non-Obese
20-39,Male,Non-Smoker,Normoglycemic,Elevated,Desirable,26.5,Non-Obese
40-59,Male,Non-Smoker,Normoglycemic,Stage 1 HTN,Desirable,29.3,Non-Obese
20-39,Male,Non-Smoker,Normoglycemic,Normal,Desirable,24.5,Non-Obese
60-79,Female,Non-Smoker,Diabetic,Stage 2 HTN,Borderline High,35.6,Obese
20-39,Male,Current Smoker,Normoglycemic,Stage 1 HTN,High,25.6,Non-Obese
40-59,Male,Non-Smoker,Normoglycemic,Normal,High,31.4,Obese
60-79,Male,Non-Smoker,Normoglycemic,Normal,High,28.2,Non-Obese
60-79,Female,Non-Smoker,Normoglycemic,Normal,High,29.9,Non-Obese
20-39,Female,Non-Smoker,Normoglycemic,Normal,Borderline High,21.9,Non-Obese
60-79,Female,Non-Smoker,Normoglycemic,Normal,Desirable,25.0,Non-Obese
80+,Female,Non-Smoker,Normoglycemic,Normal,Desirable,21.4,Non-Obese
60-79,Male,Non-Smoker,Normoglycemic,Elevated,Desirable,29.5,Non-Obese
40-59,Male,Non-Smoker,Normoglycemic,Elevated,Desirable,23.8,Non-Obese
60-79,Male,Non-Smoker,Normoglycemic,Elevated,High,32.6,Obese
40-59,Male,Non-Smoker,Normoglycemic,Normal,Borderline High,21.3,Non-Obese
40-59,Female,Non-Smoker,Normoglycemic,Normal,Borderline High,27.2,Non-Obese
40-59,Female,Non-Smoker,Normoglycemic,Stage 1 HTN,Desirable,22.8,Non-Obese
40-59,Male,Current Smoker,Normoglycemic,Stage 1 HTN,High,32.2,Obese
80+,Male,Non-Smoker,Diabetic,Stage 2 HTN,Very High,37.7,Obese
40-59,Female,Non-Smoker,Normoglycemic,Normal,Desirable,23.1,Non-Obese
60-79,Female,Non-Smoker,Normoglycemic,Normal,Desirable,22.0,Non-Obese
40-59,Female,Current Smoker,Normoglycemic,Normal,Desirable,22.2,Non-Obese
20-39,Male,Non-Smoker,Normoglycemic,Normal,Borderline High,23.5,Non-Obese
60-79,Female,Non-Smoker,Normoglycemic,Stage 2 HTN,Desirable,29.7,Non-Obese
20-39,Male,Non-Smoker,Normoglycemic,Stage 2 HTN,Borderline High,26.9,Non-Obese
20-39,Female,Non-Smoker,Normoglycemic,Normal,Borderline High,25.8,Non-Obese
40-59,Female,Non-Smoker,Diabetic,Stage 2 HTN,High,32.7,Obese
20-39,Male,Non-Smoker,Normoglycemic,Stage 1 HTN,Borderline High,23.9,Non-Obese
20-39,Female,Current Smoker,Normoglycemic,Stage 2 HTN,Borderline High,36.9,Obese
20-39,Female,Non-Smoker,Diabetic,Stage 1 HTN,Borderline High,27.8,Non-Obese
20-39,Male,Current Smoker,Normoglycemic,Stage 2 HTN,Desirable,26.2,Non-Obese
80+,Male,Current Smoker,Normoglycemic,Elevated,Borderline High,26.3,Non-Obese
60-79,Male,Current Smoker,Normoglycemic,Stage 1 HTN,Very High,27.5,Non-Obese
40-59,Female,Non-Smoker,Normoglycemic,Elevated,Desirable,26.6,Non-Obese
40-59,Male,Non-Smoker,Normoglycemic,Normal,Borderline High,23.4,Non-Obese
40-59,Female,Non-Smoker,Normoglycemic,Normal,Borderline High,25.7,Non-Obese
60-79,Female,Non-Smoker,Diabetic,Elevated,Borderline High,33.2,Obese
80+,Female,Non-Smoker,Normoglycemic,Normal,Desirable,23.3,Non-Obese
60-79,Male,Current Smoker,Diabetic,Stage 2 HTN,Borderline High,34.2,Obese
40-59,Female,Non-Smoker,Normoglycemic,Normal,High,29.6,Non-Obese
60-79,Female,Non-Smoker,Diabetic,Stage 2 HTN,Very High,27.2,Non-Obese
60-79,Male,Current Smoker,Diabetic,Stage 2 HTN,Desirable,32.0,Obese
40-59,Female,Non-Smoker,Normoglycemic,Normal,Desirable,25.5,Non-Obese
60-79,Male,Current Smoker,Normoglycemic,Elevated,High,29.3,Non-Obese
40-59,Male,Non-Smoker,Normoglycemic,Normal,Borderline High,23.3,Non-Obese
40-59,Male,Current Smoker,Normoglycemic,Stage 1 HTN,Desirable,23.4,Non-Obese
60-79,Female,Non-Smoker,Diabetic,Stage 2 HTN,Desirable,29.4,Non-Obese
60-79,Male,Non-Smoker,Normoglycemic,Normal,Desirable,26.4,Non-Obese
40-59,Female,Non-Smoker,Normoglycemic,Normal,Desirable,24.7,Non-Obese
80+,Female,Non-Smoker,Normoglycemic,Stage 1 HTN,Borderline High,28.9,Non-Obese
60-79,Female,Non-Smoker,Normoglycemic,Normal,Borderline High,30.3,Obese
20-39,Male,Non-Smoker,Normoglycemic,Elevated,Borderline High,31.9,Obese
20-39,Female,Non-Smoker,Normoglycemic,Stage 2 HTN,High,34.5,Obese
60-79,Male,Non-Smoker,Diabetic,Stage 2 HTN,High,32.8,Obese
20-39,Female,Non-Smoker,Normoglycemic,Elevated,High,22.9,Non-Obese
60-79,Female,Non-Smoker,Normoglycemic,Normal,High,29.4,Non-Obese
60-79,Female,Non-Smoker,Normoglycemic,Elevated,Desirable,30.3,Obese
40-59,Male,Non-Smoker,Normoglycemic,Normal,Desirable,23.4,Non-Obese
60-79,Male,Non-Smoker,Normoglycemic,Elevated,Borderline High,34.4,Obese
40-59,Female,Current Smoker,Normoglycemic,Normal,Desirable,21.9,Non-Obese
60-79,Male,Non-Smoker,Normoglycemic,Normal,Borderline High,26.9,Non-Obese
60-79,Male,Non-Smoker,Normoglycemic,Stage 2 HTN,Borderline High,30.1,Obese
40-59,Male,Non-Smoker,Normoglycemic,Normal,Desirable,28.6,Non-Obese
60-79,Male,Current Smoker,Normoglycemic,Stage 1 HTN,Desirable,34.4,Obese
20-39,Female,Non-Smoker,Normoglycemic,Normal,Borderline High,22.0,Non-Obese
20-39,Male,Non-Smoker,Normoglycemic,Normal,High,27.4,Non-Obese
60-79,Female,Non-Smoker,Normoglycemic,Stage 1 HTN,Desirable,29.9,Non-Obese
20-39,Female,Non-Smoker,Normoglycemic,Normal,High,25.7,Non-Obese
60-79,Female,Current Smoker,Normoglycemic,Stage 1 HTN,Very High,30.1,Obese
60-79,Female,Non-Smoker,Normoglycemic,Elevated,Desirable,24.1,Non-Obese
40-59,Male,Current Smoker,Normoglycemic,Elevated,High,25.9,Non-Obese
20-39,Female,Non-Smoker,Normoglycemic,Stage 1 HTN,Desirable,29.9,Non-Obese
20-39,Male,Non-Smoker,Normoglycemic,Normal,Borderline High,23.5,Non-Obese
40-59,Female,Non-Smoker,Normoglycemic,Normal,Desirable,28.4,Non-Obese
60-79,Male,Current Smoker,Normoglycemic,Stage 1 HTN,High,29.9,Non-Obese
40-59,Male,Non-Smoker,Normoglycemic,Normal,Desirable,23.7,Non-Obese
60-79,Male,Non-Smoker,Normoglycemic,Normal,Borderline High,22.2,Non-Obese
20-39,Male,Non-Smoker,Normoglycemic,Normal,Borderline High,26.4,Non-Obese
60-79,Female,Non-Smoker,Normoglycemic,Normal,High,28.4,Non-Obese
20-39,Female,Non-Smoker,Normoglycemic,Stage 1 HTN,High,29.4,Non-Obese
60-79,Male,Non-Smoker,Normoglycemic,Elevated,Desirable,27.3,Non-Obese
60-79,Female,Non-Smoker,Normoglycemic,Normal,Borderline High,26.6,Non-Obese
60-79,Male,Non-Smoker,Normoglycemic,Normal,Very High,24.3,Non-Obese
60-79,Male,Non-Smoker,Normoglycemic,Normal,High,26.9,Non-Obese
40-59,Male,Non-Smoker,Normoglycemic,Elevated,Desirable,23.1,Non-Obese
60-79,Female,Non-Smoker,Diabetic,Stage 2 HTN,Borderline High,24.2,Non-Obese
20-39,Female,Non-Smoker,Normoglycemic,Normal,Desirable,20.0,Non-Obese
80+,Male,Non-Smoker,Normoglycemic,Normal,Desirable,19.5,Non-Obese
40-59,Male,Non-Smoker,Normoglycemic,Elevated,Desirable,26.0,Non-Obese
20-39,Female,Non-Smoker,Normoglycemic,Normal,Borderline High,25.5,Non-Obese
20-39,Female,Current Smoker,Normoglycemic,Stage 1 HTN,Very High,29.3,Non-Obese
40-59,Female,Non-Smoker,Normoglycemic,Elevated,Borderline High,25.2,Non-Obese
60-79,Male,Non-Smoker,Normoglycemic,Elevated,High,22.9,Non-Obese
40-59,Male,Non-Smoker,Normoglycemic,Normal,Desirable,27.4,Non-Obese
20-39,Male,Non-Smoker,Normoglycemic,Normal,Desirable,18.9,Non-Obese
20-39,Female,Non-Smoker,Normoglycemic,Normal,Desirable,23.0,Non-Obese
60-79,Male,Non-Smoker,Diabetic,Stage 1 HTN,Desirable,32.8,Obese
40-59,Female,Non-Smoker,Normoglycemic,Stage 2 HTN,Desirable,35.6,Obese
20-39,Male,Non-Smoker,Normoglycemic,Normal,Borderline High,18.1,Non-Obese
40-59,Female,Non-Smoker,Normoglycemic,Elevated,Borderline High,29.5,Non-Obese
60-79,Female,Non-Smoker,Normoglycemic,Normal,Borderline High,27.2,Non-Obese
60-79,Female,Non-Smoker,Diabetic,Stage 2 HTN,Borderline High,32.7,Obese
40-59,Female,Non-Smoker,Diabetic,Stage 1 HTN,Very High,44.9,Obese
20-39,Male,Current Smoker,Normoglycemic,Elevated,Very High,26.7,Non-Obese
60-79,Female,Non-Smoker,Diabetic,Stage 2 HTN,Desirable,33.3,Obese
60-79,Female,Current Smoker,Diabetic,Stage 1 HTN,Borderline High,31.7,Obese
60-79,Female,Non-Smoker,Diabetic,Stage 1 HTN,High,47.5,Obese
20-39,Female,Non-Smoker,Normoglycemic,Normal,Borderline High,28.4,Non-Obese
20-39,Female,Non-Smoker,Normoglycemic,Normal,Desirable,27.6,Non-Obese
40-59,Female,Non-Smoker,Diabetic,Stage 1 HTN,Desirable,27.2,Non-Obese
40-59,Female,Non-Smoker,Normoglycemic,Stage 2 HTN,Desirable,30.1,Obese
80+,Male,Non-Smoker,Normoglycemic,Normal,Borderline High,22.5,Non-Obese
20-39,Female,Non-Smoker,Normoglycemic,Stage 1 HTN,Borderline High,27.0,Non-Obese
60-79,Male,Current Smoker,Normoglycemic,Elevated,Borderline High,24.8,Non-Obese
80+,Female,Current Smoker,Normoglycemic,Normal,High,27.1,Non-Obese
40-59,Male,Non-Smoker,Normoglycemic,Normal,Desirable,22.7,Non-Obese
60-79,Female,Non-Smoker,Normoglycemic,Elevated,Desirable,32.7,Obese
60-79,Male,Non-Smoker,Normoglycemic,Normal,High,28.7,Non-Obese
80+,Female,Current Smoker,Normoglycemic,Stage 1 HTN,Desirable,24.7,Non-Obese
20-39,Female,Non-Smoker,Normoglycemic,Normal,High,30.8,Obese
80+,Male,Non-Smoker,Diabetic,Stage 2 HTN,Borderline High,31.4,Obese
40-59,Male,Non-Smoker,Normoglycemic,Normal,High,21.0,Non-Obese
40-59,Female,Non-Smoker,Normoglycemic,Normal,Borderline High,23.2,Non-Obese
60-79,Male,Non-Smoker,Diabetic,Stage 1 HTN,Desirable,33.2,Obese
60-79,Male,Non-Smoker,Normoglycemic,Normal,High,23.3,Non-Obese
60-79,Male,Current Smoker,Normoglycemic,Normal,Very High,26.3,Non-Obese
80+,Female,Non-Smoker,Normoglycemic,Normal,Very High,28.2,Non-Obese
20-39,Female,Non-Smoker,Normoglycemic,Elevated,Desirable,28.0,Non-Obese
20-39,Female,Current Smoker,Normoglycemic,Stage 2 HTN,Very High,24.6,Non-Obese
60-79,Female,Non-Smoker,Normoglycemic,Stage 1 HTN,Borderline High,29.3,Non-Obese
60-79,Male,Non-Smoker,Normoglycemic,Stage 1 HTN,Desirable,27.7,Non-Obese
20-39,Male,Non-Smoker,Normoglycemic,Elevated,Borderline High,25.0,Non-Obese
40-59,Female,Non-Smoker,Normoglycemic,Normal,Borderline High,28.8,Non-Obese
20-39,Male,Current Smoker,Normoglycemic,Stage 1 HTN,High,28.3,Non-Obese
20-39,Female,Non-Smoker,Normoglycemic,Normal,Desirable,25.2,Non-Obese
60-79,Male,Non-Smoker,Diabetic,Elevated,High,24.6,Non-Obese
20-39,Female,Non-Smoker,Diabetic,Elevated,High,39.7,Obese
40-59,Male,Non-Smoker,Normoglycemic,Elevated,High,25.1,Non-Obese
20-39,Male,Non-Smoker,Normoglycemic,Normal,Borderline High,26.8,Non-Obese
20-39,Female,Non-Smoker,Normoglycemic,Normal,Desirable,20.2,Non-Obese
80+,Female,Current Smoker,Normoglycemic,Normal,High,22.0,Non-Obese
80+,Female,Non-Smoker,Normoglycemic,Normal,Desirable,20.8,Non-Obese
60-79,Female,Non-Smoker,Normoglycemic,Normal,Borderline High,24.9,Non-Obese
60-79,Female,Non-Smoker,Diabetic,Stage 2 HTN,High,34.5,Obese
40-59,Male,Non-Smoker,Normoglycemic,Normal,Very High,24.9,Non-Obese
20-39,Male,Non-Smoker,Normoglycemic,Stage 2 HTN,Desirable,28.4,Non-Obese
40-59,Male,Current Smoker,Diabetic,Stage 2 HTN,Desirable,33.7,Obese
20-39,Male,Non-Smoker,Normoglycemic,Stage 1 HTN,Borderline High,23.2,Non-Obese
20-39,Female,Non-Smoker,Normoglycemic,Normal,Desirable,26.2,Non-Obese
20-39,Male,Non-Smoker,Normoglycemic,Normal,High,30.5,Obese
60-79,Female,Current Smoker,Normoglycemic,Stage 1 HTN,Very High,32.4,Obese
20-39,Female,Current Smoker,Normoglycemic,Stage 1 HTN,Very High,31.4,Obese
60-79,Female,Non-Smoker,Diabetic,Stage 2 HTN,Desirable,28.5,Non-Obese
60-79,Female,Non-Smoker,Normoglycemic,Stage 1 HTN,Desirable,25.6,Non-Obese
60-79,Male,Non-Smoker,Normoglycemic,Normal,Desirable,22.7,Non-Obese
60-79,Male,Current Smoker,Normoglycemic,Stage 1 HTN,Borderline High,27.6,Non-Obese
80+,Male,Non-Smoker,Normoglycemic,Normal,Borderline High,24.2,Non-Obese
20-39,Male,Current Smoker,Normoglycemic,Elevated,Desirable,25.7,Non-Obese
60-79,Female,Non-Smoker,Diabetic,Stage 1 HTN,High,36.2,Obese
20-39,Male,Current Smoker,Normoglycemic,Stage 1 HTN,Desirable,23.9,Non-Obese
20-39,Male,Current Smoker,Normoglycemic,Stage 1 HTN,Desirable,21.6,Non-Obese
20-39,Male,Non-Smoker,Normoglycemic,Normal,Borderline High,26.1,Non-Obese
20-39,Male,Non-Smoker,Normoglycemic,Normal,Borderline High,21.5,Non-Obese
40-59,Female,Non-Smoker,Normoglycemic,Stage 2 HTN,Desirable,18.7,Non-Obese
40-59,Male,Current Smoker,Normoglycemic,Elevated,Desirable,20.1,Non-Obese
60-79,Female,Non-Smoker,Normoglycemic,Stage 2 HTN,Borderline High,32.7,Obese
80+,Female,Non-Smoker,Normoglycemic,Stage 1 HTN,Very High,30.1,Obese
20-39,Male,Non-Smoker,Normoglycemic,Normal,Borderline High,21.8,Non-Obese
20-39,Male,Non-Smoker,Normoglycemic,Normal,High,21.1,Non-Obese
60-79,Female,Non-Smoker,Normoglycemic,Normal,Desirable,27.3,Non-Obese
20-39,Female,Non-Smoker,Normoglycemic,Normal,Borderline High,19.0,Non-Obese
60-79,Female,Non-Smoker,Normoglycemic,Normal,Borderline High,22.7,Non-Obese
80+,Female,Non-Smoker,Normoglycemic,Normal,High,28.1,Non-Obese
40-59,Male,Current Smoker,Normoglycemic,Stage 2 HTN,Very High,32.1,Obese
60-79,Male,Non-Smoker,Normoglycemic,Normal,Desirable,26.4,Non-Obese
40-59,Female,Non-Smoker,Normoglycemic,Elevated,Borderline High,29.2,Non-Obese
20-39,Female,Non-Smoker,Normoglycemic,Stage 1 HTN,High,29.8,Non-Obese
40-59,Female,Non-Smoker,Normoglycemic,Elevated,Desirable,20.2,Non-Obese
40-59,Male,Non-Smoker,Normoglycemic,Stage 1 HTN,Very High,31.5,Obese
20-39,Female,Non-Smoker,Normoglycemic,Normal,Desirable,19.4,Non-Obese
20-39,Female,Current Smoker,Normoglycemic,Stage 1 HTN,Borderline High,25.2,Non-Obese
20-39,Male,Non-Smoker,Normoglycemic,Normal,Desirable,27.4,Non-Obese
60-79,Male,Non-Smoker,Normoglycemic,Normal,Desirable,26.0,Non-Obese
40-59,Male,Non-Smoker,Diabetic,Stage 2 HTN,High,31.2,Obese
20-39,Female,Non-Smoker,Normoglycemic,Normal,Borderline High,23.0,Non-Obese
40-59,Female,Non-Smoker,Normoglycemic,Normal,Desirable,24.1,Non-Obese
60-79,Female,Non-Smoker,Normoglycemic,Stage 1 HTN,Desirable,28.5,Non-Obese
60-79,Male,Non-Smoker,Normoglycemic,Normal,High,26.0,Non-Obese
60-79,Male,Non-Smoker,Normoglycemic,Normal,Desirable,24.0,Non-Obese
20-39,Female,Non-Smoker,Normoglycemic,Normal,Desirable,23.4,Non-Obese
60-79,Female,Non-Smoker,Diabetic,Stage 1 HTN,Desirable,37.7,Obese
40-59,Male,Non-Smoker,Normoglycemic,Normal,Desirable,32.8,Obese
60-79,Female,Non-Smoker,Normoglycemic,Normal,Desirable,27.5,Non-Obese
60-79,Female,Current Smoker,Normoglycemic,Stage 1 HTN,High,27.1,Non-Obese
20-39,Male,Current Smoker,Normoglycemic,Stage 1 HTN,Desirable,28.9,Non-Obese
20-39,Female,Non-Smoker,Normoglycemic,Normal,Borderline High,23.3,Non-Obese
40-59,Male,Current Smoker,Normoglycemic,Elevated,Very High,24.2,Non-Obese
60-79,Female,Non-Smoker,Normoglycemic,Elevated,Borderline High,29.9,Non-Obese
40-59,Male,Current Smoker,Normoglycemic,Stage 2 HTN,High,42.3,Obese
60-79,Female,Non-Smoker,Normoglycemic,Elevated,Desirable,31.5,Obese
60-79,Male,Non-Smoker,Normoglycemic,Normal,Borderline High,30.1,Obese
60-79,Female,Non-Smoker,Diabetic,Normal,Desirable,34.1,Obese
60-79,Female,Non-Smoker,Normoglycemic,Stage 1 HTN,Desirable,33.7,Obese
80+,Female,Current Smoker,Normoglycemic,Stage 2 HTN,High,21.7,Non-Obese
60-79,Male,Current Smoker,Normoglycemic,Stage 1 HTN,Borderline High,29.3,Non-Obese
20-39,Male,Non-Smoker,Normoglycemic,Normal,Borderline High,24.0,Non-Obese
80+,Male,Non-Smoker,Normoglycemic,Normal,High,22.8,Non-Obese
60-79,Female,Non-Smoker,Diabetic,Stage 2 HTN,High,33.6,Obese
60-79,Female,Non-Smoker,Diabetic,Stage 2 HTN,Desirable,29.8,Non-Obese
60-79,Female,Non-Smoker,Normoglycemic,Normal,High,28.1,Non-Obese
20-39,Female,Non-Smoker,Normoglycemic,Normal,Desirable,19.6,Non-Obese
60-79,Male,Non-Smoker,Normoglycemic,Normal,High,23.3,Non-Obese
20-39,Male,Current Smoker,Normoglycemic,Normal,Desirable,22.3,Non-Obese
40-59,Female,Non-Smoker,Diabetic,Stage 2 HTN,High,30.8,Obese
80+,Male,Current Smoker,Normoglycemic,Stage 1 HTN,High,24.9,Non-Obese
80+,Female,Current Smoker,Normoglycemic,Stage 2 HTN,High,25.3,Non-Obese
60-79,Male,Current Smoker,Normoglycemic,Stage 2 HTN,Very High,28.8,Non-Obese
60-79,Female,Non-Smoker,Normoglycemic,Normal,Desirable,22.4,Non-Obese
40-59,Male,Non-Smoker,Diabetic,Stage 2 HTN,Very High,30.8,Obese
20-39,Male,Non-Smoker,Normoglycemic,Elevated,Desirable,25.5,Non-Obese
80+,Male,Non-Smoker,Normoglycemic,Normal,Desirable,22.4,Non-Obese
40-59,Female,Non-Smoker,Normoglycemic,Elevated,High,27.0,Non-Obese
40-59,Male,Non-Smoker,Normoglycemic,Elevated,Borderline High,28.7,Non-Obese
20-39,Female,Non-Smoker,Normoglycemic,Normal,High,39.4,Obese
40-59,Male,Non-Smoker,Normoglycemic,Normal,Desirable,23.5,Non-Obese
40-59,Female,Non-Smoker,Normoglycemic,Normal,Borderline High,25.9,Non-Obese
40-59,Female,Current Smoker,Diabetic,Stage 2 HTN,Desirable,33.4,Obese
40-59,Female,Current Smoker,Diabetic,Stage 2 HTN,Borderline High,26.8,Non-Obese
20-39,Female,Current Smoker,Normoglycemic,Stage 1 HTN,Borderline High,28.0,Non-Obese
60-79,Female,Non-Smoker,Diabetic,Stage 2 HTN,Very High,33.6,Obese
80+,Male,Current Smoker,Normoglycemic,Stage 1 HTN,Desirable,25.8,Non-Obese
60-79,Female,Non-Smoker,Diabetic,Stage 2 HTN,Very High,28.3,Non-Obese
20-39,Female,Non-Smoker,Normoglycemic,Normal,Borderline High,20.4,Non-Obese
20-39,Male,Non-Smoker,Normoglycemic,Elevated,High,26.3,Non-Obese
60-79,Female,Current Smoker,Normoglycemic,Stage 2 HTN,Very High,28.3,Non-Obese
60-79,Female,Non-Smoker,Normoglycemic,Elevated,Desirable,26.3,Non-Obese
40-59,Male,Current Smoker,Diabetic,Stage 2 HTN,Borderline High,29.1,Non-Obese
40-59,Male,Current Smoker,Normoglycemic,Normal,Borderline High,27.1,Non-Obese
60-79,Male,Non-Smoker,Normoglycemic,Elevated,High,29.1,Non-Obese
40-59,Male,Non-Smoker,Normoglycemic,Normal,Very High,30.1,Obese
60-79,Female,Non-Smoker,Normoglycemic,Normal,High,30.7,Obese
40-59,Female,Non-Smoker,Normoglycemic,Normal,Desirable,29.8,Non-Obese
60-79,Male,Non-Smoker,Diabetic,Stage 2 HTN,Very High,32.0,Obese
40-59,Male,Non-Smoker,Normoglycemic,Normal,Borderline High,21.5,Non-Obese
60-79,Female,Non-Smoker,Diabetic,Stage 2 HTN,Borderline High,34.2,Obese
60-79,Female,Non-Smoker,Normoglycemic,Normal,Very High,30.7,Obese
80+,Female,Current Smoker,Diabetic,Stage 2 HTN,Borderline High,35.1,Obese
60-79,Female,Non-Smoker,Normoglycemic,Elevated,High,31.7,Obese
40-59,Male,Current Smoker,Normoglycemic,Stage 2 HTN,Desirable,27.7,Non-Obese
40-59,Female,Non-Smoker,Normoglycemic,Normal,High,32.1,Obese
40-59,Male,Current Smoker,Normoglycemic,Stage 1 HTN,Very High,33.1,Obese
60-79,Female,Current Smoker,Diabetic,Stage 1 HTN,Very High,35.5,Obese
40-59,Male,Non-Smoker,Diabetic,Elevated,Borderline High,34.0,Obese
80+,Male,Non-Smoker,Diabetic,Stage 2 HTN,Desirable,34.6,Obese
60-79,Male,Non-Smoker,Normoglycemic,Elevated,Desirable,26.8,Non-Obese
20-39,Male,Non-Smoker,Normoglycemic,Normal,High,31.3,Obese
60-79,Male,Non-Smoker,Normoglycemic,Stage 2 HTN,Desirable,29.6,Non-Obese
80+,Female,Non-Smoker,Normoglycemic,Normal,Desirable,21.8,Non-Obese
40-59,Male,Non-Smoker,Normoglycemic,Normal,Desirable,29.6,Non-Obese
60-79,Male,Non-Smoker,Diabetic,Stage 2 HTN,Desirable,31.2,Obese
60-79,Female,Non-Smoker,Normoglycemic,Stage 1 HTN,Desirable,25.2,Non-Obese
40-59,Female,Non-Smoker,Normoglycemic,Stage 1 HTN,Borderline High,32.3,Obese
20-39,Male,Current Smoker,Normoglycemic,Normal,Very High,18.9,Non-Obese
60-79,Male,Non-Smoker,Normoglycemic,Normal,Borderline High,35.8,Obese
20-39,Female,Non-Smoker,Normoglycemic,Stage 1 HTN,Borderline High,27.9,Non-Obese
40-59,Male,Non-Smoker,Normoglycemic,Stage 1 HTN,High,29.4,Non-Obese
60-79,Male,Non-Smoker,Normoglycemic,Stage 1 HTN,High,28.9,Non-Obese
80+,Female,Non-Smoker,Normoglycemic,Stage 2 HTN,Desirable,24.7,Non-Obese
40-59,Female,Non-Smoker,Normoglycemic,Elevated,High,32.1,Obese
20-39,Female,Non-Smoker,Normoglycemic,Elevated,High,27.4,Non-Obese
20-39,Female,Non-Smoker,Normoglycemic,Normal,High,31.1,Obese
20-39,Male,Non-Smoker,Normoglycemic,Normal,High,29.6,Non-Obese
20-39,Female,Non-Smoker,Normoglycemic,Normal,Desirable,22.8,Non-Obese
40-59,Female,Non-Smoker,Normoglycemic,Normal,Desirable,22.2,Non-Obese
20-39,Male,Non-Smoker,Normoglycemic,Elevated,High,32.4,Obese
20-39,Female,Non-Smoker,Normoglycemic,Stage 1 HTN,High,27.4,Non-Obese
80+,Female,Current Smoker,Normoglycemic,Stage 2 HTN,Borderline High,31.7,Obese
40-59,Male,Non-Smoker,Normoglycemic,Normal,Desirable,20.9,Non-Obese
60-79,Female,Non-Smoker,Normoglycemic,Normal,Desirable,24.9,Non-Obese
20-39,Female,Current Smoker,Normoglycemic,Stage 2 HTN,Borderline High,30.7,Obese
60-79,Female,Non-Smoker,Diabetic,Stage 1 HTN,High,29.2,Non-Obese
40-59,Male,Non-Smoker,Diabetic,Stage 2 HTN,High,27.2,Non-Obese
20-39,Male,Non-Smoker,Normoglycemic,Stage 1 HTN,Desirable,25.4,Non-Obese
40-59,Female,Non-Smoker,Normoglycemic,Normal,Desirable,36.8,Obese
60-79,Female,Non-Smoker,Normoglycemic,Normal,High,34.8,Obese
20-39,Female,Non-Smoker,Normoglycemic,Normal,High,24.1,Non-Obese
60-79,Male,Non-Smoker,Normoglycemic,Stage 1 HTN,High,23.7,Non-Obese
40-59,Male,Non-Smoker,Normoglycemic,Normal,Borderline High,21.3,Non-Obese
60-79,Male,Current Smoker,Normoglycemic,Stage 2 HTN,Borderline High,26.9,Non-Obese
40-59,Female,Non-Smoker,Normoglycemic,Stage 1 HTN,Borderline High,28.2,Non-Obese
20-39,Male,Current Smoker,Normoglycemic,Stage 1 HTN,Desirable,17.4,Non-Obese
60-79,Male,Non-Smoker,Normoglycemic,Normal,Borderline High,24.1,Non-Obese
20-39,Male,Current Smoker,Normoglycemic,Normal,Desirable,22.8,Non-Obese
60-79,Female,Non-Smoker,Normoglycemic,Normal,Very High,23.4,Non-Obese
40-59,Male,Non-Smoker,Normoglycemic,Elevated,Desirable,26.1,Non-Obese
20-39,Female,Non-Smoker,Normoglycemic,Normal,Desirable,22.1,Non-Obese
40-59,Female,Non-Smoker,Normoglycemic,Normal,Borderline High,25.2,Non-Obese
40-59,Male,Current Smoker,Diabetic,Stage 1 HTN,Desirable,37.2,Obese
60-79,Female,Non-Smoker,Normoglycemic,Normal,Desirable,25.0,Non-Obese
40-59,Female,Non-Smoker,Normoglycemic,Elevated,High,24.8,Non-Obese
40-59,Female,Non-Smoker,Normoglycemic,Elevated,Desirable,29.7,Non-Obese
20-39,Male,Non-Smoker,Normoglycemic,Normal,High,24.7,Non-Obese
40-59,Female,Non-Smoker,Normoglycemic,Normal,High,32.0,Obese
80+,Female,Current Smoker,Diabetic,Stage 2 HTN,Borderline High,30.4,Obese
60-79,Male,Current Smoker,Diabetic,Elevated,Very High,33.2,Obese
60-79,Male,Current Smoker,Diabetic,Stage 1 HTN,Borderline High,34.4,Obese
40-59,Male,Non-Smoker,Normoglycemic,Elevated,Desirable,26.0,Non-Obese
60-79,Female,Non-Smoker,Normoglycemic,Normal,High,29.0,Non-Obese
20-39,Female,Non-Smoker,Normoglycemic,Stage 2 HTN,High,24.5,Non-Obese
40-59,Male,Non-Smoker,Normoglycemic,Normal,Borderline High,28.6,Non-Obese
60-79,Male,Non-Smoker,Normoglycemic,Elevated,Borderline High,25.7,Non-Obese
40-59,Female,Non-Smoker,Normoglycemic,Normal,Desirable,23.6,Non-Obese
40-59,Male,Current Smoker,Normoglycemic,Normal,High,27.7,Non-Obese
40-59,Male,Current Smoker,Normoglycemic,Elevated,Borderline High,29.6,Non-Obese
60-79,Female,Non-Smoker,Normoglycemic,Normal,Desirable,24.4,Non-Obese
60-79,Male,Non-Smoker,Normoglycemic,Normal,Desirable,21.9,Non-Obese
20-39,Female,Non-Smoker,Normoglycemic,Elevated,High,25.8,Non-Obese
60-79,Male,Non-Smoker,Normoglycemic,Stage 1 HTN,Desirable,26.2,Non-Obese
60-79,Female,Non-Smoker,Diabetic,Stage 2 HTN,High,40.0,Obese
20-39,Male,Non-Smoker,Normoglycemic,Elevated,Desirable,22.0,Non-Obese
40-59,Male,Non-Smoker,Normoglycemic,Elevated,Desirable,21.6,Non-Obese
60-79,Male,Non-Smoker,Normoglycemic,Normal,Desirable,28.1,Non-Obese
60-79,Female,Non-Smoker,Normoglycemic,Stage 2 HTN,Borderline High,35.3,Obese
40-59,Female,Non-Smoker,Normoglycemic,Elevated,Very High,28.0,Non-Obese
40-59,Male,Non-Smoker,Normoglycemic,Elevated,Desirable,22.5,Non-Obese
60-79,Male,Non-Smoker,Normoglycemic,Elevated,Desirable,26.9,Non-Obese
60-79,Female,Non-Smoker,Diabetic,Stage 1 HTN,Desirable,40.0,Obese
60-79,Female,Non-Smoker,Normoglycemic,Normal,Desirable,20.8,Non-Obese
40-59,Female,Non-Smoker,Normoglycemic,Normal,Borderline High,22.4,Non-Obese
60-79,Female,Current Smoker,Diabetic,Stage 2 HTN,High,35.6,Obese
60-79,Male,Non-Smoker,Normoglycemic,Normal,Borderline High,22.1,Non-Obese
20-39,Male,Current Smoker,Diabetic,Stage 2 HTN,Borderline High,32.0,Obese
20-39,Female,Non-Smoker,Normoglycemic,Stage 1 HTN,Borderline High,37.3,Obese
40-59,Female,Non-Smoker,Normoglycemic,Elevated,Desirable,30.9,Obese
20-39,Male,Non-Smoker,Normoglycemic,Elevated,Very High,23.8,Non-Obese
60-79,Female,Non-Smoker,Normoglycemic,Stage 1 HTN,Desirable,28.0,Non-Obese
60-79,Female,Non-Smoker,Normoglycemic,Normal,Desirable,22.2,Non-Obese
80+,Female,Non-Smoker,Normoglycemic,Elevated,Desirable,29.2,Non-Obese
20-39,Male,Non-Smoker,Diabetic,Elevated,Desirable,25.6,Non-Obese
40-59,Male,Non-Smoker,Normoglycemic,Normal,High,22.5,Non-Obese
80+,Male,Non-Smoker,Normoglycemic,Normal,Desirable,24.4,Non-Obese
40-59,Female,Current Smoker,Normoglycemic,Elevated,Very High,40.8,Obese
40-59,Male,Non-Smoker,Normoglycemic,Normal,Borderline High,22.6,Non-Obese
40-59,Male,Current Smoker,Normoglycemic,Elevated,High,29.4,Non-Obese
20-39,Male,Non-Smoker,Normoglycemic,Normal,Borderline High,25.2,Non-Obese
60-79,Male,Current Smoker,Diabetic,Elevated,High,31.2,Obese
60-79,Male,Non-Smoker,Normoglycemic,Normal,Borderline High,25.1,Non-Obese
60-79,Male,Current Smoker,Normoglycemic,Stage 2 HTN,Desirable,31.9,Obese
40-59,Female,Non-Smoker,Normoglycemic,Stage 1 HTN,Borderline High,29.5,Non-Obese
40-59,Male,Non-Smoker,Normoglycemic,Normal,Borderline High,29.8,Non-Obese
60-79,Male,Non-Smoker,Normoglycemic,Elevated,Borderline High,23.4,Non-Obese
60-79,Female,Non-Smoker,Diabetic,Stage 2 HTN,High,26.4,Non-Obese
20-39,Female,Non-Smoker,Normoglycemic,Normal,Borderline High,24.5,Non-Obese
60-79,Male,Non-Smoker,Normoglycemic,Elevated,Very High,22.4,Non-Obese
40-59,Female,Non-Smoker,Normoglycemic,Normal,Desirable,24.1,Non-Obese
40-59,Female,Non-Smoker,Normoglycemic,Normal,Desirable,27.7,Non-Obese
40-59,Female,Non-Smoker,Normoglycemic,Normal,Desirable,25.2,Non-Obese
60-79,Female,Non-Smoker,Diabetic,Stage 2 HTN,Desirable,34.2,Obese
60-79,Male,Non-Smoker,Normoglycemic,Normal,Borderline High,29.5,Non-Obese
60-79,Male,Non-Smoker,Normoglycemic,Normal,Very High,27.9,Non-Obese
20-39,Male,Current Smoker,Normoglycemic,Stage 2 HTN,Borderline High,28.3,Non-Obese
80+,Male,Non-Smoker,Diabetic,Elevated,Desirable,28.7,Non-Obese
40-59,Male,Non-Smoker,Diabetic,Stage 2 HTN,Desirable,31.3,Obese
40-59,Female,Current Smoker,Normoglycemic,Normal,High,33.9,Obese
20-39,Female,Non-Smoker,Normoglycemic,Stage 1 HTN,High,28.8,Non-Obese
20-39,Male,Non-Smoker,Diabetic,Stage 1 HTN,Borderline High,25.0,Non-Obese
80+,Female,Non-Smoker,Normoglycemic,Stage 1 HTN,Very High,36.3,Obese
40-59,Female,Non-Smoker,Normoglycemic,Normal,Borderline High,23.9,Non-Obese
20-39,Male,Non-Smoker,Normoglycemic,Normal,Desirable,19.8,Non-Obese
60-79,Male,Non-Smoker,Normoglycemic,Normal,High,22.8,Non-Obese
60-79,Male,Non-Smoker,Normoglycemic,Elevated,Borderline High,27.7,Non-Obese
40-59,Female,Current Smoker,Diabetic,Stage 2 HTN,Borderline High,35.9,Obese
20-39,Female,Non-Smoker,Normoglycemic,Elevated,Very High,26.3,Non-Obese
80+,Male,Non-Smoker,Normoglycemic,Stage 1 HTN,Desirable,23.6,Non-Obese
40-59,Female,Non-Smoker,Normoglycemic,Stage 1 HTN,Borderline High,28.3,Non-Obese
40-59,Female,Non-Smoker,Diabetic,Stage 1 HTN,High,38.2,Obese
60-79,Male,Current Smoker,Normoglycemic,Normal,Very High,23.9,Non-Obese
40-59,Female,Non-Smoker,Normoglycemic,Normal,Desirable,24.5,Non-Obese
60-79,Female,Non-Smoker,Normoglycemic,Normal,Desirable,29.2,Non-Obese
40-59,Male,Non-Smoker,Normoglycemic,Elevated,Very High,31.2,Obese
60-79,Male,Non-Smoker,Normoglycemic,Normal,High,19.7,Non-Obese
20-39,Female,Current Smoker,Normoglycemic,Stage 2 HTN,Borderline High,23.8,Non-Obese
60-79,Male,Non-Smoker,Diabetic,Normal,Very High,32.1,Obese
20-39,Male,Current Smoker,Normoglycemic,Normal,Desirable,22.4,Non-Obese
60-79,Male,Current Smoker,Normoglycemic,Elevated,Borderline High,26.6,Non-Obese
60-79,Male,Non-Smoker,Normoglycemic,Normal,Very High,26.0,Non-Obese
80+,Male,Non-Smoker,Diabetic,Normal,Very High,35.5,Obese
60-79,Female,Non-Smoker,Diabetic,Stage 1 HTN,Borderline High,26.7,Non-Obese
60-79,Female,Non-Smoker,Normoglycemic,Stage 1 HTN,High,32.8,Obese
60-79,Female,Non-Smoker,Normoglycemic,Elevated,Borderline High,26.3,Non-Obese
20-39,Female,Non-Smoker,Normoglycemic,Stage 1 HTN,High,24.0,Non-Obese
40-59,Female,Non-Smoker,Normoglycemic,Normal,Borderline High,27.5,Non-Obese
20-39,Female,Current Smoker,Normoglycemic,Stage 2 HTN,Desirable,28.7,Non-Obese
60-79,Female,Non-Smoker,Normoglycemic,Normal,Borderline High,24.8,Non-Obese
40-59,Female,Non-Smoker,Normoglycemic,Normal,Borderline High,24.7,Non-Obese
40-59,Female,Current Smoker,Normoglycemic,Elevated,Borderline High,24.1,Non-Obese
40-59,Female,Non-Smoker,Normoglycemic,Normal,Desirable,21.7,Non-Obese
40-59,Female,Non-Smoker,Normoglycemic,Elevated,Borderline High,30.1,Obese
80+,Male,Non-Smoker,Normoglycemic,Normal,Desirable,25.1,Non-Obese
20-39,Male,Current Smoker,Normoglycemic,Normal,Very High,24.1,Non-Obese
40-59,Male,Non-Smoker,Normoglycemic,Elevated,High,35.8,Obese
40-59,Male,Non-Smoker,Diabetic,Stage 2 HTN,Borderline High,29.3,Non-Obese
60-79,Male,Non-Smoker,Normoglycemic,Normal,Very High,37.1,Obese
80+,Male,Current Smoker,Normoglycemic,Elevated,High,25.4,Non-Obese
40-59,Female,Current Smoker,Diabetic,Normal,Desirable,28.6,Non-Obese
40-59,Female,Non-Smoker,Normoglycemic,Normal,Borderline High,28.0,Non-Obese
60-79,Male,Non-Smoker,Normoglycemic,Elevated,High,25.5,Non-Obese
20-39,Female,Non-Smoker,Normoglycemic,Normal,High,32.0,Obese
20-39,Female,Non-Smoker,Normoglycemic,Normal,Very High,22.7,Non-Obese
40-59,Male,Current Smoker,Normoglycemic,Normal,Desirable,19.9,Non-Obese
40-59,Female,Non-Smoker,Normoglycemic,Normal,Borderline High,27.5,Non-Obese
40-59,Female,Current Smoker,Normoglycemic,Stage 1 HTN,Borderline High,25.7,Non-Obese
20-39,Female,Non-Smoker,Diabetic,Stage 1 HTN,Very High,29.8,Non-Obese
40-59,Female,Non-Smoker,Normoglycemic,Normal,Borderline High,29.2,Non-Obese
60-79,Male,Current Smoker,Normoglycemic,Stage 1 HTN,High,26.9,Non-Obese
20-39,Female,Non-Smoker,Normoglycemic,Normal,Very High,32.2,Obese
20-39,Female,Non-Smoker,Normoglycemic,Normal,Borderline High,24.3,Non-Obese
60-79,Male,Current Smoker,Normoglycemic,Stage 1 HTN,Very High,25.4,Non-Obese
60-79,Female,Non-Smoker,Normoglycemic,Stage 2 HTN,Borderline High,33.1,Obese
60-79,Female,Non-Smoker,Normoglycemic,Stage 2 HTN,Borderline High,23.1,Non-Obese
20-39,Male,Non-Smoker,Normoglycemic,Elevated,Borderline High,27.4,Non-Obese
20-39,Male,Current Smoker,Normoglycemic,Stage 1 HTN,Very High,28.7,Non-Obese
80+,Male,Non-Smoker,Normoglycemic,Elevated,Borderline High,24.2,Non-Obese
40-59,Male,Non-Smoker,Normoglycemic,Normal,Desirable,26.0,Non-Obese
40-59,Female,Non-Smoker,Normoglycemic,Elevated,High,27.1,Non-Obese
60-79,Female,Non-Smoker,Normoglycemic,Normal,Borderline High,27.1,Non-Obese
60-79,Male,Current Smoker,Diabetic,Stage 2 HTN,Desirable,24.7,Non-Obese
40-59,Female,Non-Smoker,Normoglycemic,Normal,Very High,22.4,Non-Obese
40-59,Male,Non-Smoker,Normoglycemic,Elevated,Borderline High,24.6,Non-Obese
20-39,Male,Current Smoker,Normoglycemic,Stage 2 HTN,High,26.7,Non-Obese
60-79,Female,Non-Smoker,Normoglycemic,Normal,Borderline High,26.0,Non-Obese
60-79,Female,Non-Smoker,Normoglycemic,Normal,Very High,21.2,Non-Obese
60-79,Female,Non-Smoker,Normoglycemic,Normal,Very High,26.8,Non-Obese
20-39,Female,Non-Smoker,Normoglycemic,Elevated,Borderline High,27.5,Non-Obese
60-79,Female,Non-Smoker,Normoglycemic,Normal,Desirable,28.0,Non-Obese
80+,Male,Non-Smoker,Normoglycemic,Normal,Desirable,22.9,Non-Obese
40-59,Male,Current Smoker,Normoglycemic,Elevated,Desirable,30.7,Obese
60-79,Female,Non-Smoker,Normoglycemic,Stage 1 HTN,High,29.1,Non-Obese
20-39,Male,Non-Smoker,Normoglycemic,Normal,Desirable,22.5,Non-Obese
60-79,Male,Non-Smoker,Normoglycemic,Normal,Borderline High,24.3,Non-Obese
60-79,Male,Non-Smoker,Diabetic,Normal,High,31.3,Obese
60-79,Male,Non-Smoker,Normoglycemic,Stage 1 HTN,Desirable,24.5,Non-Obese
60-79,Female,Non-Smoker,Diabetic,Stage 1 HTN,Desirable,32.6,Obese
60-79,Female,Non-Smoker,Normoglycemic,Stage 1 HTN,High,35.7,Obese
20-39,Female,Current Smoker,Normoglycemic,Stage 1 HTN,Borderline High,25.4,Non-Obese
40-59,Female,Non-Smoker,Normoglycemic,Stage 2 HTN,Desirable,32.3,Obese
40-59,Female,Non-Smoker,Normoglycemic,Normal,High,38.6,Obese
40-59,Male,Non-Smoker,Normoglycemic,Elevated,Desirable,26.4,Non-Obese
60-79,Female,Non-Smoker,Normoglycemic,Normal,Desirable,26.2,Non-Obese
60-79,Male,Current Smoker,Normoglycemic,Stage 1 HTN,Borderline High,24.6,Non-Obese
20-39,Female,Non-Smoker,Normoglycemic,Elevated,Borderline High,33.4,Obese
20-39,Male,Current Smoker,Normoglycemic,Elevated,Very High,29.2,Non-Obese
40-59,Male,Non-Smoker,Normoglycemic,Elevated,Desirable,24.3,Non-Obese
20-39,Male,Current Smoker,Normoglycemic,Stage 1 HTN,Borderline High,21.2,Non-Obese
40-59,Male,Non-Smoker,Normoglycemic,Elevated,Borderline High,28.7,Non-Obese
40-59,Male,Non-Smoker,Diabetic,Stage 2 HTN,Borderline High,38.3,Obese
40-59,Male,Non-Smoker,Normoglycemic,Normal,High,23.3,Non-Obese
60-79,Female,Non-Smoker,Diabetic,Stage 2 HTN,Borderline High,43.6,Obese
40-59,Female,Non-Smoker,Normoglycemic,Normal,Desirable,25.1,Non-Obese
60-79,Female,Non-Smoker,Diabetic,Stage 1 HTN,Borderline High,33.0,Obese
40-59,Female,Non-Smoker,Diabetic,Stage 1 HTN,Borderline High,32.9,Obese
40-59,Male,Non-Smoker,Diabetic,Elevated,High,31.4,Obese
60-79,Male,Current Smoker,Diabetic,Stage 1 HTN,Very High,25.0,Non-Obese
40-59,Female,Non-Smoker,Diabetic,Stage 2 HTN,Desirable,35.2,Obese
20-39,Male,Non-Smoker,Normoglycemic,Normal,Desirable,17.4,Non-Obese
60-79,Male,Non-Smoker,Normoglycemic,Stage 1 HTN,Very High,34.1,Obese
40-59,Male,Current Smoker,Diabetic,Stage 1 HTN,Desirable,33.3,Obese
40-59,Male,Current Smoker,Diabetic,Stage 2 HTN,High,26.6,Non-Obese
60-79,Female,Non-Smoker,Diabetic,Stage 2 HTN,Borderline High,33.8,Obese
60-79,Female,Non-Smoker,Normoglycemic,Elevated,Borderline High,28.7,Non-Obese
40-59,Male,Non-Smoker,Normoglycemic,Normal,Desirable,23.2,Non-Obese
40-59,Female,Non-Smoker,Normoglycemic,Normal,Borderline High,27.6,Non-Obese
80+,Female,Non-Smoker,Normoglycemic,Normal,Desirable,22.4,Non-Obese
60-79,Female,Non-Smoker,Normoglycemic,Elevated,Desirable,34.3,Obese
60-79,Male,Non-Smoker,Normoglycemic,Stage 1 HTN,High,25.6,Non-Obese
60-79,Male,Non-Smoker,Normoglycemic,Normal,Desirable,23.7,Non-Obese
20-39,Male,Non-Smoker,Normoglycemic,Stage 1 HTN,High,30.9,Obese
20-39,Male,Non-Smoker,Normoglycemic,Normal,Borderline High,28.7,Non-Obese
40-59,Male,Non-Smoker,Diabetic,Stage 2 HTN,Very High,32.5,Obese
20-39,Male,Non-Smoker,Normoglycemic,Stage 1 HTN,High,30.8,Obese
40-59,Female,Current Smoker,Normoglycemic,Normal,Desirable,24.6,Non-Obese
40-59,Female,Non-Smoker,Diabetic,Stage 1 HTN,Desirable,32.0,Obese
60-79,Female,Non-Smoker,Normoglycemic,Normal,Borderline High,22.2,Non-Obese
40-59,Female,Non-Smoker,Normoglycemic,Normal,High,29.5,Non-Obese
20-39,Female,Non-Smoker,Diabetic,Stage 1 HTN,Desirable,35.6,Obese
20-39,Female,Non-Smoker,Normoglycemic,Elevated,Desirable,19.4,Non-Obese
40-59,Male,Current Smoker,Normoglycemic,Stage 1 HTN,High,27.8,Non-Obese
20-39,Male,Current Smoker,Normoglycemic,Elevated,Very High,30.6,Obese
40-59,Male,Non-Smoker,Normoglycemic,Elevated,High,26.7,Non-Obese
80+,Male,Non-Smoker,Normoglycemic,Stage 1 HTN,Desirable,23.6,Non-Obese
60-79,Male,Current Smoker,Normoglycemic,Stage 2 HTN,High,29.7,Non-Obese
40-59,Female,Non-Smoker,Diabetic,Stage 2 HTN,High,34.8,Obese
20-39,Female,Non-Smoker,Normoglycemic,Normal,Desirable,25.2,Non-Obese
60-79,Female,Non-Smoker,Normoglycemic,Elevated,Very High,27.2,Non-Obese
20-39,Female,Non-Smoker,Normoglycemic,Elevated,Desirable,19.6,Non-Obese
60-79,Male,Non-Smoker,Normoglycemic,Elevated,Borderline High,29.5,Non-Obese
20-39,Female,Non-Smoker,Normoglycemic,Stage 1 HTN,Desirable,28.1,Non-Obese
80+,Female,Non-Smoker,Normoglycemic,Normal,Desirable,25.8,Non-Obese
20-39,Male,Non-Smoker,Normoglycemic,Normal,Desirable,24.2,Non-Obese
80+,Male,Non-Smoker,Diabetic,Stage 1 HTN,Borderline High,25.6,Non-Obese
60-79,Male,Non-Smoker,Diabetic,Stage 1 HTN,High,36.4,Obese
60-79,Male,Current Smoker,Diabetic,Stage 2 HTN,Very High,32.0,Obese
20-39,Male,Non-Smoker,Normoglycemic,Elevated,Desirable,28.4,Non-Obese
60-79,Female,Non-Smoker,Diabetic,Stage 2 HTN,Borderline High,39.7,Obese
20-39,Female,Non-Smoker,Normoglycemic,Stage 1 HTN,Desirable,28.8,Non-Obese
60-79,Male,Non-Smoker,Diabetic,Stage 1 HTN,High,29.3,Non-Obese
60-79,Female,Non-Smoker,Normoglycemic,Normal,Very High,26.9,Non-Obese
40-59,Male,Non-Smoker,Normoglycemic,Elevated,Desirable,22.3,Non-Obese
40-59,Male,Current Smoker,Normoglycemic,Stage 2 HTN,Desirable,26.3,Non-Obese
20-39,Male,Current Smoker,Normoglycemic,Stage 1 HTN,Borderline High,21.6,Non-Obese
60-79,Female,Non-Smoker,Normoglycemic,Elevated,Desirable,19.0,Non-Obese
40-59,Female,Non-Smoker,Normoglycemic,Normal,Borderline High,29.9,Non-Obese
80+,Male,Non-Smoker,Diabetic,Stage 1 HTN,Borderline High,27.7,Non-Obese
20-39,Female,Non-Smoker,Normoglycemic,Normal,Desirable,31.6,Obese
60-79,Male,Non-Smoker,Normoglycemic,Normal,Desirable,28.1,Non-Obese
20-39,Female,Non-Smoker,Normoglycemic,Normal,Desirable,31.2,Obese
60-79,Female,Non-Smoker,Normoglycemic,Normal,High,35.1,Obese
40-59,Female,Non-Smoker,Diabetic,Stage 2 HTN,Desirable,27.0,Non-Obese
80+,Male,Non-Smoker,Normoglycemic,Elevated,High,31.0,Obese
40-59,Male,Non-Smoker,Diabetic,Stage 2 HTN,Borderline High,38.8,Obese
80+,Female,Non-Smoker,Normoglycemic,Normal,High,27.5,Non-Obese
20-39,Female,Non-Smoker,Normoglycemic,Normal,Desirable,24.8,Non-Obese
40-59,Female,Non-Smoker,Normoglycemic,Normal,Borderline High,28.6,Non-Obese
60-79,Female,Non-Smoker,Diabetic,Stage 2 HTN,High,38.1,Obese
40-59,Male,Non-Smoker,Normoglycemic,Stage 2 HTN,Borderline High,34.4,Obese
20-39,Female,Non-Smoker,Normoglycemic,Normal,High,22.9,Non-Obese
40-59,Female,Non-Smoker,Normoglycemic,Elevated,Desirable,26.3,Non-Obese
40-59,Male,Non-Smoker,Normoglycemic,Normal,Desirable,24.1,Non-Obese
80+,Female,Non-Smoker,Diabetic,Elevated,Desirable,22.3,Non-Obese
40-59,Female,Non-Smoker,Normoglycemic,Stage 2 HTN,Borderline High,31.4,Obese
40-59,Male,Non-Smoker,Normoglycemic,Elevated,Borderline High,21.2,Non-Obese
40-59,Female,Non-Smoker,Normoglycemic,Normal,Borderline High,25.2,Non-Obese
60-79,Female,Current Smoker,Normoglycemic,Elevated,Desirable,28.5,Non-Obese
20-39,Female,Non-Smoker,Normoglycemic,Elevated,Desirable,27.1,Non-Obese
40-59,Female,Non-Smoker,Normoglycemic,Normal,High,26.1,Non-Obese
60-79,Female,Non-Smoker,Normoglycemic,Normal,Very High,32.2,Obese
80+,Male,Non-Smoker,Normoglycemic,Normal,Very High,28.0,Non-Obese
20-39,Female,Current Smoker,Normoglycemic,Normal,High,25.2,Non-Obese
60-79,Male,Non-Smoker,Diabetic,Stage 2 HTN,Borderline High,33.6,Obese
60-79,Male,Non-Smoker,Normoglycemic,Normal,Very High,25.8,Non-Obese
20-39,Male,Non-Smoker,Normoglycemic,Elevated,Borderline High,25.4,Non-Obese
40-59,Male,Non-Smoker,Normoglycemic,Normal,Very High,24.4,Non-Obese
60-79,Female,Non-Smoker,Diabetic,Stage 2 HTN,Desirable,30.6,Obese
20-39,Male,Non-Smoker,Normoglycemic,Normal,Desirable,19.5,Non-Obese
60-79,Female,Non-Smoker,Diabetic,Stage 1 HTN,Borderline High,34.5,Obese
40-59,Male,Non-Smoker,Normoglycemic,Elevated,Very High,35.4,Obese
40-59,Female,Non-Smoker,Normoglycemic,Elevated,Borderline High,24.0,Non-Obese
40-59,Female,Non-Smoker,Normoglycemic,Normal,Desirable,24.3,Non-Obese
80+,Male,Non-Smoker,Diabetic,Stage 1 HTN,Borderline High,28.9,Non-Obese
60-79,Female,Non-Smoker,Normoglycemic,Normal,High,28.0,Non-Obese
80+,Male,Current Smoker,Normoglycemic,Stage 1 HTN,Desirable,23.8,Non-Obese
40-59,Female,Current Smoker,Normoglycemic,Stage 2 HTN,Borderline High,25.7,Non-Obese
20-39,Male,Non-Smoker,Normoglycemic,Normal,High,26.6,Non-Obese
80+,Male,Non-Smoker,Normoglycemic,Normal,Borderline High,22.0,Non-Obese
60-79,Male,Current Smoker,Normoglycemic,Elevated,Desirable,29.5,Non-Obese
60-79,Male,Current Smoker,Normoglycemic,Stage 2 HTN,High,31.3,Obese
80+,Male,Non-Smoker,Diabetic,Stage 1 HTN,Desirable,31.5,Obese
60-79,Female,Non-Smoker,Normoglycemic,Elevated,High,33.0,Obese
60-79,Female,Non-Smoker,Normoglycemic,Normal,Borderline High,25.6,Non-Obese
60-79,Male,Current Smoker,Normoglycemic,Stage 1 HTN,High,31.1,Obese
40-59,Female,Non-Smoker,Normoglycemic,Elevated,High,25.8,Non-Obese
40-59,Female,Non-Smoker,Normoglycemic,Normal,Desirable,25.4,Non-Obese
80+,Female,Non-Smoker,Normoglycemic,Normal,Borderline High,24.9,Non-Obese
80+,Male,Non-Smoker,Diabetic,Elevated,Borderline High,25.4,Non-Obese
60-79,Male,Non-Smoker,Normoglycemic,Normal,Very High,31.6,Obese
20-39,Female,Non-Smoker,Normoglycemic,Normal,Desirable,25.6,Non-Obese
80+,Male,Non-Smoker,Normoglycemic,Normal,Borderline High,24.1,Non-Obese
60-79,Male,Non-Smoker,Normoglycemic,Stage 1 HTN,High,38.5,Obese
60-79,Female,Non-Smoker,Normoglycemic,Stage 2 HTN,High,28.5,Non-Obese
60-79,Female,Non-Smoker,Diabetic,Stage 2 HTN,Borderline High,26.7,Non-Obese
40-59,Male,Current Smoker,Diabetic,Stage 1 HTN,Borderline High,24.8,Non-Obese
80+,Female,Non-Smoker,Normoglycemic,Stage 2 HTN,High,20.3,Non-Obese
60-79,Male,Non-Smoker,Diabetic,Stage 2 HTN,Borderline High,42.7,Obese
60-79,Female,Non-Smoker,Normoglycemic,Normal,Borderline High,25.4,Non-Obese
40-59,Female,Non-Smoker,Normoglycemic,Stage 1 HTN,Borderline High,30.4,Obese
80+,Male,Non-Smoker,Normoglycemic,Normal,Borderline High,24.6,Non-Obese
60-79,Male,Current Smoker,Normoglycemic,Stage 2 HTN,Desirable,26.9,Non-Obese
20-39,Male,Non-Smoker,Normoglycemic,Elevated,Borderline High,31.1,Obese
60-79,Female,Non-Smoker,Normoglycemic,Normal,High,27.3,Non-Obese
60-79,Male,Current Smoker,Normoglycemic,Stage 1 HTN,Borderline High,28.5,Non-Obese
40-59,Male,Current Smoker,Normoglycemic,Stage 1 HTN,High,27.0,Non-Obese
20-39,Female,Non-Smoker,Normoglycemic,Stage 1 HTN,Borderline High,26.5,Non-Obese
60-79,Male,Current Smoker,Normoglycemic,Normal,Very High,22.3,Non-Obese
60-79,Male,Non-Smoker,Normoglycemic,Stage 1 HTN,High,32.9,Obese
60-79,Female,Non-Smoker,Normoglycemic,Elevated,Borderline High,32.5,Obese
20-39,Female,Non-Smoker,Normoglycemic,Normal,Desirable,21.8,Non-Obese
40-59,Male,Non-Smoker,Normoglycemic,Normal,Desirable,24.6,Non-Obese
20-39,Male,Non-Smoker,Normoglycemic,Normal,Borderline High,26.7,Non-Obese
40-59,Male,Non-Smoker,Normoglycemic,Normal,Desirable,24.1,Non-Obese
20-39,Female,Current Smoker,Normoglycemic,Stage 1 HTN,Borderline High,24.5,Non-Obese
80+,Female,Current Smoker,Normoglycemic,Stage 2 HTN,Desirable,26.0,Non-Obese
40-59,Female,Current Smoker,Normoglycemic,Elevated,Very High,36.5,Obese
40-59,Female,Non-Smoker,Normoglycemic,Elevated,Desirable,28.6,Non-Obese
40-59,Female,Non-Smoker,Normoglycemic,Elevated,Borderline High,32.0,Obese
60-79,Female,Non-Smoker,Normoglycemic,Normal,High,26.2,Non-Obese
20-39,Male,Non-Smoker,Normoglycemic,Normal,Desirable,20.7,Non-Obese
40-59,Female,Non-Smoker,Normoglycemic,Stage 1 HTN,Desirable,23.4,Non-Obese
60-79,Male,Non-Smoker,Normoglycemic,Stage 1 HTN,Borderline High,25.0,Non-Obese
60-79,Female,Non-Smoker,Normoglycemic,Normal,Borderline High,22.4,Non-Obese
60-79,Female,Non-Smoker,Normoglycemic,Elevated,High,28.9,Non-Obese
80+,Female,Non-Smoker,Normoglycemic,Normal,High,29.3,Non-Obese
40-59,Male,Non-Smoker,Diabetic,Stage 1 HTN,Desirable,36.9,Obese
60-79,Female,Non-Smoker,Normoglycemic,Normal,High,23.4,Non-Obese
60-79,Male,Non-Smoker,Normoglycemic,Normal,Very High,34.5,Obese
60-79,Female,Non-Smoker,Normoglycemic,Elevated,Borderline High,29.5,Non-Obese
20-39,Male,Non-Smoker,Normoglycemic,Normal,High,21.8,Non-Obese
60-79,Female,Non-Smoker,Normoglycemic,Normal,Borderline High,26.3,Non-Obese
60-79,Female,Non-Smoker,Normoglycemic,Normal,High,30.5,Obese
60-79,Male,Non-Smoker,Diabetic,Stage 2 HTN,Borderline High,33.3,Obese
60-79,Female,Non-Smoker,Normoglycemic,Normal,Desirable,24.7,Non-Obese
40-59,Female,Non-Smoker,Normoglycemic,Normal,Desirable,24.3,Non-Obese
60-79,Female,Non-Smoker,Normoglycemic,Elevated,Very High,29.1,Non-Obese
60-79,Female,Non-Smoker,Diabetic,Stage 2 HTN,Desirable,35.3,Obese
40-59,Female,Non-Smoker,Diabetic,Stage 1 HTN,Desirable,29.1,Non-Obese
40-59,Male,Non-Smoker,Normoglycemic,Normal,High,30.9,Obese
60-79,Male,Current Smoker,Normoglycemic,Normal,Borderline High,20.2,Non-Obese
40-59,Male,Non-Smoker,Normoglycemic,Elevated,Borderline High,28.2,Non-Obese
20-39,Male,Current Smoker,Normoglycemic,Normal,High,26.7,Non-Obese
60-79,Male,Non-Smoker,Diabetic,Stage 1 HTN,Desirable,24.7,Non-Obese
20-39,Female,Current Smoker,Normoglycemic,Stage 2 HTN,Desirable,27.4,Non-Obese
40-59,Male,Non-Smoker,Normoglycemic,Elevated,High,31.8,Obese
40-59,Female,Non-Smoker,Normoglycemic,Normal,Very High,26.7,Non-Obese
60-79,Male,Non-Smoker,Diabetic,Stage 2 HTN,Very High,37.4,Obese
40-59,Female,Non-Smoker,Diabetic,Elevated,Borderline High,27.7,Non-Obese
60-79,Male,Non-Smoker,Normoglycemic,Elevated,Very High,32.1,Obese
20-39,Male,Non-Smoker,Normoglycemic,Normal,Borderline High,26.7,Non-Obese
20-39,Male,Current Smoker,Normoglycemic,Stage 2 HTN,Desirable,21.9,Non-Obese
20-39,Male,Non-Smoker,Normoglycemic,Normal,Borderline High,31.9,Obese
40-59,Female,Current Smoker,Normoglycemic,Stage 1 HTN,High,25.9,Non-Obese
60-79,Female,Non-Smoker,Normoglycemic,Normal,Desirable,24.5,Non-Obese
40-59,Male,Non-Smoker,Normoglycemic,Normal,Desirable,28.2,Non-Obese
40-59,Male,Current Smoker,Normoglycemic,Stage 1 HTN,High,36.3,Obese
60-79,Female,Current Smoker,Diabetic,Elevated,High,31.9,Obese
20-39,Female,Current Smoker,Normoglycemic,Stage 1 HTN,High,24.0,Non-Obese
60-79,Female,Non-Smoker,Normoglycemic,Elevated,Borderline High,28.3,Non-Obese
40-59,Female,Non-Smoker,Diabetic,Stage 1 HTN,Desirable,37.4,Obese
40-59,Female,Non-Smoker,Normoglycemic,Normal,Desirable,26.8,Non-Obese
40-59,Male,Current Smoker,Normoglycemic,Stage 1 HTN,Borderline High,26.8,Non-Obese
20-39,Female,Non-Smoker,Normoglycemic,Normal,Borderline High,23.0,Non-Obese
20-39,Female,Non-Smoker,Normoglycemic,Elevated,Borderline High,28.4,Non-Obese
60-79,Female,Current Smoker,Normoglycemic,Stage 2 HTN,Borderline High,29.9,Non-Obese
60-79,Male,Current Smoker,Normoglycemic,Normal,Borderline High,22.1,Non-Obese
80+,Female,Non-Smoker,Normoglycemic,Elevated,Desirable,27.6,Non-Obese
80+,Male,Non-Smoker,Normoglycemic,Normal,Desirable,17.6,Non-Obese
60-79,Male,Non-Smoker,Normoglycemic,Normal,High,25.3,Non-Obese
40-59,Female,Current Smoker,Normoglycemic,Stage 1 HTN,Desirable,25.3,Non-Obese
40-59,Female,Non-Smoker,Normoglycemic,Normal,Desirable,24.5,Non-Obese
20-39,Female,Current Smoker,Normoglycemic,Stage 1 HTN,Very High,32.4,Obese
40-59,Male,Non-Smoker,Normoglycemic,Normal,Borderline High,29.2,Non-Obese
20-39,Male,Non-Smoker,Normoglycemic,Stage 1 HTN,High,34.6,Obese
60-79,Female,Non-Smoker,Normoglycemic,Normal,Desirable,33.3,Obese
20-39,Female,Non-Smoker,Normoglycemic,Normal,High,23.1,Non-Obese
80+,Male,Current Smoker,Normoglycemic,Stage 1 HTN,Desirable,27.0,Non-Obese
20-39,Male,Non-Smoker,Diabetic,Stage 2 HTN,Desirable,27.3,Non-Obese
20-39,Male,Non-Smoker,Normoglycemic,Stage 1 HTN,Borderline High,30.7,Obese
20-39,Female,Non-Smoker,Normoglycemic,Elevated,Borderline High,30.1,Obese
60-79,Male,Non-Smoker,Normoglycemic,Normal,Desirable,30.2,Obese
60-79,Male,Current Smoker,Diabetic,Stage 2 HTN,High,36.1,Obese
60-79,Male,Non-Smoker,Normoglycemic,Normal,Very High,21.5,Non-Obese
40-59,Male,Non-Smoker,Normoglycemic,Normal,High,31.7,Obese
40-59,Male,Current Smoker,Normoglycemic,Normal,High,34.0,Obese
60-79,Male,Current Smoker,Normoglycemic,Stage 2 HTN,Very High,25.5,Non-Obese
40-59,Female,Non-Smoker,Diabetic,Stage 1 HTN,Very High,34.7,Obese
40-59,Female,Non-Smoker,Normoglycemic,Stage 1 HTN,Desirable,31.1,Obese
60-79,Female,Non-Smoker,Normoglycemic,Stage 2 HTN,Very High,24.1,Non-Obese
40-59,Male,Non-Smoker,Normoglycemic,Elevated,Desirable,27.8,Non-Obese
40-59,Male,Non-Smoker,Normoglycemic,Normal,Borderline High,32.2,Obese
80+,Female,Non-Smoker,Diabetic,Stage 2 HTN,Desirable,31.3,Obese
80+,Female,Non-Smoker,Normoglycemic,Normal,Desirable,26.3,Non-Obese
60-79,Female,Non-Smoker,Normoglycemic,Normal,Desirable,29.7,Non-Obese
40-59,Male,Non-Smoker,Normoglycemic,Normal,Desirable,22.4,Non-Obese
20-39,Male,Non-Smoker,Normoglycemic,Elevated,Borderline High,24.3,Non-Obese
60-79,Male,Current Smoker,Diabetic,Stage 2 HTN,Desirable,34.8,Obese
40-59,Female,Non-Smoker,Normoglycemic,Normal,High,19.2,Non-Obese
60-79,Female,Non-Smoker,Normoglycemic,Normal,Borderline High,28.1,Non-Obese
60-79,Male,Non-Smoker,Normoglycemic,Normal,High,21.1,Non-Obese
60-79,Female,Non-Smoker,Diabetic,Normal,Desirable,31.2,Obese
40-59,Female,Non-Smoker,Normoglycemic,Normal,Desirable,27.3,Non-Obese
60-79,Female,Non-Smoker,Diabetic,Stage 1 HTN,Borderline High,34.0,Obese
40-59,Male,Non-Smoker,Normoglycemic,Normal,Very High,29.2,Non-Obese
20-39,Female,Non-Smoker,Diabetic,Stage 2 HTN,Borderline High,40.1,Obese
40-59,Female,Non-Smoker,Normoglycemic,Stage 1 HTN,Borderline High,28.8,Non-Obese
20-39,Male,Non-Smoker,Normoglycemic,Stage 1 HTN,Desirable,20.3,Non-Obese
20-39,Female,Non-Smoker,Normoglycemic,Normal,Desirable,23.1,Non-Obese
60-79,Female,Non-Smoker,Normoglycemic,Elevated,Borderline High,22.8,Non-Obese
60-79,Female,Non-Smoker,Normoglycemic,Normal,Desirable,25.9,Non-Obese
40-59,Male,Non-Smoker,Normoglycemic,Stage 1 HTN,Very High,42.4,Obese
20-39,Female,Non-Smoker,Normoglycemic,Normal,High,29.9,Non-Obese
60-79,Female,Non-Smoker,Normoglycemic,Normal,Borderline High,19.8,Non-Obese
40-59,Male,Non-Smoker,Normoglycemic,Elevated,Desirable,21.1,Non-Obese
20-39,Male,Non-Smoker,Normoglycemic,Normal,Borderline High,25.5,Non-Obese
40-59,Male,Non-Smoker,Normoglycemic,Normal,High,31.7,Obese
60-79,Female,Current Smoker,Normoglycemic,Stage 1 HTN,Desirable,36.7,Obese
60-79,Male,Non-Smoker,Normoglycemic,Stage 2 HTN,High,25.2,Non-Obese
60-79,Male,Non-Smoker,Normoglycemic,Stage 1 HTN,High,26.9,Non-Obese
20-39,Male,Non-Smoker,Normoglycemic,Normal,High,24.6,Non-Obese
20-39,Male,Non-Smoker,Normoglycemic,Normal,Desirable,24.5,Non-Obese
40-59,Female,Non-Smoker,Normoglycemic,Stage 1 HTN,Borderline High,30.2,Obese
20-39,Female,Non-Smoker,Normoglycemic,Normal,Desirable,25.9,Non-Obese
20-39,Male,Non-Smoker,Normoglycemic,Stage 1 HTN,Desirable,25.5,Non-Obese
20-39,Female,Non-Smoker,Normoglycemic,Normal,High,29.9,Non-Obese
60-79,Male,Non-Smoker,Normoglycemic,Stage 1 HTN,Desirable,28.9,Non-Obese
40-59,Male,Non-Smoker,Normoglycemic,Stage 1 HTN,Desirable,28.3,Non-Obese
20-39,Male,Current Smoker,Normoglycemic,Stage 2 HTN,Desirable,19.1,Non-Obese
60-79,Male,Current Smoker,Normoglycemic,Stage 1 HTN,High,25.2,Non-Obese
80+,Female,Non-Smoker,Normoglycemic,Normal,Desirable,16.6,Non-Obese
40-59,Male,Non-Smoker,Normoglycemic,Normal,Desirable,23.0,Non-Obese
80+,Female,Non-Smoker,Normoglycemic,Normal,Desirable,20.2,Non-Obese
20-39,Male,Non-Smoker,Normoglycemic,Stage 1 HTN,High,24.0,Non-Obese
80+,Female,Non-Smoker,Diabetic,Elevated,High,25.1,Non-Obese
80+,Female,Non-Smoker,Normoglycemic,Stage 1 HTN,Borderline High,28.7,Non-Obese
60-79,Male,Current Smoker,Normoglycemic,Stage 1 HTN,High,34.0,Obese
60-79,Female,Non-Smoker,Normoglycemic,Normal,Very High,30.3,Obese
60-79,Female,Non-Smoker,Normoglycemic,Normal,Borderline High,19.8,Non-Obese
20-39,Male,Non-Smoker,Normoglycemic,Normal,Borderline High,26.0,Non-Obese
40-59,Male,Non-Smoker,Normoglycemic,Normal,High,29.9,Non-Obese
80+,Female,Non-Smoker,Normoglycemic,Stage 1 HTN,Desirable,21.8,Non-Obese
60-79,Male,Current Smoker,Normoglycemic,Stage 1 HTN,High,29.2,Non-Obese
40-59,Male,Current Smoker,Normoglycemic,Stage 2 HTN,High,27.8,Non-Obese
60-79,Female,Non-Smoker,Normoglycemic,Normal,Desirable,26.2,Non-Obese
40-59,Female,Non-Smoker,Normoglycemic,Elevated,Borderline High,25.1,Non-Obese
20-39,Female,Non-Smoker,Normoglycemic,Normal,High,30.7,Obese
20-39,Male,Non-Smoker,Normoglycemic,Stage 1 HTN,High,23.9,Non-Obese
60-79,Male,Current Smoker,Normoglycemic,Stage 2 HTN,Very High,27.9,Non-Obese
60-79,Female,Non-Smoker,Diabetic,Stage 1 HTN,High,35.9,Obese
40-59,Male,Non-Smoker,Normoglycemic,Normal,Desirable,28.8,Non-Obese
20-39,Female,Non-Smoker,Normoglycemic,Normal,Borderline High,21.0,Non-Obese
80+,Male,Current Smoker,Normoglycemic,Stage 2 HTN,Borderline High,25.8,Non-Obese
60-79,Female,Non-Smoker,Normoglycemic,Elevated,Very High,28.6,Non-Obese
40-59,Female,Non-Smoker,Normoglycemic,Normal,High,22.7,Non-Obese
60-79,Female,Non-Smoker,Diabetic,Stage 1 HTN,Very High,27.5,Non-Obese
40-59,Female,Non-Smoker,Normoglycemic,Normal,Desirable,26.3,Non-Obese
60-79,Female,Non-Smoker,Normoglycemic,Stage 2 HTN,Borderline High,36.2,Obese
80+,Male,Non-Smoker,Normoglycemic,Normal,Very High,26.9,Non-Obese
60-79,Male,Non-Smoker,Normoglycemic,Normal,High,26.4,Non-Obese
20-39,Male,Non-Smoker,Normoglycemic,Normal,Borderline High,19.5,Non-Obese
40-59,Female,Non-Smoker,Normoglycemic,Normal,Borderline High,25.5,Non-Obese
40-59,Male,Non-Smoker,Normoglycemic,Stage 2 HTN,Borderline High,24.0,Non-Obese
60-79,Female,Non-Smoker,Normoglycemic,Normal,Desirable,21.3,Non-Obese
20-39,Male,Non-Smoker,Normoglycemic,Normal,Borderline High,30.1,Obese
80+,Female,Non-Smoker,Normoglycemic,Stage 1 HTN,Desirable,18.8,Non-Obese
80+,Female,Non-Smoker,Diabetic,Normal,Very High,30.4,Obese
20-39,Male,Non-Smoker,Diabetic,Stage 1 HTN,Desirable,24.7,Non-Obese
60-79,Female,Non-Smoker,Normoglycemic,Normal,Borderline High,23.8,Non-Obese
60-79,Female,Non-Smoker,Normoglycemic,Normal,High,26.8,Non-Obese
20-39,Male,Current Smoker,Normoglycemic,Elevated,Borderline High,23.4,Non-Obese
60-79,Female,Non-Smoker,Diabetic,Stage 2 HTN,High,34.5,Obese
60-79,Male,Current Smoker,Diabetic,Stage 1 HTN,Desirable,30.4,Obese
40-59,Male,Non-Smoker,Normoglycemic,Stage 2 HTN,Desirable,24.1,Non-Obese
60-79,Male,Non-Smoker,Normoglycemic,Stage 1 HTN,Desirable,23.7,Non-Obese
60-79,Female,Non-Smoker,Normoglycemic,Stage 1 HTN,Desirable,29.7,Non-Obese
60-79,Male,Non-Smoker,Normoglycemic,Normal,Very High,31.4,Obese
40-59,Male,Non-Smoker,Normoglycemic,Stage 1 HTN,Desirable,22.6,Non-Obese
20-39,Female,Non-Smoker,Normoglycemic,Normal,High,28.5,Non-Obese
40-59,Female,Non-Smoker,Diabetic,Stage 2 HTN,High,36.5,Obese
40-59,Male,Current Smoker,Diabetic,Stage 2 HTN,Borderline High,33.4,Obese
20-39,Male,Non-Smoker,Normoglycemic,Normal,Desirable,27.4,Non-Obese
20-39,Male,Non-Smoker,Normoglycemic,Stage 1 HTN,Borderline High,29.2,Non-Obese
60-79,Female,Non-Smoker,Diabetic,Stage 1 HTN,Desirable,25.7,Non-Obese
80+,Female,Non-Smoker,Normoglycemic,Stage 2 HTN,Desirable,23.3,Non-Obese
40-59,Female,Current Smoker,Normoglycemic,Stage 2 HTN,Borderline High,29.3,Non-Obese
60-79,Male,Non-Smoker,Normoglycemic,Normal,Borderline High,27.6,Non-Obese
40-59,Female,Non-Smoker,Diabetic,Stage 2 HTN,Borderline High,34.8,Obese
60-79,Female,Non-Smoker,Normoglycemic,Elevated,Very High,25.8,Non-Obese
60-79,Female,Non-Smoker,Normoglycemic,Normal,Borderline High,29.3,Non-Obese
40-59,Female,Non-Smoker,Normoglycemic,Elevated,Desirable,22.3,Non-Obese
80+,Female,Non-Smoker,Normoglycemic,Normal,Desirable,24.9,Non-Obese
20-39,Female,Non-Smoker,Normoglycemic,Normal,Desirable,23.9,Non-Obese
20-39,Male,Non-Smoker,Normoglycemic,Normal,Borderline High,30.7,Obese
20-39,Female,Non-Smoker,Normoglycemic,Normal,Borderline High,20.9,Non-Obese
40-59,Female,Non-Smoker,Normoglycemic,Normal,Borderline High,26.8,Non-Obese
40-59,Female,Non-Smoker,Normoglycemic,Normal,High,31.6,Obese
60-79,Male,Current Smoker,Diabetic,Stage 2 HTN,Very High,33.0,Obese
80+,Female,Non-Smoker,Normoglycemic,Stage 2 HTN,Desirable,29.6,Non-Obese
40-59,Male,Current Smoker,Normoglycemic,Stage 1 HTN,Desirable,26.1,Non-Obese
20-39,Female,Non-Smoker,Normoglycemic,Stage 1 HTN,Desirable,25.9,Non-Obese
80+,Female,Non-Smoker,Normoglycemic,Stage 1 HTN,Very High,24.7,Non-Obese
20-39,Female,Non-Smoker,Normoglycemic,Normal,Borderline High,21.6,Non-Obese
60-79,Male,Current Smoker,Normoglycemic,Stage 1 HTN,Desirable,24.5,Non-Obese
60-79,Male,Current Smoker,Normoglycemic,Stage 2 HTN,High,38.0,Obese
20-39,Male,Non-Smoker,Normoglycemic,Elevated,High,25.6,Non-Obese
60-79,Female,Non-Smoker,Normoglycemic,Stage 1 HTN,Borderline High,34.8,Obese
20-39,Male,Non-Smoker,Normoglycemic,Normal,Borderline High,23.8,Non-Obese
60-79,Female,Non-Smoker,Normoglycemic,Normal,Desirable,23.5,Non-Obese
40-59,Female,Non-Smoker,Normoglycemic,Normal,Desirable,23.8,Non-Obese
60-79,Male,Current Smoker,Diabetic,Stage 1 HTN,High,36.6,Obese
80+,Female,Non-Smoker,Normoglycemic,Normal,Desirable,21.7,Non-Obese
60-79,Female,Non-Smoker,Diabetic,Stage 2 HTN,Desirable,37.8,Obese
40-59,Male,Current Smoker,Normoglycemic,Normal,Desirable,23.5,Non-Obese
60-79,Female,Non-Smoker,Diabetic,Stage 2 HTN,Desirable,27.9,Non-Obese
80+,Female,Non-Smoker,Normoglycemic,Stage 1 HTN,Desirable,25.0,Non-Obese
40-59,Male,Non-Smoker,Normoglycemic,Normal,High,31.6,Obese
80+,Male,Current Smoker,Normoglycemic,Stage 1 HTN,Desirable,22.6,Non-Obese
40-59,Male,Non-Smoker,Normoglycemic,Normal,Desirable,24.9,Non-Obese
40-59,Female,Non-Smoker,Normoglycemic,Normal,Desirable,24.9,Non-Obese
20-39,Female,Non-Smoker,Normoglycemic,Normal,Borderline High,26.5,Non-Obese
80+,Female,Non-Smoker,Normoglycemic,Elevated,Borderline High,25.1,Non-Obese
20-39,Female,Non-Smoker,Normoglycemic,Normal,Very High,33.8,Obese
80+,Female,Non-Smoker,Normoglycemic,Elevated,Desirable,27.1,Non-Obese
20-39,Female,Non-Smoker,Normoglycemic,Stage 1 HTN,Very High,41.6,Obese
40-59,Male,Current Smoker,Diabetic,Stage 1 HTN,Borderline High,27.9,Non-Obese
60-79,Female,Non-Smoker,Normoglycemic,Normal,Desirable,23.7,Non-Obese
20-39,Female,Non-Smoker,Normoglycemic,Elevated,High,29.1,Non-Obese
60-79,Male,Current Smoker,Diabetic,Stage 1 HTN,Desirable,24.5,Non-Obese
40-59,Male,Non-Smoker,Diabetic,Stage 2 HTN,High,36.6,Obese
60-79,Male,Non-Smoker,Normoglycemic,Stage 2 HTN,Borderline High,29.8,Non-Obese
20-39,Male,Non-Smoker,Normoglycemic,Normal,Desirable,20.2,Non-Obese
20-39,Female,Non-Smoker,Normoglycemic,Normal,Desirable,23.3,Non-Obese
60-79,Female,Non-Smoker,Normoglycemic,Normal,Borderline High,23.0,Non-Obese
40-59,Male,Non-Smoker,Normoglycemic,Normal,Borderline High,20.6,Non-Obese
80+,Male,Non-Smoker,Normoglycemic,Elevated,Borderline High,28.2,Non-Obese
60-79,Male,Non-Smoker,Normoglycemic,Normal,High,26.9,Non-Obese
80+,Male,Non-Smoker,Normoglycemic,Normal,High,21.3,Non-Obese
80+,Female,Non-Smoker,Diabetic,Stage 2 HTN,Desirable,31.0,Obese
60-79,Female,Non-Smoker,Diabetic,Stage 1 HTN,Borderline High,29.8,Non-Obese
40-59,Male,Non-Smoker,Normoglycemic,Elevated,High,28.7,Non-Obese
40-59,Female,Non-Smoker,Normoglycemic,Normal,Borderline High,29.9,Non-Obese
60-79,Female,Non-Smoker,Diabetic,Stage 2 HTN,Borderline High,34.0,Obese
40-59,Male,Non-Smoker,Normoglycemic,Stage 1 HTN,Borderline High,31.0,Obese
60-79,Male,Non-Smoker,Normoglycemic,Normal,Borderline High,19.6,Non-Obese
80+,Female,Non-Smoker,Normoglycemic,Normal,Desirable,29.5,Non-Obese
60-79,Male,Non-Smoker,Normoglycemic,Normal,High,27.4,Non-Obese
20-39,Male,Current Smoker,Normoglycemic,Stage 1 HTN,Desirable,21.1,Non-Obese
80+,Female,Non-Smoker,Normoglycemic,Elevated,Desirable,22.3,Non-Obese
60-79,Female,Non-Smoker,Diabetic,Stage 2 HTN,Desirable,24.2,Non-Obese
60-79,Male,Non-Smoker,Diabetic,Stage 2 HTN,Desirable,30.7,Obese
60-79,Female,Non-Smoker,Normoglycemic,Normal,Borderline High,24.2,Non-Obese
60-79,Male,Non-Smoker,Normoglycemic,Normal,Borderline High,25.3,Non-Obese
20-39,Male,Current Smoker,Normoglycemic,Stage 2 HTN,Borderline High,28.4,Non-Obese
60-79,Male,Non-Smoker,Normoglycemic,Normal,Desirable,22.5,Non-Obese
40-59,Female,Non-Smoker,Normoglycemic,Normal,Borderline High,28.7,Non-Obese
80+,Female,Non-Smoker,Normoglycemic,Stage 1 HTN,High,33.2,Obese
20-39,Male,Non-Smoker,Normoglycemic,Normal,High,27.7,Non-Obese
40-59,Male,Non-Smoker,Normoglycemic,Elevated,Desirable,29.5,Non-Obese
60-79,Female,Non-Smoker,Normoglycemic,Normal,High,28.2,Non-Obese
60-79,Female,Non-Smoker,Normoglycemic,Normal,Very High,30.4,Obese
80+,Male,Current Smoker,Normoglycemic,Normal,Desirable,22.3,Non-Obese
40-59,Female,Non-Smoker,Normoglycemic,Elevated,Borderline High,29.5,Non-Obese
80+,Male,Non-Smoker,Normoglycemic,Normal,Desirable,21.9,Non-Obese
40-59,Male,Non-Smoker,Normoglycemic,Elevated,Desirable,26.0,Non-Obese
20-39,Female,Non-Smoker,Normoglycemic,Normal,Borderline High,24.8,Non-Obese
40-59,Female,Non-Smoker,Normoglycemic,Normal,High,29.9,Non-Obese
80+,Female,Non-Smoker,Normoglycemic,Stage 1 HTN,Borderline High,31.0,Obese
20-39,Female,Non-Smoker,Normoglycemic,Elevated,High,24.6,Non-Obese
20-39,Female,Non-Smoker,Diabetic,Elevated,Desirable,25.5,Non-Obese
40-59,Female,Non-Smoker,Normoglycemic,Normal,High,31.9,Obese
40-59,Female,Non-Smoker,Normoglycemic,Stage 1 HTN,Desirable,28.7,Non-Obese
40-59,Female,Non-Smoker,Normoglycemic,Elevated,Borderline High,31.3,Obese
60-79,Female,Current Smoker,Normoglycemic,Stage 1 HTN,High,27.2,Non-Obese
20-39,Female,Non-Smoker,Normoglycemic,Stage 2 HTN,Desirable,33.4,Obese
60-79,Female,Non-Smoker,Diabetic,Stage 2 HTN,Borderline High,38.4,Obese
80+,Female,Non-Smoker,Diabetic,Elevated,Desirable,35.3,Obese
60-79,Female,Non-Smoker,Diabetic,Stage 1 HTN,High,31.3,Obese
40-59,Female,Non-Smoker,Normoglycemic,Normal,Desirable,25.4,Non-Obese
60-79,Female,Current Smoker,Normoglycemic,Stage 2 HTN,Borderline High,30.5,Obese
40-59,Female,Non-Smoker,Normoglycemic,Elevated,Very High,34.9,Obese
20-39,Male,Non-Smoker,Normoglycemic,Normal,Borderline High,20.3,Non-Obese
60-79,Female,Non-Smoker,Normoglycemic,Normal,High,22.4,Non-Obese
60-79,Male,Non-Smoker,Normoglycemic,Elevated,Desirable,31.8,Obese
20-39,Male,Current Smoker,Normoglycemic,Elevated,High,29.4,Non-Obese
20-39,Female,Non-Smoker,Normoglycemic,Stage 1 HTN,Desirable,30.1,Obese
20-39,Male,Non-Smoker,Normoglycemic,Elevated,Desirable,24.9,Non-Obese
40-59,Female,Current Smoker,Normoglycemic,Stage 1 HTN,Borderline High,27.8,Non-Obese
40-59,Male,Non-Smoker,Normoglycemic,Stage 1 HTN,Desirable,27.3,Non-Obese
60-79,Female,Non-Smoker,Diabetic,Stage 2 HTN,High,32.1,Obese
40-59,Female,Non-Smoker,Normoglycemic,Normal,Borderline High,26.2,Non-Obese
40-59,Female,Non-Smoker,Normoglycemic,Normal,High,25.9,Non-Obese
20-39,Male,Non-Smoker,Normoglycemic,Elevated,Desirable,32.5,Obese
40-59,Female,Non-Smoker,Normoglycemic,Normal,Borderline High,25.3,Non-Obese
40-59,Male,Non-Smoker,Normoglycemic,Elevated,Desirable,28.2,Non-Obese
40-59,Female,Non-Smoker,Normoglycemic,Normal,Borderline High,29.5,Non-Obese
60-79,Female,Current Smoker,Normoglycemic,Stage 1 HTN,High,36.6,Obese
40-59,Male,Non-Smoker,Normoglycemic,Normal,High,25.6,Non-Obese
60-79,Female,Non-Smoker,Normoglycemic,Normal,High,19.5,Non-Obese
80+,Female,Current Smoker,Diabetic,Stage 2 HTN,Very High,26.6,Non-Obese
40-59,Male,Non-Smoker,Diabetic,Stage 2 HTN,High,34.8,Obese
40-59,Male,Non-Smoker,Normoglycemic,Stage 1 HTN,High,31.7,Obese
80+,Male,Current Smoker,Diabetic,Normal,Borderline High,24.0,Non-Obese
40-59,Male,Non-Smoker,Normoglycemic,Elevated,Borderline High,34.9,Obese
40-59,Male,Non-Smoker,Normoglycemic,Normal,High,29.5,Non-Obese
60-79,Male,Non-Smoker,Normoglycemic,Stage 1 HTN,Desirable,35.5,Obese
20-39,Female,Non-Smoker,Normoglycemic,Normal,High,21.0,Non-Obese
60-79,Female,Non-Smoker,Normoglycemic,Normal,Desirable,22.0,Non-Obese
20-39,Male,Non-Smoker,Normoglycemic,Normal,Borderline High,26.6,Non-Obese
60-79,Female,Non-Smoker,Normoglycemic,Normal,Borderline High,22.7,Non-Obese
20-39,Male,Non-Smoker,Normoglycemic,Normal,Borderline High,24.7,Non-Obese
40-59,Male,Non-Smoker,Normoglycemic,Elevated,High,28.7,Non-Obese
40-59,Female,Current Smoker,Normoglycemic,Stage 1 HTN,High,32.1,Obese
60-79,Female,Current Smoker,Diabetic,Stage 2 HTN,Borderline High,32.9,Obese
20-39,Female,Current Smoker,Normoglycemic,Elevated,Very High,22.3,Non-Obese
60-79,Male,Non-Smoker,Normoglycemic,Normal,Desirable,28.7,Non-Obese
20-39,Male,Non-Smoker,Normoglycemic,Normal,Borderline High,27.3,Non-Obese
80+,Male,Non-Smoker,Diabetic,Normal,Desirable,22.1,Non-Obese
80+,Male,Non-Smoker,Normoglycemic,Normal,High,20.9,Non-Obese
20-39,Female,Non-Smoker,Diabetic,Stage 1 HTN,Borderline High,30.5,Obese
80+,Female,Non-Smoker,Normoglycemic,Stage 1 HTN,High,27.0,Non-Obese
40-59,Female,Non-Smoker,Normoglycemic,Normal,Very High,30.2,Obese
20-39,Male,Non-Smoker,Normoglycemic,Elevated,Borderline High,28.3,Non-Obese
20-39,Female,Non-Smoker,Normoglycemic,Elevated,Borderline High,28.6,Non-Obese
60-79,Male,Non-Smoker,Normoglycemic,Normal,High,24.9,Non-Obese
20-39,Female,Non-Smoker,Normoglycemic,Normal,Borderline High,21.7,Non-Obese
40-59,Male,Non-Smoker,Diabetic,Elevated,Borderline High,26.3,Non-Obese
60-79,Male,Current Smoker,Diabetic,Stage 2 HTN,Desirable,34.2,Obese
20-39,Male,Current Smoker,Normoglycemic,Stage 1 HTN,Borderline High,28.7,Non-Obese
60-79,Female,Non-Smoker,Diabetic,Stage 2 HTN,Desirable,30.9,Obese
40-59,Male,Non-Smoker,Normoglycemic,Elevated,High,27.0,Non-Obese
60-79,Male,Non-Smoker,Normoglycemic,Stage 2 HTN,Borderline High,29.4,Non-Obese
60-79,Female,Non-Smoker,Diabetic,Stage 2 HTN,Desirable,28.1,Non-Obese
80+,Female,Non-Smoker,Normoglycemic,Normal,High,18.9,Non-Obese
20-39,Male,Non-Smoker,Normoglycemic,Normal,High,23.3,Non-Obese
40-59,Female,Non-Smoker,Normoglycemic,Stage 1 HTN,Very High,30.6,Obese
60-79,Female,Non-Smoker,Diabetic,Stage 2 HTN,Desirable,31.1,Obese
40-59,Male,Current Smoker,Normoglycemic,Stage 2 HTN,Borderline High,31.2,Obese
40-59,Male,Non-Smoker,Normoglycemic,Elevated,Desirable,34.1,Obese
80+,Female,Non-Smoker,Normoglycemic,Normal,Desirable,23.1,Non-Obese
60-79,Female,Non-Smoker,Normoglycemic,Elevated,High,34.7,Obese
20-39,Female,Non-Smoker,Normoglycemic,Normal,Desirable,29.8,Non-Obese
20-39,Female,Non-Smoker,Normoglycemic,Stage 1 HTN,Desirable,23.7,Non-Obese
60-79,Male,Non-Smoker,Normoglycemic,Normal,Desirable,22.8,Non-Obese
20-39,Female,Current Smoker,Normoglycemic,Stage 1 HTN,High,30.8,Obese
60-79,Male,Non-Smoker,Normoglycemic,Stage 1 HTN,Desirable,26.8,Non-Obese
20-39,Male,Non-Smoker,Normoglycemic,Stage 1 HTN,Desirable,21.5,Non-Obese
20-39,Female,Non-Smoker,Normoglycemic,Normal,Desirable,21.7,Non-Obese
60-79,Male,Current Smoker,Normoglycemic,Stage 1 HTN,High,24.8,Non-Obese
20-39,Female,Current Smoker,Normoglycemic,Elevated,Borderline High,26.5,Non-Obese
60-79,Male,Current Smoker,Diabetic,Stage 2 HTN,High,30.2,Obese
40-59,Male,Non-Smoker,Normoglycemic,Elevated,Desirable,28.3,Non-Obese
40-59,Male,Non-Smoker,Normoglycemic,Normal,Very High,20.2,Non-Obese
40-59,Male,Non-Smoker,Normoglycemic,Normal,Desirable,23.2,Non-Obese
80+,Female,Non-Smoker,Diabetic,Elevated,Borderline High,31.1,Obese
60-79,Male,Non-Smoker,Normoglycemic,Elevated,Borderline High,28.3,Non-Obese
60-79,Male,Non-Smoker,Normoglycemic,Normal,Borderline High,24.5,Non-Obese
60-79,Male,Current Smoker,Normoglycemic,Elevated,Very High,25.4,Non-Obese
40-59,Female,Non-Smoker,Diabetic,Stage 2 HTN,High,36.3,Obese
60-79,Female,Non-Smoker,Normoglycemic,Normal,High,23.6,Non-Obese
40-59,Male,Non-Smoker,Normoglycemic,Normal,High,25.3,Non-Obese
60-79,Male,Current Smoker,Diabetic,Stage 1 HTN,Borderline High,30.3,Obese
80+,Male,Current Smoker,Normoglycemic,Elevated,High,28.4,Non-Obese
60-79,Male,Non-Smoker,Normoglycemic,Elevated,Borderline High,23.7,Non-Obese
80+,Female,Non-Smoker,Diabetic,Elevated,Very High,26.9,Non-Obese
20-39,Male,Current Smoker,Normoglycemic,Stage 2 HTN,Very High,30.4,Obese
40-59,Female,Current Smoker,Normoglycemic,Normal,Desirable,20.9,Non-Obese
60-79,Male,Non-Smoker,Normoglycemic,Normal,Borderline High,22.7,Non-Obese
80+,Male,Non-Smoker,Normoglycemic,Normal,High,23.5,Non-Obese
40-59,Female,Current Smoker,Normoglycemic,Stage 2 HTN,Borderline High,26.5,Non-Obese
60-79,Male,Non-Smoker,Diabetic,Stage 2 HTN,High,30.3,Obese
60-79,Male,Current Smoker,Normoglycemic,Normal,Very High,25.2,Non-Obese
60-79,Female,Non-Smoker,Normoglycemic,Stage 2 HTN,Desirable,21.5,Non-Obese
20-39,Male,Current Smoker,Normoglycemic,Stage 1 HTN,Very High,26.2,Non-Obese
40-59,Female,Non-Smoker,Normoglycemic,Stage 2 HTN,High,33.4,Obese
40-59,Male,Non-Smoker,Normoglycemic,Normal,Very High,24.0,Non-Obese
20-39,Female,Non-Smoker,Normoglycemic,Normal,Borderline High,25.0,Non-Obese
20-39,Male,Non-Smoker,Normoglycemic,Stage 2 HTN,Borderline High,23.7,Non-Obese
60-79,Female,Non-Smoker,Normoglycemic,Normal,Desirable,24.7,Non-Obese
60-79,Female,Non-Smoker,Normoglycemic,Normal,Desirable,23.6,Non-Obese
60-79,Female,Non-Smoker,Normoglycemic,Elevated,Desirable,41.5,Obese
20-39,Male,Non-Smoker,Normoglycemic,Elevated,Borderline High,24.4,Non-Obese
60-79,Female,Non-Smoker,Diabetic,Stage 1 HTN,Borderline High,32.1,Obese
40-59,Female,Non-Smoker,Normoglycemic,Stage 1 HTN,High,26.8,Non-Obese
20-39,Female,Non-Smoker,Normoglycemic,Normal,Very High,26.2,Non-Obese
60-79,Female,Current Smoker,Diabetic,Elevated,High,24.7,Non-Obese
80+,Male,Non-Smoker,Normoglycemic,Elevated,Desirable,20.0,Non-Obese
40-59,Female,Non-Smoker,Normoglycemic,Normal,Borderline High,30.1,Obese
60-79,Male,Non-Smoker,Normoglycemic,Elevated,Very High,19.8,Non-Obese
80+,Male,Current Smoker,Normoglycemic,Normal,Desirable,19.1,Non-Obese
40-59,Female,Non-Smoker,Normoglycemic,Normal,Very High,28.6,Non-Obese
20-39,Female,Current Smoker,Normoglycemic,Stage 1 HTN,Very High,22.9,Non-Obese
80+,Female,Current Smoker,Normoglycemic,Elevated,High,25.0,Non-Obese
40-59,Male,Non-Smoker,Normoglycemic,Elevated,Desirable,24.3,Non-Obese
20-39,Female,Non-Smoker,Normoglycemic,Normal,Borderline High,27.2,Non-Obese
20-39,Female,Non-Smoker,Normoglycemic,Normal,Desirable,22.4,Non-Obese
20-39,Male,Non-Smoker,Normoglycemic,Stage 1 HTN,High,22.4,Non-Obese
60-79,Female,Non-Smoker,Diabetic,Stage 2 HTN,Desirable,31.6,Obese
40-59,Female,Non-Smoker,Normoglycemic,Stage 1 HTN,Desirable,28.0,Non-Obese
20-39,Male,Current Smoker,Normoglycemic,Elevated,Borderline High,25.4,Non-Obese
60-79,Female,Non-Smoker,Diabetic,Stage 1 HTN,Borderline High,29.5,Non-Obese
40-59,Female,Non-Smoker,Normoglycemic,Normal,Desirable,31.8,Obese
40-59,Male,Non-Smoker,Normoglycemic,Normal,Desirable,20.1,Non-Obese
40-59,Male,Non-Smoker,Normoglycemic,Elevated,High,22.4,Non-Obese
20-39,Female,Non-Smoker,Normoglycemic,Normal,Borderline High,25.2,Non-Obese
40-59,Male,Non-Smoker,Normoglycemic,Stage 2 HTN,Borderline High,31.2,Obese
20-39,Female,Current Smoker,Diabetic,Stage 2 HTN,Borderline High,29.7,Non-Obese
20-39,Female,Non-Smoker,Normoglycemic,Elevated,Very High,22.3,Non-Obese
20-39,Male,Non-Smoker,Normoglycemic,Normal,Desirable,20.6,Non-Obese
20-39,Female,Non-Smoker,Normoglycemic,Elevated,Desirable,26.7,Non-Obese
20-39,Male,Non-Smoker,Normoglycemic,Normal,Desirable,24.7,Non-Obese
80+,Female,Current Smoker,Normoglycemic,Stage 1 HTN,High,26.6,Non-Obese
20-39,Female,Non-Smoker,Normoglycemic,Normal,Desirable,23.1,Non-Obese
40-59,Male,Current Smoker,Normoglycemic,Stage 1 HTN,High,25.0,Non-Obese
80+,Male,Current Smoker,Normoglycemic,Elevated,High,25.2,Non-Obese
40-59,Male,Non-Smoker,Normoglycemic,Normal,High,28.9,Non-Obese
20-39,Female,Non-Smoker,Normoglycemic,Stage 1 HTN,Very High,24.6,Non-Obese
40-59,Male,Non-Smoker,Normoglycemic,Normal,Desirable,19.4,Non-Obese
40-59,Female,Non-Smoker,Normoglycemic,Stage 1 HTN,Borderline High,26.5,Non-Obese
20-39,Female,Non-Smoker,Normoglycemic,Stage 1 HTN,Desirable,26.7,Non-Obese
40-59,Female,Non-Smoker,Normoglycemic,Normal,Desirable,25.5,Non-Obese
40-59,Female,Current Smoker,Diabetic,Stage 1 HTN,Very High,37.8,Obese
60-79,Female,Non-Smoker,Diabetic,Stage 2 HTN,Desirable,31.2,Obese
20-39,Male,Current Smoker,Normoglycemic,Stage 2 HTN,High,31.5,Obese
40-59,Male,Non-Smoker,Normoglycemic,Elevated,Desirable,24.2,Non-Obese
80+,Female,Current Smoker,Normoglycemic,Elevated,Borderline High,28.5,Non-Obese
60-79,Female,Non-Smoker,Normoglycemic,Stage 1 HTN,Borderline High,25.4,Non-Obese
20-39,Male,Non-Smoker,Normoglycemic,Normal,High,26.2,Non-Obese
20-39,Male,Non-Smoker,Normoglycemic,Elevated,High,25.1,Non-Obese
20-39,Male,Non-Smoker,Normoglycemic,Elevated,High,25.7,Non-Obese
20-39,Female,Non-Smoker,Normoglycemic,Normal,Desirable,24.9,Non-Obese
20-39,Male,Current Smoker,Normoglycemic,Elevated,Desirable,22.1,Non-Obese
40-59,Female,Non-Smoker,Normoglycemic,Normal,Borderline High,21.9,Non-Obese
60-79,Female,Non-Smoker,Normoglycemic,Elevated,Borderline High,28.8,Non-Obese
80+,Male,Non-Smoker,Normoglycemic,Elevated,High,33.6,Obese
20-39,Female,Non-Smoker,Normoglycemic,Normal,Borderline High,20.8,Non-Obese
40-59,Female,Non-Smoker,Normoglycemic,Normal,Very High,24.0,Non-Obese
40-59,Female,Current Smoker,Diabetic,Stage 2 HTN,Desirable,26.1,Non-Obese
40-59,Male,Non-Smoker,Normoglycemic,Elevated,Borderline High,24.0,Non-Obese
60-79,Female,Non-Smoker,Normoglycemic,Normal,Desirable,27.1,Non-Obese
60-79,Male,Non-Smoker,Normoglycemic,Stage 1 HTN,Borderline High,31.4,Obese
60-79,Female,Non-Smoker,Normoglycemic,Normal,Borderline High,27.2,Non-Obese
20-39,Female,Non-Smoker,Normoglycemic,Normal,Desirable,26.5,Non-Obese
20-39,Male,Non-Smoker,Normoglycemic,Normal,Desirable,22.1,Non-Obese
20-39,Male,Non-Smoker,Normoglycemic,Stage 1 HTN,High,29.8,Non-Obese
60-79,Male,Non-Smoker,Normoglycemic,Normal,Desirable,22.1,Non-Obese
40-59,Female,Current Smoker,Normoglycemic,Elevated,Borderline High,26.2,Non-Obese
40-59,Female,Non-Smoker,Normoglycemic,Normal,High,24.5,Non-Obese
60-79,Male,Non-Smoker,Normoglycemic,Elevated,Borderline High,22.6,Non-Obese
40-59,Female,Non-Smoker,Normoglycemic,Elevated,Borderline High,30.8,Obese
20-39,Male,Non-Smoker,Normoglycemic,Normal,Borderline High,27.6,Non-Obese
20-39,Male,Non-Smoker,Normoglycemic,Elevated,Borderline High,23.6,Non-Obese
20-39,Female,Non-Smoker,Diabetic,Stage 1 HTN,Desirable,32.6,Obese
20-39,Male,Non-Smoker,Normoglycemic,Normal,Desirable,21.9,Non-Obese
40-59,Female,Non-Smoker,Normoglycemic,Stage 1 HTN,Desirable,24.8,Non-Obese
60-79,Male,Non-Smoker,Normoglycemic,Normal,Borderline High,21.2,Non-Obese
20-39,Female,Non-Smoker,Normoglycemic,Elevated,Desirable,25.8,Non-Obese
60-79,Male,Non-Smoker,Diabetic,Stage 2 HTN,Desirable,28.5,Non-Obese
60-79,Female,Non-Smoker,Normoglycemic,Normal,Desirable,32.4,Obese
60-79,Female,Non-Smoker,Normoglycemic,Normal,Desirable,20.7,Non-Obese
60-79,Male,Non-Smoker,Normoglycemic,Normal,High,27.7,Non-Obese
40-59,Female,Non-Smoker,Normoglycemic,Normal,High,29.2,Non-Obese
40-59,Male,Non-Smoker,Normoglycemic,Stage 1 HTN,Borderline High,28.6,Non-Obese
60-79,Female,Non-Smoker,Normoglycemic,Stage 1 HTN,Desirable,33.6,Obese
40-59,Male,Current Smoker,Normoglycemic,Stage 2 HTN,High,24.8,Non-Obese
40-59,Female,Non-Smoker,Diabetic,Stage 1 HTN,Very High,34.9,Obese
60-79,Female,Non-Smoker,Normoglycemic,Normal,Borderline High,27.6,Non-Obese
40-59,Female,Current Smoker,Diabetic,Stage 2 HTN,Very High,27.6,Non-Obese
60-79,Male,Current Smoker,Diabetic,Stage 1 HTN,Desirable,30.9,Obese
20-39,Male,Current Smoker,Normoglycemic,Normal,Borderline High,24.0,Non-Obese
20-39,Female,Non-Smoker,Normoglycemic,Normal,High,25.8,Non-Obese
60-79,Female,Current Smoker,Normoglycemic,Stage 2 HTN,Very High,29.7,Non-Obese
20-39,Female,Non-Smoker,Normoglycemic,Normal,High,20.1,Non-Obese
60-79,Male,Non-Smoker,Normoglycemic,Stage 1 HTN,Borderline High,24.0,Non-Obese
40-59,Female,Non-Smoker,Normoglycemic,Normal,High,31.4,Obese
60-79,Female,Non-Smoker,Normoglycemic,Normal,High,25.3,Non-Obese
60-79,Male,Non-Smoker,Diabetic,Stage 2 HTN,High,29.8,Non-Obese
60-79,Female,Non-Smoker,Diabetic,Stage 2 HTN,Desirable,25.7,Non-Obese
80+,Male,Non-Smoker,Normoglycemic,Stage 2 HTN,Borderline High,31.8,Obese
40-59,Female,Non-Smoker,Normoglycemic,Normal,High,23.9,Non-Obese
40-59,Female,Non-Smoker,Normoglycemic,Normal,Borderline High,20.9,Non-Obese
80+,Female,Non-Smoker,Normoglycemic,Normal,High,24.8,Non-Obese
80+,Female,Non-Smoker,Normoglycemic,Normal,High,24.1,Non-Obese
80+,Female,Non-Smoker,Normoglycemic,Elevated,Borderline High,25.5,Non-Obese
20-39,Female,Non-Smoker,Normoglycemic,Normal,Desirable,21.9,Non-Obese
60-79,Female,Non-Smoker,Normoglycemic,Normal,Very High,29.0,Non-Obese
60-79,Female,Non-Smoker,Normoglycemic,Elevated,Borderline High,28.5,Non-Obese
80+,Female,Non-Smoker,Normoglycemic,Normal,Very High,24.8,Non-Obese
60-79,Male,Non-Smoker,Normoglycemic,Stage 1 HTN,Desirable,26.5,Non-Obese
40-59,Male,Non-Smoker,Normoglycemic,Stage 1 HTN,Borderline High,23.6,Non-Obese
20-39,Female,Non-Smoker,Diabetic,Elevated,High,34.7,Obese
60-79,Female,Non-Smoker,Normoglycemic,Normal,Borderline High,27.1,Non-Obese
20-39,Male,Current Smoker,Normoglycemic,Stage 1 HTN,High,21.8,Non-Obese
60-79,Female,Non-Smoker,Normoglycemic,Normal,Desirable,21.1,Non-Obese
40-59,Male,Non-Smoker,Normoglycemic,Normal,Desirable,24.5,Non-Obese
40-59,Female,Current Smoker,Normoglycemic,Stage 1 HTN,Very High,25.7,Non-Obese
80+,Female,Non-Smoker,Normoglycemic,Normal,Very High,25.6,Non-Obese
80+,Male,Non-Smoker,Normoglycemic,Normal,Borderline High,26.9,Non-Obese
80+,Male,Current Smoker,Normoglycemic,Stage 1 HTN,Desirable,23.5,Non-Obese
80+,Male,Non-Smoker,Normoglycemic,Normal,Borderline High,25.4,Non-Obese
20-39,Female,Non-Smoker,Normoglycemic,Stage 1 HTN,High,26.0,Non-Obese
60-79,Female,Non-Smoker,Normoglycemic,Normal,Desirable,26.2,Non-Obese
20-39,Male,Non-Smoker,Normoglycemic,Normal,Desirable,26.8,Non-Obese
20-39,Female,Non-Smoker,Normoglycemic,Normal,Desirable,21.4,Non-Obese
40-59,Male,Non-Smoker,Normoglycemic,Normal,Desirable,24.5,Non-Obese
60-79,Male,Non-Smoker,Diabetic,Normal,Borderline High,37.3,Obese
60-79,Female,Non-Smoker,Normoglycemic,Elevated,Desirable,27.7,Non-Obese
80+,Male,Non-Smoker,Normoglycemic,Elevated,Desirable,26.0,Non-Obese
60-79,Male,Non-Smoker,Normoglycemic,Elevated,Desirable,29.7,Non-Obese
20-39,Male,Current Smoker,Normoglycemic,Normal,High,20.4,Non-Obese
60-79,Female,Current Smoker,Normoglycemic,Normal,Very High,29.4,Non-Obese
40-59,Female,Non-Smoker,Normoglycemic,Normal,High,24.3,Non-Obese
40-59,Male,Current Smoker,Normoglycemic,Stage 2 HTN,Borderline High,32.9,Obese
40-59,Male,Current Smoker,Normoglycemic,Normal,Desirable,26.3,Non-Obese
40-59,Female,Non-Smoker,Normoglycemic,Elevated,Desirable,26.8,Non-Obese
40-59,Female,Current Smoker,Normoglycemic,Stage 2 HTN,High,39.4,Obese
80+,Male,Non-Smoker,Normoglycemic,Normal,Very High,29.7,Non-Obese
80+,Male,Non-Smoker,Diabetic,Stage 1 HTN,Borderline High,21.8,Non-Obese
60-79,Female,Current Smoker,Normoglycemic,Normal,Borderline High,23.4,Non-Obese
60-79,Male,Non-Smoker,Diabetic,Stage 2 HTN,Desirable,36.1,Obese
60-79,Female,Non-Smoker,Normoglycemic,Normal,Very High,27.6,Non-Obese
60-79,Male,Non-Smoker,Normoglycemic,Normal,Very High,30.3,Obese
60-79,Male,Non-Smoker,Normoglycemic,Normal,High,25.4,Non-Obese
40-59,Male,Non-Smoker,Normoglycemic,Stage 2 HTN,Desirable,27.7,Non-Obese
20-39,Female,Non-Smoker,Diabetic,Elevated,Desirable,23.6,Non-Obese
20-39,Male,Non-Smoker,Normoglycemic,Stage 2 HTN,Borderline High,27.0,Non-Obese
80+,Male,Non-Smoker,Normoglycemic,Normal,High,23.7,Non-Obese
80+,Male,Non-Smoker,Diabetic,Normal,Very High,31.0,Obese
60-79,Female,Non-Smoker,Normoglycemic,Elevated,High,32.2,Obese
60-79,Female,Current Smoker,Normoglycemic,Stage 1 HTN,Borderline High,26.2,Non-Obese
60-79,Female,Non-Smoker,Normoglycemic,Normal,Borderline High,30.2,Obese
40-59,Female,Non-Smoker,Normoglycemic,Elevated,Borderline High,26.6,Non-Obese
40-59,Female,Non-Smoker,Normoglycemic,Stage 2 HTN,Borderline High,33.5,Obese
20-39,Female,Non-Smoker,Normoglycemic,Stage 1 HTN,Very High,30.4,Obese
80+,Male,Current Smoker,Normoglycemic,Stage 1 HTN,Desirable,23.6,Non-Obese
40-59,Male,Non-Smoker,Diabetic,Stage 2 HTN,Borderline High,32.9,Obese
20-39,Female,Non-Smoker,Normoglycemic,Normal,Desirable,17.3,Non-Obese
20-39,Male,Non-Smoker,Normoglycemic,Normal,Desirable,30.4,Obese
20-39,Male,Non-Smoker,Normoglycemic,Normal,High,20.6,Non-Obese
80+,Female,Non-Smoker,Normoglycemic,Normal,Desirable,21.3,Non-Obese
60-79,Female,Non-Smoker,Normoglycemic,Normal,Borderline High,31.0,Obese
60-79,Male,Non-Smoker,Diabetic,Stage 1 HTN,Borderline High,32.3,Obese
80+,Female,Non-Smoker,Normoglycemic,Normal,High,21.5,Non-Obese
40-59,Female,Non-Smoker,Normoglycemic,Normal,Borderline High,26.2,Non-Obese
20-39,Male,Non-Smoker,Normoglycemic,Normal,Borderline High,21.4,Non-Obese
60-79,Female,Non-Smoker,Normoglycemic,Normal,Borderline High,35.2,Obese
40-59,Male,Non-Smoker,Normoglycemic,Elevated,Desirable,23.2,Non-Obese
40-59,Female,Current Smoker,Diabetic,Stage 2 HTN,Desirable,29.1,Non-Obese
40-59,Female,Non-Smoker,Normoglycemic,Normal,High,24.1,Non-Obese
80+,Male,Non-Smoker,Normoglycemic,Elevated,Borderline High,27.1,Non-Obese
40-59,Male,Non-Smoker,Normoglycemic,Elevated,Borderline High,24.9,Non-Obese
40-59,Female,Non-Smoker,Normoglycemic,Normal,Very High,29.9,Non-Obese
60-79,Female,Non-Smoker,Diabetic,Stage 2 HTN,Desirable,33.5,Obese
40-59,Female,Current Smoker,Normoglycemic,Stage 2 HTN,Borderline High,27.7,Non-Obese
40-59,Female,Non-Smoker,Normoglycemic,Elevated,Desirable,29.3,Non-Obese
40-59,Female,Current Smoker,Normoglycemic,Stage 2 HTN,High,27.2,Non-Obese
20-39,Male,Non-Smoker,Normoglycemic,Normal,Borderline High,28.5,Non-Obese
40-59,Male,Current Smoker,Normoglycemic,Normal,Very High,27.1,Non-Obese
40-59,Male,Non-Smoker,Normoglycemic,Normal,Desirable,21.6,Non-Obese
40-59,Female,Non-Smoker,Normoglycemic,Normal,Desirable,23.9,Non-Obese
40-59,Male,Non-Smoker,Normoglycemic,Stage 1 HTN,Desirable,29.2,Non-Obese
20-39,Female,Current Smoker,Normoglycemic,Normal,Desirable,27.8,Non-Obese
80+,Female,Non-Smoker,Normoglycemic,Normal,High,23.1,Non-Obese
40-59,Female,Non-Smoker,Normoglycemic,Elevated,Borderline High,28.6,Non-Obese
60-79,Female,Non-Smoker,Normoglycemic,Normal,Borderline High,26.1,Non-Obese
60-79,Male,Non-Smoker,Normoglycemic,Normal,High,23.1,Non-Obese
40-59,Male,Non-Smoker,Normoglycemic,Normal,Borderline High,25.5,Non-Obese
20-39,Male,Current Smoker,Normoglycemic,Normal,High,29.0,Non-Obese
20-39,Female,Non-Smoker,Normoglycemic,Normal,Borderline High,24.5,Non-Obese
40-59,Male,Current Smoker,Normoglycemic,Normal,Desirable,35.6,Obese
40-59,Female,Non-Smoker,Normoglycemic,Stage 1 HTN,Desirable,28.9,Non-Obese
20-39,Male,Non-Smoker,Normoglycemic,Stage 1 HTN,High,29.9,Non-Obese
20-39,Female,Non-Smoker,Normoglycemic,Elevated,Desirable,23.1,Non-Obese
40-59,Female,Non-Smoker,Normoglycemic,Normal,Desirable,23.4,Non-Obese
80+,Female,Non-Smoker,Diabetic,Stage 1 HTN,Desirable,29.6,Non-Obese
40-59,Female,Non-Smoker,Normoglycemic,Normal,High,34.0,Obese
80+,Female,Non-Smoker,Normoglycemic,Elevated,High,27.5,Non-Obese
40-59,Male,Non-Smoker,Normoglycemic,Normal,High,27.2,Non-Obese
60-79,Female,Current Smoker,Normoglycemic,Stage 1 HTN,Borderline High,26.7,Non-Obese
40-59,Male,Non-Smoker,Diabetic,Elevated,Desirable,31.9,Obese
60-79,Female,Current Smoker,Normoglycemic,Normal,High,25.5,Non-Obese
20-39,Female,Current Smoker,Normoglycemic,Stage 2 HTN,Desirable,30.1,Obese
60-79,Male,Non-Smoker,Normoglycemic,Elevated,High,24.5,Non-Obese
20-39,Male,Non-Smoker,Normoglycemic,Normal,High,22.6,Non-Obese
20-39,Female,Current Smoker,Normoglycemic,Elevated,Desirable,23.8,Non-Obese
40-59,Male,Non-Smoker,Normoglycemic,Elevated,Desirable,28.1,Non-Obese
20-39,Male,Non-Smoker,Normoglycemic,Normal,High,27.1,Non-Obese
40-59,Female,Current Smoker,Normoglycemic,Elevated,Desirable,23.8,Non-Obese
40-59,Female,Non-Smoker,Normoglycemic,Stage 1 HTN,Desirable,33.8,Obese
20-39,Female,Non-Smoker,Normoglycemic,Normal,Borderline High,26.7,Non-Obese
40-59,Male,Non-Smoker,Normoglycemic,Stage 1 HTN,Desirable,36.0,Obese
60-79,Male,Current Smoker,Normoglycemic,Stage 1 HTN,Very High,28.6,Non-Obese
40-59,Female,Current Smoker,Diabetic,Stage 2 HTN,Desirable,44.7,Obese
40-59,Female,Non-Smoker,Diabetic,Stage 1 HTN,Desirable,36.5,Obese
60-79,Female,Non-Smoker,Normoglycemic,Normal,High,24.9,Non-Obese
60-79,Female,Non-Smoker,Normoglycemic,Stage 1 HTN,Desirable,28.3,Non-Obese
60-79,Male,Non-Smoker,Normoglycemic,Normal,Borderline High,28.7,Non-Obese
20-39,Male,Non-Smoker,Normoglycemic,Normal,Borderline High,21.1,Non-Obese
20-39,Male,Non-Smoker,Normoglycemic,Elevated,Desirable,23.7,Non-Obese
40-59,Male,Current Smoker,Normoglycemic,Stage 2 HTN,Borderline High,28.6,Non-Obese
40-59,Female,Non-Smoker,Normoglycemic,Normal,Borderline High,21.8,Non-Obese
20-39,Female,Non-Smoker,Normoglycemic,Stage 2 HTN,Borderline High,29.7,Non-Obese
60-79,Female,Non-Smoker,Diabetic,Stage 2 HTN,Desirable,32.7,Obese
20-39,Female,Non-Smoker,Normoglycemic,Elevated,High,26.1,Non-Obese
80+,Male,Non-Smoker,Normoglycemic,Normal,Borderline High,24.6,Non-Obese
40-59,Female,Current Smoker,Normoglycemic,Elevated,High,26.2,Non-Obese
40-59,Male,Current Smoker,Normoglycemic,Stage 1 HTN,Very High,33.2,Obese
60-79,Male,Non-Smoker,Normoglycemic,Normal,Desirable,23.9,Non-Obese
60-79,Male,Current Smoker,Normoglycemic,Stage 1 HTN,High,29.1,Non-Obese
40-59,Male,Current Smoker,Normoglycemic,Stage 2 HTN,Desirable,29.0,Non-Obese
40-59,Female,Current Smoker,Normoglycemic,Elevated,Borderline High,27.8,Non-Obese
20-39,Female,Non-Smoker,Normoglycemic,Normal,Desirable,23.4,Non-Obese
60-79,Male,Current Smoker,Diabetic,Stage 1 HTN,Desirable,28.9,Non-Obese
60-79,Male,Current Smoker,Normoglycemic,Stage 1 HTN,Very High,32.8,Obese
40-59,Male,Non-Smoker,Diabetic,Stage 2 HTN,Borderline High,29.4,Non-Obese
60-79,Female,Non-Smoker,Normoglycemic,Normal,Very High,32.1,Obese
60-79,Female,Non-Smoker,Diabetic,Elevated,Desirable,36.5,Obese
40-59,Female,Non-Smoker,Normoglycemic,Normal,Borderline High,27.8,Non-Obese
40-59,Male,Non-Smoker,Normoglycemic,Normal,Borderline High,27.8,Non-Obese
20-39,Female,Non-Smoker,Normoglycemic,Stage 2 HTN,Desirable,25.6,Non-Obese
40-59,Male,Current Smoker,Diabetic,Stage 2 HTN,Desirable,31.8,Obese
60-79,Male,Current Smoker,Normoglycemic,Stage 2 HTN,Borderline High,33.6,Obese
40-59,Female,Current Smoker,Normoglycemic,Stage 2 HTN,Desirable,28.6,Non-Obese
60-79,Female,Non-Smoker,Diabetic,Stage 1 HTN,Desirable,30.2,Obese
80+,Male,Non-Smoker,Normoglycemic,Normal,Desirable,30.6,Obese
40-59,Male,Current Smoker,Normoglycemic,Stage 1 HTN,High,24.3,Non-Obese
60-79,Male,Non-Smoker,Normoglycemic,Stage 2 HTN,Very High,33.0,Obese
40-59,Female,Non-Smoker,Normoglycemic,Normal,Desirable,22.1,Non-Obese
40-59,Female,Non-Smoker,Normoglycemic,Stage 1 HTN,High,26.6,Non-Obese
60-79,Male,Current Smoker,Normoglycemic,Stage 1 HTN,Borderline High,26.7,Non-Obese
60-79,Female,Current Smoker,Normoglycemic,Elevated,Borderline High,31.4,Obese
60-79,Male,Non-Smoker,Normoglycemic,Normal,Borderline High,25.3,Non-Obese
20-39,Male,Current Smoker,Normoglycemic,Stage 2 HTN,Borderline High,21.3,Non-Obese
40-59,Male,Current Smoker,Diabetic,Stage 1 HTN,Borderline High,34.0,Obese
40-59,Female,Non-Smoker,Normoglycemic,Stage 1 HTN,Desirable,25.2,Non-Obese
60-79,Female,Non-Smoker,Normoglycemic,Normal,Desirable,28.7,Non-Obese
20-39,Female,Non-Smoker,Normoglycemic,Elevated,Borderline High,24.6,Non-Obese
40-59,Female,Non-Smoker,Normoglycemic,Normal,Desirable,22.9,Non-Obese
40-59,Male,Non-Smoker,Normoglycemic,Normal,Desirable,25.5,Non-Obese
40-59,Female,Non-Smoker,Normoglycemic,Elevated,Borderline High,33.0,Obese
20-39,Female,Non-Smoker,Normoglycemic,Normal,Desirable,27.0,Non-Obese
20-39,Female,Non-Smoker,Normoglycemic,Normal,Borderline High,25.0,Non-Obese
40-59,Male,Current Smoker,Normoglycemic,Stage 1 HTN,High,27.3,Non-Obese
60-79,Female,Current Smoker,Normoglycemic,Stage 1 HTN,High,28.5,Non-Obese
60-79,Male,Non-Smoker,Diabetic,Elevated,High,38.7,Obese
20-39,Female,Non-Smoker,Normoglycemic,Normal,Very High,22.1,Non-Obese
20-39,Male,Current Smoker,Normoglycemic,Stage 2 HTN,Borderline High,28.6,Non-Obese
40-59,Female,Non-Smoker,Normoglycemic,Normal,Desirable,29.9,Non-Obese
20-39,Female,Current Smoker,Normoglycemic,Stage 2 HTN,High,25.3,Non-Obese
20-39,Male,Current Smoker,Normoglycemic,Elevated,Very High,22.3,Non-Obese
60-79,Male,Non-Smoker,Normoglycemic,Stage 1 HTN,High,32.2,Obese
40-59,Female,Non-Smoker,Normoglycemic,Normal,Borderline High,26.3,Non-Obese
40-59,Male,Current Smoker,Diabetic,Stage 2 HTN,Very High,39.1,Obese
80+,Female,Non-Smoker,Diabetic,Elevated,Desirable,26.8,Non-Obese
40-59,Female,Non-Smoker,Normoglycemic,Normal,Desirable,25.4,Non-Obese
20-39,Male,Non-Smoker,Normoglycemic,Normal,Desirable,22.2,Non-Obese
20-39,Male,Non-Smoker,Normoglycemic,Elevated,Borderline High,21.3,Non-Obese
40-59,Female,Non-Smoker,Normoglycemic,Stage 2 HTN,Borderline High,28.9,Non-Obese
60-79,Male,Non-Smoker,Normoglycemic,Normal,Very High,26.6,Non-Obese
20-39,Female,Non-Smoker,Normoglycemic,Stage 1 HTN,Borderline High,28.7,Non-Obese
60-79,Female,Non-Smoker,Normoglycemic,Normal,Desirable,27.2,Non-Obese
20-39,Female,Non-Smoker,Normoglycemic,Normal,High,28.1,Non-Obese
60-79,Female,Non-Smoker,Normoglycemic,Normal,Borderline High,27.5,Non-Obese
40-59,Male,Non-Smoker,Normoglycemic,Normal,High,26.5,Non-Obese
60-79,Female,Non-Smoker,Normoglycemic,Stage 2 HTN,Desirable,31.5,Obese
40-59,Female,Non-Smoker,Normoglycemic,Elevated,Borderline High,29.8,Non-Obese
80+,Female,Non-Smoker,Normoglycemic,Normal,Desirable,24.7,Non-Obese
20-39,Male,Non-Smoker,Normoglycemic,Normal,Borderline High,27.9,Non-Obese
60-79,Female,Non-Smoker,Normoglycemic,Normal,Desirable,24.8,Non-Obese
20-39,Female,Non-Smoker,Normoglycemic,Normal,Desirable,21.8,Non-Obese
20-39,Female,Current Smoker,Normoglycemic,Stage 2 HTN,Desirable,22.4,Non-Obese
40-59,Female,Non-Smoker,Normoglycemic,Normal,Desirable,38.5,Obese
80+,Female,Non-Smoker,Diabetic,Stage 2 HTN,High,33.7,Obese
80+,Female,Non-Smoker,Normoglycemic,Normal,High,26.1,Non-Obese
60-79,Male,Current Smoker,Normoglycemic,Stage 2 HTN,High,29.1,Non-Obese
60-79,Female,Non-Smoker,Diabetic,Stage 2 HTN,Very High,29.6,Non-Obese
40-59,Female,Non-Smoker,Normoglycemic,Normal,Borderline High,20.6,Non-Obese
80+,Male,Non-Smoker,Diabetic,Stage 1 HTN,Borderline High,32.1,Obese
80+,Female,Non-Smoker,Normoglycemic,Elevated,Desirable,24.5,Non-Obese
40-59,Female,Current Smoker,Normoglycemic,Elevated,Very High,24.7,Non-Obese
20-39,Male,Non-Smoker,Normoglycemic,Normal,Desirable,33.7,Obese
80+,Male,Non-Smoker,Normoglycemic,Normal,Desirable,22.1,Non-Obese
40-59,Male,Non-Smoker,Normoglycemic,Normal,Desirable,22.2,Non-Obese
20-39,Male,Current Smoker,Normoglycemic,Normal,High,21.6,Non-Obese
20-39,Male,Non-Smoker,Diabetic,Stage 2 HTN,Desirable,32.5,Obese
40-59,Male,Non-Smoker,Normoglycemic,Normal,Borderline High,28.4,Non-Obese
20-39,Female,Non-Smoker,Normoglycemic,Stage 1 HTN,Very High,30.1,Obese
80+,Female,Non-Smoker,Normoglycemic,Normal,Very High,26.4,Non-Obese
80+,Female,Non-Smoker,Diabetic,Elevated,Borderline High,28.7,Non-Obese
40-59,Female,Non-Smoker,Normoglycemic,Normal,High,28.0,Non-Obese
80+,Male,Non-Smoker,Normoglycemic,Stage 2 HTN,Borderline High,23.0,Non-Obese
80+,Male,Non-Smoker,Normoglycemic,Normal,High,33.1,Obese
20-39,Male,Non-Smoker,Normoglycemic,Elevated,Borderline High,31.0,Obese
60-79,Male,Current Smoker,Normoglycemic,Stage 2 HTN,High,35.0,Obese
80+,Female,Current Smoker,Normoglycemic,Stage 1 HTN,Very High,30.1,Obese
60-79,Male,Non-Smoker,Normoglycemic,Normal,Borderline High,29.2,Non-Obese
60-79,Female,Non-Smoker,Normoglycemic,Normal,Desirable,18.4,Non-Obese
20-39,Male,Non-Smoker,Normoglycemic,Elevated,Very High,27.1,Non-Obese
80+,Male,Non-Smoker,Normoglycemic,Normal,High,28.6,Non-Obese
60-79,Male,Current Smoker,Normoglycemic,Elevated,High,28.0,Non-Obese
40-59,Male,Current Smoker,Normoglycemic,Stage 1 HTN,Borderline High,21.8,Non-Obese
60-79,Male,Non-Smoker,Normoglycemic,Stage 1 HTN,High,28.5,Non-Obese
60-79,Female,Non-Smoker,Normoglycemic,Normal,Desirable,19.6,Non-Obese
60-79,Male,Non-Smoker,Diabetic,Stage 2 HTN,Borderline High,32.0,Obese
60-79,Male,Non-Smoker,Normoglycemic,Elevated,Very High,23.8,Non-Obese
40-59,Female,Non-Smoker,Normoglycemic,Normal,Borderline High,30.9,Obese
80+,Female,Non-Smoker,Normoglycemic,Elevated,Desirable,25.8,Non-Obese
40-59,Female,Non-Smoker,Normoglycemic,Elevated,Borderline High,30.2,Obese
40-59,Female,Non-Smoker,Normoglycemic,Normal,Desirable,28.8,Non-Obese
40-59,Female,Non-Smoker,Normoglycemic,Normal,Very High,30.4,Obese
40-59,Female,Current Smoker,Normoglycemic,Stage 2 HTN,High,33.0,Obese
40-59,Male,Current Smoker,Normoglycemic,Stage 2 HTN,High,29.0,Non-Obese
60-79,Female,Non-Smoker,Diabetic,Stage 2 HTN,Desirable,23.8,Non-Obese
20-39,Female,Non-Smoker,Normoglycemic,Normal,Borderline High,19.6,Non-Obese
20-39,Female,Non-Smoker,Normoglycemic,Stage 1 HTN,High,27.7,Non-Obese
60-79,Male,Non-Smoker,Normoglycemic,Elevated,Desirable,25.8,Non-Obese
20-39,Female,Non-Smoker,Normoglycemic,Normal,Borderline High,21.2,Non-Obese
20-39,Female,Current Smoker,Normoglycemic,Stage 1 HTN,Very High,27.0,Non-Obese
20-39,Female,Non-Smoker,Normoglycemic,Normal,Desirable,18.1,Non-Obese
20-39,Female,Non-Smoker,Normoglycemic,Elevated,Borderline High,34.5,Obese
40-59,Female,Non-Smoker,Normoglycemic,Normal,Desirable,23.1,Non-Obese
40-59,Female,Non-Smoker,Normoglycemic,Elevated,High,35.8,Obese
20-39,Female,Non-Smoker,Normoglycemic,Elevated,Desirable,28.2,Non-Obese
20-39,Female,Non-Smoker,Normoglycemic,Elevated,High,32.7,Obese
40-59,Female,Current Smoker,Normoglycemic,Normal,High,27.0,Non-Obese
40-59,Male,Non-Smoker,Normoglycemic,Normal,Desirable,23.9,Non-Obese
60-79,Female,Non-Smoker,Normoglycemic,Stage 1 HTN,High,25.7,Non-Obese
20-39,Male,Non-Smoker,Normoglycemic,Elevated,Borderline High,24.9,Non-Obese
20-39,Male,Non-Smoker,Normoglycemic,Normal,Very High,29.4,Non-Obese
40-59,Male,Non-Smoker,Normoglycemic,Normal,Very High,29.4,Non-Obese
20-39,Female,Non-Smoker,Normoglycemic,Normal,Borderline High,23.8,Non-Obese
40-59,Female,Non-Smoker,Normoglycemic,Normal,Borderline High,36.2,Obese
40-59,Female,Non-Smoker,Diabetic,Normal,Borderline High,28.8,Non-Obese
60-79,Male,Non-Smoker,Diabetic,Stage 2 HTN,Borderline High,33.4,Obese
20-39,Female,Non-Smoker,Normoglycemic,Elevated,High,33.4,Obese
60-79,Female,Non-Smoker,Normoglycemic,Normal,Desirable,28.2,Non-Obese
60-79,Male,Non-Smoker,Normoglycemic,Elevated,Desirable,24.5,Non-Obese
40-59,Female,Non-Smoker,Normoglycemic,Elevated,Borderline High,27.9,Non-Obese
40-59,Female,Non-Smoker,Normoglycemic,Normal,Desirable,30.2,Obese
60-79,Male,Non-Smoker,Normoglycemic,Elevated,High,34.0,Obese
40-59,Female,Non-Smoker,Normoglycemic,Stage 1 HTN,High,26.0,Non-Obese
60-79,Male,Non-Smoker,Normoglycemic,Stage 1 HTN,Very High,27.4,Non-Obese
20-39,Female,Current Smoker,Normoglycemic,Stage 1 HTN,Desirable,19.9,Non-Obese
40-59,Male,Current Smoker,Normoglycemic,Stage 2 HTN,High,22.4,Non-Obese
60-79,Female,Non-Smoker,Diabetic,Stage 1 HTN,Desirable,33.8,Obese
60-79,Male,Non-Smoker,Normoglycemic,Normal,Very High,22.5,Non-Obese
40-59,Male,Non-Smoker,Normoglycemic,Normal,Desirable,22.7,Non-Obese
20-39,Female,Non-Smoker,Normoglycemic,Normal,Borderline High,26.2,Non-Obese
60-79,Female,Current Smoker,Normoglycemic,Stage 2 HTN,Desirable,23.5,Non-Obese
80+,Female,Non-Smoker,Normoglycemic,Normal,Borderline High,29.9,Non-Obese
80+,Male,Non-Smoker,Diabetic,Stage 2 HTN,High,29.4,Non-Obese
20-39,Male,Non-Smoker,Normoglycemic,Elevated,Very High,23.9,Non-Obese
40-59,Female,Non-Smoker,Normoglycemic,Normal,Desirable,30.6,Obese
60-79,Female,Non-Smoker,Normoglycemic,Normal,High,32.9,Obese
20-39,Male,Non-Smoker,Normoglycemic,Normal,Borderline High,28.1,Non-Obese
20-39,Male,Current Smoker,Normoglycemic,Elevated,Borderline High,18.6,Non-Obese
40-59,Male,Non-Smoker,Diabetic,Stage 2 HTN,Desirable,35.0,Obese
20-39,Female,Current Smoker,Normoglycemic,Stage 1 HTN,High,25.0,Non-Obese
20-39,Male,Non-Smoker,Normoglycemic,Normal,Desirable,23.2,Non-Obese
80+,Female,Current Smoker,Normoglycemic,Elevated,High,24.6,Non-Obese
60-79,Male,Current Smoker,Normoglycemic,Stage 2 HTN,High,25.0,Non-Obese
80+,Male,Non-Smoker,Normoglycemic,Normal,Desirable,24.2,Non-Obese
40-59,Male,Non-Smoker,Normoglycemic,Normal,Borderline High,26.4,Non-Obese
20-39,Male,Non-Smoker,Normoglycemic,Stage 1 HTN,High,28.4,Non-Obese
20-39,Female,Non-Smoker,Normoglycemic,Normal,Borderline High,20.8,Non-Obese
40-59,Female,Non-Smoker,Normoglycemic,Normal,Borderline High,30.1,Obese
40-59,Female,Non-Smoker,Diabetic,Normal,Desirable,30.5,Obese
40-59,Male,Non-Smoker,Normoglycemic,Elevated,Desirable,19.1,Non-Obese
40-59,Female,Current Smoker,Diabetic,Elevated,Borderline High,28.9,Non-Obese
20-39,Female,Non-Smoker,Normoglycemic,Normal,Borderline High,25.9,Non-Obese
60-79,Female,Current Smoker,Diabetic,Stage 1 HTN,Borderline High,34.4,Obese
20-39,Male,Current Smoker,Normoglycemic,Normal,High,19.5,Non-Obese
40-59,Female,Non-Smoker,Normoglycemic,Stage 2 HTN,Desirable,29.8,Non-Obese
60-79,Male,Current Smoker,Normoglycemic,Stage 1 HTN,Borderline High,27.6,Non-Obese
40-59,Female,Non-Smoker,Normoglycemic,Normal,Desirable,25.0,Non-Obese
40-59,Female,Non-Smoker,Normoglycemic,Elevated,High,26.4,Non-Obese
20-39,Female,Non-Smoker,Normoglycemic,Elevated,High,29.4,Non-Obese
40-59,Female,Non-Smoker,Normoglycemic,Stage 1 HTN,Very High,24.5,Non-Obese
40-59,Male,Non-Smoker,Normoglycemic,Stage 2 HTN,Very High,29.3,Non-Obese
40-59,Female,Non-Smoker,Normoglycemic,Stage 1 HTN,Borderline High,27.7,Non-Obese
60-79,Male,Current Smoker,Normoglycemic,Stage 1 HTN,Desirable,25.4,Non-Obese
60-79,Male,Non-Smoker,Normoglycemic,Normal,Desirable,21.2,Non-Obese
20-39,Male,Non-Smoker,Normoglycemic,Stage 1 HTN,High,27.4,Non-Obese
40-59,Male,Current Smoker,Normoglycemic,Stage 1 HTN,Very High,35.2,Obese
20-39,Female,Non-Smoker,Normoglycemic,Normal,Desirable,19.7,Non-Obese
20-39,Male,Non-Smoker,Normoglycemic,Normal,Desirable,26.0,Non-Obese
40-59,Male,Current Smoker,Normoglycemic,Normal,Desirable,19.4,Non-Obese
40-59,Male,Non-Smoker,Diabetic,Stage 2 HTN,Desirable,40.0,Obese
60-79,Female,Non-Smoker,Normoglycemic,Normal,Desirable,30.9,Obese
20-39,Male,Non-Smoker,Normoglycemic,Normal,Desirable,20.8,Non-Obese
40-59,Male,Non-Smoker,Normoglycemic,Elevated,High,21.6,Non-Obese
40-59,Female,Current Smoker,Normoglycemic,Normal,Very High,21.1,Non-Obese
40-59,Female,Non-Smoker,Normoglycemic,Stage 1 HTN,Desirable,34.2,Obese
60-79,Male,Non-Smoker,Normoglycemic,Normal,High,33.0,Obese
20-39,Male,Current Smoker,Normoglycemic,Stage 1 HTN,Borderline High,19.2,Non-Obese
60-79,Male,Non-Smoker,Normoglycemic,Stage 1 HTN,Borderline High,30.7,Obese
60-79,Male,Non-Smoker,Normoglycemic,Stage 1 HTN,High,25.7,Non-Obese
20-39,Female,Non-Smoker,Normoglycemic,Normal,Desirable,22.0,Non-Obese
40-59,Female,Non-Smoker,Normoglycemic,Normal,High,23.2,Non-Obese
60-79,Female,Non-Smoker,Normoglycemic,Normal,High,31.4,Obese
20-39,Male,Non-Smoker,Normoglycemic,Stage 1 HTN,High,20.3,Non-Obese
80+,Female,Current Smoker,Normoglycemic,Stage 2 HTN,Desirable,31.2,Obese
80+,Female,Non-Smoker,Normoglycemic,Stage 2 HTN,Desirable,31.5,Obese
20-39,Female,Current Smoker,Normoglycemic,Elevated,Desirable,21.5,Non-Obese
40-59,Female,Non-Smoker,Normoglycemic,Elevated,Borderline High,28.4,Non-Obese
20-39,Male,Non-Smoker,Normoglycemic,Stage 1 HTN,Desirable,28.9,Non-Obese
80+,Female,Non-Smoker,Diabetic,Stage 2 HTN,High,31.1,Obese
40-59,Female,Non-Smoker,Normoglycemic,Normal,Borderline High,28.4,Non-Obese
20-39,Female,Non-Smoker,Normoglycemic,Elevated,Borderline High,25.1,Non-Obese
40-59,Male,Non-Smoker,Diabetic,Stage 2 HTN,Borderline High,40.1,Obese
60-79,Male,Current Smoker,Normoglycemic,Elevated,High,25.2,Non-Obese
40-59,Female,Non-Smoker,Normoglycemic,Normal,Desirable,31.7,Obese
20-39,Male,Non-Smoker,Normoglycemic,Normal,High,28.7,Non-Obese
60-79,Female,Current Smoker,Normoglycemic,Stage 1 HTN,Very High,22.3,Non-Obese
20-39,Male,Non-Smoker,Normoglycemic,Stage 1 HTN,Borderline High,32.0,Obese
20-39,Male,Current Smoker,Normoglycemic,Stage 2 HTN,Desirable,30.9,Obese
20-39,Male,Non-Smoker,Normoglycemic,Normal,High,26.9,Non-Obese
60-79,Female,Non-Smoker,Normoglycemic,Normal,Borderline High,29.5,Non-Obese
80+,Male,Non-Smoker,Normoglycemic,Normal,Desirable,25.1,Non-Obese
60-79,Female,Non-Smoker,Diabetic,Stage 2 HTN,Borderline High,31.3,Obese
20-39,Female,Non-Smoker,Normoglycemic,Normal,Very High,20.7,Non-Obese
20-39,Male,Non-Smoker,Normoglycemic,Normal,Desirable,19.2,Non-Obese
80+,Male,Non-Smoker,Normoglycemic,Normal,Desirable,24.9,Non-Obese
60-79,Female,Non-Smoker,Diabetic,Stage 2 HTN,Borderline High,36.8,Obese
20-39,Female,Current Smoker,Normoglycemic,Stage 1 HTN,Desirable,22.8,Non-Obese
20-39,Male,Non-Smoker,Normoglycemic,Elevated,Borderline High,28.7,Non-Obese
40-59,Male,Current Smoker,Normoglycemic,Normal,High,30.3,Obese
80+,Female,Non-Smoker,Diabetic,Stage 2 HTN,High,25.1,Non-Obese
20-39,Male,Non-Smoker,Normoglycemic,Normal,Borderline High,20.1,Non-Obese
60-79,Female,Current Smoker,Diabetic,Stage 2 HTN,Very High,28.7,Non-Obese
40-59,Female,Non-Smoker,Normoglycemic,Normal,Desirable,28.3,Non-Obese
20-39,Female,Non-Smoker,Normoglycemic,Elevated,Desirable,28.0,Non-Obese
60-79,Male,Current Smoker,Normoglycemic,Stage 2 HTN,High,27.7,Non-Obese
60-79,Female,Current Smoker,Normoglycemic,Normal,Borderline High,33.2,Obese
20-39,Female,Non-Smoker,Normoglycemic,Elevated,High,31.1,Obese
40-59,Female,Current Smoker,Normoglycemic,Elevated,Borderline High,28.9,Non-Obese
60-79,Male,Non-Smoker,Diabetic,Stage 2 HTN,Desirable,37.5,Obese
40-59,Female,Non-Smoker,Normoglycemic,Normal,Desirable,24.8,Non-Obese
20-39,Male,Non-Smoker,Normoglycemic,Stage 1 HTN,Borderline High,24.6,Non-Obese
80+,Female,Current Smoker,Normoglycemic,Stage 1 HTN,High,25.6,Non-Obese
60-79,Female,Non-Smoker,Diabetic,Stage 2 HTN,Borderline High,33.5,Obese
40-59,Female,Non-Smoker,Normoglycemic,Normal,Desirable,24.4,Non-Obese
40-59,Female,Non-Smoker,Normoglycemic,Normal,Very High,26.0,Non-Obese
20-39,Male,Non-Smoker,Normoglycemic,Normal,Desirable,30.8,Obese
20-39,Female,Non-Smoker,Normoglycemic,Normal,Borderline High,20.4,Non-Obese
40-59,Male,Non-Smoker,Normoglycemic,Elevated,High,33.7,Obese
60-79,Male,Non-Smoker,Normoglycemic,Normal,Desirable,23.5,Non-Obese
40-59,Female,Non-Smoker,Normoglycemic,Normal,High,30.1,Obese
60-79,Male,Current Smoker,Normoglycemic,Stage 1 HTN,Desirable,37.3,Obese
40-59,Male,Non-Smoker,Normoglycemic,Normal,Desirable,29.3,Non-Obese
60-79,Male,Non-Smoker,Normoglycemic,Normal,High,22.4,Non-Obese
60-79,Male,Non-Smoker,Normoglycemic,Elevated,High,27.7,Non-Obese
60-79,Male,Current Smoker,Normoglycemic,Stage 2 HTN,Very High,31.1,Obese
20-39,Female,Non-Smoker,Normoglycemic,Normal,Borderline High,23.8,Non-Obese
80+,Male,Non-Smoker,Normoglycemic,Normal,Very High,28.1,Non-Obese
60-79,Female,Non-Smoker,Diabetic,Stage 1 HTN,Desirable,23.8,Non-Obese
60-79,Male,Non-Smoker,Normoglycemic,Stage 1 HTN,Desirable,23.9,Non-Obese
60-79,Male,Non-Smoker,Normoglycemic,Normal,Desirable,29.2,Non-Obese
80+,Male,Non-Smoker,Normoglycemic,Normal,Very High,23.6,Non-Obese
60-79,Male,Current Smoker,Normoglycemic,Normal,Borderline High,28.3,Non-Obese
60-79,Female,Non-Smoker,Normoglycemic,Normal,Desirable,28.4,Non-Obese
60-79,Male,Non-Smoker,Diabetic,Stage 2 HTN,Desirable,28.7,Non-Obese
40-59,Female,Non-Smoker,Normoglycemic,Normal,Desirable,27.1,Non-Obese
80+,Male,Non-Smoker,Diabetic,Elevated,Borderline High,31.3,Obese
40-59,Female,Non-Smoker,Normoglycemic,Stage 1 HTN,Borderline High,33.6,Obese
20-39,Female,Non-Smoker,Normoglycemic,Normal,Borderline High,21.7,Non-Obese
40-59,Male,Non-Smoker,Normoglycemic,Normal,Borderline High,31.3,Obese
60-79,Male,Non-Smoker,Normoglycemic,Normal,Desirable,27.7,Non-Obese
40-59,Female,Non-Smoker,Normoglycemic,Normal,Desirable,25.4,Non-Obese
20-39,Female,Non-Smoker,Normoglycemic,Normal,Desirable,24.6,Non-Obese
80+,Male,Non-Smoker,Diabetic,Stage 2 HTN,Borderline High,37.2,Obese
60-79,Male,Non-Smoker,Normoglycemic,Normal,Borderline High,27.9,Non-Obese
60-79,Female,Non-Smoker,Normoglycemic,Normal,High,30.4,Obese
60-79,Male,Current Smoker,Normoglycemic,Elevated,Very High,26.3,Non-Obese
20-39,Male,Non-Smoker,Normoglycemic,Stage 1 HTN,Very High,22.9,Non-Obese
60-79,Female,Non-Smoker,Normoglycemic,Normal,Desirable,27.8,Non-Obese
20-39,Female,Non-Smoker,Normoglycemic,Normal,Desirable,24.0,Non-Obese
20-39,Female,Non-Smoker,Normoglycemic,Normal,Desirable,18.8,Non-Obese
40-59,Male,Current Smoker,Normoglycemic,Normal,High,27.0,Non-Obese
80+,Female,Non-Smoker,Normoglycemic,Stage 2 HTN,Desirable,23.1,Non-Obese
60-79,Male,Non-Smoker,Normoglycemic,Stage 1 HTN,High,31.3,Obese
60-79,Male,Non-Smoker,Normoglycemic,Elevated,Borderline High,27.4,Non-Obese
40-59,Female,Non-Smoker,Normoglycemic,Normal,High,20.8,Non-Obese
40-59,Male,Current Smoker,Normoglycemic,Stage 1 HTN,High,27.9,Non-Obese
60-79,Male,Current Smoker,Diabetic,Stage 2 HTN,High,29.3,Non-Obese
60-79,Male,Current Smoker,Normoglycemic,Stage 2 HTN,Very High,28.9,Non-Obese
40-59,Male,Current Smoker,Normoglycemic,Stage 2 HTN,Very High,21.9,Non-Obese
40-59,Male,Non-Smoker,Normoglycemic,Elevated,Desirable,27.0,Non-Obese
40-59,Male,Current Smoker,Normoglycemic,Stage 2 HTN,Borderline High,30.8,Obese
60-79,Female,Current Smoker,Normoglycemic,Stage 2 HTN,Desirable,27.3,Non-Obese
40-59,Female,Non-Smoker,Normoglycemic,Stage 1 HTN,High,23.1,Non-Obese
40-59,Male,Non-Smoker,Normoglycemic,Stage 1 HTN,Borderline High,29.3,Non-Obese
60-79,Female,Non-Smoker,Normoglycemic,Normal,Desirable,20.3,Non-Obese
20-39,Female,Current Smoker,Normoglycemic,Stage 2 HTN,Desirable,24.1,Non-Obese
40-59,Female,Non-Smoker,Normoglycemic,Normal,High,28.9,Non-Obese
40-59,Male,Non-Smoker,Normoglycemic,Normal,Desirable,25.5,Non-Obese
60-79,Female,Non-Smoker,Normoglycemic,Normal,High,28.8,Non-Obese
40-59,Male,Non-Smoker,Normoglycemic,Normal,High,26.2,Non-Obese
60-79,Female,Current Smoker,Diabetic,Elevated,Borderline High,25.4,Non-Obese
20-39,Female,Non-Smoker,Normoglycemic,Stage 1 HTN,High,32.8,Obese
60-79,Male,Current Smoker,Normoglycemic,Elevated,Borderline High,22.8,Non-Obese
60-79,Female,Non-Smoker,Normoglycemic,Elevated,High,29.9,Non-Obese
40-59,Female,Non-Smoker,Normoglycemic,Stage 1 HTN,Borderline High,34.1,Obese
60-79,Male,Non-Smoker,Normoglycemic,Stage 2 HTN,Very High,32.3,Obese
20-39,Female,Non-Smoker,Normoglycemic,Normal,Very High,23.3,Non-Obese
20-39,Female,Current Smoker,Normoglycemic,Stage 2 HTN,Desirable,19.7,Non-Obese
40-59,Male,Non-Smoker,Normoglycemic,Stage 1 HTN,Desirable,30.5,Obese
20-39,Male,Current Smoker,Normoglycemic,Stage 1 HTN,Borderline High,29.8,Non-Obese
60-79,Male,Non-Smoker,Normoglycemic,Elevated,Desirable,19.8,Non-Obese
20-39,Male,Non-Smoker,Normoglycemic,Stage 2 HTN,High,29.3,Non-Obese
60-79,Male,Non-Smoker,Normoglycemic,Normal,Very High,21.8,Non-Obese
20-39,Female,Non-Smoker,Normoglycemic,Stage 1 HTN,Desirable,31.1,Obese
60-79,Female,Non-Smoker,Normoglycemic,Normal,High,34.1,Obese
60-79,Male,Current Smoker,Normoglycemic,Stage 1 HTN,Very High,27.4,Non-Obese
40-59,Female,Non-Smoker,Normoglycemic,Normal,Desirable,25.7,Non-Obese
40-59,Female,Non-Smoker,Normoglycemic,Normal,Desirable,28.4,Non-Obese
60-79,Female,Non-Smoker,Normoglycemic,Normal,Desirable,25.4,Non-Obese
20-39,Female,Current Smoker,Normoglycemic,Elevated,Borderline High,29.5,Non-Obese
40-59,Female,Non-Smoker,Normoglycemic,Normal,Desirable,25.3,Non-Obese
80+,Male,Current Smoker,Normoglycemic,Stage 2 HTN,High,26.4,Non-Obese
80+,Female,Non-Smoker,Normoglycemic,Normal,Very High,19.2,Non-Obese
20-39,Male,Current Smoker,Normoglycemic,Normal,High,28.5,Non-Obese
20-39,Male,Current Smoker,Normoglycemic,Stage 1 HTN,Desirable,24.6,Non-Obese
60-79,Female,Current Smoker,Normoglycemic,Stage 2 HTN,Borderline High,25.7,Non-Obese
20-39,Female,Current Smoker,Normoglycemic,Stage 1 HTN,High,26.8,Non-Obese
20-39,Female,Non-Smoker,Normoglycemic,Normal,Desirable,21.7,Non-Obese
60-79,Female,Non-Smoker,Normoglycemic,Normal,Borderline High,18.8,Non-Obese
20-39,Male,Non-Smoker,Normoglycemic,Normal,Borderline High,28.7,Non-Obese
60-79,Female,Non-Smoker,Diabetic,Stage 1 HTN,Very High,38.4,Obese
40-59,Female,Non-Smoker,Normoglycemic,Stage 1 HTN,Desirable,28.2,Non-Obese
40-59,Female,Non-Smoker,Normoglycemic,Normal,Desirable,24.1,Non-Obese
40-59,Female,Non-Smoker,Normoglycemic,Stage 2 HTN,Desirable,33.7,Obese
40-59,Male,Non-Smoker,Normoglycemic,Elevated,High,29.5,Non-Obese
40-59,Female,Non-Smoker,Normoglycemic,Normal,Desirable,27.1,Non-Obese
40-59,Female,Non-Smoker,Normoglycemic,Normal,Borderline High,33.0,Obese
60-79,Female,Non-Smoker,Diabetic,Stage 2 HTN,Borderline High,30.5,Obese
40-59,Female,Non-Smoker,Normoglycemic,Stage 2 HTN,Desirable,26.5,Non-Obese
60-79,Female,Non-Smoker,Normoglycemic,Normal,Desirable,24.7,Non-Obese
20-39,Male,Non-Smoker,Normoglycemic,Normal,Desirable,22.1,Non-Obese
60-79,Female,Non-Smoker,Normoglycemic,Normal,Very High,27.7,Non-Obese
40-59,Female,Current Smoker,Normoglycemic,Elevated,Borderline High,30.7,Obese
40-59,Male,Non-Smoker,Normoglycemic,Stage 1 HTN,Desirable,31.2,Obese
40-59,Female,Current Smoker,Diabetic,Stage 2 HTN,High,31.3,Obese
80+,Female,Non-Smoker,Diabetic,Elevated,Desirable,31.2,Obese
60-79,Female,Non-Smoker,Normoglycemic,Normal,Desirable,23.6,Non-Obese
40-59,Female,Non-Smoker,Normoglycemic,Normal,Very High,28.0,Non-Obese
20-39,Female,Non-Smoker,Normoglycemic,Normal,Desirable,30.4,Obese
60-79,Female,Non-Smoker,Diabetic,Stage 1 HTN,Borderline High,30.8,Obese
20-39,Female,Non-Smoker,Diabetic,Stage 2 HTN,Desirable,35.6,Obese
40-59,Female,Non-Smoker,Diabetic,Stage 2 HTN,Borderline High,36.8,Obese
80+,Female,Current Smoker,Diabetic,Stage 2 HTN,Very High,23.3,Non-Obese
40-59,Female,Non-Smoker,Normoglycemic,Normal,Borderline High,29.5,Non-Obese
40-59,Female,Current Smoker,Normoglycemic,Normal,Desirable,26.3,Non-Obese
40-59,Female,Current Smoker,Normoglycemic,Stage 2 HTN,Desirable,24.8,Non-Obese
60-79,Male,Current Smoker,Normoglycemic,Stage 2 HTN,Desirable,32.5,Obese
40-59,Female,Current Smoker,Normoglycemic,Normal,High,30.1,Obese
80+,Female,Non-Smoker,Normoglycemic,Normal,High,22.0,Non-Obese
40-59,Female,Non-Smoker,Normoglycemic,Normal,Borderline High,26.4,Non-Obese
20-39,Male,Non-Smoker,Normoglycemic,Stage 1 HTN,High,35.7,Obese
40-59,Male,Non-Smoker,Normoglycemic,Stage 1 HTN,High,24.0,Non-Obese
40-59,Female,Non-Smoker,Normoglycemic,Normal,High,30.4,Obese
40-59,Female,Non-Smoker,Normoglycemic,Normal,Desirable,20.8,Non-Obese
20-39,Female,Non-Smoker,Normoglycemic,Normal,Very High,19.8,Non-Obese
60-79,Female,Non-Smoker,Normoglycemic,Normal,Desirable,24.2,Non-Obese
40-59,Male,Non-Smoker,Diabetic,Stage 2 HTN,High,30.6,Obese
40-59,Male,Current Smoker,Normoglycemic,Stage 1 HTN,Very High,35.5,Obese
40-59,Male,Non-Smoker,Normoglycemic,Normal,Desirable,23.3,Non-Obese
80+,Male,Current Smoker,Normoglycemic,Normal,Desirable,19.5,Non-Obese
60-79,Female,Non-Smoker,Normoglycemic,Stage 1 HTN,Desirable,33.5,Obese
40-59,Male,Current Smoker,Normoglycemic,Stage 2 HTN,High,26.5,Non-Obese
40-59,Female,Non-Smoker,Normoglycemic,Normal,Desirable,27.1,Non-Obese
20-39,Female,Non-Smoker,Normoglycemic,Normal,Very High,27.3,Non-Obese
40-59,Male,Non-Smoker,Normoglycemic,Elevated,Borderline High,30.1,Obese
20-39,Male,Non-Smoker,Normoglycemic,Elevated,High,26.9,Non-Obese
20-39,Female,Non-Smoker,Normoglycemic,Normal,Desirable,26.2,Non-Obese
80+,Male,Current Smoker,Normoglycemic,Stage 1 HTN,Borderline High,23.9,Non-Obese
80+,Female,Current Smoker,Normoglycemic,Stage 1 HTN,Borderline High,24.1,Non-Obese
60-79,Male,Non-Smoker,Normoglycemic,Normal,Desirable,31.3,Obese
60-79,Female,Non-Smoker,Normoglycemic,Elevated,Borderline High,25.5,Non-Obese
80+,Female,Non-Smoker,Normoglycemic,Normal,Very High,22.6,Non-Obese
60-79,Male,Current Smoker,Diabetic,Stage 2 HTN,Very High,38.2,Obese
20-39,Male,Non-Smoker,Normoglycemic,Normal,Desirable,25.9,Non-Obese
20-39,Male,Current Smoker,Normoglycemic,Elevated,Borderline High,20.2,Non-Obese
20-39,Male,Non-Smoker,Normoglycemic,Normal,Desirable,28.4,Non-Obese
60-79,Female,Non-Smoker,Normoglycemic,Stage 2 HTN,Desirable,31.4,Obese
20-39,Male,Non-Smoker,Normoglycemic,Elevated,Borderline High,27.6,Non-Obese
20-39,Male,Non-Smoker,Normoglycemic,Normal,High,26.2,Non-Obese
20-39,Female,Non-Smoker,Normoglycemic,Normal,Borderline High,20.2,Non-Obese
60-79,Female,Non-Smoker,Diabetic,Stage 2 HTN,Desirable,38.8,Obese
20-39,Male,Current Smoker,Normoglycemic,Normal,Very High,20.7,Non-Obese
60-79,Male,Non-Smoker,Normoglycemic,Normal,Borderline High,28.0,Non-Obese
60-79,Female,Non-Smoker,Normoglycemic,Normal,Borderline High,27.4,Non-Obese
60-79,Male,Non-Smoker,Normoglycemic,Elevated,Desirable,29.2,Non-Obese
40-59,Male,Current Smoker,Diabetic,Stage 2 HTN,Desirable,30.4,Obese
60-79,Male,Non-Smoker,Diabetic,Stage 1 HTN,High,35.5,Obese
80+,Male,Current Smoker,Normoglycemic,Elevated,Borderline High,21.3,Non-Obese
60-79,Male,Non-Smoker,Diabetic,Stage 1 HTN,Desirable,34.6,Obese
20-39,Female,Non-Smoker,Normoglycemic,Stage 1 HTN,Borderline High,28.4,Non-Obese
40-59,Male,Non-Smoker,Diabetic,Stage 1 HTN,Borderline High,32.4,Obese
40-59,Male,Non-Smoker,Normoglycemic,Normal,Very High,27.6,Non-Obese
20-39,Female,Non-Smoker,Normoglycemic,Normal,Desirable,21.9,Non-Obese
40-59,Female,Non-Smoker,Normoglycemic,Elevated,High,20.4,Non-Obese
60-79,Female,Non-Smoker,Diabetic,Stage 2 HTN,High,28.7,Non-Obese
40-59,Female,Current Smoker,Normoglycemic,Stage 1 HTN,Very High,33.8,Obese
40-59,Female,Non-Smoker,Normoglycemic,Stage 1 HTN,Very High,30.8,Obese
80+,Female,Current Smoker,Normoglycemic,Elevated,High,36.0,Obese
40-59,Female,Non-Smoker,Normoglycemic,Normal,Borderline High,28.6,Non-Obese
60-79,Male,Non-Smoker,Normoglycemic,Normal,High,25.9,Non-Obese
40-59,Male,Non-Smoker,Normoglycemic,Elevated,Borderline High,29.9,Non-Obese
80+,Male,Non-Smoker,Normoglycemic,Normal,Very High,22.4,Non-Obese
40-59,Male,Non-Smoker,Normoglycemic,Elevated,High,28.4,Non-Obese
20-39,Female,Current Smoker,Normoglycemic,Normal,Borderline High,34.3,Obese
20-39,Male,Current Smoker,Normoglycemic,Stage 2 HTN,Borderline High,27.1,Non-Obese
40-59,Male,Non-Smoker,Normoglycemic,Normal,Desirable,31.5,Obese
60-79,Male,Non-Smoker,Diabetic,Stage 2 HTN,Desirable,35.0,Obese
40-59,Female,Non-Smoker,Normoglycemic,Normal,Very High,34.0,Obese
40-59,Male,Current Smoker,Normoglycemic,Stage 1 HTN,Very High,30.7,Obese
40-59,Male,Non-Smoker,Normoglycemic,Elevated,Borderline High,29.5,Non-Obese
60-79,Female,Non-Smoker,Normoglycemic,Normal,High,23.5,Non-Obese
60-79,Female,Non-Smoker,Diabetic,Stage 1 HTN,High,33.2,Obese
80+,Male,Non-Smoker,Normoglycemic,Normal,Very High,21.9,Non-Obese
60-79,Female,Non-Smoker,Normoglycemic,Elevated,High,24.5,Non-Obese
20-39,Male,Non-Smoker,Normoglycemic,Normal,Borderline High,24.2,Non-Obese
40-59,Male,Current Smoker,Normoglycemic,Normal,High,24.9,Non-Obese
80+,Male,Non-Smoker,Normoglycemic,Elevated,Borderline High,23.8,Non-Obese
80+,Male,Non-Smoker,Diabetic,Stage 1 HTN,High,25.0,Non-Obese
40-59,Male,Non-Smoker,Normoglycemic,Normal,Borderline High,25.7,Non-Obese
60-79,Female,Non-Smoker,Normoglycemic,Elevated,Borderline High,30.5,Obese
40-59,Male,Non-Smoker,Diabetic,Normal,Borderline High,24.0,Non-Obese
60-79,Male,Non-Smoker,Diabetic,Stage 1 HTN,Borderline High,30.9,Obese
20-39,Male,Non-Smoker,Diabetic,Stage 1 HTN,Borderline High,29.9,Non-Obese
60-79,Male,Current Smoker,Diabetic,Elevated,Borderline High,37.6,Obese
40-59,Female,Non-Smoker,Normoglycemic,Normal,High,29.0,Non-Obese
80+,Female,Non-Smoker,Normoglycemic,Normal,Very High,31.0,Obese
20-39,Male,Non-Smoker,Diabetic,Stage 2 HTN,Borderline High,34.4,Obese
60-79,Female,Non-Smoker,Normoglycemic,Stage 1 HTN,Desirable,25.3,Non-Obese
40-59,Female,Non-Smoker,Normoglycemic,Normal,Desirable,23.4,Non-Obese
20-39,Male,Current Smoker,Normoglycemic,Stage 1 HTN,Desirable,24.1,Non-Obese
60-79,Female,Non-Smoker,Normoglycemic,Normal,Very High,23.8,Non-Obese
80+,Female,Non-Smoker,Diabetic,Stage 2 HTN,Borderline High,23.1,Non-Obese
20-39,Female,Non-Smoker,Diabetic,Stage 1 HTN,Desirable,30.2,Obese
80+,Male,Non-Smoker,Normoglycemic,Stage 2 HTN,High,28.4,Non-Obese
40-59,Female,Non-Smoker,Diabetic,Stage 2 HTN,Desirable,26.5,Non-Obese
60-79,Male,Non-Smoker,Diabetic,Stage 2 HTN,Borderline High,29.4,Non-Obese
60-79,Female,Non-Smoker,Normoglycemic,Stage 1 HTN,Desirable,29.0,Non-Obese
60-79,Female,Non-Smoker,Normoglycemic,Elevated,Borderline High,28.7,Non-Obese
60-79,Female,Non-Smoker,Normoglycemic,Normal,Desirable,29.9,Non-Obese
20-39,Male,Non-Smoker,Normoglycemic,Normal,High,27.9,Non-Obese
60-79,Male,Current Smoker,Normoglycemic,Stage 1 HTN,Borderline High,26.8,Non-Obese
60-79,Female,Non-Smoker,Normoglycemic,Normal,Borderline High,24.5,Non-Obese
20-39,Female,Non-Smoker,Normoglycemic,Normal,Borderline High,25.8,Non-Obese
60-79,Male,Current Smoker,Normoglycemic,Stage 1 HTN,Borderline High,24.9,Non-Obese
40-59,Female,Non-Smoker,Normoglycemic,Normal,Borderline High,28.3,Non-Obese
20-39,Female,Non-Smoker,Normoglycemic,Normal,High,22.4,Non-Obese
40-59,Male,Non-Smoker,Normoglycemic,Stage 1 HTN,High,38.6,Obese
20-39,Male,Non-Smoker,Normoglycemic,Stage 2 HTN,Desirable,30.8,Obese
40-59,Male,Non-Smoker,Normoglycemic,Normal,Borderline High,29.0,Non-Obese
60-79,Female,Current Smoker,Normoglycemic,Stage 1 HTN,Very High,28.0,Non-Obese
60-79,Male,Non-Smoker,Normoglycemic,Normal,Very High,22.2,Non-Obese
20-39,Male,Non-Smoker,Normoglycemic,Normal,Borderline High,24.7,Non-Obese
60-79,Female,Non-Smoker,Normoglycemic,Normal,Borderline High,25.0,Non-Obese
60-79,Female,Non-Smoker,Diabetic,Stage 2 HTN,Borderline High,32.5,Obese
60-79,Female,Non-Smoker,Diabetic,Elevated,High,35.6,Obese
80+,Female,Non-Smoker,Normoglycemic,Normal,Desirable,21.0,Non-Obese
20-39,Male,Non-Smoker,Normoglycemic,Stage 2 HTN,Desirable,25.3,Non-Obese
40-59,Male,Non-Smoker,Normoglycemic,Stage 1 HTN,Borderline High,31.8,Obese
80+,Female,Non-Smoker,Normoglycemic,Normal,Borderline High,26.0,Non-Obese
20-39,Female,Non-Smoker,Normoglycemic,Elevated,Desirable,19.8,Non-Obese
60-79,Female,Non-Smoker,Diabetic,Stage 2 HTN,Desirable,30.2,Obese
20-39,Female,Non-Smoker,Normoglycemic,Normal,Desirable,19.5,Non-Obese
20-39,Female,Non-Smoker,Normoglycemic,Normal,Borderline High,26.5,Non-Obese
20-39,Female,Non-Smoker,Normoglycemic,Stage 1 HTN,Desirable,28.5,Non-Obese
60-79,Female,Non-Smoker,Normoglycemic,Normal,High,26.9,Non-Obese
40-59,Male,Current Smoker,Normoglycemic,Stage 1 HTN,High,27.9,Non-Obese
20-39,Female,Non-Smoker,Diabetic,Stage 1 HTN,High,32.8,Obese
40-59,Male,Non-Smoker,Normoglycemic,Normal,High,23.0,Non-Obese
60-79,Male,Non-Smoker,Normoglycemic,Normal,High,23.0,Non-Obese
40-59,Female,Non-Smoker,Normoglycemic,Elevated,Borderline High,25.8,Non-Obese
20-39,Male,Non-Smoker,Normoglycemic,Normal,Desirable,27.5,Non-Obese
60-79,Female,Non-Smoker,Normoglycemic,Normal,Desirable,27.4,Non-Obese
80+,Male,Non-Smoker,Normoglycemic,Normal,High,23.3,Non-Obese
40-59,Female,Non-Smoker,Normoglycemic,Stage 1 HTN,Very High,31.8,Obese
40-59,Female,Non-Smoker,Diabetic,Stage 2 HTN,High,31.0,Obese
40-59,Male,Current Smoker,Normoglycemic,Normal,Borderline High,24.9,Non-Obese
60-79,Female,Non-Smoker,Normoglycemic,Stage 2 HTN,Borderline High,29.7,Non-Obese
40-59,Male,Current Smoker,Normoglycemic,Stage 1 HTN,High,32.4,Obese
20-39,Female,Current Smoker,Normoglycemic,Normal,High,23.0,Non-Obese
60-79,Female,Non-Smoker,Normoglycemic,Elevated,High,28.6,Non-Obese
80+,Male,Non-Smoker,Diabetic,Stage 1 HTN,Borderline High,23.8,Non-Obese
40-59,Male,Current Smoker,Diabetic,Stage 2 HTN,Borderline High,29.6,Non-Obese
60-79,Male,Non-Smoker,Normoglycemic,Stage 1 HTN,High,29.3,Non-Obese
20-39,Female,Non-Smoker,Normoglycemic,Normal,Borderline High,26.4,Non-Obese
60-79,Female,Non-Smoker,Normoglycemic,Normal,High,27.5,Non-Obese
20-39,Female,Current Smoker,Normoglycemic,Elevated,Desirable,23.3,Non-Obese
20-39,Male,Non-Smoker,Normoglycemic,Normal,High,26.8,Non-Obese
20-39,Female,Current Smoker,Normoglycemic,Stage 2 HTN,Borderline High,28.4,Non-Obese
60-79,Male,Non-Smoker,Normoglycemic,Stage 1 HTN,High,25.7,Non-Obese
60-79,Female,Non-Smoker,Normoglycemic,Normal,High,26.3,Non-Obese
20-39,Female,Non-Smoker,Normoglycemic,Stage 1 HTN,Borderline High,27.9,Non-Obese
20-39,Female,Current Smoker,Normoglycemic,Elevated,Borderline High,27.4,Non-Obese
40-59,Female,Non-Smoker,Normoglycemic,Normal,High,24.1,Non-Obese
40-59,Female,Non-Smoker,Normoglycemic,Normal,Desirable,28.2,Non-Obese
40-59,Female,Non-Smoker,Normoglycemic,Stage 1 HTN,Desirable,26.4,Non-Obese
80+,Female,Non-Smoker,Normoglycemic,Elevated,Borderline High,23.7,Non-Obese
80+,Female,Non-Smoker,Diabetic,Stage 2 HTN,Borderline High,27.6,Non-Obese
20-39,Male,Current Smoker,Normoglycemic,Normal,Desirable,21.5,Non-Obese
40-59,Female,Non-Smoker,Normoglycemic,Stage 1 HTN,Desirable,24.7,Non-Obese
60-79,Male,Current Smoker,Normoglycemic,Stage 2 HTN,High,29.5,Non-Obese
40-59,Male,Non-Smoker,Normoglycemic,Normal,Very High,27.4,Non-Obese
40-59,Female,Non-Smoker,Normoglycemic,Normal,Desirable,25.9,Non-Obese
40-59,Male,Non-Smoker,Normoglycemic,Normal,High,27.7,Non-Obese
60-79,Female,Non-Smoker,Normoglycemic,Normal,High,24.7,Non-Obese
80+,Female,Non-Smoker,Normoglycemic,Normal,Desirable,20.1,Non-Obese
20-39,Female,Non-Smoker,Normoglycemic,Normal,Desirable,27.1,Non-Obese
20-39,Female,Current Smoker,Normoglycemic,Normal,Desirable,19.3,Non-Obese
40-59,Female,Non-Smoker,Normoglycemic,Normal,Desirable,27.2,Non-Obese
80+,Female,Non-Smoker,Normoglycemic,Normal,High,23.7,Non-Obese
60-79,Female,Non-Smoker,Normoglycemic,Elevated,Borderline High,27.0,Non-Obese
40-59,Male,Non-Smoker,Normoglycemic,Normal,High,27.9,Non-Obese
60-79,Male,Current Smoker,Normoglycemic,Stage 2 HTN,Desirable,31.7,Obese
60-79,Female,Non-Smoker,Normoglycemic,Normal,High,23.6,Non-Obese
80+,Male,Non-Smoker,Normoglycemic,Normal,High,33.1,Obese
20-39,Male,Current Smoker,Normoglycemic,Stage 1 HTN,Very High,27.9,Non-Obese
60-79,Male,Non-Smoker,Normoglycemic,Normal,Borderline High,29.6,Non-Obese
20-39,Male,Non-Smoker,Normoglycemic,Elevated,Desirable,29.8,Non-Obese
40-59,Female,Non-Smoker,Normoglycemic,Normal,High,26.6,Non-Obese
40-59,Female,Non-Smoker,Normoglycemic,Normal,Desirable,23.4,Non-Obese
20-39,Male,Non-Smoker,Normoglycemic,Stage 1 HTN,Desirable,22.3,Non-Obese
40-59,Female,Non-Smoker,Normoglycemic,Normal,High,32.0,Obese
60-79,Male,Non-Smoker,Normoglycemic,Stage 1 HTN,Very High,26.7,Non-Obese
60-79,Female,Non-Smoker,Diabetic,Stage 2 HTN,Desirable,35.1,Obese
60-79,Male,Non-Smoker,Normoglycemic,Stage 1 HTN,Desirable,30.7,Obese
60-79,Male,Non-Smoker,Normoglycemic,Normal,Desirable,20.4,Non-Obese
60-79,Female,Non-Smoker,Normoglycemic,Normal,High,24.8,Non-Obese
20-39,Male,Non-Smoker,Normoglycemic,Stage 1 HTN,Borderline High,22.7,Non-Obese
80+,Female,Non-Smoker,Normoglycemic,Normal,Desirable,21.5,Non-Obese
40-59,Female,Current Smoker,Normoglycemic,Stage 2 HTN,High,29.6,Non-Obese
60-79,Male,Non-Smoker,Normoglycemic,Elevated,Desirable,29.2,Non-Obese
40-59,Female,Non-Smoker,Normoglycemic,Normal,High,31.7,Obese
40-59,Male,Non-Smoker,Normoglycemic,Normal,Desirable,24.4,Non-Obese
60-79,Female,Non-Smoker,Normoglycemic,Elevated,Very High,26.7,Non-Obese
40-59,Male,Current Smoker,Normoglycemic,Normal,High,25.1,Non-Obese
40-59,Female,Non-Smoker,Normoglycemic,Normal,High,32.3,Obese
40-59,Female,Non-Smoker,Normoglycemic,Normal,Desirable,23.3,Non-Obese
40-59,Male,Non-Smoker,Normoglycemic,Stage 1 HTN,Desirable,23.5,Non-Obese
40-59,Female,Non-Smoker,Normoglycemic,Elevated,High,27.4,Non-Obese
40-59,Male,Current Smoker,Normoglycemic,Elevated,Very High,25.5,Non-Obese
80+,Male,Non-Smoker,Diabetic,Stage 1 HTN,Desirable,23.4,Non-Obese
20-39,Male,Non-Smoker,Normoglycemic,Elevated,Desirable,20.8,Non-Obese
80+,Female,Non-Smoker,Normoglycemic,Normal,High,24.4,Non-Obese
40-59,Female,Non-Smoker,Normoglycemic,Normal,Very High,25.3,Non-Obese
20-39,Male,Non-Smoker,Normoglycemic,Normal,Desirable,24.0,Non-Obese
60-79,Female,Non-Smoker,Diabetic,Stage 2 HTN,Borderline High,31.3,Obese
20-39,Male,Non-Smoker,Normoglycemic,Stage 1 HTN,Very High,26.7,Non-Obese
60-79,Female,Non-Smoker,Normoglycemic,Normal,Desirable,27.8,Non-Obese
40-59,Male,Current Smoker,Normoglycemic,Stage 2 HTN,Very High,34.7,Obese
60-79,Male,Non-Smoker,Normoglycemic,Elevated,Borderline High,35.7,Obese
40-59,Male,Non-Smoker,Normoglycemic,Stage 2 HTN,Borderline High,35.5,Obese
40-59,Female,Non-Smoker,Diabetic,Stage 2 HTN,High,43.7,Obese
40-59,Male,Non-Smoker,Normoglycemic,Stage 2 HTN,Very High,28.5,Non-Obese
40-59,Male,Non-Smoker,Normoglycemic,Normal,Desirable,25.3,Non-Obese
40-59,Male,Current Smoker,Normoglycemic,Normal,High,20.4,Non-Obese
60-79,Male,Non-Smoker,Normoglycemic,Normal,High,23.6,Non-Obese
20-39,Female,Non-Smoker,Normoglycemic,Stage 1 HTN,Desirable,25.9,Non-Obese
80+,Female,Current Smoker,Normoglycemic,Elevated,Borderline High,22.7,Non-Obese
60-79,Male,Non-Smoker,Diabetic,Stage 2 HTN,High,31.4,Obese
40-59,Female,Non-Smoker,Normoglycemic,Elevated,High,23.5,Non-Obese
40-59,Male,Non-Smoker,Normoglycemic,Normal,Desirable,30.6,Obese
40-59,Female,Non-Smoker,Normoglycemic,Normal,Borderline High,39.2,Obese
20-39,Female,Non-Smoker,Normoglycemic,Stage 1 HTN,Very High,30.6,Obese
40-59,Female,Non-Smoker,Normoglycemic,Normal,Very High,26.5,Non-Obese
80+,Male,Current Smoker,Normoglycemic,Elevated,High,28.9,Non-Obese
40-59,Male,Non-Smoker,Normoglycemic,Stage 1 HTN,High,26.2,Non-Obese
60-79,Male,Non-Smoker,Diabetic,Stage 1 HTN,High,34.9,Obese
40-59,Female,Non-Smoker,Normoglycemic,Stage 2 HTN,High,31.3,Obese
40-59,Female,Non-Smoker,Normoglycemic,Elevated,Very High,26.7,Non-Obese
40-59,Male,Non-Smoker,Diabetic,Elevated,Borderline High,28.6,Non-Obese
40-59,Female,Non-Smoker,Normoglycemic,Elevated,Desirable,23.9,Non-Obese
60-79,Male,Non-Smoker,Normoglycemic,Elevated,Desirable,23.0,Non-Obese
20-39,Female,Non-Smoker,Normoglycemic,Stage 1 HTN,High,25.8,Non-Obese
20-39,Female,Non-Smoker,Normoglycemic,Normal,Desirable,25.6,Non-Obese
40-59,Female,Non-Smoker,Normoglycemic,Elevated,Borderline High,20.4,Non-Obese
40-59,Male,Current Smoker,Diabetic,Stage 2 HTN,Desirable,29.9,Non-Obese
40-59,Male,Current Smoker,Normoglycemic,Stage 1 HTN,Very High,33.7,Obese
40-59,Male,Non-Smoker,Normoglycemic,Normal,High,28.2,Non-Obese
60-79,Male,Non-Smoker,Normoglycemic,Elevated,Desirable,23.2,Non-Obese
60-79,Female,Non-Smoker,Normoglycemic,Stage 1 HTN,Desirable,30.5,Obese
40-59,Female,Non-Smoker,Normoglycemic,Normal,Desirable,24.6,Non-Obese
80+,Male,Non-Smoker,Normoglycemic,Normal,Desirable,32.1,Obese
20-39,Male,Current Smoker,Normoglycemic,Stage 1 HTN,Desirable,22.0,Non-Obese
20-39,Female,Non-Smoker,Normoglycemic,Stage 1 HTN,High,22.5,Non-Obese
20-39,Male,Current Smoker,Normoglycemic,Stage 1 HTN,Desirable,24.8,Non-Obese
60-79,Female,Non-Smoker,Normoglycemic,Normal,Desirable,26.9,Non-Obese
60-79,Female,Non-Smoker,Normoglycemic,Stage 2 HTN,Desirable,27.5,Non-Obese
40-59,Female,Non-Smoker,Normoglycemic,Stage 1 HTN,Borderline High,33.7,Obese
60-79,Female,Non-Smoker,Normoglycemic,Normal,Borderline High,31.3,Obese
60-79,Male,Non-Smoker,Normoglycemic,Elevated,Desirable,31.3,Obese
40-59,Female,Current Smoker,Normoglycemic,Normal,Borderline High,25.6,Non-Obese
40-59,Male,Non-Smoker,Normoglycemic,Stage 2 HTN,Desirable,26.6,Non-Obese
80+,Male,Non-Smoker,Diabetic,Elevated,Desirable,24.0,Non-Obese
40-59,Male,Non-Smoker,Diabetic,Elevated,Borderline High,35.4,Obese
40-59,Female,Non-Smoker,Normoglycemic,Normal,Desirable,27.4,Non-Obese
60-79,Female,Non-Smoker,Diabetic,Elevated,Borderline High,29.8,Non-Obese
60-79,Female,Non-Smoker,Normoglycemic,Normal,Very High,27.3,Non-Obese
40-59,Female,Non-Smoker,Normoglycemic,Normal,Borderline High,30.1,Obese
20-39,Female,Non-Smoker,Normoglycemic,Normal,Desirable,23.1,Non-Obese
20-39,Female,Current Smoker,Normoglycemic,Normal,High,25.4,Non-Obese
20-39,Female,Non-Smoker,Normoglycemic,Elevated,Desirable,23.7,Non-Obese
60-79,Female,Non-Smoker,Diabetic,Stage 2 HTN,Desirable,28.1,Non-Obese
20-39,Female,Non-Smoker,Normoglycemic,Normal,High,27.1,Non-Obese
80+,Male,Non-Smoker,Diabetic,Stage 1 HTN,High,24.8,Non-Obese
20-39,Male,Non-Smoker,Normoglycemic,Normal,Borderline High,17.5,Non-Obese
40-59,Female,Current Smoker,Normoglycemic,Normal,High,26.3,Non-Obese
40-59,Female,Non-Smoker,Normoglycemic,Normal,Desirable,26.9,Non-Obese
40-59,Male,Non-Smoker,Normoglycemic,Elevated,Desirable,20.2,Non-Obese
60-79,Female,Non-Smoker,Diabetic,Stage 2 HTN,Desirable,31.7,Obese
60-79,Male,Non-Smoker,Normoglycemic,Elevated,Desirable,20.3,Non-Obese
40-59,Male,Non-Smoker,Normoglycemic,Normal,Very High,27.4,Non-Obese
60-79,Male,Current Smoker,Normoglycemic,Elevated,High,25.8,Non-Obese
80+,Female,Current Smoker,Normoglycemic,Normal,Desirable,18.5,Non-Obese
40-59,Male,Non-Smoker,Normoglycemic,Normal,Very High,34.9,Obese
20-39,Female,Non-Smoker,Normoglycemic,Elevated,Desirable,28.1,Non-Obese
20-39,Male,Current Smoker,Normoglycemic,Elevated,Very High,27.6,Non-Obese
80+,Male,Non-Smoker,Normoglycemic,Normal,High,22.8,Non-Obese
20-39,Male,Non-Smoker,Normoglycemic,Stage 1 HTN,High,28.2,Non-Obese
80+,Female,Non-Smoker,Normoglycemic,Stage 2 HTN,High,31.0,Obese
40-59,Male,Current Smoker,Normoglycemic,Stage 2 HTN,Very High,32.2,Obese
40-59,Female,Non-Smoker,Normoglycemic,Stage 2 HTN,Borderline High,35.8,Obese
80+,Male,Non-Smoker,Normoglycemic,Normal,Borderline High,19.7,Non-Obese
20-39,Male,Non-Smoker,Normoglycemic,Normal,Borderline High,22.9,Non-Obese
20-39,Male,Non-Smoker,Normoglycemic,Elevated,High,23.8,Non-Obese
80+,Male,Current Smoker,Normoglycemic,Stage 1 HTN,Borderline High,26.3,Non-Obese
20-39,Male,Non-Smoker,Normoglycemic,Normal,Very High,27.2,Non-Obese
80+,Female,Non-Smoker,Normoglycemic,Normal,Desirable,20.3,Non-Obese
80+,Male,Non-Smoker,Normoglycemic,Normal,Desirable,18.5,Non-Obese
20-39,Female,Non-Smoker,Normoglycemic,Stage 1 HTN,Borderline High,33.6,Obese
20-39,Male,Non-Smoker,Normoglycemic,Stage 1 HTN,High,26.9,Non-Obese
60-79,Female,Non-Smoker,Normoglycemic,Stage 1 HTN,Borderline High,21.7,Non-Obese
60-79,Female,Non-Smoker,Diabetic,Stage 2 HTN,Desirable,28.3,Non-Obese
60-79,Male,Non-Smoker,Normoglycemic,Normal,Borderline High,29.0,Non-Obese
40-59,Female,Non-Smoker,Normoglycemic,Normal,High,30.7,Obese
40-59,Female,Non-Smoker,Normoglycemic,Normal,Desirable,31.2,Obese
60-79,Female,Current Smoker,Normoglycemic,Stage 1 HTN,High,29.7,Non-Obese
40-59,Male,Non-Smoker,Normoglycemic,Normal,Borderline High,24.1,Non-Obese
20-39,Male,Non-Smoker,Normoglycemic,Normal,Desirable,30.6,Obese
80+,Female,Current Smoker,Normoglycemic,Normal,Desirable,24.7,Non-Obese
40-59,Male,Non-Smoker,Normoglycemic,Stage 2 HTN,Desirable,33.2,Obese
40-59,Male,Current Smoker,Normoglycemic,Stage 1 HTN,Borderline High,30.9,Obese
20-39,Female,Non-Smoker,Normoglycemic,Stage 2 HTN,Desirable,26.3,Non-Obese
60-79,Male,Non-Smoker,Normoglycemic,Normal,High,28.4,Non-Obese
20-39,Male,Non-Smoker,Normoglycemic,Normal,Desirable,22.1,Non-Obese
40-59,Male,Non-Smoker,Normoglycemic,Normal,Borderline High,26.4,Non-Obese
40-59,Female,Non-Smoker,Normoglycemic,Elevated,Desirable,30.2,Obese
20-39,Female,Non-Smoker,Normoglycemic,Normal,Borderline High,24.1,Non-Obese
20-39,Male,Non-Smoker,Diabetic,Elevated,Desirable,23.3,Non-Obese
60-79,Female,Non-Smoker,Normoglycemic,Stage 2 HTN,Borderline High,29.3,Non-Obese
60-79,Male,Current Smoker,Diabetic,Stage 2 HTN,Desirable,32.4,Obese
40-59,Female,Non-Smoker,Normoglycemic,Stage 2 HTN,Desirable,22.7,Non-Obese
80+,Male,Current Smoker,Normoglycemic,Stage 2 HTN,Desirable,23.9,Non-Obese
80+,Female,Current Smoker,Normoglycemic,Elevated,High,32.6,Obese
80+,Male,Current Smoker,Normoglycemic,Stage 2 HTN,Borderline High,31.9,Obese
40-59,Female,Non-Smoker,Diabetic,Stage 1 HTN,High,39.8,Obese
20-39,Male,Current Smoker,Diabetic,Stage 2 HTN,Borderline High,26.1,Non-Obese
40-59,Male,Non-Smoker,Normoglycemic,Normal,Desirable,24.9,Non-Obese
40-59,Female,Non-Smoker,Normoglycemic,Elevated,Desirable,30.3,Obese
40-59,Male,Non-Smoker,Normoglycemic,Normal,Very High,26.0,Non-Obese
80+,Female,Non-Smoker,Diabetic,Stage 2 HTN,Desirable,33.5,Obese
80+,Female,Current Smoker,Normoglycemic,Normal,Desirable,20.0,Non-Obese
60-79,Female,Non-Smoker,Normoglycemic,Normal,High,30.5,Obese
20-39,Male,Current Smoker,Normoglycemic,Stage 1 HTN,Very High,31.7,Obese
40-59,Female,Non-Smoker,Normoglycemic,Normal,Desirable,29.4,Non-Obese
80+,Female,Non-Smoker,Normoglycemic,Elevated,Borderline High,25.8,Non-Obese
20-39,Female,Current Smoker,Normoglycemic,Stage 2 HTN,Very High,26.1,Non-Obese
60-79,Female,Non-Smoker,Normoglycemic,Normal,Desirable,25.6,Non-Obese
40-59,Male,Current Smoker,Normoglycemic,Stage 1 HTN,Desirable,22.0,Non-Obese
60-79,Female,Current Smoker,Normoglycemic,Normal,Borderline High,39.2,Obese
60-79,Female,Non-Smoker,Diabetic,Elevated,High,39.3,Obese
20-39,Female,Current Smoker,Normoglycemic,Stage 2 HTN,Desirable,21.6,Non-Obese
60-79,Female,Non-Smoker,Normoglycemic,Stage 2 HTN,Borderline High,36.6,Obese
20-39,Male,Non-Smoker,Normoglycemic,Elevated,Desirable,27.5,Non-Obese
40-59,Female,Current Smoker,Normoglycemic,Elevated,High,19.6,Non-Obese
20-39,Female,Non-Smoker,Normoglycemic,Normal,Borderline High,24.0,Non-Obese
20-39,Female,Non-Smoker,Normoglycemic,Normal,Very High,26.2,Non-Obese
40-59,Female,Non-Smoker,Normoglycemic,Normal,Desirable,23.6,Non-Obese
80+,Male,Non-Smoker,Diabetic,Stage 2 HTN,High,32.2,Obese
80+,Female,Non-Smoker,Normoglycemic,Normal,Desirable,20.7,Non-Obese
40-59,Male,Current Smoker,Normoglycemic,Stage 1 HTN,High,26.2,Non-Obese
20-39,Male,Non-Smoker,Normoglycemic,Normal,High,20.7,Non-Obese
20-39,Female,Non-Smoker,Normoglycemic,Stage 1 HTN,Very High,27.9,Non-Obese
20-39,Male,Non-Smoker,Normoglycemic,Normal,High,19.3,Non-Obese
20-39,Male,Non-Smoker,Normoglycemic,Normal,Desirable,26.7,Non-Obese
40-59,Female,Non-Smoker,Normoglycemic,Normal,Very High,25.1,Non-Obese
60-79,Male,Current Smoker,Diabetic,Stage 1 HTN,Desirable,33.3,Obese
40-59,Male,Non-Smoker,Normoglycemic,Stage 1 HTN,High,29.9,Non-Obese
40-59,Female,Non-Smoker,Normoglycemic,Normal,Desirable,22.5,Non-Obese
60-79,Male,Current Smoker,Diabetic,Stage 2 HTN,Very High,34.0,Obese
60-79,Male,Non-Smoker,Normoglycemic,Normal,High,26.9,Non-Obese
80+,Male,Non-Smoker,Normoglycemic,Normal,Desirable,23.5,Non-Obese
60-79,Male,Non-Smoker,Diabetic,Stage 2 HTN,Borderline High,33.4,Obese
60-79,Female,Non-Smoker,Diabetic,Stage 1 HTN,Desirable,27.4,Non-Obese
60-79,Female,Current Smoker,Normoglycemic,Normal,High,27.5,Non-Obese
60-79,Male,Non-Smoker,Normoglycemic,Normal,Desirable,26.8,Non-Obese
20-39,Female,Non-Smoker,Diabetic,Stage 1 HTN,Desirable,28.8,Non-Obese
40-59,Female,Non-Smoker,Normoglycemic,Normal,Desirable,25.1,Non-Obese
40-59,Female,Non-Smoker,Normoglycemic,Stage 1 HTN,Borderline High,27.2,Non-Obese
40-59,Female,Non-Smoker,Normoglycemic,Elevated,Borderline High,31.2,Obese
60-79,Female,Non-Smoker,Normoglycemic,Elevated,Very High,28.9,Non-Obese
20-39,Female,Non-Smoker,Normoglycemic,Stage 1 HTN,Desirable,24.8,Non-Obese
40-59,Male,Non-Smoker,Normoglycemic,Normal,Borderline High,19.3,Non-Obese
20-39,Male,Non-Smoker,Normoglycemic,Normal,High,25.7,Non-Obese
60-79,Male,Non-Smoker,Diabetic,Stage 1 HTN,Desirable,31.6,Obese
40-59,Female,Non-Smoker,Normoglycemic,Normal,High,26.9,Non-Obese
20-39,Female,Non-Smoker,Normoglycemic,Stage 1 HTN,Desirable,20.3,Non-Obese
40-59,Female,Non-Smoker,Normoglycemic,Stage 1 HTN,Very High,33.8,Obese
40-59,Female,Non-Smoker,Normoglycemic,Elevated,Desirable,23.9,Non-Obese
40-59,Male,Non-Smoker,Normoglycemic,Normal,Borderline High,23.4,Non-Obese
80+,Male,Non-Smoker,Normoglycemic,Normal,Desirable,21.2,Non-Obese
80+,Male,Non-Smoker,Normoglycemic,Normal,High,31.0,Obese
60-79,Male,Non-Smoker,Normoglycemic,Stage 1 HTN,Borderline High,25.1,Non-Obese
20-39,Male,Non-Smoker,Normoglycemic,Stage 1 HTN,Borderline High,23.5,Non-Obese
20-39,Male,Non-Smoker,Normoglycemic,Normal,Borderline High,19.9,Non-Obese
40-59,Male,Non-Smoker,Normoglycemic,Elevated,Desirable,34.1,Obese
20-39,Female,Non-Smoker,Normoglycemic,Stage 1 HTN,Borderline High,25.9,Non-Obese
60-79,Female,Non-Smoker,Normoglycemic,Normal,Very High,32.0,Obese
60-79,Male,Current Smoker,Diabetic,Stage 2 HTN,Borderline High,30.7,Obese
60-79,Male,Non-Smoker,Normoglycemic,Normal,Very High,38.3,Obese
40-59,Male,Current Smoker,Normoglycemic,Stage 2 HTN,Desirable,21.5,Non-Obese
60-79,Male,Non-Smoker,Normoglycemic,Normal,Desirable,21.5,Non-Obese
40-59,Female,Non-Smoker,Normoglycemic,Normal,High,24.9,Non-Obese
60-79,Female,Non-Smoker,Normoglycemic,Normal,High,25.9,Non-Obese
40-59,Male,Non-Smoker,Normoglycemic,Stage 2 HTN,High,34.9,Obese
40-59,Male,Non-Smoker,Normoglycemic,Normal,Borderline High,25.0,Non-Obese
60-79,Female,Non-Smoker,Normoglycemic,Stage 2 HTN,High,33.3,Obese
60-79,Female,Non-Smoker,Diabetic,Stage 2 HTN,Desirable,37.5,Obese
60-79,Female,Non-Smoker,Normoglycemic,Normal,Desirable,27.1,Non-Obese
80+,Male,Non-Smoker,Normoglycemic,Normal,Borderline High,25.0,Non-Obese
60-79,Female,Non-Smoker,Normoglycemic,Stage 1 HTN,Borderline High,27.0,Non-Obese
20-39,Female,Non-Smoker,Normoglycemic,Elevated,Borderline High,29.6,Non-Obese
60-79,Male,Current Smoker,Normoglycemic,Normal,Very High,19.0,Non-Obese
40-59,Male,Non-Smoker,Normoglycemic,Normal,High,25.5,Non-Obese
40-59,Male,Non-Smoker,Normoglycemic,Stage 1 HTN,High,29.2,Non-Obese
60-79,Male,Non-Smoker,Normoglycemic,Normal,Borderline High,37.8,Obese
20-39,Female,Current Smoker,Normoglycemic,Stage 2 HTN,Borderline High,32.8,Obese
60-79,Male,Non-Smoker,Normoglycemic,Elevated,High,26.5,Non-Obese
60-79,Female,Non-Smoker,Diabetic,Elevated,High,34.5,Obese
20-39,Male,Non-Smoker,Normoglycemic,Normal,High,25.7,Non-Obese
80+,Male,Non-Smoker,Normoglycemic,Normal,Desirable,18.3,Non-Obese
80+,Female,Non-Smoker,Normoglycemic,Elevated,High,22.7,Non-Obese
60-79,Male,Non-Smoker,Diabetic,Stage 2 HTN,Borderline High,32.6,Obese
20-39,Female,Non-Smoker,Diabetic,Stage 1 HTN,Very High,33.5,Obese
40-59,Male,Non-Smoker,Normoglycemic,Stage 1 HTN,High,26.5,Non-Obese
20-39,Female,Non-Smoker,Normoglycemic,Normal,Very High,23.5,Non-Obese
40-59,Male,Non-Smoker,Diabetic,Stage 2 HTN,Desirable,30.7,Obese
20-39,Male,Non-Smoker,Normoglycemic,Stage 1 HTN,High,28.8,Non-Obese
60-79,Female,Current Smoker,Normoglycemic,Stage 1 HTN,High,29.3,Non-Obese
60-79,Female,Non-Smoker,Diabetic,Stage 1 HTN,Borderline High,31.8,Obese
60-79,Male,Non-Smoker,Normoglycemic,Normal,Borderline High,24.7,Non-Obese
60-79,Male,Non-Smoker,Normoglycemic,Normal,High,25.0,Non-Obese
40-59,Female,Non-Smoker,Normoglycemic,Stage 1 HTN,Very High,35.2,Obese
20-39,Male,Non-Smoker,Normoglycemic,Stage 1 HTN,Desirable,24.4,Non-Obese
20-39,Male,Current Smoker,Normoglycemic,Stage 1 HTN,High,31.1,Obese
60-79,Male,Non-Smoker,Normoglycemic,Normal,Borderline High,28.9,Non-Obese
60-79,Female,Non-Smoker,Diabetic,Stage 2 HTN,Very High,38.2,Obese
40-59,Female,Current Smoker,Normoglycemic,Elevated,High,29.5,Non-Obese
60-79,Male,Non-Smoker,Diabetic,Stage 1 HTN,Borderline High,27.5,Non-Obese
20-39,Female,Non-Smoker,Normoglycemic,Normal,Desirable,23.9,Non-Obese
20-39,Female,Non-Smoker,Normoglycemic,Normal,Desirable,23.6,Non-Obese
80+,Female,Non-Smoker,Normoglycemic,Elevated,High,28.3,Non-Obese
40-59,Female,Non-Smoker,Diabetic,Stage 2 HTN,Borderline High,32.6,Obese
60-79,Male,Non-Smoker,Normoglycemic,Stage 1 HTN,Borderline High,29.3,Non-Obese
60-79,Female,Current Smoker,Normoglycemic,Stage 2 HTN,Borderline High,25.8,Non-Obese
60-79,Female,Non-Smoker,Diabetic,Stage 1 HTN,Borderline High,29.9,Non-Obese
40-59,Female,Non-Smoker,Normoglycemic,Normal,Desirable,27.5,Non-Obese
60-79,Female,Non-Smoker,Normoglycemic,Normal,Desirable,22.5,Non-Obese
60-79,Female,Non-Smoker,Normoglycemic,Elevated,Borderline High,31.1,Obese
20-39,Female,Non-Smoker,Normoglycemic,Normal,Desirable,25.5,Non-Obese
40-59,Male,Non-Smoker,Normoglycemic,Normal,Desirable,23.2,Non-Obese
60-79,Female,Non-Smoker,Diabetic,Stage 2 HTN,Borderline High,37.9,Obese
40-59,Male,Non-Smoker,Normoglycemic,Normal,Desirable,27.9,Non-Obese
40-59,Female,Non-Smoker,Normoglycemic,Stage 2 HTN,Desirable,39.9,Obese
40-59,Female,Current Smoker,Normoglycemic,Normal,Borderline High,23.2,Non-Obese
80+,Male,Current Smoker,Normoglycemic,Stage 1 HTN,High,30.5,Obese
60-79,Female,Non-Smoker,Normoglycemic,Stage 1 HTN,Borderline High,39.7,Obese
60-79,Female,Non-Smoker,Normoglycemic,Elevated,High,21.3,Non-Obese
40-59,Female,Non-Smoker,Normoglycemic,Normal,Borderline High,29.0,Non-Obese
60-79,Female,Current Smoker,Diabetic,Stage 1 HTN,Borderline High,31.5,Obese
40-59,Female,Non-Smoker,Normoglycemic,Elevated,Borderline High,32.2,Obese
60-79,Male,Non-Smoker,Normoglycemic,Normal,Desirable,19.2,Non-Obese
60-79,Female,Current Smoker,Normoglycemic,Stage 2 HTN,Very High,26.2,Non-Obese
80+,Male,Non-Smoker,Diabetic,Stage 2 HTN,Desirable,31.2,Obese
40-59,Female,Non-Smoker,Normoglycemic,Elevated,Desirable,28.7,Non-Obese
60-79,Male,Non-Smoker,Normoglycemic,Normal,Borderline High,23.1,Non-Obese
80+,Female,Non-Smoker,Normoglycemic,Normal,High,22.8,Non-Obese
40-59,Female,Non-Smoker,Diabetic,Stage 2 HTN,Desirable,35.2,Obese
60-79,Female,Current Smoker,Normoglycemic,Stage 1 HTN,Very High,24.8,Non-Obese
40-59,Female,Non-Smoker,Normoglycemic,Normal,Desirable,35.3,Obese
20-39,Female,Non-Smoker,Diabetic,Stage 1 HTN,High,29.8,Non-Obese
20-39,Male,Current Smoker,Normoglycemic,Stage 2 HTN,Borderline High,24.8,Non-Obese
40-59,Female,Non-Smoker,Diabetic,Stage 2 HTN,Borderline High,36.9,Obese
40-59,Male,Non-Smoker,Normoglycemic,Normal,Very High,33.2,Obese
20-39,Female,Current Smoker,Normoglycemic,Elevated,High,31.4,Obese
20-39,Female,Non-Smoker,Normoglycemic,Normal,High,31.0,Obese
40-59,Male,Non-Smoker,Normoglycemic,Normal,Desirable,27.9,Non-Obese
20-39,Male,Non-Smoker,Normoglycemic,Normal,Very High,29.4,Non-Obese
60-79,Female,Current Smoker,Diabetic,Stage 2 HTN,Borderline High,40.3,Obese
40-59,Male,Non-Smoker,Normoglycemic,Normal,Borderline High,25.0,Non-Obese
40-59,Male,Non-Smoker,Normoglycemic,Normal,High,31.5,Obese
20-39,Female,Non-Smoker,Normoglycemic,Normal,Desirable,34.7,Obese
20-39,Female,Current Smoker,Normoglycemic,Stage 2 HTN,Desirable,27.3,Non-Obese
40-59,Male,Non-Smoker,Normoglycemic,Stage 1 HTN,Desirable,26.8,Non-Obese
20-39,Female,Non-Smoker,Normoglycemic,Normal,Desirable,23.8,Non-Obese
60-79,Female,Non-Smoker,Normoglycemic,Normal,High,27.1,Non-Obese
20-39,Female,Non-Smoker,Normoglycemic,Normal,Desirable,22.7,Non-Obese
40-59,Female,Current Smoker,Normoglycemic,Stage 1 HTN,High,24.3,Non-Obese
40-59,Male,Non-Smoker,Normoglycemic,Normal,Borderline High,26.3,Non-Obese
20-39,Female,Non-Smoker,Normoglycemic,Elevated,Borderline High,21.6,Non-Obese
80+,Female,Non-Smoker,Diabetic,Stage 2 HTN,Borderline High,29.7,Non-Obese
60-79,Male,Non-Smoker,Normoglycemic,Normal,High,19.6,Non-Obese
20-39,Female,Current Smoker,Normoglycemic,Stage 1 HTN,Borderline High,25.8,Non-Obese
60-79,Female,Non-Smoker,Normoglycemic,Normal,High,24.6,Non-Obese
20-39,Male,Current Smoker,Normoglycemic,Elevated,Borderline High,24.2,Non-Obese
60-79,Female,Current Smoker,Normoglycemic,Stage 2 HTN,Desirable,26.8,Non-Obese
80+,Female,Current Smoker,Diabetic,Stage 2 HTN,Very High,30.8,Obese
20-39,Female,Non-Smoker,Normoglycemic,Normal,High,25.5,Non-Obese
40-59,Male,Non-Smoker,Normoglycemic,Normal,High,25.5,Non-Obese
40-59,Male,Current Smoker,Diabetic,Stage 2 HTN,Very High,32.2,Obese
60-79,Male,Non-Smoker,Diabetic,Elevated,Desirable,35.6,Obese
40-59,Male,Current Smoker,Normoglycemic,Stage 1 HTN,Borderline High,30.7,Obese
80+,Female,Non-Smoker,Diabetic,Stage 2 HTN,Desirable,29.6,Non-Obese
20-39,Female,Non-Smoker,Normoglycemic,Normal,Borderline High,23.1,Non-Obese
60-79,Female,Non-Smoker,Normoglycemic,Normal,Borderline High,28.0,Non-Obese
60-79,Female,Current Smoker,Normoglycemic,Stage 2 HTN,Borderline High,24.3,Non-Obese
60-79,Male,Non-Smoker,Normoglycemic,Elevated,Borderline High,34.2,Obese
20-39,Male,Non-Smoker,Normoglycemic,Normal,Desirable,21.7,Non-Obese
20-39,Female,Current Smoker,Normoglycemic,Stage 2 HTN,Very High,21.4,Non-Obese
40-59,Male,Non-Smoker,Normoglycemic,Elevated,High,37.2,Obese
60-79,Female,Non-Smoker,Normoglycemic,Stage 1 HTN,Desirable,40.6,Obese
80+,Male,Non-Smoker,Normoglycemic,Stage 1 HTN,Borderline High,29.5,Non-Obese
80+,Female,Non-Smoker,Normoglycemic,Elevated,Desirable,27.4,Non-Obese
20-39,Female,Non-Smoker,Normoglycemic,Normal,Borderline High,26.1,Non-Obese
40-59,Male,Non-Smoker,Normoglycemic,Normal,High,25.0,Non-Obese
20-39,Female,Non-Smoker,Normoglycemic,Elevated,Desirable,25.0,Non-Obese
60-79,Female,Non-Smoker,Diabetic,Stage 2 HTN,Desirable,33.3,Obese
40-59,Female,Non-Smoker,Normoglycemic,Elevated,Desirable,28.3,Non-Obese
60-79,Female,Non-Smoker,Normoglycemic,Stage 1 HTN,Borderline High,22.7,Non-Obese
40-59,Male,Current Smoker,Normoglycemic,Elevated,Borderline High,25.6,Non-Obese
40-59,Female,Non-Smoker,Diabetic,Stage 2 HTN,Borderline High,34.7,Obese
40-59,Female,Non-Smoker,Normoglycemic,Normal,High,25.9,Non-Obese
20-39,Female,Non-Smoker,Normoglycemic,Stage 1 HTN,Desirable,29.1,Non-Obese
20-39,Female,Non-Smoker,Normoglycemic,Normal,Desirable,28.5,Non-Obese
60-79,Male,Non-Smoker,Normoglycemic,Elevated,High,21.6,Non-Obese
80+,Male,Non-Smoker,Normoglycemic,Elevated,Desirable,21.9,Non-Obese
60-79,Female,Non-Smoker,Diabetic,Stage 2 HTN,High,30.2,Obese
60-79,Female,Current Smoker,Normoglycemic,Stage 1 HTN,Desirable,31.4,Obese
20-39,Female,Non-Smoker,Normoglycemic,Normal,High,29.2,Non-Obese
20-39,Male,Non-Smoker,Normoglycemic,Stage 1 HTN,High,28.0,Non-Obese
60-79,Female,Non-Smoker,Normoglycemic,Normal,Borderline High,25.1,Non-Obese
20-39,Male,Non-Smoker,Normoglycemic,Normal,Borderline High,31.1,Obese
80+,Male,Non-Smoker,Diabetic,Stage 1 HTN,Borderline High,24.5,Non-Obese
40-59,Female,Non-Smoker,Diabetic,Stage 2 HTN,Borderline High,37.7,Obese
20-39,Male,Non-Smoker,Normoglycemic,Elevated,Very High,29.5,Non-Obese
60-79,Male,Non-Smoker,Diabetic,Stage 2 HTN,Very High,33.4,Obese
60-79,Female,Non-Smoker,Diabetic,Stage 1 HTN,Borderline High,30.1,Obese
40-59,Female,Current Smoker,Diabetic,Stage 1 HTN,Very High,22.9,Non-Obese
60-79,Female,Non-Smoker,Normoglycemic,Normal,Borderline High,21.6,Non-Obese
80+,Female,Non-Smoker,Diabetic,Elevated,Borderline High,31.1,Obese
20-39,Female,Non-Smoker,Normoglycemic,Stage 1 HTN,Desirable,23.3,Non-Obese
80+,Male,Current Smoker,Normoglycemic,Elevated,Borderline High,20.2,Non-Obese
60-79,Female,Current Smoker,Normoglycemic,Elevated,High,23.9,Non-Obese
60-79,Male,Non-Smoker,Normoglycemic,Normal,Borderline High,30.6,Obese
40-59,Female,Non-Smoker,Normoglycemic,Normal,Very High,21.8,Non-Obese
40-59,Male,Non-Smoker,Normoglycemic,Elevated,High,27.0,Non-Obese
80+,Male,Non-Smoker,Normoglycemic,Normal,Very High,28.9,Non-Obese
40-59,Male,Current Smoker,Normoglycemic,Stage 2 HTN,Very High,36.0,Obese
40-59,Male,Current Smoker,Normoglycemic,Normal,Borderline High,28.5,Non-Obese
60-79,Male,Non-Smoker,Normoglycemic,Normal,Desirable,24.3,Non-Obese
20-39,Male,Non-Smoker,Normoglycemic,Elevated,Borderline High,23.6,Non-Obese
20-39,Female,Current Smoker,Normoglycemic,Stage 2 HTN,Borderline High,28.0,Non-Obese
60-79,Female,Current Smoker,Normoglycemic,Elevated,Borderline High,24.8,Non-Obese
60-79,Male,Non-Smoker,Normoglycemic,Normal,Very High,26.5,Non-Obese
20-39,Male,Current Smoker,Normoglycemic,Stage 1 HTN,Borderline High,19.2,Non-Obese
60-79,Female,Non-Smoker,Normoglycemic,Normal,Desirable,26.3,Non-Obese
20-39,Male,Non-Smoker,Normoglycemic,Normal,Desirable,19.3,Non-Obese
40-59,Male,Non-Smoker,Normoglycemic,Normal,Desirable,29.1,Non-Obese
60-79,Male,Non-Smoker,Normoglycemic,Elevated,Borderline High,28.4,Non-Obese
60-79,Male,Non-Smoker,Diabetic,Stage 1 HTN,Desirable,32.4,Obese
40-59,Male,Non-Smoker,Normoglycemic,Normal,Desirable,25.5,Non-Obese
20-39,Female,Non-Smoker,Normoglycemic,Stage 1 HTN,Borderline High,25.6,Non-Obese
20-39,Female,Non-Smoker,Normoglycemic,Normal,High,29.1,Non-Obese
20-39,Male,Non-Smoker,Normoglycemic,Elevated,Borderline High,25.8,Non-Obese
60-79,Female,Non-Smoker,Normoglycemic,Stage 1 HTN,Desirable,28.2,Non-Obese
40-59,Male,Non-Smoker,Diabetic,Stage 1 HTN,Very High,37.7,Obese
60-79,Male,Non-Smoker,Normoglycemic,Elevated,Borderline High,28.4,Non-Obese
60-79,Male,Current Smoker,Normoglycemic,Stage 2 HTN,Borderline High,30.1,Obese
20-39,Female,Non-Smoker,Normoglycemic,Normal,Borderline High,20.2,Non-Obese
20-39,Male,Non-Smoker,Normoglycemic,Elevated,High,32.1,Obese
40-59,Female,Current Smoker,Diabetic,Stage 2 HTN,Desirable,35.3,Obese
20-39,Female,Non-Smoker,Normoglycemic,Normal,High,29.7,Non-Obese
80+,Male,Non-Smoker,Diabetic,Stage 2 HTN,Desirable,27.1,Non-Obese
40-59,Female,Non-Smoker,Diabetic,Normal,Borderline High,41.6,Obese
20-39,Male,Current Smoker,Diabetic,Stage 2 HTN,Borderline High,29.4,Non-Obese
40-59,Female,Non-Smoker,Normoglycemic,Normal,Desirable,25.1,Non-Obese
20-39,Male,Non-Smoker,Normoglycemic,Normal,Desirable,21.9,Non-Obese
40-59,Female,Non-Smoker,Normoglycemic,Normal,Desirable,32.7,Obese
20-39,Female,Non-Smoker,Normoglycemic,Stage 2 HTN,High,23.1,Non-Obese
40-59,Male,Current Smoker,Normoglycemic,Stage 2 HTN,Very High,33.8,Obese
40-59,Male,Non-Smoker,Normoglycemic,Normal,Desirable,23.5,Non-Obese
40-59,Male,Non-Smoker,Normoglycemic,Normal,Borderline High,34.3,Obese
20-39,Male,Non-Smoker,Normoglycemic,Stage 2 HTN,Very High,30.8,Obese
20-39,Male,Non-Smoker,Normoglycemic,Normal,Desirable,22.7,Non-Obese
60-79,Female,Current Smoker,Normoglycemic,Normal,Desirable,26.8,Non-Obese
40-59,Male,Non-Smoker,Normoglycemic,Stage 1 HTN,Desirable,29.1,Non-Obese
60-79,Female,Non-Smoker,Normoglycemic,Elevated,High,33.0,Obese
40-59,Female,Non-Smoker,Normoglycemic,Normal,High,27.0,Non-Obese
20-39,Male,Current Smoker,Normoglycemic,Normal,High,23.5,Non-Obese
60-79,Female,Non-Smoker,Diabetic,Stage 1 HTN,Desirable,28.1,Non-Obese
40-59,Female,Current Smoker,Normoglycemic,Normal,Very High,23.5,Non-Obese
40-59,Female,Non-Smoker,Normoglycemic,Normal,Borderline High,28.3,Non-Obese
60-79,Female,Non-Smoker,Diabetic,Stage 1 HTN,Borderline High,28.5,Non-Obese
20-39,Female,Non-Smoker,Normoglycemic,Normal,High,23.8,Non-Obese
20-39,Male,Non-Smoker,Diabetic,Normal,Desirable,24.7,Non-Obese
40-59,Female,Non-Smoker,Normoglycemic,Elevated,High,29.4,Non-Obese
40-59,Female,Current Smoker,Normoglycemic,Stage 2 HTN,High,32.7,Obese
20-39,Female,Non-Smoker,Diabetic,Stage 2 HTN,Desirable,32.3,Obese
60-79,Female,Current Smoker,Normoglycemic,Stage 1 HTN,High,21.8,Non-Obese
40-59,Female,Non-Smoker,Normoglycemic,Stage 1 HTN,High,25.7,Non-Obese
20-39,Male,Non-Smoker,Normoglycemic,Stage 1 HTN,Borderline High,26.3,Non-Obese
20-39,Female,Current Smoker,Normoglycemic,Stage 1 HTN,Very High,27.7,Non-Obese
60-79,Female,Non-Smoker,Normoglycemic,Normal,Desirable,32.1,Obese
20-39,Male,Non-Smoker,Normoglycemic,Normal,High,22.9,Non-Obese
60-79,Female,Non-Smoker,Normoglycemic,Elevated,Desirable,29.4,Non-Obese
20-39,Male,Non-Smoker,Normoglycemic,Elevated,Borderline High,22.0,Non-Obese
20-39,Male,Non-Smoker,Normoglycemic,Normal,Desirable,25.4,Non-Obese
40-59,Male,Current Smoker,Normoglycemic,Elevated,Desirable,23.4,Non-Obese
20-39,Female,Non-Smoker,Normoglycemic,Elevated,Borderline High,28.6,Non-Obese
80+,Female,Non-Smoker,Normoglycemic,Normal,Desirable,23.7,Non-Obese
40-59,Female,Current Smoker,Diabetic,Stage 1 HTN,Very High,38.2,Obese
60-79,Female,Non-Smoker,Normoglycemic,Elevated,High,29.7,Non-Obese
60-79,Male,Current Smoker,Normoglycemic,Normal,Desirable,16.2,Non-Obese
40-59,Male,Non-Smoker,Normoglycemic,Stage 2 HTN,Borderline High,30.4,Obese
80+,Male,Non-Smoker,Normoglycemic,Normal,Very High,26.4,Non-Obese
60-79,Female,Non-Smoker,Normoglycemic,Elevated,Borderline High,27.4,Non-Obese
20-39,Male,Non-Smoker,Normoglycemic,Normal,Desirable,30.3,Obese
20-39,Male,Non-Smoker,Normoglycemic,Elevated,Borderline High,28.4,Non-Obese
20-39,Female,Non-Smoker,Normoglycemic,Normal,Desirable,23.2,Non-Obese
40-59,Female,Non-Smoker,Normoglycemic,Stage 2 HTN,Desirable,32.0,Obese
40-59,Male,Non-Smoker,Normoglycemic,Elevated,Desirable,26.6,Non-Obese
60-79,Female,Non-Smoker,Normoglycemic,Normal,Desirable,26.0,Non-Obese
40-59,Male,Current Smoker,Normoglycemic,Stage 2 HTN,Desirable,23.7,Non-Obese
20-39,Female,Non-Smoker,Normoglycemic,Normal,Desirable,29.5,Non-Obese
60-79,Male,Non-Smoker,Normoglycemic,Normal,Very High,31.4,Obese
20-39,Male,Non-Smoker,Normoglycemic,Normal,Desirable,19.6,Non-Obese
40-59,Male,Non-Smoker,Normoglycemic,Stage 1 HTN,Desirable,26.9,Non-Obese
40-59,Male,Non-Smoker,Normoglycemic,Normal,Borderline High,23.3,Non-Obese
40-59,Female,Non-Smoker,Diabetic,Stage 1 HTN,High,34.1,Obese
60-79,Female,Non-Smoker,Normoglycemic,Elevated,Desirable,30.3,Obese
40-59,Male,Non-Smoker,Normoglycemic,Stage 1 HTN,Borderline High,32.4,Obese
40-59,Male,Non-Smoker,Normoglycemic,Normal,Desirable,24.1,Non-Obese
60-79,Male,Current Smoker,Normoglycemic,Stage 1 HTN,Very High,26.3,Non-Obese
40-59,Male,Non-Smoker,Normoglycemic,Elevated,Borderline High,27.4,Non-Obese
40-59,Male,Non-Smoker,Normoglycemic,Elevated,High,28.0,Non-Obese
40-59,Male,Non-Smoker,Diabetic,Elevated,Desirable,30.1,Obese
20-39,Female,Non-Smoker,Normoglycemic,Normal,Very High,25.7,Non-Obese
60-79,Female,Non-Smoker,Normoglycemic,Normal,Desirable,28.5,Non-Obese
40-59,Female,Non-Smoker,Normoglycemic,Elevated,Very High,26.0,Non-Obese
60-79,Male,Non-Smoker,Diabetic,Stage 2 HTN,High,27.3,Non-Obese
20-39,Female,Non-Smoker,Normoglycemic,Normal,Desirable,27.6,Non-Obese
60-79,Female,Non-Smoker,Normoglycemic,Stage 1 HTN,Desirable,23.0,Non-Obese
40-59,Female,Non-Smoker,Normoglycemic,Normal,Desirable,26.5,Non-Obese
60-79,Female,Non-Smoker,Normoglycemic,Normal,High,29.7,Non-Obese
20-39,Female,Non-Smoker,Normoglycemic,Stage 2 HTN,Desirable,29.0,Non-Obese
20-39,Female,Non-Smoker,Normoglycemic,Normal,Desirable,28.9,Non-Obese
40-59,Female,Non-Smoker,Normoglycemic,Normal,High,33.3,Obese
20-39,Male,Non-Smoker,Normoglycemic,Normal,High,20.9,Non-Obese
60-79,Female,Non-Smoker,Normoglycemic,Normal,Borderline High,28.1,Non-Obese
40-59,Female,Non-Smoker,Normoglycemic,Elevated,Borderline High,32.0,Obese
20-39,Female,Non-Smoker,Normoglycemic,Normal,Desirable,19.7,Non-Obese
60-79,Male,Current Smoker,Normoglycemic,Stage 1 HTN,High,31.0,Obese
60-79,Female,Non-Smoker,Normoglycemic,Elevated,Borderline High,19.6,Non-Obese
60-79,Female,Non-Smoker,Diabetic,Stage 1 HTN,Borderline High,28.7,Non-Obese
40-59,Female,Non-Smoker,Normoglycemic,Normal,Desirable,23.3,Non-Obese
40-59,Female,Non-Smoker,Normoglycemic,Stage 1 HTN,High,22.6,Non-Obese
80+,Male,Current Smoker,Diabetic,Stage 1 HTN,Very High,27.8,Non-Obese
20-39,Male,Non-Smoker,Normoglycemic,Normal,High,19.2,Non-Obese
40-59,Male,Non-Smoker,Normoglycemic,Stage 1 HTN,Borderline High,30.2,Obese
60-79,Male,Current Smoker,Diabetic,Stage 1 HTN,Borderline High,24.7,Non-Obese
40-59,Male,Non-Smoker,Diabetic,Stage 1 HTN,Desirable,32.2,Obese
20-39,Male,Current Smoker,Normoglycemic,Elevated,Very High,26.4,Non-Obese
20-39,Male,Non-Smoker,Diabetic,Stage 1 HTN,High,30.3,Obese
60-79,Male,Non-Smoker,Normoglycemic,Normal,Very High,19.7,Non-Obese
40-59,Male,Non-Smoker,Normoglycemic,Normal,Very High,26.2,Non-Obese
20-39,Female,Non-Smoker,Normoglycemic,Stage 2 HTN,Borderline High,28.4,Non-Obese
60-79,Female,Current Smoker,Normoglycemic,Stage 2 HTN,Borderline High,28.3,Non-Obese
40-59,Male,Non-Smoker,Normoglycemic,Normal,High,26.6,Non-Obese
60-79,Female,Current Smoker,Diabetic,Elevated,Borderline High,38.0,Obese
40-59,Female,Current Smoker,Normoglycemic,Normal,High,24.9,Non-Obese
80+,Female,Non-Smoker,Diabetic,Stage 2 HTN,Desirable,33.1,Obese
80+,Female,Current Smoker,Diabetic,Stage 2 HTN,Borderline High,32.7,Obese
80+,Male,Non-Smoker,Normoglycemic,Elevated,High,25.1,Non-Obese
40-59,Male,Non-Smoker,Normoglycemic,Normal,Desirable,31.3,Obese
80+,Female,Non-Smoker,Normoglycemic,Elevated,Borderline High,27.4,Non-Obese
80+,Female,Non-Smoker,Normoglycemic,Normal,Desirable,19.6,Non-Obese
60-79,Female,Non-Smoker,Normoglycemic,Elevated,Borderline High,22.5,Non-Obese
20-39,Male,Current Smoker,Normoglycemic,Stage 2 HTN,Desirable,28.3,Non-Obese
20-39,Female,Non-Smoker,Normoglycemic,Normal,Borderline High,29.9,Non-Obese
60-79,Female,Non-Smoker,Diabetic,Stage 1 HTN,Desirable,23.1,Non-Obese
60-79,Female,Non-Smoker,Normoglycemic,Elevated,High,27.2,Non-Obese
40-59,Male,Non-Smoker,Diabetic,Elevated,High,29.5,Non-Obese
60-79,Male,Current Smoker,Normoglycemic,Stage 1 HTN,Desirable,28.2,Non-Obese
60-79,Male,Non-Smoker,Normoglycemic,Normal,Very High,30.5,Obese
40-59,Male,Non-Smoker,Normoglycemic,Stage 1 HTN,Borderline High,24.2,Non-Obese
60-79,Male,Non-Smoker,Diabetic,Elevated,Desirable,41.8,Obese
20-39,Male,Current Smoker,Diabetic,Stage 2 HTN,Borderline High,32.7,Obese
40-59,Female,Non-Smoker,Normoglycemic,Normal,Desirable,25.5,Non-Obese
60-79,Female,Non-Smoker,Normoglycemic,Stage 1 HTN,Desirable,26.8,Non-Obese
80+,Male,Current Smoker,Diabetic,Stage 2 HTN,Very High,25.3,Non-Obese
20-39,Male,Non-Smoker,Diabetic,Stage 1 HTN,Borderline High,33.0,Obese
60-79,Female,Non-Smoker,Normoglycemic,Normal,Desirable,21.2,Non-Obese
40-59,Female,Non-Smoker,Normoglycemic,Stage 2 HTN,Desirable,31.1,Obese
60-79,Male,Non-Smoker,Normoglycemic,Elevated,Desirable,33.0,Obese
20-39,Male,Non-Smoker,Normoglycemic,Normal,Very High,27.7,Non-Obese
60-79,Male,Current Smoker,Normoglycemic,Normal,Borderline High,21.7,Non-Obese
60-79,Female,Non-Smoker,Normoglycemic,Elevated,Desirable,25.0,Non-Obese
60-79,Female,Non-Smoker,Normoglycemic,Elevated,Borderline High,24.3,Non-Obese
20-39,Male,Non-Smoker,Normoglycemic,Elevated,Desirable,23.6,Non-Obese
60-79,Female,Non-Smoker,Normoglycemic,Normal,High,27.8,Non-Obese
20-39,Male,Non-Smoker,Diabetic,Normal,Desirable,24.3,Non-Obese
80+,Male,Non-Smoker,Normoglycemic,Elevated,Borderline High,26.4,Non-Obese
40-59,Male,Current Smoker,Normoglycemic,Stage 2 HTN,High,31.9,Obese
60-79,Male,Non-Smoker,Diabetic,Elevated,Borderline High,35.1,Obese
40-59,Male,Non-Smoker,Normoglycemic,Normal,Desirable,34.9,Obese
20-39,Male,Current Smoker,Normoglycemic,Normal,Very High,20.6,Non-Obese
40-59,Female,Non-Smoker,Normoglycemic,Normal,Desirable,30.8,Obese
40-59,Female,Non-Smoker,Normoglycemic,Normal,High,30.6,Obese
40-59,Female,Non-Smoker,Normoglycemic,Stage 2 HTN,Desirable,29.2,Non-Obese
40-59,Male,Non-Smoker,Diabetic,Stage 2 HTN,Borderline High,38.4,Obese
40-59,Female,Non-Smoker,Normoglycemic,Normal,Very High,24.4,Non-Obese
40-59,Female,Non-Smoker,Diabetic,Stage 1 HTN,Borderline High,26.4,Non-Obese
40-59,Female,Non-Smoker,Normoglycemic,Elevated,Borderline High,25.9,Non-Obese
20-39,Male,Current Smoker,Normoglycemic,Normal,Very High,23.2,Non-Obese
40-59,Female,Non-Smoker,Normoglycemic,Elevated,Desirable,29.7,Non-Obese
40-59,Male,Non-Smoker,Normoglycemic,Normal,Borderline High,22.2,Non-Obese
20-39,Male,Non-Smoker,Normoglycemic,Normal,Desirable,25.4,Non-Obese
80+,Female,Non-Smoker,Diabetic,Stage 1 HTN,Desirable,32.3,Obese
40-59,Female,Non-Smoker,Diabetic,Normal,High,35.3,Obese
40-59,Male,Non-Smoker,Normoglycemic,Elevated,Desirable,23.9,Non-Obese
40-59,Male,Non-Smoker,Normoglycemic,Elevated,Borderline High,27.5,Non-Obese
60-79,Female,Non-Smoker,Normoglycemic,Elevated,Very High,37.6,Obese
80+,Male,Non-Smoker,Diabetic,Elevated,Borderline High,32.1,Obese
60-79,Male,Non-Smoker,Normoglycemic,Normal,High,22.8,Non-Obese
40-59,Male,Current Smoker,Normoglycemic,Stage 2 HTN,Desirable,29.2,Non-Obese
20-39,Female,Non-Smoker,Diabetic,Elevated,High,31.8,Obese
80+,Female,Non-Smoker,Diabetic,Normal,Borderline High,20.2,Non-Obese
80+,Male,Non-Smoker,Normoglycemic,Normal,Desirable,27.8,Non-Obese
40-59,Male,Non-Smoker,Normoglycemic,Normal,High,29.5,Non-Obese
60-79,Female,Non-Smoker,Normoglycemic,Stage 1 HTN,Borderline High,28.3,Non-Obese
20-39,Female,Non-Smoker,Normoglycemic,Normal,High,22.1,Non-Obese
60-79,Male,Current Smoker,Normoglycemic,Stage 2 HTN,High,30.6,Obese
20-39,Female,Non-Smoker,Normoglycemic,Normal,Desirable,19.2,Non-Obese
60-79,Male,Current Smoker,Normoglycemic,Stage 2 HTN,Desirable,31.8,Obese
40-59,Female,Non-Smoker,Normoglycemic,Normal,Borderline High,29.9,Non-Obese
80+,Male,Current Smoker,Normoglycemic,Stage 1 HTN,Borderline High,29.0,Non-Obese
40-59,Female,Non-Smoker,Normoglycemic,Normal,Desirable,26.1,Non-Obese
60-79,Male,Non-Smoker,Normoglycemic,Normal,Very High,30.5,Obese
60-79,Female,Non-Smoker,Diabetic,Stage 2 HTN,Very High,28.0,Non-Obese
20-39,Female,Non-Smoker,Normoglycemic,Elevated,Desirable,28.9,Non-Obese
60-79,Female,Non-Smoker,Normoglycemic,Normal,High,25.3,Non-Obese
80+,Male,Non-Smoker,Normoglycemic,Normal,Borderline High,23.5,Non-Obese
60-79,Male,Non-Smoker,Diabetic,Stage 2 HTN,High,29.3,Non-Obese
40-59,Male,Current Smoker,Normoglycemic,Stage 1 HTN,High,26.9,Non-Obese
80+,Female,Non-Smoker,Normoglycemic,Normal,Borderline High,24.7,Non-Obese
20-39,Male,Non-Smoker,Normoglycemic,Normal,High,26.0,Non-Obese
60-79,Female,Non-Smoker,Diabetic,Stage 2 HTN,Desirable,38.9,Obese
20-39,Female,Non-Smoker,Normoglycemic,Stage 1 HTN,Desirable,22.5,Non-Obese
40-59,Male,Non-Smoker,Normoglycemic,Normal,Borderline High,27.5,Non-Obese
20-39,Male,Non-Smoker,Diabetic,Elevated,Desirable,25.1,Non-Obese
60-79,Male,Non-Smoker,Normoglycemic,Elevated,Desirable,31.0,Obese
20-39,Male,Non-Smoker,Normoglycemic,Normal,Borderline High,22.7,Non-Obese
80+,Female,Non-Smoker,Normoglycemic,Stage 1 HTN,Borderline High,25.5,Non-Obese
80+,Female,Non-Smoker,Diabetic,Stage 1 HTN,Desirable,32.8,Obese
60-79,Male,Non-Smoker,Normoglycemic,Elevated,Desirable,22.9,Non-Obese
40-59,Female,Non-Smoker,Normoglycemic,Stage 1 HTN,High,35.1,Obese
60-79,Female,Non-Smoker,Normoglycemic,Normal,Borderline High,28.4,Non-Obese
60-79,Male,Current Smoker,Normoglycemic,Elevated,Borderline High,33.4,Obese
20-39,Female,Current Smoker,Diabetic,Elevated,High,35.1,Obese
40-59,Male,Non-Smoker,Normoglycemic,Normal,Borderline High,26.8,Non-Obese
60-79,Female,Non-Smoker,Normoglycemic,Normal,Desirable,22.3,Non-Obese
60-79,Male,Non-Smoker,Normoglycemic,Elevated,Desirable,24.2,Non-Obese
40-59,Male,Non-Smoker,Normoglycemic,Stage 2 HTN,Borderline High,35.5,Obese
60-79,Female,Non-Smoker,Normoglycemic,Elevated,Desirable,32.1,Obese
20-39,Male,Non-Smoker,Normoglycemic,Elevated,High,28.5,Non-Obese
20-39,Male,Non-Smoker,Normoglycemic,Normal,Desirable,23.2,Non-Obese
40-59,Male,Non-Smoker,Normoglycemic,Stage 1 HTN,Desirable,21.6,Non-Obese
60-79,Female,Current Smoker,Normoglycemic,Stage 1 HTN,Very High,35.1,Obese
80+,Female,Non-Smoker,Normoglycemic,Elevated,Very High,31.5,Obese
60-79,Female,Non-Smoker,Normoglycemic,Elevated,Desirable,26.4,Non-Obese
40-59,Female,Non-Smoker,Normoglycemic,Normal,Desirable,32.2,Obese
40-59,Female,Non-Smoker,Normoglycemic,Normal,Borderline High,30.7,Obese
40-59,Male,Non-Smoker,Normoglycemic,Stage 1 HTN,Borderline High,25.9,Non-Obese
20-39,Female,Non-Smoker,Normoglycemic,Normal,High,25.3,Non-Obese
40-59,Female,Non-Smoker,Normoglycemic,Elevated,Borderline High,24.3,Non-Obese
80+,Male,Non-Smoker,Diabetic,Stage 1 HTN,Very High,32.4,Obese
20-39,Female,Non-Smoker,Normoglycemic,Normal,High,25.5,Non-Obese
20-39,Male,Non-Smoker,Normoglycemic,Elevated,High,31.2,Obese
40-59,Female,Non-Smoker,Diabetic,Stage 2 HTN,Borderline High,32.4,Obese
20-39,Male,Non-Smoker,Normoglycemic,Normal,Borderline High,22.7,Non-Obese
60-79,Female,Non-Smoker,Normoglycemic,Normal,High,26.9,Non-Obese
20-39,Female,Non-Smoker,Normoglycemic,Elevated,Borderline High,24.8,Non-Obese
40-59,Male,Non-Smoker,Normoglycemic,Normal,Desirable,29.0,Non-Obese
20-39,Male,Non-Smoker,Normoglycemic,Stage 1 HTN,High,25.6,Non-Obese
60-79,Male,Non-Smoker,Normoglycemic,Normal,Borderline High,29.9,Non-Obese
40-59,Male,Current Smoker,Normoglycemic,Stage 2 HTN,Desirable,22.0,Non-Obese
60-79,Female,Current Smoker,Normoglycemic,Stage 1 HTN,High,25.5,Non-Obese
80+,Male,Non-Smoker,Normoglycemic,Normal,Desirable,21.5,Non-Obese
60-79,Female,Current Smoker,Diabetic,Stage 1 HTN,High,31.7,Obese
60-79,Female,Non-Smoker,Normoglycemic,Normal,Borderline High,26.8,Non-Obese
60-79,Female,Non-Smoker,Diabetic,Stage 1 HTN,Desirable,22.9,Non-Obese
40-59,Male,Non-Smoker,Normoglycemic,Normal,Borderline High,21.7,Non-Obese
20-39,Female,Non-Smoker,Normoglycemic,Normal,Desirable,24.1,Non-Obese
20-39,Female,Non-Smoker,Normoglycemic,Normal,Very High,25.9,Non-Obese
40-59,Female,Non-Smoker,Normoglycemic,Normal,Borderline High,25.1,Non-Obese
40-59,Female,Non-Smoker,Normoglycemic,Normal,Borderline High,20.5,Non-Obese
40-59,Female,Non-Smoker,Normoglycemic,Normal,High,26.1,Non-Obese
80+,Male,Non-Smoker,Diabetic,Normal,Desirable,27.3,Non-Obese
60-79,Female,Current Smoker,Normoglycemic,Stage 1 HTN,High,26.5,Non-Obese
40-59,Female,Non-Smoker,Normoglycemic,Normal,Desirable,30.5,Obese
20-39,Male,Non-Smoker,Normoglycemic,Normal,Desirable,22.2,Non-Obese
80+,Male,Non-Smoker,Normoglycemic,Normal,High,22.6,Non-Obese
20-39,Female,Non-Smoker,Normoglycemic,Normal,Desirable,26.0,Non-Obese
60-79,Male,Non-Smoker,Normoglycemic,Normal,Desirable,24.6,Non-Obese
40-59,Male,Non-Smoker,Diabetic,Stage 1 HTN,Desirable,24.2,Non-Obese
20-39,Female,Current Smoker,Normoglycemic,Stage 2 HTN,High,25.6,Non-Obese
80+,Female,Current Smoker,Normoglycemic,Elevated,High,23.7,Non-Obese
60-79,Male,Non-Smoker,Diabetic,Stage 2 HTN,Borderline High,27.5,Non-Obese
60-79,Female,Non-Smoker,Normoglycemic,Normal,High,25.6,Non-Obese
40-59,Female,Non-Smoker,Normoglycemic,Elevated,Desirable,31.4,Obese
20-39,Male,Non-Smoker,Normoglycemic,Elevated,High,31.1,Obese
60-79,Male,Non-Smoker,Normoglycemic,Normal,Very High,28.3,Non-Obese
80+,Male,Non-Smoker,Normoglycemic,Normal,Desirable,25.3,Non-Obese
20-39,Male,Current Smoker,Normoglycemic,Stage 2 HTN,Borderline High,29.7,Non-Obese
60-79,Female,Non-Smoker,Normoglycemic,Normal,High,25.5,Non-Obese
40-59,Male,Non-Smoker,Normoglycemic,Elevated,High,31.8,Obese
40-59,Male,Non-Smoker,Normoglycemic,Normal,Desirable,24.2,Non-Obese
60-79,Female,Non-Smoker,Diabetic,Stage 2 HTN,Desirable,35.1,Obese
40-59,Female,Non-Smoker,Normoglycemic,Elevated,High,24.7,Non-Obese
40-59,Female,Non-Smoker,Diabetic,Stage 2 HTN,Desirable,35.8,Obese
20-39,Male,Non-Smoker,Normoglycemic,Normal,Desirable,19.4,Non-Obese
60-79,Male,Non-Smoker,Normoglycemic,Normal,Desirable,21.9,Non-Obese
40-59,Female,Non-Smoker,Normoglycemic,Normal,Desirable,26.4,Non-Obese
60-79,Male,Current Smoker,Normoglycemic,Stage 2 HTN,High,36.1,Obese
60-79,Male,Non-Smoker,Normoglycemic,Normal,Desirable,23.2,Non-Obese
60-79,Female,Non-Smoker,Normoglycemic,Normal,Borderline High,24.9,Non-Obese
20-39,Female,Non-Smoker,Normoglycemic,Normal,Borderline High,28.3,Non-Obese
40-59,Male,Current Smoker,Normoglycemic,Stage 1 HTN,Borderline High,22.7,Non-Obese
40-59,Female,Current Smoker,Normoglycemic,Stage 2 HTN,Desirable,26.4,Non-Obese
60-79,Male,Current Smoker,Diabetic,Stage 2 HTN,Borderline High,31.2,Obese
60-79,Male,Non-Smoker,Normoglycemic,Normal,Desirable,24.2,Non-Obese
80+,Female,Non-Smoker,Normoglycemic,Normal,Desirable,27.2,Non-Obese
40-59,Female,Current Smoker,Diabetic,Stage 2 HTN,High,33.0,Obese
60-79,Female,Non-Smoker,Diabetic,Stage 2 HTN,Borderline High,40.0,Obese
40-59,Female,Current Smoker,Diabetic,Stage 2 HTN,Borderline High,36.3,Obese
60-79,Male,Non-Smoker,Diabetic,Stage 2 HTN,High,26.9,Non-Obese
40-59,Female,Non-Smoker,Normoglycemic,Stage 1 HTN,Desirable,31.2,Obese
20-39,Female,Current Smoker,Normoglycemic,Stage 1 HTN,High,26.2,Non-Obese
60-79,Female,Non-Smoker,Normoglycemic,Elevated,Desirable,28.9,Non-Obese
60-79,Female,Non-Smoker,Normoglycemic,Normal,Borderline High,26.9,Non-Obese
80+,Male,Non-Smoker,Normoglycemic,Normal,Desirable,23.6,Non-Obese
60-79,Female,Non-Smoker,Diabetic,Stage 1 HTN,Borderline High,34.8,Obese
60-79,Male,Non-Smoker,Normoglycemic,Normal,High,25.8,Non-Obese
60-79,Female,Current Smoker,Normoglycemic,Normal,Desirable,23.2,Non-Obese
20-39,Female,Current Smoker,Normoglycemic,Stage 1 HTN,Borderline High,22.2,Non-Obese
40-59,Male,Non-Smoker,Normoglycemic,Normal,Desirable,24.5,Non-Obese
80+,Male,Non-Smoker,Diabetic,Stage 2 HTN,Desirable,35.5,Obese
80+,Female,Non-Smoker,Normoglycemic,Elevated,Borderline High,22.2,Non-Obese
40-59,Male,Non-Smoker,Normoglycemic,Normal,Borderline High,37.2,Obese
60-79,Male,Non-Smoker,Normoglycemic,Normal,High,26.8,Non-Obese
20-39,Male,Non-Smoker,Normoglycemic,Normal,Desirable,28.4,Non-Obese
40-59,Male,Non-Smoker,Normoglycemic,Elevated,Desirable,32.7,Obese
40-59,Female,Non-Smoker,Normoglycemic,Normal,Borderline High,26.8,Non-Obese
20-39,Female,Non-Smoker,Normoglycemic,Elevated,Very High,27.7,Non-Obese
60-79,Female,Non-Smoker,Normoglycemic,Normal,Desirable,21.7,Non-Obese
60-79,Male,Current Smoker,Normoglycemic,Normal,Very High,24.1,Non-Obese
20-39,Male,Non-Smoker,Normoglycemic,Normal,Very High,25.9,Non-Obese
20-39,Female,Non-Smoker,Normoglycemic,Normal,Borderline High,22.8,Non-Obese
60-79,Female,Current Smoker,Normoglycemic,Stage 1 HTN,Borderline High,28.8,Non-Obese
40-59,Male,Non-Smoker,Diabetic,Elevated,High,35.2,Obese
20-39,Female,Non-Smoker,Normoglycemic,Normal,Desirable,23.8,Non-Obese
40-59,Female,Non-Smoker,Normoglycemic,Normal,Desirable,29.3,Non-Obese
20-39,Female,Current Smoker,Normoglycemic,Stage 1 HTN,Very High,28.2,Non-Obese
40-59,Female,Non-Smoker,Normoglycemic,Stage 1 HTN,High,29.8,Non-Obese
80+,Female,Non-Smoker,Normoglycemic,Elevated,Desirable,25.9,Non-Obese
60-79,Male,Non-Smoker,Normoglycemic,Normal,Borderline High,22.8,Non-Obese
60-79,Male,Non-Smoker,Normoglycemic,Normal,Borderline High,21.6,Non-Obese
80+,Male,Non-Smoker,Normoglycemic,Normal,High,24.8,Non-Obese
60-79,Male,Non-Smoker,Normoglycemic,Normal,Desirable,22.7,Non-Obese
80+,Female,Non-Smoker,Diabetic,Elevated,Desirable,26.0,Non-Obese
20-39,Male,Current Smoker,Diabetic,Stage 2 HTN,Borderline High,39.0,Obese
40-59,Female,Non-Smoker,Diabetic,Stage 2 HTN,Desirable,26.4,Non-Obese
20-39,Male,Current Smoker,Normoglycemic,Normal,Desirable,20.2,Non-Obese
80+,Female,Non-Smoker,Normoglycemic,Normal,Borderline High,23.7,Non-Obese
20-39,Female,Non-Smoker,Normoglycemic,Normal,Borderline High,30.7,Obese
80+,Male,Non-Smoker,Normoglycemic,Normal,High,22.4,Non-Obese
60-79,Male,Current Smoker,Diabetic,Stage 2 HTN,High,32.6,Obese
80+,Male,Current Smoker,Normoglycemic,Stage 1 HTN,Desirable,20.1,Non-Obese
40-59,Female,Non-Smoker,Normoglycemic,Normal,Desirable,25.6,Non-Obese
60-79,Female,Non-Smoker,Normoglycemic,Normal,Borderline High,24.2,Non-Obese
20-39,Female,Non-Smoker,Normoglycemic,Normal,Very High,26.6,Non-Obese
60-79,Male,Current Smoker,Normoglycemic,Stage 2 HTN,High,32.3,Obese
40-59,Male,Current Smoker,Normoglycemic,Stage 1 HTN,Very High,30.8,Obese
60-79,Male,Non-Smoker,Normoglycemic,Normal,High,29.7,Non-Obese
60-79,Female,Non-Smoker,Normoglycemic,Elevated,High,34.2,Obese
20-39,Male,Non-Smoker,Normoglycemic,Stage 1 HTN,High,28.9,Non-Obese
80+,Male,Current Smoker,Normoglycemic,Stage 1 HTN,Borderline High,20.3,Non-Obese
60-79,Male,Current Smoker,Normoglycemic,Normal,Desirable,26.4,Non-Obese
20-39,Female,Non-Smoker,Normoglycemic,Normal,Borderline High,24.1,Non-Obese
40-59,Male,Non-Smoker,Normoglycemic,Elevated,Borderline High,34.0,Obese
60-79,Female,Non-Smoker,Normoglycemic,Normal,High,32.0,Obese
40-59,Female,Non-Smoker,Normoglycemic,Normal,Desirable,29.4,Non-Obese
60-79,Female,Non-Smoker,Diabetic,Stage 2 HTN,Very High,32.6,Obese
60-79,Male,Non-Smoker,Normoglycemic,Elevated,Borderline High,26.3,Non-Obese
40-59,Male,Non-Smoker,Normoglycemic,Normal,Very High,27.9,Non-Obese
40-59,Male,Non-Smoker,Normoglycemic,Normal,Borderline High,27.9,Non-Obese
40-59,Female,Non-Smoker,Normoglycemic,Normal,Desirable,25.9,Non-Obese
20-39,Male,Current Smoker,Normoglycemic,Stage 1 HTN,Very High,32.9,Obese
20-39,Male,Current Smoker,Normoglycemic,Stage 1 HTN,Borderline High,20.2,Non-Obese
60-79,Male,Non-Smoker,Diabetic,Stage 2 HTN,High,37.2,Obese
80+,Female,Non-Smoker,Normoglycemic,Stage 2 HTN,Desirable,25.6,Non-Obese
40-59,Male,Current Smoker,Normoglycemic,Elevated,Borderline High,28.1,Non-Obese
60-79,Female,Non-Smoker,Normoglycemic,Normal,Borderline High,22.7,Non-Obese
60-79,Male,Current Smoker,Diabetic,Stage 2 HTN,Desirable,20.9,Non-Obese
60-79,Female,Non-Smoker,Diabetic,Stage 2 HTN,Borderline High,33.5,Obese
20-39,Male,Non-Smoker,Normoglycemic,Stage 1 HTN,Very High,22.9,Non-Obese
20-39,Male,Non-Smoker,Normoglycemic,Normal,Borderline High,22.2,Non-Obese
40-59,Male,Current Smoker,Normoglycemic,Elevated,Very High,27.2,Non-Obese
20-39,Female,Non-Smoker,Normoglycemic,Normal,Desirable,16.3,Non-Obese
20-39,Female,Non-Smoker,Normoglycemic,Normal,Desirable,22.4,Non-Obese
40-59,Female,Non-Smoker,Diabetic,Stage 2 HTN,Desirable,25.1,Non-Obese
40-59,Male,Non-Smoker,Normoglycemic,Stage 1 HTN,Desirable,24.5,Non-Obese
40-59,Female,Non-Smoker,Normoglycemic,Normal,Desirable,21.3,Non-Obese
60-79,Female,Non-Smoker,Diabetic,Stage 2 HTN,Borderline High,37.0,Obese
60-79,Female,Non-Smoker,Normoglycemic,Normal,Very High,31.4,Obese
80+,Male,Current Smoker,Normoglycemic,Stage 2 HTN,High,28.8,Non-Obese
80+,Male,Non-Smoker,Normoglycemic,Stage 1 HTN,Borderline High,32.3,Obese
60-79,Female,Non-Smoker,Normoglycemic,Normal,Desirable,26.5,Non-Obese
40-59,Male,Non-Smoker,Normoglycemic,Normal,Desirable,20.9,Non-Obese
40-59,Male,Non-Smoker,Diabetic,Stage 1 HTN,High,35.3,Obese
20-39,Male,Non-Smoker,Normoglycemic,Stage 1 HTN,Borderline High,25.4,Non-Obese
20-39,Female,Non-Smoker,Normoglycemic,Elevated,Desirable,19.7,Non-Obese
20-39,Male,Non-Smoker,Normoglycemic,Stage 2 HTN,Borderline High,23.2,Non-Obese
60-79,Female,Non-Smoker,Normoglycemic,Stage 2 HTN,Desirable,27.5,Non-Obese
60-79,Male,Current Smoker,Normoglycemic,Elevated,Very High,36.2,Obese
40-59,Male,Non-Smoker,Diabetic,Stage 2 HTN,High,36.9,Obese
80+,Female,Non-Smoker,Normoglycemic,Stage 1 HTN,Borderline High,27.8,Non-Obese
80+,Female,Non-Smoker,Normoglycemic,Elevated,Desirable,24.3,Non-Obese
80+,Female,Non-Smoker,Normoglycemic,Normal,Borderline High,32.3,Obese
80+,Male,Current Smoker,Normoglycemic,Stage 2 HTN,Borderline High,25.3,Non-Obese
40-59,Male,Current Smoker,Normoglycemic,Stage 1 HTN,Very High,27.5,Non-Obese
80+,Female,Non-Smoker,Normoglycemic,Normal,High,27.0,Non-Obese
40-59,Male,Non-Smoker,Normoglycemic,Elevated,High,26.8,Non-Obese
60-79,Female,Non-Smoker,Diabetic,Stage 2 HTN,High,35.3,Obese
20-39,Female,Non-Smoker,Normoglycemic,Normal,High,26.1,Non-Obese
40-59,Male,Non-Smoker,Normoglycemic,Stage 1 HTN,Desirable,26.4,Non-Obese
80+,Male,Non-Smoker,Diabetic,Stage 1 HTN,Very High,28.4,Non-Obese
20-39,Female,Current Smoker,Normoglycemic,Normal,Desirable,28.6,Non-Obese
20-39,Male,Current Smoker,Normoglycemic,Elevated,Very High,33.2,Obese
60-79,Female,Current Smoker,Diabetic,Stage 2 HTN,Borderline High,29.9,Non-Obese
20-39,Female,Current Smoker,Normoglycemic,Stage 1 HTN,Very High,32.0,Obese
60-79,Male,Current Smoker,Normoglycemic,Elevated,High,23.0,Non-Obese
20-39,Male,Non-Smoker,Normoglycemic,Normal,High,21.8,Non-Obese
20-39,Male,Non-Smoker,Normoglycemic,Stage 1 HTN,Desirable,29.7,Non-Obese
80+,Female,Non-Smoker,Normoglycemic,Normal,High,27.8,Non-Obese
60-79,Male,Non-Smoker,Normoglycemic,Stage 1 HTN,Very High,28.0,Non-Obese
80+,Male,Non-Smoker,Normoglycemic,Elevated,Very High,26.1,Non-Obese
20-39,Female,Non-Smoker,Normoglycemic,Normal,Very High,28.5,Non-Obese
60-79,Female,Non-Smoker,Diabetic,Stage 1 HTN,High,33.2,Obese
40-59,Female,Non-Smoker,Normoglycemic,Normal,Very High,23.0,Non-Obese
40-59,Male,Non-Smoker,Normoglycemic,Elevated,Desirable,28.7,Non-Obese
60-79,Male,Non-Smoker,Diabetic,Stage 1 HTN,High,35.2,Obese
40-59,Female,Non-Smoker,Normoglycemic,Stage 2 HTN,Desirable,33.4,Obese
20-39,Female,Non-Smoker,Normoglycemic,Normal,Desirable,21.9,Non-Obese
80+,Male,Non-Smoker,Normoglycemic,Normal,Borderline High,22.0,Non-Obese
20-39,Female,Non-Smoker,Normoglycemic,Stage 1 HTN,Borderline High,26.6,Non-Obese
80+,Female,Non-Smoker,Diabetic,Stage 1 HTN,High,37.5,Obese
60-79,Male,Non-Smoker,Diabetic,Elevated,High,41.9,Obese
40-59,Male,Non-Smoker,Diabetic,Stage 2 HTN,High,36.4,Obese
80+,Female,Non-Smoker,Normoglycemic,Elevated,High,29.1,Non-Obese
40-59,Male,Current Smoker,Normoglycemic,Stage 1 HTN,High,28.9,Non-Obese
20-39,Female,Non-Smoker,Normoglycemic,Elevated,Desirable,21.6,Non-Obese
60-79,Male,Non-Smoker,Normoglycemic,Normal,Desirable,28.9,Non-Obese
40-59,Male,Current Smoker,Normoglycemic,Stage 2 HTN,Desirable,27.6,Non-Obese
60-79,Male,Non-Smoker,Normoglycemic,Elevated,High,23.2,Non-Obese
40-59,Male,Non-Smoker,Normoglycemic,Normal,Borderline High,34.2,Obese
40-59,Male,Non-Smoker,Normoglycemic,Normal,High,31.6,Obese
20-39,Male,Non-Smoker,Normoglycemic,Normal,Desirable,21.1,Non-Obese
40-59,Male,Non-Smoker,Normoglycemic,Normal,Borderline High,27.1,Non-Obese
40-59,Female,Non-Smoker,Normoglycemic,Stage 1 HTN,Desirable,26.4,Non-Obese
40-59,Male,Non-Smoker,Normoglycemic,Normal,Desirable,22.3,Non-Obese
20-39,Male,Non-Smoker,Normoglycemic,Elevated,Very High,23.6,Non-Obese
20-39,Female,Non-Smoker,Normoglycemic,Elevated,High,27.3,Non-Obese
40-59,Female,Non-Smoker,Normoglycemic,Normal,High,32.4,Obese
60-79,Female,Current Smoker,Normoglycemic,Elevated,Desirable,22.4,Non-Obese
20-39,Male,Non-Smoker,Normoglycemic,Normal,Borderline High,25.3,Non-Obese
60-79,Female,Non-Smoker,Diabetic,Elevated,Desirable,28.0,Non-Obese
40-59,Female,Current Smoker,Diabetic,Stage 1 HTN,Borderline High,25.9,Non-Obese
20-39,Female,Non-Smoker,Normoglycemic,Normal,High,18.0,Non-Obese
40-59,Female,Non-Smoker,Normoglycemic,Normal,Desirable,20.9,Non-Obese
20-39,Female,Non-Smoker,Normoglycemic,Stage 1 HTN,Desirable,21.6,Non-Obese
60-79,Male,Current Smoker,Diabetic,Stage 2 HTN,Borderline High,30.5,Obese
20-39,Female,Current Smoker,Normoglycemic,Elevated,Desirable,22.8,Non-Obese
40-59,Female,Non-Smoker,Normoglycemic,Elevated,Borderline High,26.3,Non-Obese
40-59,Male,Non-Smoker,Normoglycemic,Normal,Desirable,21.5,Non-Obese
40-59,Male,Non-Smoker,Normoglycemic,Stage 1 HTN,Desirable,45.6,Obese
20-39,Male,Current Smoker,Normoglycemic,Stage 1 HTN,High,29.3,Non-Obese
60-79,Male,Non-Smoker,Normoglycemic,Elevated,Borderline High,29.6,Non-Obese
20-39,Female,Current Smoker,Normoglycemic,Stage 2 HTN,Very High,28.4,Non-Obese
40-59,Male,Current Smoker,Normoglycemic,Normal,High,26.2,Non-Obese
60-79,Male,Non-Smoker,Normoglycemic,Stage 2 HTN,Desirable,23.9,Non-Obese
40-59,Male,Non-Smoker,Normoglycemic,Normal,Very High,25.4,Non-Obese
20-39,Male,Non-Smoker,Normoglycemic,Elevated,Desirable,19.6,Non-Obese
40-59,Male,Non-Smoker,Normoglycemic,Normal,Very High,35.3,Obese
40-59,Female,Non-Smoker,Normoglycemic,Normal,Borderline High,21.6,Non-Obese
40-59,Male,Current Smoker,Normoglycemic,Normal,Very High,22.1,Non-Obese
60-79,Female,Current Smoker,Normoglycemic,Elevated,Borderline High,23.9,Non-Obese
60-79,Male,Non-Smoker,Normoglycemic,Normal,Borderline High,26.4,Non-Obese
40-59,Female,Non-Smoker,Normoglycemic,Elevated,High,31.9,Obese
60-79,Male,Current Smoker,Normoglycemic,Elevated,High,19.7,Non-Obese
20-39,Female,Current Smoker,Normoglycemic,Stage 1 HTN,High,31.5,Obese
60-79,Male,Non-Smoker,Normoglycemic,Elevated,Borderline High,31.9,Obese
60-79,Male,Non-Smoker,Normoglycemic,Normal,Desirable,33.5,Obese
20-39,Female,Current Smoker,Diabetic,Stage 1 HTN,High,27.5,Non-Obese
40-59,Male,Non-Smoker,Normoglycemic,Normal,Desirable,22.8,Non-Obese
20-39,Female,Non-Smoker,Normoglycemic,Normal,High,26.5,Non-Obese
60-79,Male,Current Smoker,Normoglycemic,Stage 2 HTN,Desirable,27.7,Non-Obese
60-79,Male,Current Smoker,Diabetic,Stage 2 HTN,Desirable,34.3,Obese
40-59,Female,Non-Smoker,Normoglycemic,Normal,High,32.5,Obese
40-59,Male,Non-Smoker,Normoglycemic,Elevated,Desirable,25.7,Non-Obese
60-79,Male,Current Smoker,Normoglycemic,Stage 1 HTN,Borderline High,32.6,Obese
60-79,Male,Non-Smoker,Diabetic,Stage 1 HTN,Desirable,25.9,Non-Obese
20-39,Male,Non-Smoker,Normoglycemic,Stage 1 HTN,Desirable,23.0,Non-Obese
20-39,Male,Non-Smoker,Normoglycemic,Stage 1 HTN,Desirable,28.1,Non-Obese
40-59,Female,Non-Smoker,Normoglycemic,Normal,Desirable,27.1,Non-Obese
20-39,Male,Non-Smoker,Diabetic,Stage 1 HTN,High,33.8,Obese
20-39,Female,Current Smoker,Normoglycemic,Elevated,Very High,37.7,Obese
40-59,Female,Non-Smoker,Normoglycemic,Normal,Desirable,31.3,Obese
20-39,Male,Non-Smoker,Normoglycemic,Normal,High,23.8,Non-Obese
40-59,Female,Non-Smoker,Normoglycemic,Normal,Borderline High,21.6,Non-Obese
20-39,Male,Non-Smoker,Normoglycemic,Elevated,High,25.4,Non-Obese
20-39,Female,Non-Smoker,Normoglycemic,Elevated,Desirable,21.4,Non-Obese
60-79,Female,Non-Smoker,Normoglycemic,Elevated,High,26.4,Non-Obese
60-79,Female,Non-Smoker,Normoglycemic,Normal,Borderline High,24.4,Non-Obese
40-59,Male,Non-Smoker,Normoglycemic,Normal,Borderline High,21.3,Non-Obese
40-59,Female,Current Smoker,Normoglycemic,Stage 1 HTN,High,36.8,Obese
60-79,Male,Non-Smoker,Normoglycemic,Normal,High,27.4,Non-Obese
20-39,Male,Current Smoker,Normoglycemic,Elevated,High,26.9,Non-Obese
40-59,Male,Non-Smoker,Normoglycemic,Normal,High,32.4,Obese
60-79,Male,Non-Smoker,Normoglycemic,Normal,Borderline High,26.6,Non-Obese
40-59,Female,Non-Smoker,Normoglycemic,Normal,Very High,31.3,Obese
60-79,Male,Non-Smoker,Normoglycemic,Stage 1 HTN,Desirable,24.8,Non-Obese
60-79,Male,Current Smoker,Normoglycemic,Stage 2 HTN,Borderline High,29.8,Non-Obese
20-39,Female,Current Smoker,Normoglycemic,Stage 1 HTN,High,18.2,Non-Obese
40-59,Male,Non-Smoker,Normoglycemic,Stage 1 HTN,Desirable,26.2,Non-Obese
20-39,Female,Current Smoker,Normoglycemic,Elevated,Desirable,27.4,Non-Obese
20-39,Female,Current Smoker,Normoglycemic,Stage 2 HTN,Borderline High,28.9,Non-Obese
20-39,Female,Current Smoker,Normoglycemic,Normal,Very High,19.8,Non-Obese
60-79,Female,Non-Smoker,Diabetic,Elevated,Borderline High,25.8,Non-Obese
60-79,Male,Current Smoker,Normoglycemic,Elevated,Very High,24.7,Non-Obese
40-59,Male,Current Smoker,Normoglycemic,Normal,Very High,26.6,Non-Obese
40-59,Male,Non-Smoker,Normoglycemic,Normal,Very High,27.8,Non-Obese
40-59,Female,Non-Smoker,Normoglycemic,Elevated,Borderline High,30.8,Obese
60-79,Female,Non-Smoker,Normoglycemic,Normal,Desirable,29.7,Non-Obese
20-39,Male,Non-Smoker,Normoglycemic,Stage 1 HTN,High,22.6,Non-Obese
60-79,Female,Non-Smoker,Normoglycemic,Elevated,Borderline High,26.3,Non-Obese
40-59,Male,Non-Smoker,Normoglycemic,Stage 1 HTN,Borderline High,25.4,Non-Obese
20-39,Female,Non-Smoker,Normoglycemic,Elevated,Desirable,28.4,Non-Obese
80+,Male,Current Smoker,Diabetic,Stage 2 HTN,Borderline High,30.6,Obese
60-79,Female,Non-Smoker,Normoglycemic,Normal,Very High,24.1,Non-Obese
40-59,Male,Non-Smoker,Normoglycemic,Stage 1 HTN,Desirable,21.7,Non-Obese
60-79,Female,Current Smoker,Diabetic,Stage 2 HTN,Very High,35.1,Obese
60-79,Female,Non-Smoker,Normoglycemic,Stage 1 HTN,Desirable,22.1,Non-Obese
20-39,Male,Non-Smoker,Normoglycemic,Normal,Borderline High,29.2,Non-Obese
40-59,Female,Non-Smoker,Diabetic,Stage 2 HTN,Borderline High,34.2,Obese
80+,Male,Non-Smoker,Normoglycemic,Elevated,High,21.6,Non-Obese
40-59,Female,Non-Smoker,Normoglycemic,Normal,High,27.9,Non-Obese
80+,Male,Current Smoker,Normoglycemic,Stage 2 HTN,Borderline High,25.6,Non-Obese
20-39,Female,Non-Smoker,Normoglycemic,Normal,High,30.9,Obese
40-59,Female,Non-Smoker,Normoglycemic,Elevated,High,25.2,Non-Obese
60-79,Male,Non-Smoker,Normoglycemic,Stage 1 HTN,Borderline High,22.6,Non-Obese
60-79,Female,Non-Smoker,Normoglycemic,Elevated,Desirable,24.9,Non-Obese
60-79,Female,Non-Smoker,Normoglycemic,Elevated,Desirable,28.9,Non-Obese
40-59,Female,Non-Smoker,Normoglycemic,Elevated,Borderline High,27.3,Non-Obese
40-59,Male,Non-Smoker,Normoglycemic,Normal,Borderline High,19.0,Non-Obese
60-79,Male,Current Smoker,Normoglycemic,Stage 1 HTN,Borderline High,23.9,Non-Obese
80+,Female,Non-Smoker,Diabetic,Stage 2 HTN,High,26.3,Non-Obese
40-59,Male,Current Smoker,Normoglycemic,Stage 2 HTN,Desirable,29.3,Non-Obese
60-79,Male,Current Smoker,Normoglycemic,Stage 1 HTN,Borderline High,29.1,Non-Obese
60-79,Female,Non-Smoker,Normoglycemic,Normal,Desirable,24.9,Non-Obese
40-59,Female,Current Smoker,Normoglycemic,Elevated,Desirable,24.6,Non-Obese
60-79,Female,Non-Smoker,Normoglycemic,Stage 1 HTN,Borderline High,20.3,Non-Obese
60-79,Male,Current Smoker,Diabetic,Stage 2 HTN,Borderline High,38.9,Obese
40-59,Female,Current Smoker,Normoglycemic,Elevated,Desirable,29.0,Non-Obese
60-79,Male,Non-Smoker,Normoglycemic,Elevated,High,26.0,Non-Obese
60-79,Female,Non-Smoker,Diabetic,Stage 1 HTN,Borderline High,34.4,Obese
20-39,Female,Non-Smoker,Normoglycemic,Normal,Borderline High,24.5,Non-Obese
80+,Female,Non-Smoker,Normoglycemic,Normal,Borderline High,26.1,Non-Obese
20-39,Male,Non-Smoker,Normoglycemic,Elevated,High,29.8,Non-Obese
40-59,Female,Non-Smoker,Normoglycemic,Normal,Desirable,26.2,Non-Obese
20-39,Male,Non-Smoker,Normoglycemic,Stage 1 HTN,Borderline High,24.7,Non-Obese
60-79,Male,Non-Smoker,Normoglycemic,Elevated,Borderline High,38.5,Obese
60-79,Female,Non-Smoker,Normoglycemic,Normal,Desirable,28.5,Non-Obese
40-59,Female,Non-Smoker,Normoglycemic,Elevated,Desirable,26.3,Non-Obese
60-79,Male,Current Smoker,Diabetic,Elevated,High,35.6,Obese
20-39,Male,Current Smoker,Normoglycemic,Stage 1 HTN,Desirable,25.5,Non-Obese
60-79,Male,Non-Smoker,Normoglycemic,Normal,Borderline High,23.5,Non-Obese
40-59,Male,Non-Smoker,Normoglycemic,Elevated,High,29.4,Non-Obese
80+,Male,Non-Smoker,Normoglycemic,Normal,High,19.9,Non-Obese
80+,Female,Non-Smoker,Normoglycemic,Normal,Desirable,26.2,Non-Obese
40-59,Male,Non-Smoker,Normoglycemic,Normal,Borderline High,25.9,Non-Obese
40-59,Male,Current Smoker,Normoglycemic,Stage 1 HTN,Desirable,29.5,Non-Obese
80+,Female,Non-Smoker,Diabetic,Stage 1 HTN,Desirable,30.9,Obese
60-79,Female,Non-Smoker,Normoglycemic,Normal,Desirable,32.3,Obese
80+,Male,Current Smoker,Normoglycemic,Normal,Desirable,23.6,Non-Obese
20-39,Female,Non-Smoker,Normoglycemic,Elevated,Borderline High,25.5,Non-Obese
40-59,Male,Non-Smoker,Diabetic,Stage 1 HTN,Borderline High,37.5,Obese
60-79,Female,Non-Smoker,Normoglycemic,Normal,Very High,29.7,Non-Obese
60-79,Male,Non-Smoker,Normoglycemic,Normal,Desirable,22.3,Non-Obese
40-59,Male,Non-Smoker,Normoglycemic,Normal,High,23.7,Non-Obese
60-79,Female,Non-Smoker,Normoglycemic,Stage 1 HTN,Desirable,34.1,Obese
40-59,Male,Non-Smoker,Normoglycemic,Elevated,High,37.0,Obese
60-79,Female,Current Smoker,Diabetic,Stage 2 HTN,High,40.1,Obese
60-79,Female,Non-Smoker,Normoglycemic,Stage 1 HTN,High,28.3,Non-Obese
80+,Female,Non-Smoker,Normoglycemic,Elevated,Desirable,22.3,Non-Obese
40-59,Female,Non-Smoker,Normoglycemic,Normal,High,29.2,Non-Obese
40-59,Female,Non-Smoker,Normoglycemic,Normal,Borderline High,26.5,Non-Obese
20-39,Male,Current Smoker,Normoglycemic,Elevated,Very High,22.8,Non-Obese
40-59,Male,Non-Smoker,Normoglycemic,Stage 1 HTN,Very High,33.2,Obese
20-39,Male,Non-Smoker,Normoglycemic,Normal,Borderline High,21.1,Non-Obese
20-39,Female,Non-Smoker,Normoglycemic,Stage 1 HTN,High,25.9,Non-Obese
20-39,Female,Current Smoker,Normoglycemic,Normal,High,23.7,Non-Obese
40-59,Female,Non-Smoker,Normoglycemic,Stage 1 HTN,Desirable,23.3,Non-Obese
60-79,Female,Non-Smoker,Diabetic,Stage 2 HTN,Borderline High,38.8,Obese
40-59,Male,Current Smoker,Normoglycemic,Stage 1 HTN,Borderline High,22.1,Non-Obese
40-59,Female,Non-Smoker,Normoglycemic,Normal,Desirable,21.4,Non-Obese
60-79,Female,Non-Smoker,Normoglycemic,Normal,High,26.6,Non-Obese
40-59,Female,Non-Smoker,Diabetic,Stage 2 HTN,High,35.4,Obese
80+,Male,Non-Smoker,Normoglycemic,Normal,Borderline High,24.6,Non-Obese
80+,Female,Non-Smoker,Normoglycemic,Normal,Desirable,21.1,Non-Obese
80+,Female,Non-Smoker,Normoglycemic,Normal,Desirable,20.7,Non-Obese
20-39,Female,Current Smoker,Normoglycemic,Stage 1 HTN,Borderline High,21.5,Non-Obese
40-59,Male,Non-Smoker,Diabetic,Stage 1 HTN,Desirable,31.8,Obese
60-79,Male,Non-Smoker,Normoglycemic,Normal,Desirable,25.3,Non-Obese
40-59,Female,Non-Smoker,Normoglycemic,Elevated,Desirable,29.9,Non-Obese
60-79,Female,Non-Smoker,Normoglycemic,Normal,High,30.8,Obese
20-39,Male,Current Smoker,Normoglycemic,Normal,High,23.3,Non-Obese
20-39,Male,Non-Smoker,Normoglycemic,Elevated,Borderline High,27.9,Non-Obese
60-79,Female,Non-Smoker,Normoglycemic,Normal,Desirable,22.6,Non-Obese
40-59,Female,Current Smoker,Normoglycemic,Elevated,Very High,25.6,Non-Obese
60-79,Female,Current Smoker,Diabetic,Stage 2 HTN,High,28.5,Non-Obese
20-39,Female,Non-Smoker,Normoglycemic,Normal,High,27.6,Non-Obese
20-39,Female,Non-Smoker,Normoglycemic,Normal,Borderline High,25.1,Non-Obese
40-59,Male,Non-Smoker,Normoglycemic,Normal,Desirable,18.0,Non-Obese
40-59,Female,Non-Smoker,Normoglycemic,Elevated,Borderline High,37.0,Obese
60-79,Male,Current Smoker,Normoglycemic,Stage 1 HTN,High,29.0,Non-Obese
60-79,Male,Non-Smoker,Normoglycemic,Normal,Borderline High,28.1,Non-Obese
80+,Male,Non-Smoker,Diabetic,Stage 2 HTN,Desirable,26.4,Non-Obese
20-39,Female,Non-Smoker,Normoglycemic,Normal,Desirable,20.6,Non-Obese
40-59,Male,Current Smoker,Diabetic,Normal,High,28.7,Non-Obese
20-39,Male,Current Smoker,Normoglycemic,Stage 1 HTN,Desirable,29.7,Non-Obese
40-59,Female,Non-Smoker,Normoglycemic,Normal,Desirable,27.6,Non-Obese
60-79,Male,Non-Smoker,Normoglycemic,Normal,Desirable,19.9,Non-Obese
40-59,Female,Non-Smoker,Normoglycemic,Normal,Desirable,28.1,Non-Obese
80+,Male,Current Smoker,Normoglycemic,Stage 2 HTN,Borderline High,23.7,Non-Obese
80+,Female,Non-Smoker,Normoglycemic,Stage 1 HTN,Very High,28.2,Non-Obese
20-39,Male,Non-Smoker,Normoglycemic,Normal,Desirable,23.2,Non-Obese
20-39,Female,Non-Smoker,Normoglycemic,Elevated,Borderline High,30.9,Obese
60-79,Male,Non-Smoker,Normoglycemic,Stage 1 HTN,Borderline High,23.4,Non-Obese
60-79,Male,Non-Smoker,Normoglycemic,Normal,Very High,29.0,Non-Obese
60-79,Female,Current Smoker,Normoglycemic,Elevated,High,31.3,Obese
60-79,Male,Non-Smoker,Normoglycemic,Normal,Desirable,27.1,Non-Obese
80+,Male,Non-Smoker,Diabetic,Stage 1 HTN,Borderline High,29.4,Non-Obese
20-39,Female,Non-Smoker,Normoglycemic,Normal,Borderline High,24.7,Non-Obese
20-39,Female,Non-Smoker,Normoglycemic,Normal,Borderline High,28.1,Non-Obese
20-39,Male,Non-Smoker,Normoglycemic,Elevated,Desirable,29.0,Non-Obese
80+,Male,Non-Smoker,Normoglycemic,Stage 1 HTN,Desirable,26.2,Non-Obese
40-59,Female,Non-Smoker,Diabetic,Stage 2 HTN,Desirable,41.3,Obese
40-59,Female,Non-Smoker,Normoglycemic,Normal,Borderline High,33.0,Obese
40-59,Female,Non-Smoker,Normoglycemic,Normal,High,25.9,Non-Obese
40-59,Female,Non-Smoker,Normoglycemic,Normal,Borderline High,29.8,Non-Obese
60-79,Female,Non-Smoker,Normoglycemic,Normal,Borderline High,22.1,Non-Obese
40-59,Female,Non-Smoker,Normoglycemic,Normal,Very High,29.3,Non-Obese
20-39,Female,Non-Smoker,Normoglycemic,Stage 1 HTN,Desirable,28.1,Non-Obese
40-59,Female,Non-Smoker,Diabetic,Stage 2 HTN,Desirable,32.7,Obese
20-39,Male,Non-Smoker,Normoglycemic,Stage 1 HTN,Borderline High,25.8,Non-Obese
60-79,Female,Non-Smoker,Normoglycemic,Elevated,Borderline High,34.2,Obese
40-59,Female,Non-Smoker,Diabetic,Elevated,High,39.7,Obese
60-79,Male,Non-Smoker,Diabetic,Normal,Desirable,21.8,Non-Obese
40-59,Male,Non-Smoker,Diabetic,Stage 1 HTN,Borderline High,32.2,Obese
40-59,Female,Non-Smoker,Normoglycemic,Normal,Borderline High,27.0,Non-Obese
40-59,Male,Current Smoker,Normoglycemic,Stage 1 HTN,Borderline High,25.6,Non-Obese
40-59,Female,Non-Smoker,Normoglycemic,Elevated,Desirable,25.3,Non-Obese
60-79,Female,Non-Smoker,Normoglycemic,Stage 1 HTN,Borderline High,30.1,Obese
20-39,Male,Current Smoker,Normoglycemic,Stage 1 HTN,Borderline High,30.5,Obese
40-59,Female,Non-Smoker,Normoglycemic,Elevated,Desirable,30.2,Obese
20-39,Male,Current Smoker,Normoglycemic,Stage 2 HTN,High,33.8,Obese
80+,Male,Current Smoker,Normoglycemic,Stage 1 HTN,High,20.2,Non-Obese
20-39,Male,Non-Smoker,Normoglycemic,Stage 1 HTN,Desirable,26.7,Non-Obese
40-59,Male,Current Smoker,Diabetic,Stage 1 HTN,Borderline High,29.9,Non-Obese
60-79,Female,Non-Smoker,Normoglycemic,Stage 1 HTN,Desirable,23.6,Non-Obese
40-59,Female,Current Smoker,Diabetic,Elevated,Borderline High,23.4,Non-Obese
80+,Female,Non-Smoker,Diabetic,Stage 2 HTN,Borderline High,33.1,Obese
40-59,Female,Non-Smoker,Normoglycemic,Elevated,Desirable,34.3,Obese
60-79,Female,Non-Smoker,Diabetic,Stage 2 HTN,Borderline High,48.0,Obese
40-59,Male,Non-Smoker,Normoglycemic,Normal,High,24.7,Non-Obese
40-59,Male,Non-Smoker,Diabetic,Stage 1 HTN,Desirable,26.7,Non-Obese
40-59,Female,Non-Smoker,Diabetic,Elevated,Desirable,32.8,Obese
80+,Male,Non-Smoker,Diabetic,Stage 2 HTN,High,26.7,Non-Obese
20-39,Male,Current Smoker,Normoglycemic,Stage 1 HTN,Very High,22.9,Non-Obese
40-59,Male,Non-Smoker,Diabetic,Stage 2 HTN,High,40.9,Obese
40-59,Male,Non-Smoker,Diabetic,Elevated,Borderline High,28.0,Non-Obese
60-79,Female,Current Smoker,Normoglycemic,Elevated,Desirable,24.4,Non-Obese
60-79,Female,Current Smoker,Normoglycemic,Stage 1 HTN,Borderline High,28.6,Non-Obese
40-59,Male,Non-Smoker,Normoglycemic,Normal,High,26.6,Non-Obese
60-79,Female,Non-Smoker,Normoglycemic,Normal,Desirable,20.7,Non-Obese
40-59,Male,Non-Smoker,Normoglycemic,Normal,Borderline High,32.3,Obese
60-79,Female,Current Smoker,Diabetic,Stage 2 HTN,High,30.4,Obese
40-59,Female,Non-Smoker,Normoglycemic,Normal,Desirable,25.3,Non-Obese
40-59,Male,Non-Smoker,Normoglycemic,Elevated,High,22.7,Non-Obese
80+,Male,Non-Smoker,Normoglycemic,Normal,Borderline High,22.4,Non-Obese
20-39,Female,Current Smoker,Normoglycemic,Stage 2 HTN,Desirable,22.4,Non-Obese
60-79,Female,Non-Smoker,Normoglycemic,Stage 1 HTN,Desirable,25.4,Non-Obese
80+,Male,Non-Smoker,Normoglycemic,Stage 1 HTN,Desirable,22.6,Non-Obese
40-59,Female,Non-Smoker,Diabetic,Elevated,Borderline High,34.2,Obese
20-39,Female,Non-Smoker,Normoglycemic,Normal,High,30.2,Obese
20-39,Female,Current Smoker,Normoglycemic,Stage 2 HTN,Desirable,22.2,Non-Obese
60-79,Male,Current Smoker,Diabetic,Stage 2 HTN,Desirable,37.7,Obese
60-79,Female,Non-Smoker,Normoglycemic,Elevated,High,36.2,Obese
40-59,Female,Current Smoker,Normoglycemic,Stage 1 HTN,Borderline High,35.0,Obese
40-59,Female,Non-Smoker,Diabetic,Stage 2 HTN,Desirable,36.7,Obese
20-39,Male,Current Smoker,Normoglycemic,Normal,Desirable,24.0,Non-Obese
40-59,Female,Non-Smoker,Normoglycemic,Elevated,Desirable,31.9,Obese
60-79,Female,Current Smoker,Diabetic,Elevated,Borderline High,37.0,Obese
60-79,Female,Non-Smoker,Normoglycemic,Normal,High,31.5,Obese
20-39,Male,Non-Smoker,Normoglycemic,Normal,Very High,23.6,Non-Obese
80+,Male,Non-Smoker,Normoglycemic,Normal,Very High,25.1,Non-Obese
40-59,Female,Non-Smoker,Normoglycemic,Normal,Desirable,21.3,Non-Obese
40-59,Male,Non-Smoker,Normoglycemic,Normal,Borderline High,33.9,Obese
20-39,Female,Non-Smoker,Normoglycemic,Normal,Borderline High,24.1,Non-Obese
20-39,Male,Non-Smoker,Normoglycemic,Stage 2 HTN,Desirable,31.9,Obese
60-79,Male,Non-Smoker,Normoglycemic,Stage 1 HTN,Desirable,21.0,Non-Obese
40-59,Male,Non-Smoker,Normoglycemic,Normal,Borderline High,28.8,Non-Obese
80+,Male,Non-Smoker,Normoglycemic,Stage 1 HTN,Desirable,26.2,Non-Obese
40-59,Male,Non-Smoker,Diabetic,Stage 1 HTN,Borderline High,51.3,Obese
20-39,Female,Non-Smoker,Normoglycemic,Normal,Desirable,21.7,Non-Obese
40-59,Male,Non-Smoker,Normoglycemic,Normal,Desirable,25.8,Non-Obese
60-79,Male,Current Smoker,Normoglycemic,Stage 2 HTN,High,29.4,Non-Obese
20-39,Female,Non-Smoker,Normoglycemic,Stage 2 HTN,Borderline High,26.8,Non-Obese
40-59,Female,Non-Smoker,Normoglycemic,Normal,Desirable,30.5,Obese
40-59,Male,Non-Smoker,Normoglycemic,Normal,High,24.6,Non-Obese
60-79,Male,Non-Smoker,Normoglycemic,Normal,High,29.7,Non-Obese
20-39,Female,Current Smoker,Normoglycemic,Stage 2 HTN,Borderline High,25.9,Non-Obese
60-79,Female,Non-Smoker,Normoglycemic,Normal,High,29.7,Non-Obese
20-39,Female,Non-Smoker,Normoglycemic,Normal,Desirable,28.4,Non-Obese
20-39,Male,Non-Smoker,Normoglycemic,Elevated,Desirable,25.9,Non-Obese
20-39,Female,Non-Smoker,Diabetic,Stage 2 HTN,High,36.7,Obese
20-39,Male,Non-Smoker,Normoglycemic,Normal,High,30.2,Obese
40-59,Male,Non-Smoker,Normoglycemic,Stage 1 HTN,High,31.2,Obese
20-39,Male,Current Smoker,Normoglycemic,Stage 1 HTN,Borderline High,30.7,Obese
40-59,Male,Current Smoker,Diabetic,Stage 2 HTN,Borderline High,31.7,Obese
60-79,Female,Non-Smoker,Normoglycemic,Normal,Borderline High,25.2,Non-Obese
20-39,Female,Non-Smoker,Normoglycemic,Normal,High,27.3,Non-Obese
60-79,Male,Current Smoker,Normoglycemic,Stage 2 HTN,Desirable,21.7,Non-Obese
60-79,Female,Current Smoker,Normoglycemic,Stage 2 HTN,Borderline High,21.2,Non-Obese
80+,Female,Non-Smoker,Normoglycemic,Normal,Desirable,22.8,Non-Obese
60-79,Female,Current Smoker,Normoglycemic,Stage 1 HTN,Very High,25.0,Non-Obese
20-39,Female,Non-Smoker,Normoglycemic,Elevated,Desirable,20.3,Non-Obese
60-79,Female,Non-Smoker,Normoglycemic,Elevated,High,21.7,Non-Obese
40-59,Female,Non-Smoker,Normoglycemic,Normal,Borderline High,25.6,Non-Obese
40-59,Male,Current Smoker,Normoglycemic,Stage 1 HTN,Desirable,28.6,Non-Obese
80+,Female,Non-Smoker,Normoglycemic,Normal,High,25.0,Non-Obese
60-79,Female,Non-Smoker,Normoglycemic,Normal,Desirable,27.4,Non-Obese
20-39,Female,Current Smoker,Normoglycemic,Stage 1 HTN,Borderline High,29.4,Non-Obese
80+,Female,Current Smoker,Normoglycemic,Normal,Desirable,18.5,Non-Obese
40-59,Male,Non-Smoker,Normoglycemic,Normal,Desirable,20.9,Non-Obese
60-79,Female,Non-Smoker,Normoglycemic,Normal,High,23.5,Non-Obese
80+,Male,Non-Smoker,Normoglycemic,Normal,Very High,22.0,Non-Obese
40-59,Male,Non-Smoker,Diabetic,Stage 1 HTN,High,29.0,Non-Obese
40-59,Female,Current Smoker,Normoglycemic,Stage 2 HTN,Desirable,29.9,Non-Obese
80+,Female,Non-Smoker,Normoglycemic,Normal,Desirable,24.8,Non-Obese
40-59,Female,Non-Smoker,Normoglycemic,Normal,Desirable,29.1,Non-Obese
20-39,Female,Non-Smoker,Diabetic,Stage 1 HTN,Desirable,28.9,Non-Obese
60-79,Male,Non-Smoker,Normoglycemic,Normal,Desirable,23.1,Non-Obese
20-39,Male,Non-Smoker,Normoglycemic,Normal,Borderline High,26.8,Non-Obese
60-79,Female,Current Smoker,Normoglycemic,Elevated,Desirable,18.3,Non-Obese
40-59,Female,Non-Smoker,Normoglycemic,Elevated,High,24.6,Non-Obese
60-79,Male,Current Smoker,Normoglycemic,Stage 1 HTN,High,28.1,Non-Obese
40-59,Female,Current Smoker,Diabetic,Stage 1 HTN,Very High,27.1,Non-Obese
60-79,Female,Non-Smoker,Diabetic,Stage 2 HTN,Borderline High,31.6,Obese
40-59,Male,Non-Smoker,Normoglycemic,Normal,Borderline High,35.2,Obese
20-39,Male,Current Smoker,Normoglycemic,Stage 1 HTN,Borderline High,28.1,Non-Obese
20-39,Female,Non-Smoker,Normoglycemic,Normal,Borderline High,27.0,Non-Obese
60-79,Male,Non-Smoker,Normoglycemic,Stage 2 HTN,Very High,30.8,Obese
80+,Female,Non-Smoker,Normoglycemic,Elevated,Borderline High,22.9,Non-Obese
60-79,Female,Non-Smoker,Normoglycemic,Normal,Borderline High,30.5,Obese
20-39,Male,Non-Smoker,Normoglycemic,Normal,High,23.9,Non-Obese
20-39,Male,Non-Smoker,Diabetic,Stage 2 HTN,Very High,32.3,Obese
40-59,Female,Non-Smoker,Normoglycemic,Normal,Desirable,23.1,Non-Obese
80+,Female,Non-Smoker,Normoglycemic,Normal,Very High,27.1,Non-Obese
80+,Male,Non-Smoker,Normoglycemic,Normal,Borderline High,23.7,Non-Obese
40-59,Male,Non-Smoker,Normoglycemic,Normal,Very High,30.2,Obese
80+,Female,Non-Smoker,Normoglycemic,Stage 1 HTN,High,22.9,Non-Obese
60-79,Female,Non-Smoker,Normoglycemic,Normal,High,21.6,Non-Obese
20-39,Male,Non-Smoker,Normoglycemic,Normal,Desirable,23.2,Non-Obese
60-79,Female,Non-Smoker,Normoglycemic,Normal,Desirable,32.3,Obese
80+,Male,Current Smoker,Normoglycemic,Stage 1 HTN,Desirable,25.6,Non-Obese
80+,Female,Current Smoker,Normoglycemic,Elevated,Desirable,24.2,Non-Obese
80+,Male,Non-Smoker,Diabetic,Stage 2 HTN,Desirable,35.2,Obese
20-39,Male,Current Smoker,Normoglycemic,Stage 2 HTN,Desirable,26.2,Non-Obese
20-39,Male,Current Smoker,Normoglycemic,Stage 2 HTN,Desirable,23.2,Non-Obese
40-59,Female,Non-Smoker,Normoglycemic,Normal,Borderline High,32.1,Obese
60-79,Male,Non-Smoker,Normoglycemic,Normal,Borderline High,36.2,Obese
40-59,Male,Non-Smoker,Normoglycemic,Normal,Very High,30.5,Obese
40-59,Female,Non-Smoker,Normoglycemic,Normal,Very High,29.5,Non-Obese
80+,Male,Current Smoker,Normoglycemic,Stage 1 HTN,Borderline High,25.9,Non-Obese
40-59,Male,Non-Smoker,Normoglycemic,Normal,High,32.2,Obese
60-79,Female,Non-Smoker,Normoglycemic,Stage 1 HTN,Desirable,29.8,Non-Obese
60-79,Female,Non-Smoker,Normoglycemic,Normal,Borderline High,25.9,Non-Obese
40-59,Female,Non-Smoker,Diabetic,Elevated,Very High,22.1,Non-Obese
40-59,Female,Non-Smoker,Diabetic,Elevated,High,31.6,Obese
80+,Male,Non-Smoker,Diabetic,Stage 1 HTN,Borderline High,33.1,Obese
60-79,Male,Current Smoker,Normoglycemic,Stage 1 HTN,Borderline High,26.0,Non-Obese
40-59,Female,Non-Smoker,Normoglycemic,Stage 2 HTN,Desirable,39.1,Obese
40-59,Female,Non-Smoker,Normoglycemic,Normal,Desirable,31.2,Obese
20-39,Female,Non-Smoker,Normoglycemic,Elevated,Borderline High,26.1,Non-Obese
60-79,Male,Non-Smoker,Normoglycemic,Stage 2 HTN,Borderline High,27.1,Non-Obese
80+,Female,Non-Smoker,Diabetic,Elevated,Desirable,23.9,Non-Obese
60-79,Female,Non-Smoker,Normoglycemic,Elevated,Borderline High,29.0,Non-Obese
80+,Female,Non-Smoker,Diabetic,Stage 1 HTN,High,35.7,Obese
40-59,Male,Non-Smoker,Normoglycemic,Normal,Borderline High,22.9,Non-Obese
20-39,Male,Non-Smoker,Normoglycemic,Normal,High,29.9,Non-Obese
20-39,Female,Non-Smoker,Normoglycemic,Normal,Borderline High,23.7,Non-Obese
40-59,Male,Non-Smoker,Normoglycemic,Elevated,High,20.1,Non-Obese
20-39,Male,Non-Smoker,Diabetic,Stage 1 HTN,High,30.9,Obese
20-39,Female,Non-Smoker,Normoglycemic,Normal,High,27.9,Non-Obese
60-79,Female,Non-Smoker,Normoglycemic,Elevated,Borderline High,29.9,Non-Obese
60-79,Female,Non-Smoker,Normoglycemic,Normal,Borderline High,29.2,Non-Obese
40-59,Female,Non-Smoker,Normoglycemic,Stage 1 HTN,Desirable,26.6,Non-Obese
20-39,Female,Non-Smoker,Normoglycemic,Elevated,Desirable,27.2,Non-Obese
80+,Female,Non-Smoker,Normoglycemic,Elevated,Desirable,21.3,Non-Obese
20-39,Female,Non-Smoker,Normoglycemic,Normal,Desirable,26.1,Non-Obese
20-39,Female,Non-Smoker,Diabetic,Stage 2 HTN,High,33.4,Obese
20-39,Female,Non-Smoker,Normoglycemic,Stage 1 HTN,Desirable,23.4,Non-Obese
40-59,Female,Current Smoker,Normoglycemic,Stage 2 HTN,Very High,34.1,Obese
60-79,Female,Non-Smoker,Normoglycemic,Normal,Desirable,31.7,Obese
20-39,Female,Current Smoker,Normoglycemic,Elevated,Borderline High,21.8,Non-Obese
80+,Male,Current Smoker,Normoglycemic,Stage 1 HTN,Desirable,20.6,Non-Obese
40-59,Male,Non-Smoker,Normoglycemic,Stage 1 HTN,Borderline High,31.0,Obese
40-59,Female,Current Smoker,Normoglycemic,Normal,High,28.9,Non-Obese
20-39,Male,Non-Smoker,Normoglycemic,Stage 1 HTN,High,24.2,Non-Obese
40-59,Male,Non-Smoker,Normoglycemic,Elevated,Borderline High,28.0,Non-Obese
60-79,Female,Non-Smoker,Normoglycemic,Stage 1 HTN,Desirable,24.6,Non-Obese
60-79,Male,Non-Smoker,Normoglycemic,Normal,Borderline High,18.2,Non-Obese
20-39,Female,Current Smoker,Normoglycemic,Stage 2 HTN,Desirable,34.9,Obese
60-79,Male,Current Smoker,Normoglycemic,Stage 2 HTN,High,29.8,Non-Obese
20-39,Male,Non-Smoker,Normoglycemic,Normal,High,21.4,Non-Obese
40-59,Male,Non-Smoker,Normoglycemic,Elevated,Very High,27.9,Non-Obese
80+,Female,Non-Smoker,Normoglycemic,Elevated,Borderline High,29.6,Non-Obese
60-79,Male,Current Smoker,Normoglycemic,Normal,Very High,25.1,Non-Obese
60-79,Female,Non-Smoker,Normoglycemic,Normal,High,26.8,Non-Obese
40-59,Male,Non-Smoker,Normoglycemic,Normal,Borderline High,27.8,Non-Obese
40-59,Male,Non-Smoker,Normoglycemic,Stage 1 HTN,Desirable,30.7,Obese
60-79,Male,Current Smoker,Normoglycemic,Elevated,Very High,26.6,Non-Obese
60-79,Female,Non-Smoker,Normoglycemic,Normal,Desirable,25.3,Non-Obese
80+,Male,Non-Smoker,Normoglycemic,Normal,Desirable,23.1,Non-Obese
80+,Female,Current Smoker,Normoglycemic,Normal,High,24.5,Non-Obese
40-59,Male,Non-Smoker,Normoglycemic,Normal,High,23.2,Non-Obese
80+,Male,Current Smoker,Normoglycemic,Stage 2 HTN,Very High,37.2,Obese
60-79,Male,Non-Smoker,Diabetic,Stage 2 HTN,High,37.4,Obese
60-79,Male,Current Smoker,Normoglycemic,Stage 2 HTN,Desirable,28.5,Non-Obese
40-59,Female,Non-Smoker,Diabetic,Stage 1 HTN,Very High,33.6,Obese
20-39,Male,Non-Smoker,Normoglycemic,Stage 2 HTN,High,27.4,Non-Obese
40-59,Male,Current Smoker,Normoglycemic,Normal,Desirable,31.0,Obese
40-59,Female,Non-Smoker,Normoglycemic,Normal,Borderline High,30.6,Obese
60-79,Female,Non-Smoker,Normoglycemic,Elevated,High,25.9,Non-Obese
60-79,Female,Non-Smoker,Diabetic,Stage 2 HTN,High,40.2,Obese
60-79,Female,Non-Smoker,Normoglycemic,Normal,Desirable,25.3,Non-Obese
60-79,Female,Non-Smoker,Diabetic,Stage 1 HTN,Borderline High,31.5,Obese
60-79,Male,Current Smoker,Normoglycemic,Normal,High,24.6,Non-Obese
60-79,Male,Non-Smoker,Normoglycemic,Normal,Borderline High,32.0,Obese
20-39,Male,Current Smoker,Normoglycemic,Stage 1 HTN,Borderline High,24.4,Non-Obese
60-79,Female,Non-Smoker,Diabetic,Stage 2 HTN,Desirable,34.7,Obese
40-59,Male,Non-Smoker,Normoglycemic,Normal,Borderline High,27.7,Non-Obese
20-39,Male,Non-Smoker,Diabetic,Elevated,High,27.0,Non-Obese
80+,Female,Current Smoker,Diabetic,Stage 2 HTN,High,37.3,Obese
60-79,Male,Current Smoker,Normoglycemic,Elevated,Very High,28.8,Non-Obese
40-59,Male,Non-Smoker,Normoglycemic,Elevated,High,25.3,Non-Obese
60-79,Female,Non-Smoker,Normoglycemic,Normal,Borderline High,25.1,Non-Obese
40-59,Female,Non-Smoker,Normoglycemic,Normal,Desirable,23.7,Non-Obese
20-39,Male,Non-Smoker,Normoglycemic,Normal,Borderline High,22.2,Non-Obese
40-59,Male,Non-Smoker,Normoglycemic,Normal,Desirable,25.5,Non-Obese
60-79,Male,Non-Smoker,Normoglycemic,Normal,Borderline High,29.1,Non-Obese
60-79,Male,Non-Smoker,Normoglycemic,Normal,Desirable,23.2,Non-Obese
80+,Male,Non-Smoker,Normoglycemic,Elevated,Very High,25.5,Non-Obese
40-59,Male,Non-Smoker,Normoglycemic,Elevated,High,24.2,Non-Obese
60-79,Female,Non-Smoker,Normoglycemic,Normal,Desirable,30.1,Obese
40-59,Female,Non-Smoker,Diabetic,Stage 1 HTN,High,29.6,Non-Obese
40-59,Female,Non-Smoker,Diabetic,Stage 2 HTN,Borderline High,44.8,Obese
60-79,Male,Non-Smoker,Normoglycemic,Elevated,Desirable,24.3,Non-Obese
60-79,Female,Non-Smoker,Normoglycemic,Normal,High,24.3,Non-Obese
20-39,Male,Non-Smoker,Normoglycemic,Elevated,Borderline High,25.0,Non-Obese
40-59,Male,Non-Smoker,Normoglycemic,Stage 1 HTN,Borderline High,29.9,Non-Obese
40-59,Male,Current Smoker,Normoglycemic,Stage 2 HTN,High,34.0,Obese
80+,Female,Non-Smoker,Normoglycemic,Elevated,Desirable,28.7,Non-Obese
20-39,Male,Current Smoker,Normoglycemic,Stage 1 HTN,High,23.7,Non-Obese
20-39,Female,Non-Smoker,Normoglycemic,Normal,Borderline High,24.2,Non-Obese
60-79,Male,Non-Smoker,Diabetic,Stage 2 HTN,High,37.4,Obese
40-59,Female,Non-Smoker,Diabetic,Stage 2 HTN,Desirable,26.7,Non-Obese
40-59,Male,Non-Smoker,Diabetic,Stage 1 HTN,Desirable,32.3,Obese
40-59,Female,Non-Smoker,Normoglycemic,Stage 1 HTN,Desirable,30.6,Obese
60-79,Female,Non-Smoker,Diabetic,Stage 2 HTN,Borderline High,25.1,Non-Obese
60-79,Male,Current Smoker,Normoglycemic,Elevated,Desirable,26.3,Non-Obese
20-39,Male,Current Smoker,Normoglycemic,Stage 2 HTN,High,23.6,Non-Obese
80+,Female,Current Smoker,Normoglycemic,Stage 2 HTN,Desirable,23.7,Non-Obese
60-79,Female,Non-Smoker,Normoglycemic,Normal,Borderline High,24.4,Non-Obese
40-59,Male,Non-Smoker,Normoglycemic,Normal,Desirable,19.4,Non-Obese
40-59,Female,Non-Smoker,Normoglycemic,Elevated,Borderline High,22.4,Non-Obese
20-39,Female,Current Smoker,Normoglycemic,Stage 2 HTN,High,28.8,Non-Obese
80+,Male,Non-Smoker,Diabetic,Stage 1 HTN,High,26.3,Non-Obese
20-39,Female,Non-Smoker,Normoglycemic,Elevated,Desirable,27.5,Non-Obese
40-59,Female,Non-Smoker,Normoglycemic,Normal,High,27.7,Non-Obese
60-79,Male,Non-Smoker,Diabetic,Stage 1 HTN,Borderline High,35.5,Obese
40-59,Female,Non-Smoker,Normoglycemic,Stage 2 HTN,Very High,35.8,Obese
60-79,Male,Current Smoker,Normoglycemic,Stage 2 HTN,High,32.0,Obese
60-79,Male,Current Smoker,Diabetic,Stage 2 HTN,Borderline High,29.5,Non-Obese
40-59,Male,Non-Smoker,Normoglycemic,Normal,High,28.4,Non-Obese
80+,Male,Non-Smoker,Normoglycemic,Elevated,Borderline High,21.6,Non-Obese
20-39,Male,Current Smoker,Normoglycemic,Stage 2 HTN,Borderline High,25.3,Non-Obese
20-39,Male,Current Smoker,Normoglycemic,Stage 1 HTN,High,22.3,Non-Obese
40-59,Female,Non-Smoker,Normoglycemic,Normal,High,30.9,Obese
20-39,Female,Current Smoker,Diabetic,Stage 2 HTN,Very High,29.6,Non-Obese
20-39,Female,Non-Smoker,Normoglycemic,Normal,High,27.6,Non-Obese
40-59,Female,Non-Smoker,Normoglycemic,Normal,Borderline High,22.7,Non-Obese
20-39,Female,Non-Smoker,Normoglycemic,Normal,High,28.6,Non-Obese
40-59,Male,Non-Smoker,Normoglycemic,Normal,High,30.6,Obese
40-59,Female,Non-Smoker,Normoglycemic,Stage 2 HTN,Desirable,28.1,Non-Obese
20-39,Female,Non-Smoker,Normoglycemic,Stage 1 HTN,Borderline High,21.9,Non-Obese
60-79,Female,Non-Smoker,Normoglycemic,Stage 2 HTN,Desirable,39.3,Obese
40-59,Male,Non-Smoker,Normoglycemic,Normal,Borderline High,21.2,Non-Obese
40-59,Female,Non-Smoker,Diabetic,Stage 1 HTN,Very High,35.2,Obese
60-79,Female,Non-Smoker,Normoglycemic,Normal,Desirable,26.7,Non-Obese
40-59,Female,Non-Smoker,Normoglycemic,Elevated,Desirable,24.6,Non-Obese
60-79,Male,Non-Smoker,Diabetic,Stage 2 HTN,Desirable,32.7,Obese
60-79,Male,Current Smoker,Normoglycemic,Elevated,Desirable,23.1,Non-Obese
40-59,Male,Non-Smoker,Normoglycemic,Stage 1 HTN,Desirable,22.3,Non-Obese
60-79,Female,Non-Smoker,Normoglycemic,Normal,Very High,27.7,Non-Obese
60-79,Male,Non-Smoker,Diabetic,Stage 2 HTN,High,33.3,Obese
40-59,Female,Non-Smoker,Normoglycemic,Normal,Desirable,18.9,Non-Obese
60-79,Female,Non-Smoker,Normoglycemic,Stage 1 HTN,Borderline High,26.9,Non-Obese
20-39,Female,Non-Smoker,Diabetic,Elevated,Desirable,26.5,Non-Obese
20-39,Male,Non-Smoker,Normoglycemic,Normal,Desirable,24.5,Non-Obese
20-39,Male,Non-Smoker,Normoglycemic,Elevated,Desirable,22.5,Non-Obese
20-39,Female,Non-Smoker,Normoglycemic,Elevated,Desirable,21.5,Non-Obese
20-39,Male,Non-Smoker,Normoglycemic,Elevated,Borderline High,34.2,Obese
20-39,Female,Non-Smoker,Normoglycemic,Normal,Borderline High,29.6,Non-Obese
40-59,Male,Non-Smoker,Normoglycemic,Normal,Desirable,21.6,Non-Obese
40-59,Female,Non-Smoker,Normoglycemic,Normal,Desirable,23.3,Non-Obese
20-39,Female,Current Smoker,Normoglycemic,Elevated,High,32.1,Obese
40-59,Male,Non-Smoker,Normoglycemic,Normal,Desirable,26.5,Non-Obese
80+,Female,Non-Smoker,Normoglycemic,Elevated,Borderline High,26.5,Non-Obese
60-79,Female,Non-Smoker,Normoglycemic,Stage 1 HTN,Desirable,35.5,Obese
40-59,Female,Non-Smoker,Normoglycemic,Elevated,Desirable,27.0,Non-Obese
40-59,Male,Current Smoker,Normoglycemic,Normal,High,21.5,Non-Obese
40-59,Female,Non-Smoker,Normoglycemic,Elevated,Desirable,29.4,Non-Obese
20-39,Male,Non-Smoker,Normoglycemic,Stage 2 HTN,Desirable,28.6,Non-Obese
60-79,Female,Current Smoker,Diabetic,Stage 1 HTN,Desirable,36.8,Obese
40-59,Female,Non-Smoker,Normoglycemic,Normal,Desirable,28.5,Non-Obese
20-39,Female,Non-Smoker,Normoglycemic,Normal,Desirable,32.1,Obese
60-79,Female,Non-Smoker,Normoglycemic,Normal,High,24.8,Non-Obese
60-79,Female,Current Smoker,Normoglycemic,Stage 2 HTN,Borderline High,28.9,Non-Obese
80+,Male,Current Smoker,Normoglycemic,Elevated,Borderline High,21.2,Non-Obese
80+,Male,Non-Smoker,Normoglycemic,Normal,High,25.0,Non-Obese
60-79,Male,Non-Smoker,Normoglycemic,Normal,Borderline High,22.5,Non-Obese
20-39,Male,Non-Smoker,Normoglycemic,Normal,High,25.9,Non-Obese
60-79,Female,Non-Smoker,Diabetic,Stage 2 HTN,High,30.1,Obese
20-39,Male,Non-Smoker,Normoglycemic,Normal,Desirable,19.6,Non-Obese
40-59,Male,Current Smoker,Normoglycemic,Stage 2 HTN,Borderline High,31.0,Obese
60-79,Female,Non-Smoker,Normoglycemic,Stage 1 HTN,Borderline High,28.5,Non-Obese
20-39,Female,Current Smoker,Normoglycemic,Normal,Desirable,26.6,Non-Obese
20-39,Male,Non-Smoker,Normoglycemic,Normal,Desirable,20.9,Non-Obese
20-39,Male,Non-Smoker,Normoglycemic,Stage 1 HTN,High,29.0,Non-Obese
40-59,Female,Non-Smoker,Normoglycemic,Elevated,Borderline High,30.6,Obese
20-39,Male,Non-Smoker,Normoglycemic,Normal,High,25.3,Non-Obese
20-39,Female,Non-Smoker,Normoglycemic,Elevated,Borderline High,31.6,Obese
60-79,Female,Non-Smoker,Diabetic,Stage 2 HTN,Borderline High,39.3,Obese
40-59,Male,Non-Smoker,Normoglycemic,Stage 1 HTN,Borderline High,29.8,Non-Obese
60-79,Female,Non-Smoker,Diabetic,Stage 2 HTN,Desirable,33.4,Obese
20-39,Female,Current Smoker,Normoglycemic,Normal,Desirable,22.2,Non-Obese
40-59,Female,Non-Smoker,Normoglycemic,Stage 1 HTN,Borderline High,24.3,Non-Obese
40-59,Female,Non-Smoker,Normoglycemic,Stage 1 HTN,Borderline High,35.7,Obese
40-59,Female,Non-Smoker,Normoglycemic,Normal,Desirable,22.2,Non-Obese
40-59,Male,Non-Smoker,Normoglycemic,Elevated,Desirable,28.1,Non-Obese
40-59,Female,Non-Smoker,Normoglycemic,Normal,Desirable,28.0,Non-Obese
20-39,Male,Non-Smoker,Normoglycemic,Stage 1 HTN,Desirable,26.3,Non-Obese
60-79,Male,Current Smoker,Diabetic,Stage 2 HTN,Desirable,32.5,Obese
20-39,Male,Non-Smoker,Normoglycemic,Normal,High,23.1,Non-Obese
60-79,Male,Current Smoker,Normoglycemic,Stage 1 HTN,Borderline High,37.5,Obese
60-79,Male,Non-Smoker,Diabetic,Stage 2 HTN,Desirable,33.0,Obese
60-79,Female,Non-Smoker,Diabetic,Stage 1 HTN,Desirable,27.4,Non-Obese
80+,Female,Non-Smoker,Normoglycemic,Elevated,Borderline High,25.3,Non-Obese
40-59,Male,Non-Smoker,Diabetic,Stage 1 HTN,Borderline High,34.8,Obese
60-79,Female,Non-Smoker,Normoglycemic,Normal,High,20.7,Non-Obese
20-39,Female,Non-Smoker,Normoglycemic,Stage 1 HTN,Desirable,30.2,Obese
60-79,Male,Non-Smoker,Diabetic,Elevated,Desirable,24.6,Non-Obese
60-79,Female,Non-Smoker,Normoglycemic,Normal,High,25.4,Non-Obese
60-79,Male,Current Smoker,Normoglycemic,Normal,Borderline High,28.1,Non-Obese
40-59,Male,Current Smoker,Normoglycemic,Stage 2 HTN,Desirable,25.9,Non-Obese
20-39,Female,Non-Smoker,Normoglycemic,Elevated,Desirable,26.3,Non-Obese
80+,Male,Non-Smoker,Diabetic,Stage 2 HTN,Desirable,29.5,Non-Obese
60-79,Male,Non-Smoker,Diabetic,Stage 1 HTN,Borderline High,32.8,Obese
20-39,Male,Non-Smoker,Normoglycemic,Normal,Borderline High,24.1,Non-Obese
80+,Male,Current Smoker,Normoglycemic,Stage 2 HTN,Desirable,25.0,Non-Obese
20-39,Female,Non-Smoker,Normoglycemic,Normal,Desirable,23.6,Non-Obese
60-79,Female,Current Smoker,Normoglycemic,Stage 2 HTN,Desirable,32.5,Obese
60-79,Male,Non-Smoker,Diabetic,Elevated,Desirable,30.1,Obese
80+,Male,Current Smoker,Diabetic,Stage 2 HTN,Borderline High,29.5,Non-Obese
20-39,Female,Current Smoker,Normoglycemic,Stage 1 HTN,Borderline High,21.0,Non-Obese
80+,Female,Non-Smoker,Normoglycemic,Normal,Desirable,28.2,Non-Obese
60-79,Male,Non-Smoker,Normoglycemic,Stage 1 HTN,High,26.1,Non-Obese
40-59,Male,Non-Smoker,Normoglycemic,Normal,Borderline High,32.3,Obese
40-59,Male,Current Smoker,Normoglycemic,Normal,High,25.4,Non-Obese
40-59,Male,Current Smoker,Normoglycemic,Stage 2 HTN,Very High,27.8,Non-Obese
60-79,Male,Non-Smoker,Normoglycemic,Normal,Desirable,26.1,Non-Obese
80+,Female,Non-Smoker,Normoglycemic,Normal,Borderline High,22.6,Non-Obese
40-59,Male,Non-Smoker,Diabetic,Stage 1 HTN,Desirable,36.8,Obese
40-59,Male,Current Smoker,Normoglycemic,Elevated,High,31.3,Obese
40-59,Male,Current Smoker,Diabetic,Elevated,Borderline High,34.4,Obese
20-39,Female,Non-Smoker,Normoglycemic,Normal,Desirable,18.5,Non-Obese
40-59,Male,Non-Smoker,Diabetic,Stage 2 HTN,High,32.4,Obese
20-39,Male,Non-Smoker,Normoglycemic,Elevated,Borderline High,26.5,Non-Obese
40-59,Male,Non-Smoker,Normoglycemic,Normal,Desirable,28.1,Non-Obese
60-79,Female,Current Smoker,Normoglycemic,Elevated,High,27.3,Non-Obese
60-79,Female,Non-Smoker,Normoglycemic,Normal,High,30.1,Obese
60-79,Male,Current Smoker,Normoglycemic,Elevated,Borderline High,25.3,Non-Obese
80+,Female,Non-Smoker,Normoglycemic,Normal,Desirable,23.1,Non-Obese
20-39,Female,Current Smoker,Normoglycemic,Stage 1 HTN,High,22.7,Non-Obese
80+,Male,Non-Smoker,Diabetic,Elevated,Desirable,26.7,Non-Obese
60-79,Male,Non-Smoker,Diabetic,Stage 2 HTN,Desirable,29.1,Non-Obese
80+,Female,Non-Smoker,Diabetic,Elevated,High,30.5,Obese
60-79,Male,Current Smoker,Normoglycemic,Stage 2 HTN,High,35.4,Obese
40-59,Male,Non-Smoker,Normoglycemic,Normal,Desirable,22.9,Non-Obese
60-79,Female,Non-Smoker,Normoglycemic,Stage 2 HTN,Borderline High,35.2,Obese
20-39,Male,Current Smoker,Normoglycemic,Stage 1 HTN,Borderline High,25.2,Non-Obese
60-79,Female,Non-Smoker,Normoglycemic,Normal,Borderline High,22.1,Non-Obese
20-39,Female,Non-Smoker,Normoglycemic,Normal,Desirable,21.3,Non-Obese
80+,Female,Non-Smoker,Normoglycemic,Normal,Desirable,18.6,Non-Obese
60-79,Female,Non-Smoker,Normoglycemic,Stage 1 HTN,Desirable,29.4,Non-Obese
40-59,Male,Non-Smoker,Normoglycemic,Normal,Borderline High,28.7,Non-Obese
20-39,Male,Current Smoker,Normoglycemic,Stage 1 HTN,High,25.7,Non-Obese
40-59,Female,Non-Smoker,Normoglycemic,Normal,Desirable,19.4,Non-Obese
80+,Male,Non-Smoker,Normoglycemic,Normal,Desirable,23.0,Non-Obese
40-59,Female,Current Smoker,Normoglycemic,Stage 2 HTN,High,32.9,Obese
40-59,Female,Non-Smoker,Diabetic,Stage 1 HTN,Very High,33.2,Obese
20-39,Male,Current Smoker,Normoglycemic,Stage 1 HTN,Very High,24.2,Non-Obese
40-59,Male,Non-Smoker,Diabetic,Normal,High,30.1,Obese
40-59,Female,Non-Smoker,Diabetic,Stage 2 HTN,Desirable,26.7,Non-Obese
40-59,Male,Non-Smoker,Diabetic,Stage 2 HTN,Very High,31.7,Obese
40-59,Female,Non-Smoker,Normoglycemic,Elevated,Very High,34.2,Obese
40-59,Female,Non-Smoker,Diabetic,Stage 1 HTN,Very High,34.9,Obese
60-79,Female,Non-Smoker,Normoglycemic,Normal,Borderline High,31.3,Obese
40-59,Male,Non-Smoker,Normoglycemic,Stage 1 HTN,Desirable,26.6,Non-Obese
60-79,Female,Non-Smoker,Normoglycemic,Normal,Desirable,22.3,Non-Obese
40-59,Male,Non-Smoker,Normoglycemic,Normal,Very High,21.0,Non-Obese
60-79,Female,Non-Smoker,Normoglycemic,Stage 2 HTN,Borderline High,34.8,Obese
40-59,Male,Current Smoker,Normoglycemic,Elevated,High,24.0,Non-Obese
80+,Female,Non-Smoker,Normoglycemic,Stage 2 HTN,Borderline High,26.8,Non-Obese
80+,Female,Current Smoker,Normoglycemic,Stage 1 HTN,Borderline High,25.6,Non-Obese
40-59,Female,Non-Smoker,Normoglycemic,Normal,High,28.3,Non-Obese
60-79,Female,Non-Smoker,Normoglycemic,Normal,Borderline High,32.7,Obese
40-59,Female,Non-Smoker,Diabetic,Stage 2 HTN,High,32.7,Obese
80+,Male,Non-Smoker,Normoglycemic,Normal,Very High,24.1,Non-Obese
20-39,Male,Current Smoker,Normoglycemic,Stage 1 HTN,Borderline High,24.3,Non-Obese
80+,Female,Non-Smoker,Normoglycemic,Normal,Desirable,23.2,Non-Obese
60-79,Male,Non-Smoker,Normoglycemic,Normal,Very High,21.4,Non-Obese
60-79,Male,Current Smoker,Normoglycemic,Stage 2 HTN,Borderline High,25.4,Non-Obese
40-59,Female,Current Smoker,Normoglycemic,Stage 1 HTN,High,31.5,Obese
40-59,Male,Non-Smoker,Diabetic,Stage 1 HTN,Borderline High,29.6,Non-Obese
20-39,Male,Non-Smoker,Normoglycemic,Normal,Borderline High,26.9,Non-Obese
20-39,Female,Non-Smoker,Diabetic,Stage 1 HTN,Very High,32.2,Obese
60-79,Male,Non-Smoker,Normoglycemic,Normal,Desirable,27.2,Non-Obese
60-79,Male,Non-Smoker,Normoglycemic,Normal,Borderline High,26.4,Non-Obese
60-79,Female,Non-Smoker,Normoglycemic,Elevated,Borderline High,23.3,Non-Obese
60-79,Male,Non-Smoker,Normoglycemic,Normal,Borderline High,22.8,Non-Obese
60-79,Male,Current Smoker,Normoglycemic,Stage 1 HTN,Desirable,23.7,Non-Obese
40-59,Male,Non-Smoker,Diabetic,Elevated,High,34.3,Obese
80+,Male,Non-Smoker,Diabetic,Elevated,Desirable,23.7,Non-Obese
40-59,Male,Non-Smoker,Normoglycemic,Stage 1 HTN,Desirable,28.0,Non-Obese
40-59,Male,Non-Smoker,Normoglycemic,Normal,Desirable,23.5,Non-Obese
60-79,Male,Non-Smoker,Diabetic,Stage 2 HTN,Desirable,32.8,Obese
40-59,Female,Non-Smoker,Normoglycemic,Normal,Desirable,25.0,Non-Obese
60-79,Female,Non-Smoker,Normoglycemic,Elevated,High,24.4,Non-Obese
40-59,Male,Non-Smoker,Diabetic,Stage 1 HTN,Desirable,32.7,Obese
60-79,Female,Non-Smoker,Normoglycemic,Normal,Borderline High,28.4,Non-Obese
40-59,Female,Non-Smoker,Normoglycemic,Normal,Desirable,24.3,Non-Obese
20-39,Male,Current Smoker,Normoglycemic,Stage 1 HTN,Borderline High,21.0,Non-Obese
20-39,Female,Non-Smoker,Normoglycemic,Normal,Desirable,23.0,Non-Obese
20-39,Male,Non-Smoker,Normoglycemic,Normal,Borderline High,25.9,Non-Obese
60-79,Male,Non-Smoker,Normoglycemic,Normal,Desirable,25.9,Non-Obese
80+,Male,Non-Smoker,Diabetic,Normal,Very High,27.1,Non-Obese
40-59,Female,Current Smoker,Normoglycemic,Stage 1 HTN,Desirable,24.0,Non-Obese
80+,Male,Non-Smoker,Diabetic,Stage 2 HTN,Borderline High,36.5,Obese
20-39,Female,Current Smoker,Normoglycemic,Elevated,High,29.0,Non-Obese
40-59,Female,Non-Smoker,Normoglycemic,Stage 1 HTN,Desirable,23.5,Non-Obese
20-39,Male,Non-Smoker,Normoglycemic,Normal,High,22.5,Non-Obese
20-39,Male,Current Smoker,Normoglycemic,Stage 1 HTN,High,25.0,Non-Obese
20-39,Female,Non-Smoker,Normoglycemic,Elevated,Desirable,19.1,Non-Obese
60-79,Female,Current Smoker,Normoglycemic,Stage 1 HTN,Borderline High,25.1,Non-Obese
40-59,Male,Non-Smoker,Diabetic,Stage 2 HTN,High,40.0,Obese
40-59,Female,Non-Smoker,Diabetic,Stage 1 HTN,High,28.5,Non-Obese
80+,Male,Non-Smoker,Normoglycemic,Normal,Very High,27.3,Non-Obese
20-39,Female,Non-Smoker,Normoglycemic,Elevated,Desirable,26.3,Non-Obese
60-79,Male,Non-Smoker,Diabetic,Stage 2 HTN,Desirable,32.1,Obese
80+,Male,Non-Smoker,Normoglycemic,Normal,High,26.1,Non-Obese
80+,Female,Current Smoker,Diabetic,Stage 2 HTN,High,30.8,Obese
60-79,Male,Non-Smoker,Normoglycemic,Stage 1 HTN,High,26.7,Non-Obese
60-79,Female,Non-Smoker,Normoglycemic,Normal,Borderline High,20.9,Non-Obese
20-39,Female,Non-Smoker,Diabetic,Stage 1 HTN,Very High,25.6,Non-Obese
60-79,Male,Non-Smoker,Normoglycemic,Elevated,High,27.7,Non-Obese
40-59,Female,Non-Smoker,Normoglycemic,Normal,Desirable,28.2,Non-Obese
60-79,Female,Non-Smoker,Normoglycemic,Normal,Desirable,28.2,Non-Obese
60-79,Female,Non-Smoker,Diabetic,Stage 2 HTN,Desirable,28.6,Non-Obese
60-79,Female,Non-Smoker,Normoglycemic,Normal,Borderline High,30.2,Obese
60-79,Female,Current Smoker,Normoglycemic,Elevated,Desirable,30.8,Obese
20-39,Male,Non-Smoker,Normoglycemic,Normal,Desirable,22.6,Non-Obese
20-39,Male,Non-Smoker,Normoglycemic,Normal,Desirable,29.8,Non-Obese
80+,Female,Non-Smoker,Diabetic,Stage 1 HTN,Desirable,29.6,Non-Obese
40-59,Female,Non-Smoker,Normoglycemic,Elevated,Borderline High,32.4,Obese
60-79,Male,Current Smoker,Normoglycemic,Stage 1 HTN,Desirable,22.9,Non-Obese
60-79,Female,Non-Smoker,Normoglycemic,Stage 1 HTN,Desirable,35.4,Obese
40-59,Male,Non-Smoker,Normoglycemic,Stage 1 HTN,High,26.0,Non-Obese
40-59,Female,Non-Smoker,Normoglycemic,Elevated,Borderline High,30.4,Obese
60-79,Male,Non-Smoker,Diabetic,Stage 1 HTN,High,28.2,Non-Obese
60-79,Male,Non-Smoker,Normoglycemic,Elevated,Desirable,25.4,Non-Obese
80+,Female,Non-Smoker,Normoglycemic,Normal,Desirable,21.6,Non-Obese
20-39,Female,Non-Smoker,Normoglycemic,Stage 1 HTN,Desirable,27.9,Non-Obese
60-79,Female,Non-Smoker,Normoglycemic,Normal,High,29.2,Non-Obese
60-79,Male,Current Smoker,Diabetic,Stage 2 HTN,Desirable,29.3,Non-Obese
40-59,Male,Non-Smoker,Normoglycemic,Normal,Borderline High,24.7,Non-Obese
40-59,Female,Current Smoker,Normoglycemic,Normal,Very High,27.7,Non-Obese
20-39,Male,Current Smoker,Normoglycemic,Stage 1 HTN,Very High,34.8,Obese
60-79,Male,Non-Smoker,Normoglycemic,Normal,Desirable,22.7,Non-Obese
20-39,Male,Non-Smoker,Diabetic,Stage 1 HTN,Borderline High,28.8,Non-Obese
80+,Male,Current Smoker,Normoglycemic,Stage 1 HTN,Desirable,30.4,Obese
20-39,Female,Non-Smoker,Normoglycemic,Stage 1 HTN,Desirable,31.1,Obese
60-79,Male,Current Smoker,Normoglycemic,Stage 1 HTN,High,26.1,Non-Obese
40-59,Female,Non-Smoker,Normoglycemic,Stage 1 HTN,High,29.9,Non-Obese
60-79,Female,Non-Smoker,Normoglycemic,Normal,Desirable,18.2,Non-Obese
60-79,Female,Non-Smoker,Normoglycemic,Normal,Borderline High,33.7,Obese
60-79,Male,Non-Smoker,Normoglycemic,Stage 1 HTN,Desirable,24.5,Non-Obese
60-79,Male,Non-Smoker,Diabetic,Stage 1 HTN,Desirable,30.8,Obese
20-39,Female,Current Smoker,Normoglycemic,Stage 1 HTN,High,23.4,Non-Obese
20-39,Male,Non-Smoker,Normoglycemic,Normal,High,24.0,Non-Obese
80+,Male,Non-Smoker,Normoglycemic,Stage 2 HTN,High,28.0,Non-Obese
40-59,Female,Non-Smoker,Normoglycemic,Normal,Desirable,23.2,Non-Obese
20-39,Female,Non-Smoker,Normoglycemic,Normal,High,30.9,Obese
60-79,Male,Current Smoker,Diabetic,Stage 2 HTN,Very High,32.6,Obese
40-59,Female,Non-Smoker,Normoglycemic,Normal,Desirable,24.2,Non-Obese
40-59,Male,Non-Smoker,Normoglycemic,Normal,Borderline High,32.7,Obese
20-39,Female,Non-Smoker,Normoglycemic,Normal,Borderline High,20.7,Non-Obese
20-39,Female,Non-Smoker,Normoglycemic,Normal,High,27.1,Non-Obese
40-59,Male,Non-Smoker,Normoglycemic,Normal,Borderline High,24.5,Non-Obese
20-39,Female,Non-Smoker,Normoglycemic,Normal,Desirable,20.5,Non-Obese
40-59,Male,Non-Smoker,Diabetic,Stage 2 HTN,Borderline High,36.6,Obese
40-59,Female,Non-Smoker,Normoglycemic,Stage 1 HTN,High,26.6,Non-Obese
40-59,Male,Non-Smoker,Normoglycemic,Normal,Desirable,28.1,Non-Obese
40-59,Male,Non-Smoker,Diabetic,Stage 1 HTN,Desirable,37.7,Obese
40-59,Male,Current Smoker,Normoglycemic,Stage 2 HTN,High,29.8,Non-Obese
80+,Male,Non-Smoker,Diabetic,Stage 2 HTN,Borderline High,28.8,Non-Obese
40-59,Male,Non-Smoker,Normoglycemic,Elevated,Borderline High,23.3,Non-Obese
40-59,Female,Current Smoker,Diabetic,Stage 2 HTN,High,25.1,Non-Obese
40-59,Male,Current Smoker,Normoglycemic,Normal,Very High,25.4,Non-Obese
40-59,Female,Non-Smoker,Normoglycemic,Normal,Borderline High,22.3,Non-Obese
20-39,Male,Current Smoker,Normoglycemic,Elevated,Borderline High,28.3,Non-Obese
80+,Female,Non-Smoker,Normoglycemic,Normal,High,27.8,Non-Obese
60-79,Male,Non-Smoker,Normoglycemic,Normal,Desirable,25.7,Non-Obese
40-59,Male,Current Smoker,Diabetic,Stage 1 HTN,Desirable,31.3,Obese
60-79,Male,Current Smoker,Normoglycemic,Elevated,Borderline High,30.4,Obese
40-59,Male,Non-Smoker,Normoglycemic,Normal,Desirable,22.7,Non-Obese
20-39,Male,Current Smoker,Normoglycemic,Stage 1 HTN,Very High,26.1,Non-Obese
60-79,Female,Non-Smoker,Normoglycemic,Elevated,Very High,33.4,Obese
40-59,Female,Current Smoker,Normoglycemic,Elevated,Desirable,34.6,Obese
60-79,Male,Current Smoker,Normoglycemic,Normal,Borderline High,24.0,Non-Obese
60-79,Female,Non-Smoker,Normoglycemic,Normal,High,25.6,Non-Obese
60-79,Male,Non-Smoker,Normoglycemic,Normal,High,25.9,Non-Obese
40-59,Female,Non-Smoker,Normoglycemic,Elevated,Desirable,25.4,Non-Obese
40-59,Female,Current Smoker,Normoglycemic,Stage 2 HTN,Borderline High,29.1,Non-Obese
40-59,Female,Non-Smoker,Normoglycemic,Elevated,Desirable,29.3,Non-Obese
80+,Female,Non-Smoker,Normoglycemic,Stage 2 HTN,Borderline High,29.0,Non-Obese
40-59,Male,Non-Smoker,Normoglycemic,Normal,Borderline High,22.2,Non-Obese
60-79,Female,Current Smoker,Diabetic,Stage 2 HTN,High,40.5,Obese
40-59,Female,Non-Smoker,Normoglycemic,Elevated,Desirable,30.4,Obese
60-79,Female,Non-Smoker,Normoglycemic,Stage 1 HTN,Borderline High,24.5,Non-Obese
40-59,Male,Non-Smoker,Normoglycemic,Normal,High,33.5,Obese
60-79,Male,Non-Smoker,Normoglycemic,Normal,Desirable,26.9,Non-Obese
40-59,Male,Non-Smoker,Normoglycemic,Stage 1 HTN,High,34.8,Obese
20-39,Male,Non-Smoker,Normoglycemic,Normal,High,25.0,Non-Obese
40-59,Female,Non-Smoker,Normoglycemic,Normal,Borderline High,23.2,Non-Obese
20-39,Female,Non-Smoker,Normoglycemic,Stage 1 HTN,Desirable,21.4,Non-Obese
40-59,Female,Non-Smoker,Normoglycemic,Elevated,Desirable,25.3,Non-Obese
60-79,Male,Current Smoker,Diabetic,Stage 1 HTN,Borderline High,38.9,Obese
60-79,Male,Non-Smoker,Normoglycemic,Normal,Borderline High,23.3,Non-Obese
20-39,Female,Non-Smoker,Normoglycemic,Normal,High,26.8,Non-Obese
60-79,Male,Current Smoker,Normoglycemic,Elevated,Desirable,26.4,Non-Obese
60-79,Female,Current Smoker,Diabetic,Stage 2 HTN,Very High,29.9,Non-Obese
40-59,Female,Current Smoker,Normoglycemic,Normal,Very High,23.6,Non-Obese
20-39,Male,Current Smoker,Normoglycemic,Stage 2 HTN,Borderline High,28.9,Non-Obese
20-39,Female,Non-Smoker,Normoglycemic,Stage 2 HTN,Desirable,21.9,Non-Obese
60-79,Female,Non-Smoker,Diabetic,Stage 1 HTN,Borderline High,31.0,Obese
60-79,Female,Non-Smoker,Normoglycemic,Stage 2 HTN,High,30.1,Obese
60-79,Female,Non-Smoker,Normoglycemic,Normal,Borderline High,26.6,Non-Obese
20-39,Female,Non-Smoker,Normoglycemic,Elevated,Borderline High,27.1,Non-Obese
20-39,Female,Non-Smoker,Normoglycemic,Elevated,Desirable,30.3,Obese
40-59,Female,Non-Smoker,Diabetic,Stage 2 HTN,Desirable,34.3,Obese
20-39,Female,Non-Smoker,Normoglycemic,Elevated,Borderline High,21.9,Non-Obese
40-59,Male,Non-Smoker,Normoglycemic,Elevated,Borderline High,26.1,Non-Obese
60-79,Female,Non-Smoker,Normoglycemic,Normal,Very High,25.9,Non-Obese
60-79,Female,Non-Smoker,Diabetic,Stage 2 HTN,Very High,40.4,Obese
40-59,Male,Non-Smoker,Normoglycemic,Normal,Desirable,27.6,Non-Obese
40-59,Male,Non-Smoker,Normoglycemic,Elevated,Borderline High,26.9,Non-Obese
40-59,Male,Non-Smoker,Normoglycemic,Normal,Desirable,26.1,Non-Obese
20-39,Male,Current Smoker,Normoglycemic,Elevated,High,30.3,Obese
40-59,Female,Non-Smoker,Normoglycemic,Normal,Desirable,27.8,Non-Obese
20-39,Male,Non-Smoker,Normoglycemic,Elevated,Borderline High,28.8,Non-Obese
40-59,Male,Non-Smoker,Normoglycemic,Normal,Borderline High,24.3,Non-Obese
40-59,Male,Non-Smoker,Normoglycemic,Normal,Desirable,23.7,Non-Obese
80+,Female,Non-Smoker,Normoglycemic,Elevated,Desirable,32.9,Obese
40-59,Male,Non-Smoker,Normoglycemic,Stage 1 HTN,High,34.9,Obese
20-39,Male,Current Smoker,Normoglycemic,Stage 1 HTN,High,28.3,Non-Obese
60-79,Female,Non-Smoker,Normoglycemic,Elevated,Borderline High,32.2,Obese
60-79,Female,Non-Smoker,Normoglycemic,Normal,High,25.0,Non-Obese
60-79,Male,Non-Smoker,Normoglycemic,Elevated,Very High,33.4,Obese
40-59,Female,Non-Smoker,Normoglycemic,Normal,Borderline High,31.1,Obese
80+,Male,Current Smoker,Diabetic,Stage 2 HTN,Very High,36.0,Obese
20-39,Female,Current Smoker,Normoglycemic,Stage 1 HTN,High,30.8,Obese
20-39,Female,Non-Smoker,Normoglycemic,Normal,Desirable,27.8,Non-Obese
60-79,Female,Non-Smoker,Diabetic,Stage 1 HTN,High,33.8,Obese
60-79,Female,Non-Smoker,Normoglycemic,Normal,Desirable,19.9,Non-Obese
60-79,Male,Non-Smoker,Normoglycemic,Normal,Desirable,29.4,Non-Obese
60-79,Male,Non-Smoker,Normoglycemic,Normal,Very High,34.0,Obese
40-59,Female,Non-Smoker,Normoglycemic,Normal,High,25.5,Non-Obese
60-79,Female,Non-Smoker,Normoglycemic,Normal,Very High,26.6,Non-Obese
40-59,Female,Non-Smoker,Normoglycemic,Elevated,Desirable,30.1,Obese
60-79,Female,Non-Smoker,Normoglycemic,Elevated,Borderline High,27.1,Non-Obese
80+,Male,Current Smoker,Normoglycemic,Stage 1 HTN,Desirable,23.4,Non-Obese
20-39,Male,Non-Smoker,Diabetic,Stage 1 HTN,Borderline High,25.5,Non-Obese
60-79,Male,Non-Smoker,Normoglycemic,Elevated,High,26.8,Non-Obese
20-39,Male,Current Smoker,Normoglycemic,Stage 2 HTN,Borderline High,25.7,Non-Obese
40-59,Female,Non-Smoker,Diabetic,Stage 2 HTN,Borderline High,36.0,Obese
60-79,Male,Current Smoker,Normoglycemic,Stage 2 HTN,High,26.1,Non-Obese
80+,Female,Non-Smoker,Normoglycemic,Normal,Desirable,25.8,Non-Obese
60-79,Female,Non-Smoker,Diabetic,Elevated,Borderline High,29.4,Non-Obese
60-79,Female,Non-Smoker,Normoglycemic,Normal,Very High,29.3,Non-Obese
60-79,Male,Current Smoker,Normoglycemic,Stage 2 HTN,High,25.3,Non-Obese
20-39,Male,Current Smoker,Normoglycemic,Elevated,High,27.3,Non-Obese
40-59,Female,Non-Smoker,Normoglycemic,Stage 1 HTN,Borderline High,28.5,Non-Obese
20-39,Male,Current Smoker,Normoglycemic,Stage 1 HTN,Very High,35.3,Obese
60-79,Male,Non-Smoker,Normoglycemic,Normal,High,32.3,Obese
80+,Male,Non-Smoker,Normoglycemic,Stage 1 HTN,Borderline High,19.5,Non-Obese
20-39,Female,Non-Smoker,Normoglycemic,Stage 2 HTN,Borderline High,27.6,Non-Obese
20-39,Female,Non-Smoker,Normoglycemic,Elevated,Desirable,19.8,Non-Obese
20-39,Female,Non-Smoker,Normoglycemic,Normal,Very High,28.8,Non-Obese
40-59,Female,Non-Smoker,Normoglycemic,Stage 1 HTN,Very High,31.4,Obese
40-59,Male,Non-Smoker,Normoglycemic,Normal,Very High,29.1,Non-Obese
20-39,Male,Non-Smoker,Normoglycemic,Normal,High,24.2,Non-Obese
40-59,Male,Non-Smoker,Normoglycemic,Normal,Borderline High,29.1,Non-Obese
20-39,Male,Non-Smoker,Normoglycemic,Normal,Borderline High,23.2,Non-Obese
60-79,Female,Non-Smoker,Normoglycemic,Normal,Desirable,27.2,Non-Obese
40-59,Female,Current Smoker,Normoglycemic,Stage 1 HTN,Borderline High,24.5,Non-Obese
80+,Female,Non-Smoker,Normoglycemic,Normal,High,24.2,Non-Obese
80+,Female,Non-Smoker,Diabetic,Stage 2 HTN,Desirable,27.9,Non-Obese
60-79,Male,Non-Smoker,Normoglycemic,Normal,High,27.3,Non-Obese
60-79,Male,Current Smoker,Normoglycemic,Stage 2 HTN,Desirable,24.8,Non-Obese
40-59,Male,Non-Smoker,Diabetic,Elevated,High,30.4,Obese
60-79,Male,Non-Smoker,Normoglycemic,Stage 2 HTN,Borderline High,31.0,Obese
60-79,Male,Current Smoker,Normoglycemic,Stage 1 HTN,Borderline High,29.6,Non-Obese
80+,Male,Non-Smoker,Normoglycemic,Normal,Borderline High,21.2,Non-Obese
40-59,Male,Current Smoker,Normoglycemic,Stage 2 HTN,Desirable,25.0,Non-Obese
40-59,Male,Non-Smoker,Normoglycemic,Elevated,Borderline High,20.5,Non-Obese
80+,Male,Non-Smoker,Normoglycemic,Normal,High,26.7,Non-Obese
20-39,Female,Non-Smoker,Normoglycemic,Elevated,Desirable,22.5,Non-Obese
20-39,Female,Current Smoker,Normoglycemic,Stage 1 HTN,High,23.6,Non-Obese
40-59,Female,Non-Smoker,Normoglycemic,Normal,High,23.1,Non-Obese
20-39,Female,Non-Smoker,Diabetic,Stage 2 HTN,Borderline High,32.0,Obese
60-79,Male,Current Smoker,Normoglycemic,Stage 1 HTN,Desirable,27.4,Non-Obese
60-79,Female,Non-Smoker,Normoglycemic,Normal,High,25.1,Non-Obese
40-59,Female,Non-Smoker,Normoglycemic,Normal,Desirable,25.0,Non-Obese
20-39,Male,Current Smoker,Normoglycemic,Elevated,Very High,26.3,Non-Obese
40-59,Male,Non-Smoker,Normoglycemic,Stage 1 HTN,High,38.8,Obese
60-79,Female,Non-Smoker,Normoglycemic,Normal,Desirable,33.4,Obese
60-79,Male,Non-Smoker,Diabetic,Stage 1 HTN,Desirable,28.9,Non-Obese
60-79,Female,Non-Smoker,Normoglycemic,Normal,Borderline High,24.1,Non-Obese
40-59,Female,Non-Smoker,Normoglycemic,Normal,Borderline High,31.8,Obese
40-59,Female,Current Smoker,Normoglycemic,Elevated,Desirable,25.7,Non-Obese
60-79,Female,Current Smoker,Normoglycemic,Elevated,High,36.1,Obese
80+,Male,Current Smoker,Normoglycemic,Stage 1 HTN,Desirable,22.2,Non-Obese
80+,Female,Non-Smoker,Normoglycemic,Elevated,High,26.6,Non-Obese
20-39,Female,Non-Smoker,Normoglycemic,Normal,Borderline High,25.5,Non-Obese
40-59,Male,Current Smoker,Normoglycemic,Stage 2 HTN,Very High,31.0,Obese
20-39,Female,Non-Smoker,Normoglycemic,Stage 1 HTN,Desirable,25.2,Non-Obese
60-79,Female,Non-Smoker,Normoglycemic,Stage 1 HTN,Desirable,30.6,Obese
80+,Male,Current Smoker,Normoglycemic,Elevated,Very High,28.4,Non-Obese
80+,Female,Non-Smoker,Normoglycemic,Stage 1 HTN,Very High,32.3,Obese
40-59,Male,Non-Smoker,Normoglycemic,Normal,Borderline High,34.4,Obese
40-59,Male,Non-Smoker,Normoglycemic,Normal,Borderline High,34.4,Obese
40-59,Female,Non-Smoker,Normoglycemic,Elevated,Borderline High,33.4,Obese
40-59,Male,Non-Smoker,Diabetic,Stage 2 HTN,Borderline High,39.6,Obese
20-39,Male,Non-Smoker,Normoglycemic,Elevated,Borderline High,24.4,Non-Obese
40-59,Male,Current Smoker,Normoglycemic,Stage 1 HTN,Very High,25.3,Non-Obese
40-59,Female,Non-Smoker,Normoglycemic,Elevated,Desirable,31.8,Obese
20-39,Male,Non-Smoker,Normoglycemic,Normal,Borderline High,21.8,Non-Obese
20-39,Male,Current Smoker,Normoglycemic,Normal,Very High,20.3,Non-Obese
60-79,Male,Non-Smoker,Normoglycemic,Normal,Borderline High,35.0,Obese
60-79,Female,Non-Smoker,Normoglycemic,Normal,Borderline High,32.8,Obese
20-39,Male,Non-Smoker,Diabetic,Stage 2 HTN,Very High,29.0,Non-Obese
60-79,Female,Current Smoker,Normoglycemic,Stage 1 HTN,High,26.9,Non-Obese
20-39,Female,Non-Smoker,Normoglycemic,Stage 1 HTN,Desirable,27.6,Non-Obese
20-39,Male,Current Smoker,Normoglycemic,Stage 2 HTN,High,27.9,Non-Obese
60-79,Female,Non-Smoker,Normoglycemic,Elevated,Borderline High,28.8,Non-Obese
20-39,Female,Non-Smoker,Normoglycemic,Elevated,Borderline High,34.8,Obese
60-79,Female,Non-Smoker,Normoglycemic,Normal,High,24.3,Non-Obese
40-59,Female,Non-Smoker,Diabetic,Stage 2 HTN,Borderline High,29.9,Non-Obese
80+,Female,Current Smoker,Normoglycemic,Stage 1 HTN,High,28.5,Non-Obese
60-79,Female,Current Smoker,Normoglycemic,Stage 2 HTN,Desirable,34.7,Obese
20-39,Male,Non-Smoker,Normoglycemic,Stage 1 HTN,Desirable,27.8,Non-Obese
80+,Male,Non-Smoker,Normoglycemic,Stage 1 HTN,Desirable,26.2,Non-Obese
40-59,Female,Non-Smoker,Normoglycemic,Normal,Desirable,23.1,Non-Obese
40-59,Female,Current Smoker,Diabetic,Stage 2 HTN,High,31.2,Obese
80+,Male,Current Smoker,Normoglycemic,Stage 1 HTN,High,24.9,Non-Obese
60-79,Male,Non-Smoker,Normoglycemic,Normal,Borderline High,27.4,Non-Obese
40-59,Female,Current Smoker,Normoglycemic,Stage 2 HTN,High,34.9,Obese
20-39,Male,Non-Smoker,Normoglycemic,Normal,Very High,30.4,Obese
40-59,Female,Non-Smoker,Diabetic,Stage 1 HTN,Desirable,31.1,Obese
20-39,Male,Non-Smoker,Normoglycemic,Elevated,High,28.8,Non-Obese
60-79,Male,Non-Smoker,Diabetic,Stage 2 HTN,Desirable,37.5,Obese
20-39,Female,Non-Smoker,Normoglycemic,Stage 1 HTN,Borderline High,27.9,Non-Obese
40-59,Male,Non-Smoker,Normoglycemic,Normal,Very High,29.2,Non-Obese
40-59,Male,Current Smoker,Normoglycemic,Stage 2 HTN,Desirable,26.0,Non-Obese
40-59,Male,Non-Smoker,Normoglycemic,Normal,Desirable,31.7,Obese
80+,Female,Non-Smoker,Normoglycemic,Stage 1 HTN,Desirable,32.9,Obese
60-79,Female,Non-Smoker,Normoglycemic,Normal,Desirable,24.4,Non-Obese
20-39,Male,Non-Smoker,Normoglycemic,Normal,Borderline High,23.6,Non-Obese
80+,Female,Current Smoker,Normoglycemic,Stage 2 HTN,Very High,33.7,Obese
60-79,Male,Current Smoker,Diabetic,Elevated,Very High,36.4,Obese
40-59,Male,Non-Smoker,Diabetic,Stage 2 HTN,High,29.2,Non-Obese
20-39,Female,Non-Smoker,Normoglycemic,Stage 1 HTN,Desirable,25.3,Non-Obese
20-39,Female,Non-Smoker,Normoglycemic,Normal,High,25.4,Non-Obese
60-79,Male,Current Smoker,Normoglycemic,Elevated,Very High,28.5,Non-Obese
20-39,Female,Non-Smoker,Normoglycemic,Stage 1 HTN,Very High,24.4,Non-Obese
20-39,Female,Current Smoker,Normoglycemic,Stage 2 HTN,Desirable,27.5,Non-Obese
40-59,Male,Non-Smoker,Normoglycemic,Normal,Borderline High,32.0,Obese
60-79,Male,Non-Smoker,Normoglycemic,Normal,Borderline High,21.5,Non-Obese
60-79,Male,Current Smoker,Diabetic,Stage 1 HTN,Borderline High,33.2,Obese
60-79,Female,Current Smoker,Diabetic,Stage 1 HTN,Borderline High,31.8,Obese
20-39,Male,Non-Smoker,Normoglycemic,Normal,Borderline High,25.2,Non-Obese
40-59,Female,Non-Smoker,Normoglycemic,Normal,Desirable,29.6,Non-Obese
20-39,Female,Non-Smoker,Normoglycemic,Stage 1 HTN,Very High,32.0,Obese
40-59,Male,Non-Smoker,Normoglycemic,Stage 1 HTN,Borderline High,27.9,Non-Obese
20-39,Male,Non-Smoker,Diabetic,Normal,Desirable,32.8,Obese
80+,Female,Non-Smoker,Normoglycemic,Elevated,Desirable,29.0,Non-Obese
40-59,Male,Non-Smoker,Normoglycemic,Elevated,Very High,38.2,Obese
60-79,Female,Non-Smoker,Diabetic,Stage 2 HTN,Desirable,32.3,Obese
40-59,Female,Non-Smoker,Normoglycemic,Normal,High,25.2,Non-Obese
40-59,Male,Non-Smoker,Normoglycemic,Normal,Borderline High,24.8,Non-Obese
60-79,Male,Current Smoker,Diabetic,Stage 2 HTN,Desirable,26.5,Non-Obese
20-39,Male,Current Smoker,Normoglycemic,Stage 1 HTN,Very High,25.5,Non-Obese
40-59,Female,Non-Smoker,Normoglycemic,Normal,Desirable,28.7,Non-Obese
40-59,Female,Non-Smoker,Diabetic,Stage 2 HTN,Borderline High,32.8,Obese
20-39,Male,Non-Smoker,Normoglycemic,Normal,Borderline High,21.3,Non-Obese
20-39,Male,Non-Smoker,Normoglycemic,Stage 1 HTN,High,33.8,Obese
80+,Female,Non-Smoker,Normoglycemic,Normal,Very High,23.4,Non-Obese
60-79,Female,Current Smoker,Normoglycemic,Normal,High,20.1,Non-Obese
60-79,Male,Non-Smoker,Diabetic,Stage 2 HTN,Desirable,31.4,Obese
40-59,Male,Current Smoker,Normoglycemic,Stage 2 HTN,Desirable,29.3,Non-Obese
20-39,Male,Non-Smoker,Normoglycemic,Normal,Desirable,30.1,Obese
40-59,Male,Non-Smoker,Diabetic,Stage 1 HTN,Very High,29.9,Non-Obese
60-79,Male,Non-Smoker,Normoglycemic,Normal,Borderline High,19.3,Non-Obese
40-59,Female,Non-Smoker,Normoglycemic,Elevated,Desirable,26.3,Non-Obese
40-59,Female,Non-Smoker,Normoglycemic,Normal,Desirable,26.1,Non-Obese
40-59,Female,Non-Smoker,Normoglycemic,Normal,Borderline High,19.4,Non-Obese
20-39,Female,Current Smoker,Normoglycemic,Stage 2 HTN,High,24.2,Non-Obese
60-79,Female,Non-Smoker,Normoglycemic,Stage 1 HTN,Desirable,34.4,Obese
80+,Female,Non-Smoker,Normoglycemic,Normal,Borderline High,24.2,Non-Obese
20-39,Male,Non-Smoker,Normoglycemic,Normal,Borderline High,27.3,Non-Obese
60-79,Male,Current Smoker,Normoglycemic,Normal,Very High,25.8,Non-Obese
20-39,Male,Non-Smoker,Normoglycemic,Normal,High,27.1,Non-Obese
60-79,Male,Current Smoker,Normoglycemic,Normal,Desirable,19.6,Non-Obese
20-39,Female,Non-Smoker,Normoglycemic,Normal,Desirable,23.0,Non-Obese
20-39,Female,Current Smoker,Normoglycemic,Elevated,Borderline High,23.7,Non-Obese
40-59,Female,Non-Smoker,Normoglycemic,Stage 1 HTN,Desirable,29.3,Non-Obese
40-59,Female,Non-Smoker,Normoglycemic,Normal,High,32.5,Obese
40-59,Female,Non-Smoker,Diabetic,Stage 2 HTN,Desirable,36.9,Obese
60-79,Male,Non-Smoker,Diabetic,Stage 2 HTN,Desirable,25.1,Non-Obese
80+,Female,Non-Smoker,Normoglycemic,Normal,Desirable,20.3,Non-Obese
20-39,Female,Non-Smoker,Normoglycemic,Normal,Borderline High,22.3,Non-Obese
40-59,Female,Current Smoker,Normoglycemic,Stage 1 HTN,High,23.6,Non-Obese
40-59,Male,Non-Smoker,Normoglycemic,Normal,High,26.1,Non-Obese
20-39,Male,Non-Smoker,Normoglycemic,Elevated,Borderline High,26.9,Non-Obese
20-39,Male,Non-Smoker,Normoglycemic,Normal,High,29.8,Non-Obese
80+,Female,Current Smoker,Normoglycemic,Stage 1 HTN,Borderline High,25.4,Non-Obese
60-79,Female,Current Smoker,Normoglycemic,Stage 2 HTN,High,24.1,Non-Obese
40-59,Female,Non-Smoker,Normoglycemic,Normal,High,32.8,Obese
20-39,Female,Non-Smoker,Normoglycemic,Normal,Desirable,25.4,Non-Obese
20-39,Male,Non-Smoker,Normoglycemic,Normal,Very High,26.7,Non-Obese
40-59,Male,Non-Smoker,Normoglycemic,Normal,Very High,31.4,Obese
40-59,Male,Non-Smoker,Normoglycemic,Normal,Borderline High,26.8,Non-Obese
20-39,Male,Non-Smoker,Normoglycemic,Normal,Desirable,26.0,Non-Obese
20-39,Male,Non-Smoker,Normoglycemic,Elevated,Desirable,21.5,Non-Obese
40-59,Female,Non-Smoker,Diabetic,Stage 1 HTN,Desirable,29.8,Non-Obese
20-39,Male,Current Smoker,Normoglycemic,Stage 2 HTN,Borderline High,26.9,Non-Obese
20-39,Male,Non-Smoker,Normoglycemic,Elevated,Borderline High,29.8,Non-Obese
20-39,Female,Non-Smoker,Normoglycemic,Normal,Desirable,27.6,Non-Obese
20-39,Male,Non-Smoker,Normoglycemic,Stage 2 HTN,Desirable,26.8,Non-Obese
40-59,Female,Non-Smoker,Normoglycemic,Stage 1 HTN,Borderline High,26.2,Non-Obese
40-59,Male,Non-Smoker,Normoglycemic,Elevated,Very High,23.2,Non-Obese
20-39,Male,Current Smoker,Normoglycemic,Stage 1 HTN,Very High,30.8,Obese
60-79,Male,Non-Smoker,Normoglycemic,Elevated,Desirable,31.3,Obese
60-79,Male,Current Smoker,Normoglycemic,Normal,High,28.5,Non-Obese
60-79,Female,Non-Smoker,Normoglycemic,Normal,Borderline High,18.7,Non-Obese
80+,Male,Non-Smoker,Normoglycemic,Normal,Desirable,20.4,Non-Obese
20-39,Male,Non-Smoker,Diabetic,Elevated,Borderline High,32.2,Obese
20-39,Male,Non-Smoker,Normoglycemic,Normal,High,31.5,Obese
40-59,Male,Current Smoker,Normoglycemic,Stage 2 HTN,Very High,27.9,Non-Obese
60-79,Female,Non-Smoker,Diabetic,Stage 2 HTN,Borderline High,35.0,Obese
20-39,Female,Current Smoker,Normoglycemic,Stage 2 HTN,Desirable,24.7,Non-Obese
40-59,Female,Non-Smoker,Normoglycemic,Normal,Borderline High,27.9,Non-Obese
20-39,Male,Non-Smoker,Normoglycemic,Elevated,Borderline High,26.8,Non-Obese
40-59,Female,Current Smoker,Normoglycemic,Normal,High,24.1,Non-Obese
20-39,Male,Current Smoker,Normoglycemic,Normal,High,23.5,Non-Obese
40-59,Female,Non-Smoker,Diabetic,Stage 1 HTN,Desirable,30.8,Obese
60-79,Male,Non-Smoker,Diabetic,Normal,Very High,35.2,Obese
20-39,Male,Non-Smoker,Normoglycemic,Elevated,Desirable,26.0,Non-Obese
20-39,Female,Non-Smoker,Normoglycemic,Stage 1 HTN,Borderline High,28.0,Non-Obese
80+,Female,Non-Smoker,Diabetic,Stage 2 HTN,Borderline High,36.8,Obese
60-79,Female,Non-Smoker,Normoglycemic,Elevated,Borderline High,28.3,Non-Obese
20-39,Female,Non-Smoker,Normoglycemic,Normal,High,25.3,Non-Obese
20-39,Male,Non-Smoker,Normoglycemic,Normal,Borderline High,22.3,Non-Obese
40-59,Male,Current Smoker,Normoglycemic,Stage 1 HTN,High,22.2,Non-Obese
40-59,Male,Current Smoker,Normoglycemic,Stage 1 HTN,High,27.5,Non-Obese
40-59,Male,Non-Smoker,Normoglycemic,Normal,Desirable,23.9,Non-Obese
80+,Female,Current Smoker,Normoglycemic,Elevated,High,22.6,Non-Obese
20-39,Male,Current Smoker,Normoglycemic,Stage 2 HTN,Very High,25.4,Non-Obese
40-59,Female,Non-Smoker,Normoglycemic,Elevated,Desirable,33.8,Obese
60-79,Female,Non-Smoker,Normoglycemic,Stage 1 HTN,Borderline High,27.0,Non-Obese
60-79,Female,Current Smoker,Normoglycemic,Elevated,Very High,23.3,Non-Obese
40-59,Female,Non-Smoker,Normoglycemic,Stage 1 HTN,Desirable,24.1,Non-Obese
60-79,Male,Non-Smoker,Normoglycemic,Normal,Borderline High,26.9,Non-Obese
60-79,Male,Current Smoker,Diabetic,Stage 2 HTN,Very High,30.8,Obese
40-59,Male,Current Smoker,Normoglycemic,Stage 1 HTN,Desirable,25.4,Non-Obese
60-79,Female,Current Smoker,Diabetic,Stage 2 HTN,Borderline High,29.1,Non-Obese
60-79,Male,Non-Smoker,Diabetic,Stage 1 HTN,Borderline High,31.7,Obese
20-39,Female,Non-Smoker,Normoglycemic,Stage 1 HTN,Desirable,27.4,Non-Obese
60-79,Female,Non-Smoker,Normoglycemic,Normal,Desirable,22.6,Non-Obese
40-59,Female,Non-Smoker,Normoglycemic,Stage 1 HTN,Desirable,34.1,Obese
40-59,Male,Non-Smoker,Normoglycemic,Normal,Desirable,29.0,Non-Obese
40-59,Female,Non-Smoker,Normoglycemic,Elevated,Borderline High,24.8,Non-Obese
40-59,Female,Non-Smoker,Normoglycemic,Elevated,Very High,29.0,Non-Obese
40-59,Female,Non-Smoker,Normoglycemic,Elevated,High,28.3,Non-Obese
80+,Female,Current Smoker,Diabetic,Stage 2 HTN,Very High,28.7,Non-Obese
40-59,Female,Non-Smoker,Diabetic,Stage 1 HTN,Borderline High,23.1,Non-Obese
60-79,Female,Non-Smoker,Normoglycemic,Normal,Borderline High,25.4,Non-Obese
40-59,Female,Non-Smoker,Normoglycemic,Normal,Very High,37.6,Obese
60-79,Male,Non-Smoker,Normoglycemic,Normal,Desirable,27.9,Non-Obese
20-39,Male,Non-Smoker,Normoglycemic,Elevated,Borderline High,25.5,Non-Obese
40-59,Female,Non-Smoker,Normoglycemic,Normal,Borderline High,27.5,Non-Obese
60-79,Female,Non-Smoker,Normoglycemic,Normal,Very High,27.5,Non-Obese
40-59,Male,Non-Smoker,Normoglycemic,Stage 1 HTN,High,29.5,Non-Obese
80+,Female,Current Smoker,Normoglycemic,Normal,Desirable,23.2,Non-Obese
60-79,Female,Non-Smoker,Normoglycemic,Normal,Borderline High,23.9,Non-Obese
40-59,Male,Current Smoker,Normoglycemic,Stage 1 HTN,Borderline High,25.3,Non-Obese
40-59,Male,Non-Smoker,Diabetic,Stage 2 HTN,High,32.0,Obese
40-59,Female,Non-Smoker,Normoglycemic,Normal,Desirable,26.9,Non-Obese
80+,Male,Non-Smoker,Normoglycemic,Normal,Desirable,18.0,Non-Obese
20-39,Female,Non-Smoker,Normoglycemic,Normal,Very High,25.2,Non-Obese
60-79,Male,Non-Smoker,Diabetic,Stage 2 HTN,Borderline High,30.1,Obese
60-79,Female,Non-Smoker,Normoglycemic,Stage 1 HTN,Desirable,32.0,Obese
40-59,Female,Current Smoker,Normoglycemic,Elevated,Very High,29.3,Non-Obese
80+,Male,Non-Smoker,Diabetic,Stage 2 HTN,Borderline High,25.3,Non-Obese
40-59,Male,Non-Smoker,Normoglycemic,Normal,Desirable,22.1,Non-Obese
80+,Female,Non-Smoker,Normoglycemic,Stage 1 HTN,Desirable,27.9,Non-Obese
60-79,Female,Non-Smoker,Normoglycemic,Elevated,Borderline High,31.4,Obese
60-79,Male,Non-Smoker,Normoglycemic,Elevated,Borderline High,24.2,Non-Obese
60-79,Male,Current Smoker,Normoglycemic,Stage 2 HTN,Desirable,25.9,Non-Obese
40-59,Male,Non-Smoker,Normoglycemic,Normal,Borderline High,25.9,Non-Obese
60-79,Female,Non-Smoker,Normoglycemic,Stage 2 HTN,Borderline High,22.5,Non-Obese
40-59,Male,Non-Smoker,Diabetic,Stage 1 HTN,High,40.6,Obese
40-59,Female,Non-Smoker,Normoglycemic,Stage 1 HTN,Desirable,25.7,Non-Obese
80+,Female,Non-Smoker,Diabetic,Stage 2 HTN,Desirable,35.2,Obese
80+,Female,Non-Smoker,Normoglycemic,Normal,Desirable,31.1,Obese
40-59,Male,Non-Smoker,Normoglycemic,Stage 1 HTN,High,31.6,Obese
80+,Male,Non-Smoker,Normoglycemic,Normal,High,27.3,Non-Obese
20-39,Female,Non-Smoker,Normoglycemic,Elevated,Borderline High,32.1,Obese
20-39,Male,Current Smoker,Normoglycemic,Elevated,Borderline High,23.9,Non-Obese
40-59,Female,Non-Smoker,Diabetic,Normal,Desirable,28.8,Non-Obese
20-39,Male,Non-Smoker,Normoglycemic,Elevated,Borderline High,32.5,Obese
20-39,Female,Current Smoker,Normoglycemic,Stage 2 HTN,Very High,32.3,Obese
60-79,Male,Non-Smoker,Diabetic,Normal,High,33.6,Obese
80+,Female,Non-Smoker,Normoglycemic,Normal,Desirable,21.9,Non-Obese
40-59,Male,Non-Smoker,Normoglycemic,Elevated,Desirable,31.9,Obese
20-39,Male,Non-Smoker,Normoglycemic,Elevated,Borderline High,24.4,Non-Obese
60-79,Female,Non-Smoker,Normoglycemic,Stage 1 HTN,High,31.3,Obese
40-59,Female,Non-Smoker,Normoglycemic,Normal,Desirable,25.1,Non-Obese
40-59,Male,Non-Smoker,Normoglycemic,Normal,High,24.9,Non-Obese
20-39,Male,Non-Smoker,Normoglycemic,Normal,Desirable,26.4,Non-Obese
80+,Male,Non-Smoker,Diabetic,Stage 2 HTN,Desirable,26.8,Non-Obese
60-79,Male,Current Smoker,Normoglycemic,Stage 1 HTN,High,28.4,Non-Obese
40-59,Male,Non-Smoker,Diabetic,Stage 2 HTN,High,33.6,Obese
60-79,Female,Non-Smoker,Normoglycemic,Elevated,Borderline High,27.2,Non-Obese
80+,Female,Non-Smoker,Normoglycemic,Normal,Borderline High,23.8,Non-Obese
20-39,Female,Non-Smoker,Normoglycemic,Normal,Borderline High,20.8,Non-Obese
20-39,Female,Non-Smoker,Normoglycemic,Elevated,High,22.6,Non-Obese
20-39,Female,Current Smoker,Normoglycemic,Stage 2 HTN,High,31.6,Obese
40-59,Female,Current Smoker,Normoglycemic,Stage 1 HTN,Very High,32.9,Obese
60-79,Female,Non-Smoker,Normoglycemic,Normal,High,24.9,Non-Obese
60-79,Male,Non-Smoker,Normoglycemic,Normal,Desirable,25.7,Non-Obese
60-79,Female,Non-Smoker,Diabetic,Stage 2 HTN,Borderline High,30.5,Obese
60-79,Male,Current Smoker,Normoglycemic,Elevated,High,39.3,Obese
20-39,Female,Non-Smoker,Normoglycemic,Stage 2 HTN,Desirable,26.8,Non-Obese
20-39,Female,Current Smoker,Normoglycemic,Stage 2 HTN,High,26.5,Non-Obese
60-79,Male,Current Smoker,Normoglycemic,Stage 2 HTN,High,33.2,Obese
60-79,Female,Non-Smoker,Normoglycemic,Stage 1 HTN,Borderline High,32.7,Obese
60-79,Male,Non-Smoker,Normoglycemic,Elevated,Desirable,23.8,Non-Obese
20-39,Female,Non-Smoker,Normoglycemic,Elevated,Desirable,29.6,Non-Obese
60-79,Male,Non-Smoker,Normoglycemic,Elevated,Desirable,24.4,Non-Obese
40-59,Male,Non-Smoker,Diabetic,Stage 1 HTN,Desirable,36.4,Obese
60-79,Male,Current Smoker,Diabetic,Elevated,Very High,27.3,Non-Obese
20-39,Female,Non-Smoker,Normoglycemic,Normal,Desirable,20.9,Non-Obese
80+,Female,Current Smoker,Normoglycemic,Elevated,High,31.7,Obese
80+,Male,Non-Smoker,Normoglycemic,Elevated,Borderline High,25.5,Non-Obese
20-39,Female,Current Smoker,Normoglycemic,Stage 1 HTN,Borderline High,24.7,Non-Obese
20-39,Female,Non-Smoker,Normoglycemic,Elevated,High,34.3,Obese
40-59,Male,Non-Smoker,Diabetic,Stage 1 HTN,High,31.8,Obese
40-59,Female,Non-Smoker,Normoglycemic,Stage 1 HTN,Very High,39.1,Obese
40-59,Male,Non-Smoker,Normoglycemic,Stage 1 HTN,Desirable,28.1,Non-Obese
60-79,Male,Current Smoker,Normoglycemic,Normal,Desirable,25.7,Non-Obese
60-79,Female,Non-Smoker,Diabetic,Stage 2 HTN,Borderline High,26.5,Non-Obese
40-59,Male,Current Smoker,Normoglycemic,Stage 1 HTN,Desirable,35.1,Obese
60-79,Female,Non-Smoker,Normoglycemic,Normal,Borderline High,27.2,Non-Obese
40-59,Male,Non-Smoker,Normoglycemic,Elevated,Desirable,28.0,Non-Obese
60-79,Female,Non-Smoker,Normoglycemic,Normal,High,29.6,Non-Obese
40-59,Female,Non-Smoker,Diabetic,Stage 2 HTN,High,43.4,Obese
20-39,Female,Current Smoker,Normoglycemic,Stage 2 HTN,High,25.9,Non-Obese
40-59,Female,Non-Smoker,Normoglycemic,Normal,Borderline High,24.4,Non-Obese
40-59,Male,Non-Smoker,Normoglycemic,Normal,Desirable,24.1,Non-Obese
80+,Male,Current Smoker,Normoglycemic,Normal,Desirable,22.2,Non-Obese
60-79,Female,Non-Smoker,Diabetic,Stage 2 HTN,Borderline High,36.6,Obese
40-59,Male,Non-Smoker,Normoglycemic,Stage 2 HTN,Borderline High,30.3,Obese
40-59,Male,Non-Smoker,Normoglycemic,Stage 2 HTN,Borderline High,35.6,Obese
20-39,Male,Non-Smoker,Normoglycemic,Stage 1 HTN,Desirable,23.8,Non-Obese
60-79,Female,Non-Smoker,Normoglycemic,Normal,Desirable,31.7,Obese
20-39,Male,Non-Smoker,Normoglycemic,Elevated,Very High,28.1,Non-Obese
20-39,Male,Non-Smoker,Normoglycemic,Normal,Borderline High,26.5,Non-Obese
20-39,Male,Non-Smoker,Normoglycemic,Elevated,Borderline High,25.0,Non-Obese
60-79,Female,Current Smoker,Normoglycemic,Stage 2 HTN,High,25.4,Non-Obese
80+,Male,Current Smoker,Normoglycemic,Stage 2 HTN,Borderline High,20.8,Non-Obese
20-39,Female,Non-Smoker,Normoglycemic,Elevated,Desirable,30.7,Obese
