age,sex,smoking,diabetes,bp,cholesterol
20-39,Female,Non-Smoker,Normoglycemic,Normal,Desirable
40-59,Female,Current Smoker,Normoglycemic,Normal,Very High
20-39,Male,Current Smoker,Normoglycemic,Stage 2 HTN,Desirable
60-79,Male,Current Smoker,Diabetic,Stage 2 HTN,Borderline High
80+,Female,Non-Smoker,Diabetic,Stage 2 HTN,High
20-39,Male,Current Smoker,Normoglycemic,Normal,Desirable
20-39,Female,Non-Smoker,Normoglycemic,Normal,Very High
20-39,Female,Non-Smoker,Normoglycemic,Elevated,Borderline High
60-79,Male,Non-Smoker,Normoglycemic,Stage 1 HTN,High
60-79,Male,Current Smoker,Normoglycemic,Normal,Desirable
20-39,Female,Non-Smoker,Normoglycemic,Stage 1 HTN,Desirable
60-79,Male,Non-Smoker,Diabetic,Stage 2 HTN,High
60-79,Female,Current Smoker,Diabetic,Elevated,Very High
20-39,Male,Current Smoker,Normoglycemic,Normal,Desirable
20-39,Female,Non-Smoker,Normoglycemic,Stage 1 HTN,High
40-59,Female,Current Smoker,Normoglycemic,Elevated,Desirable
20-39,Male,Non-Smoker,Normoglycemic,Elevated,Desirable
60-79,Male,Non-Smoker,Normoglycemic,Stage 2 HTN,High
40-59,Female,Non-Smoker,Normoglycemic,Stage 1 HTN,Desirable
40-59,Male,Non-Smoker,Normoglycemic,Normal,Desirable
40-59,Male,Current Smoker,Normoglycemic,Stage 1 HTN,Desirable
60-79,Female,Non-Smoker,Normoglycemic,Normal,Desirable
80+,Male,Non-Smoker,Normoglycemic,Normal,High
40-59,Female,Non-Smoker,Normoglycemic,Elevated,Desirable
40-59,Female,Non-Smoker,Normoglycemic,Elevated,Borderline High
60-79,Male,Non-Smoker,Diabetic,Stage 2 HTN,Borderline High
40-59,Male,Non-Smoker,Diabetic,Stage 1 HTN,Very High
20-39,Male,Non-Smoker,Normoglycemic,Elevated,Very High
80+,Male,Current Smoker,Diabetic,Stage 1 HTN,Borderline High
20-39,Male,Non-Smoker,Normoglycemic,Normal,Borderline High
60-79,Male,Non-Smoker,Normoglycemic,Normal,Desirable
60-79,Male,Current Smoker,Diabetic,Stage 1 HTN,Very High
40-59,Female,Non-Smoker,Normoglycemic,Normal,Very High
20-39,Female,Current Smoker,Diabetic,Stage 1 HTN,High
20-39,Male,Non-Smoker,Normoglycemic,Elevated,Borderline High
20-39,Female,Non-Smoker,Normoglycemic,Normal,Desirable
20-39,Female,Non-Smoker,Normoglycemic,Normal,Desirable
40-59,Male,Non-Smoker,Diabetic,Stage 2 HTN,High
40-59,Male,Non-Smoker,Normoglycemic,Elevated,Borderline High
60-79,Male,Non-Smoker,Diabetic,Stage 2 HTN,Very High
20-39,Male,Non-Smoker,Normoglycemic,Normal,High
20-39,Male,Current Smoker,Normoglycemic,Normal,Borderline High
40-59,Female,Non-Smoker,Normoglycemic,Stage 1 HTN,Borderline High
20-39,Female,Current Smoker,Normoglycemic,Normal,Borderline High
20-39,Female,Non-Smoker,Normoglycemic,Stage 1 HTN,Very High
60-79,Male,Non-Smoker,Normoglycemic,Elevated,High
60-79,Female,Non-Smoker,Diabetic,Stage 2 HTN,Borderline High
40-59,Male,Non-Smoker,Normoglycemic,Normal,Desirable
20-39,Female,Non-Smoker,Normoglycemic,Normal,Desirable
40-59,Male,Current Smoker,Normoglycemic,Normal,Desirable
20-39,Female,Non-Smoker,Normoglycemic,Normal,High
40-59,Female,Non-Smoker,Normoglycemic,Normal,Very High
40-59,Female,Non-Smoker,Normoglycemic,Normal,Borderline High
40-59,Male,Non-Smoker,Normoglycemic,Normal,Borderline High
40-59,Female,Non-Smoker,Normoglycemic,Stage 2 HTN,High
40-59,Male,Non-Smoker,Diabetic,Stage 2 HTN,Very High
40-59,Female,Non-Smoker,Normoglycemic,Normal,Borderline High
20-39,Female,Non-Smoker,Diabetic,Stage 2 HTN,Very High
20-39,Female,Non-Smoker,Normoglycemic,Stage 2 HTN,Desirable
40-59,Female,Non-Smoker,Diabetic,Stage 2 HTN,High
20-39,Male,Current Smoker,Diabetic,Stage 2 HTN,Very High
20-39,Male,Non-Smoker,Normoglycemic,Stage 1 HTN,Desirable
80+,Male,Non-Smoker,Diabetic,Stage 2 HTN,Borderline High
60-79,Female,Non-Smoker,Diabetic,Stage 2 HTN,High
40-59,Female,Non-Smoker,Normoglycemic,Elevated,High
40-59,Male,Non-Smoker,Normoglycemic,Normal,Borderline High
20-39,Male,Non-Smoker,Diabetic,Stage 2 HTN,Borderline High
20-39,Female,Non-Smoker,Normoglycemic,Stage 2 HTN,Borderline High
40-59,Male,Non-Smoker,Diabetic,Stage 2 HTN,Very High
40-59,Female,Non-Smoker,Normoglycemic,Normal,Borderline High
80+,Female,Non-Smoker,Normoglycemic,Normal,Very High
80+,Male,Current Smoker,Normoglycemic,Normal,High
60-79,Female,Non-Smoker,Diabetic,Stage 2 HTN,High
20-39,Male,Non-Smoker,Normoglycemic,Elevated,High
60-79,Female,Non-Smoker,Normoglycemic,Elevated,Desirable
40-59,Male,Non-Smoker,Normoglycemic,Elevated,Desirable
20-39,Male,Non-Smoker,Normoglycemic,Elevated,Desirable
20-39,Female,Non-Smoker,Normoglycemic,Normal,Desirable
20-39,Male,Non-Smoker,Normoglycemic,Elevated,High
40-59,Female,Non-Smoker,Normoglycemic,Elevated,Borderline High
20-39,Female,Non-Smoker,Diabetic,Stage 2 HTN,Very High
20-39,Male,Non-Smoker,Normoglycemic,Elevated,Desirable
20-39,Male,Non-Smoker,Normoglycemic,Normal,Desirable
40-59,Male,Non-Smoker,Normoglycemic,Normal,Desirable
60-79,Female,Non-Smoker,Normoglycemic,Normal,High
60-79,Male,Current Smoker,Normoglycemic,Normal,Very High
20-39,Female,Non-Smoker,Normoglycemic,Normal,Desirable
60-79,Female,Non-Smoker,Normoglycemic,Normal,Borderline High
40-59,Male,Non-Smoker,Normoglycemic,Normal,Desirable
60-79,Female,Non-Smoker,Diabetic,Stage 2 HTN,High
60-79,Female,Non-Smoker,Diabetic,Stage 2 HTN,Very High
40-59,Male,Non-Smoker,Normoglycemic,Stage 2 HTN,High
20-39,Female,Non-Smoker,Normoglycemic,Normal,High
20-39,Male,Non-Smoker,Normoglycemic,Normal,High
20-39,Female,Non-Smoker,Normoglycemic,Elevated,Desirable
20-39,Male,Non-Smoker,Normoglycemic,Stage 2 HTN,Desirable
40-59,Female,Non-Smoker,Diabetic,Stage 1 HTN,High
60-79,Male,Non-Smoker,Normoglycemic,Normal,Desirable
20-39,Male,Non-Smoker,Normoglycemic,Normal,Desirable
20-39,Female,Non-Smoker,Normoglycemic,Normal,Very High
20-39,Male,Non-Smoker,Normoglycemic,Normal,Desirable
20-39,Male,Non-Smoker,Normoglycemic,Stage 2 HTN,Desirable
20-39,Male,Non-Smoker,Normoglycemic,Normal,Desirable
20-39,Male,Current Smoker,Normoglycemic,Elevated,High
40-59,Male,Non-Smoker,Normoglycemic,Elevated,Desirable
20-39,Male,Non-Smoker,Normoglycemic,Stage 1 HTN,Desirable
20-39,Male,Current Smoker,Normoglycemic,Elevated,Desirable
20-39,Male,Current Smoker,Normoglycemic,Normal,Desirable
60-79,Female,Non-Smoker,Diabetic,Stage 1 HTN,Very High
60-79,Female,Non-Smoker,Normoglycemic,Normal,Borderline High
60-79,Male,Current Smoker,Normoglycemic,Normal,Desirable
20-39,Male,Non-Smoker,Normoglycemic,Normal,Desirable
20-39,Male,Non-Smoker,Normoglycemic,Stage 1 HTN,Desirable
20-39,Female,Non-Smoker,Normoglycemic,Elevated,Desirable
60-79,Male,Current Smoker,Diabetic,Stage 1 HTN,Borderline High
40-59,Female,Current Smoker,Normoglycemic,Normal,Desirable
60-79,Male,Current Smoker,Normoglycemic,Normal,Desirable
20-39,Female,Non-Smoker,Normoglycemic,Normal,Desirable
40-59,Male,Non-Smoker,Diabetic,Stage 1 HTN,Borderline High
20-39,Female,Non-Smoker,Normoglycemic,Elevated,Borderline High
20-39,Male,Non-Smoker,Diabetic,Stage 1 HTN,High
20-39,Female,Non-Smoker,Normoglycemic,Elevated,Desirable
20-39,Female,Non-Smoker,Normoglycemic,Normal,Desirable
20-39,Male,Non-Smoker,Normoglycemic,Normal,Desirable
40-59,Male,Current Smoker,Normoglycemic,Normal,Desirable
20-39,Male,Current Smoker,Normoglycemic,Normal,Borderline High
60-79,Male,Non-Smoker,Normoglycemic,Elevated,Borderline High
40-59,Male,Current Smoker,Normoglycemic,Elevated,Desirable
20-39,Male,Non-Smoker,Normoglycemic,Normal,Borderline High
20-39,Female,Non-Smoker,Normoglycemic,Normal,Desirable
40-59,Female,Non-Smoker,Diabetic,Stage 1 HTN,Very High
40-59,Female,Current Smoker,Diabetic,Stage 2 HTN,High
20-39,Female,Non-Smoker,Normoglycemic,Normal,Desirable
60-79,Female,Current Smoker,Diabetic,Stage 1 HTN,Borderline High
20-39,Female,Current Smoker,Normoglycemic,Normal,High
20-39,Male,Current Smoker,Normoglycemic,Normal,Borderline High
40-59,Male,Non-Smoker,Normoglycemic,Elevated,Desirable
60-79,Female,Current Smoker,Diabetic,Stage 2 HTN,Borderline High
20-39,Male,Current Smoker,Normoglycemic,Normal,Desirable
40-59,Female,Non-Smoker,Normoglycemic,Stage 2 HTN,Desirable
20-39,Female,Non-Smoker,Normoglycemic,Stage 2 HTN,Borderline High
20-39,Male,Non-Smoker,Diabetic,Stage 1 HTN,High
40-59,Female,Current Smoker,Diabetic,Stage 2 HTN,High
20-39,Female,Current Smoker,Normoglycemic,Normal,Desirable
40-59,Female,Current Smoker,Normoglycemic,Normal,Very High
20-39,Male,Current Smoker,Normoglycemic,Stage 2 HTN,Borderline High
40-59,Male,Non-Smoker,Diabetic,Stage 2 HTN,High
60-79,Female,Non-Smoker,Diabetic,Stage 2 HTN,High
20-39,Female,Non-Smoker,Normoglycemic,Normal,Very High
20-39,Female,Non-Smoker,Normoglycemic,Elevated,Desirable
40-59,Male,Non-Smoker,Normoglycemic,Normal,Desirable
20-39,Female,Non-Smoker,Normoglycemic,Normal,Borderline High
20-39,Female,Non-Smoker,Normoglycemic,Elevated,High
20-39,Male,Non-Smoker,Normoglycemic,Elevated,Borderline High
60-79,Male,Non-Smoker,Diabetic,Stage 2 HTN,Borderline High
40-59,Male,Current Smoker,Normoglycemic,Stage 1 HTN,Very High
40-59,Female,Non-Smoker,Normoglycemic,Normal,Borderline High
20-39,Male,Non-Smoker,Normoglycemic,Normal,Very High
40-59,Female,Non-Smoker,Normoglycemic,Elevated,Desirable
20-39,Male,Non-Smoker,Normoglycemic,Elevated,Borderline High
80+,Female,Non-Smoker,Diabetic,Stage 2 HTN,Very High
40-59,Male,Non-Smoker,Diabetic,Stage 2 HTN,Very High
40-59,Female,Non-Smoker,Normoglycemic,Stage 1 HTN,Very High
20-39,Female,Non-Smoker,Normoglycemic,Normal,High
20-39,Female,Non-Smoker,Normoglycemic,Normal,High
40-59,Male,Current Smoker,Normoglycemic,Normal,Borderline High
20-39,Male,Non-Smoker,Normoglycemic,Normal,Desirable
20-39,Male,Current Smoker,Diabetic,Stage 2 HTN,Very High
40-59,Male,Non-Smoker,Diabetic,Stage 1 HTN,High
40-59,Female,Non-Smoker,Normoglycemic,Elevated,High
60-79,Male,Current Smoker,Normoglycemic,Normal,Desirable
40-59,Male,Non-Smoker,Normoglycemic,Normal,Desirable
40-59,Male,Current Smoker,Normoglycemic,Elevated,Desirable
20-39,Male,Non-Smoker,Normoglycemic,Elevated,Borderline High
40-59,Female,Non-Smoker,Diabetic,Stage 1 HTN,High
60-79,Male,Non-Smoker,Normoglycemic,Normal,Borderline High
40-59,Female,Non-Smoker,Normoglycemic,Elevated,Borderline High
60-79,Female,Non-Smoker,Diabetic,Stage 2 HTN,High
20-39,Female,Current Smoker,Normoglycemic,Stage 1 HTN,High
20-39,Female,Non-Smoker,Normoglycemic,Stage 1 HTN,Desirable
20-39,Male,Current Smoker,Normoglycemic,Stage 1 HTN,Borderline High
20-39,Male,Non-Smoker,Normoglycemic,Normal,High
60-79,Male,Non-Smoker,Normoglycemic,Normal,Desirable
60-79,Female,Non-Smoker,Normoglycemic,Elevated,Borderline High
60-79,Female,Non-Smoker,Normoglycemic,Normal,Desirable
20-39,Male,Current Smoker,Normoglycemic,Elevated,Borderline High
40-59,Female,Non-Smoker,Diabetic,Elevated,High
20-39,Male,Non-Smoker,Normoglycemic,Elevated,Borderline High
40-59,Male,Non-Smoker,Diabetic,Stage 2 HTN,High
60-79,Male,Non-Smoker,Normoglycemic,Normal,Borderline High
40-59,Male,Non-Smoker,Normoglycemic,Normal,Very High
60-79,Male,Non-Smoker,Normoglycemic,Normal,Desirable
60-79,Male,Non-Smoker,Normoglycemic,Normal,Desirable
20-39,Male,Non-Smoker,Diabetic,Stage 2 HTN,Very High
60-79,Female,Non-Smoker,Diabetic,Stage 2 HTN,Borderline High
40-59,Male,Non-Smoker,Normoglycemic,Normal,High
40-59,Male,Non-Smoker,Normoglycemic,Elevated,Borderline High
40-59,Male,Non-Smoker,Normoglycemic,Normal,Desirable
20-39,Female,Non-Smoker,Normoglycemic,Stage 1 HTN,Borderline High
80+,Female,Current Smoker,Normoglycemic,Normal,Desirable
20-39,Male,Current Smoker,Normoglycemic,Normal,Borderline High
60-79,Female,Current Smoker,Diabetic,Stage 2 HTN,High
80+,Male,Non-Smoker,Normoglycemic,Stage 2 HTN,Borderline High
40-59,Male,Non-Smoker,Normoglycemic,Normal,Desirable
80+,Female,Non-Smoker,Normoglycemic,Normal,High
20-39,Female,Current Smoker,Normoglycemic,Normal,Borderline High
40-59,Female,Non-Smoker,Diabetic,Stage 2 HTN,Very High
40-59,Female,Non-Smoker,Diabetic,Stage 2 HTN,High
20-39,Female,Non-Smoker,Normoglycemic,Normal,Very High
60-79,Male,Non-Smoker,Normoglycemic,Normal,High
20-39,Male,Non-Smoker,Normoglycemic,Stage 1 HTN,Desirable
40-59,Male,Non-Smoker,Diabetic,Stage 2 HTN,Borderline High
20-39,Female,Current Smoker,Normoglycemic,Normal,Desirable
40-59,Female,Non-Smoker,Normoglycemic,Elevated,Desirable
20-39,Female,Current Smoker,Normoglycemic,Elevated,Desirable
20-39,Female,Non-Smoker,Normoglycemic,Normal,Desirable
40-59,Female,Non-Smoker,Diabetic,Stage 2 HTN,Very High
20-39,Female,Non-Smoker,Normoglycemic,Normal,Borderline High
20-39,Male,Non-Smoker,Normoglycemic,Elevated,Desirable
60-79,Male,Non-Smoker,Diabetic,Elevated,High
20-39,Male,Non-Smoker,Normoglycemic,Normal,Desirable
40-59,Male,Non-Smoker,Normoglycemic,Normal,Desirable
40-59,Female,Non-Smoker,Normoglycemic,Normal,Desirable
40-59,Male,Non-Smoker,Diabetic,Stage 2 HTN,High
20-39,Male,Non-Smoker,Normoglycemic,Elevated,High
60-79,Male,Non-Smoker,Normoglycemic,Elevated,Desirable
20-39,Male,Non-Smoker,Normoglycemic,Normal,Desirable
20-39,Female,Non-Smoker,Normoglycemic,Elevated,Borderline High
20-39,Male,Non-Smoker,Normoglycemic,Elevated,Desirable
20-39,Female,Non-Smoker,Diabetic,Stage 1 HTN,High
20-39,Male,Current Smoker,Normoglycemic,Elevated,Desirable
80+,Female,Non-Smoker,Normoglycemic,Normal,Desirable
20-39,Male,Non-Smoker,Normoglycemic,Elevated,Borderline High
80+,Female,Non-Smoker,Diabetic,Stage 2 HTN,High
20-39,Female,Non-Smoker,Normoglycemic,Normal,High
80+,Male,Non-Smoker,Normoglycemic,Stage 1 HTN,Desirable
20-39,Male,Non-Smoker,Diabetic,Stage 1 HTN,Very High
80+,Female,Non-Smoker,Normoglycemic,Stage 2 HTN,Very High
20-39,Male,Non-Smoker,Normoglycemic,Normal,Borderline High
40-59,Female,Current Smoker,Normoglycemic,Normal,Desirable
20-39,Female,Non-Smoker,Normoglycemic,Elevated,Borderline High
40-59,Male,Current Smoker,Diabetic,Stage 2 HTN,Very High
40-59,Female,Current Smoker,Diabetic,Stage 2 HTN,High
80+,Female,Non-Smoker,Diabetic,Stage 2 HTN,High
20-39,Male,Non-Smoker,Normoglycemic,Elevated,Very High
60-79,Female,Non-Smoker,Diabetic,Stage 1 HTN,High
60-79,Female,Current Smoker,Normoglycemic,Normal,Desirable
40-59,Male,Non-Smoker,Normoglycemic,Normal,High
80+,Male,Non-Smoker,Diabetic,Elevated,Very High
20-39,Male,Current Smoker,Diabetic,Stage 2 HTN,Very High
20-39,Male,Non-Smoker,Normoglycemic,Normal,Borderline High
40-59,Female,Non-Smoker,Normoglycemic,Normal,Desirable
60-79,Male,Non-Smoker,Diabetic,Stage 2 HTN,High
40-59,Female,Non-Smoker,Normoglycemic,Normal,Desirable
60-79,Male,Non-Smoker,Normoglycemic,Elevated,Desirable
20-39,Male,Non-Smoker,Normoglycemic,Elevated,Desirable
40-59,Female,Current Smoker,Normoglycemic,Normal,Desirable
60-79,Male,Non-Smoker,Normoglycemic,Normal,Borderline High
80+,Male,Current Smoker,Normoglycemic,Normal,Desirable
40-59,Female,Non-Smoker,Normoglycemic,Normal,Desirable
40-59,Female,Non-Smoker,Diabetic,Stage 2 HTN,Very High
40-59,Female,Non-Smoker,Diabetic,Stage 2 HTN,High
20-39,Female,Non-Smoker,Normoglycemic,Normal,Desirable
60-79,Male,Non-Smoker,Normoglycemic,Normal,High
40-59,Male,Non-Smoker,Normoglycemic,Normal,High
40-59,Male,Current Smoker,Normoglycemic,Normal,High
20-39,Male,Non-Smoker,Diabetic,Stage 1 HTN,High
20-39,Male,Non-Smoker,Normoglycemic,Normal,Desirable
20-39,Male,Current Smoker,Normoglycemic,Elevated,Desirable
60-79,Male,Non-Smoker,Normoglycemic,Stage 1 HTN,Borderline High
40-59,Female,Non-Smoker,Normoglycemic,Normal,High
20-39,Male,Non-Smoker,Normoglycemic,Normal,Desirable
40-59,Male,Non-Smoker,Diabetic,Elevated,Very High
40-59,Male,Non-Smoker,Normoglycemic,Stage 2 HTN,Desirable
40-59,Male,Current Smoker,Normoglycemic,Normal,Borderline High
40-59,Male,Non-Smoker,Normoglycemic,Elevated,Desirable
20-39,Male,Non-Smoker,Normoglycemic,Normal,Desirable
40-59,Female,Non-Smoker,Normoglycemic,Normal,Borderline High
20-39,Male,Non-Smoker,Normoglycemic,Normal,Borderline High
20-39,Male,Non-Smoker,Normoglycemic,Normal,Desirable
60-79,Female,Non-Smoker,Diabetic,Stage 2 HTN,High
40-59,Male,Non-Smoker,Normoglycemic,Normal,Borderline High
60-79,Female,Non-Smoker,Normoglycemic,Normal,High
60-79,Female,Non-Smoker,Normoglycemic,Normal,Borderline High
40-59,Male,Non-Smoker,Normoglycemic,Elevated,High
80+,Male,Current Smoker,Normoglycemic,Stage 1 HTN,Desirable
40-59,Female,Non-Smoker,Diabetic,Stage 2 HTN,Very High
40-59,Female,Non-Smoker,Normoglycemic,Stage 1 HTN,Desirable
20-39,Female,Current Smoker,Normoglycemic,Normal,Desirable
20-39,Male,Non-Smoker,Normoglycemic,Stage 2 HTN,Very High
20-39,Female,Non-Smoker,Normoglycemic,Stage 1 HTN,Borderline High
20-39,Female,Non-Smoker,Normoglycemic,Normal,Desirable
40-59,Female,Current Smoker,Normoglycemic,Normal,Desirable
60-79,Male,Non-Smoker,Normoglycemic,Normal,Desirable
40-59,Male,Non-Smoker,Normoglycemic,Normal,Desirable
20-39,Male,Current Smoker,Normoglycemic,Elevated,Borderline High
40-59,Female,Non-Smoker,Normoglycemic,Normal,High
20-39,Male,Non-Smoker,Diabetic,Stage 2 HTN,High
60-79,Female,Non-Smoker,Diabetic,Stage 1 HTN,Desirable
80+,Male,Non-Smoker,Normoglycemic,Normal,Very High
40-59,Female,Non-Smoker,Normoglycemic,Normal,Borderline High
40-59,Female,Non-Smoker,Normoglycemic,Elevated,Desirable
60-79,Male,Non-Smoker,Diabetic,Stage 2 HTN,High
40-59,Male,Non-Smoker,Diabetic,Stage 2 HTN,Borderline High
20-39,Male,Current Smoker,Normoglycemic,Normal,Desirable
60-79,Female,Current Smoker,Normoglycemic,Stage 1 HTN,Desirable
20-39,Female,Non-Smoker,Normoglycemic,Normal,Desirable
40-59,Male,Non-Smoker,Normoglycemic,Stage 2 HTN,High
20-39,Male,Non-Smoker,Normoglycemic,Elevated,High
40-59,Female,Non-Smoker,Normoglycemic,Normal,High
20-39,Male,Non-Smoker,Diabetic,Stage 2 HTN,Borderline High
40-59,Female,Non-Smoker,Diabetic,Stage 1 HTN,High
20-39,Male,Current Smoker,Normoglycemic,Normal,Borderline High
40-59,Male,Current Smoker,Diabetic,Stage 2 HTN,High
40-59,Female,Current Smoker,Normoglycemic,Stage 1 HTN,High
40-59,Female,Non-Smoker,Normoglycemic,Elevated,Borderline High
20-39,Male,Non-Smoker,Normoglycemic,Normal,Desirable
40-59,Female,Non-Smoker,Diabetic,Stage 1 HTN,High
40-59,Female,Non-Smoker,Normoglycemic,Normal,Borderline High
80+,Male,Non-Smoker,Normoglycemic,Stage 1 HTN,Very High
60-79,Male,Non-Smoker,Normoglycemic,Normal,Desirable
40-59,Female,Non-Smoker,Diabetic,Stage 2 HTN,Very High
60-79,Female,Non-Smoker,Diabetic,Stage 1 HTN,High
20-39,Female,Non-Smoker,Diabetic,Elevated,Very High
20-39,Male,Non-Smoker,Normoglycemic,Elevated,Desirable
40-59,Female,Non-Smoker,Normoglycemic,Normal,Borderline High
60-79,Male,Non-Smoker,Diabetic,Stage 1 HTN,Very High
80+,Female,Non-Smoker,Normoglycemic,Normal,Borderline High
20-39,Male,Non-Smoker,Normoglycemic,Stage 1 HTN,Desirable
20-39,Female,Non-Smoker,Normoglycemic,Normal,High
60-79,Male,Non-Smoker,Diabetic,Stage 1 HTN,Very High
60-79,Male,Non-Smoker,Normoglycemic,Stage 2 HTN,Borderline High
60-79,Male,Current Smoker,Normoglycemic,Normal,Borderline High
20-39,Female,Non-Smoker,Normoglycemic,Stage 1 HTN,Desirable
20-39,Male,Non-Smoker,Normoglycemic,Normal,Borderline High
40-59,Female,Non-Smoker,Normoglycemic,Elevated,Borderline High
20-39,Female,Non-Smoker,Normoglycemic,Normal,Desirable
40-59,Male,Current Smoker,Normoglycemic,Elevated,Desirable
20-39,Female,Current Smoker,Normoglycemic,Normal,Desirable
60-79,Female,Non-Smoker,Diabetic,Stage 1 HTN,High
40-59,Male,Non-Smoker,Normoglycemic,Elevated,Desirable
20-39,Female,Current Smoker,Diabetic,Stage 2 HTN,High
40-59,Male,Current Smoker,Normoglycemic,Normal,High
40-59,Male,Non-Smoker,Diabetic,Stage 2 HTN,Very High
40-59,Female,Non-Smoker,Normoglycemic,Normal,Borderline High
60-79,Male,Non-Smoker,Normoglycemic,Elevated,High
60-79,Female,Non-Smoker,Normoglycemic,Elevated,Desirable
20-39,Female,Non-Smoker,Normoglycemic,Normal,Very High
60-79,Male,Non-Smoker,Normoglycemic,Stage 2 HTN,High
60-79,Female,Non-Smoker,Diabetic,Stage 1 HTN,Borderline High
40-59,Female,Non-Smoker,Diabetic,Stage 2 HTN,Very High
40-59,Female,Non-Smoker,Diabetic,Stage 2 HTN,Borderline High
20-39,Male,Non-Smoker,Normoglycemic,Elevated,Very High
20-39,Female,Non-Smoker,Normoglycemic,Normal,Borderline High
20-39,Male,Non-Smoker,Normoglycemic,Normal,Desirable
20-39,Female,Non-Smoker,Normoglycemic,Stage 1 HTN,Borderline High
20-39,Female,Non-Smoker,Diabetic,Stage 2 HTN,Borderline High
80+,Female,Non-Smoker,Normoglycemic,Stage 1 HTN,Borderline High
60-79,Female,Current Smoker,Diabetic,Elevated,Very High
40-59,Female,Non-Smoker,Normoglycemic,Normal,Borderline High
60-79,Male,Non-Smoker,Normoglycemic,Normal,Desirable
60-79,Female,Non-Smoker,Diabetic,Stage 1 HTN,High
60-79,Female,Non-Smoker,Diabetic,Stage 2 HTN,High
40-59,Female,Current Smoker,Normoglycemic,Normal,Desirable
80+,Female,Non-Smoker,Normoglycemic,Normal,Borderline High
60-79,Female,Current Smoker,Normoglycemic,Normal,Borderline High
60-79,Male,Non-Smoker,Normoglycemic,Normal,Desirable
20-39,Male,Non-Smoker,Normoglycemic,Elevated,Borderline High
40-59,Male,Non-Smoker,Normoglycemic,Elevated,Borderline High
80+,Female,Non-Smoker,Normoglycemic,Normal,Very High
60-79,Male,Non-Smoker,Normoglycemic,Stage 2 HTN,Desirable
20-39,Female,Current Smoker,Normoglycemic,Stage 1 HTN,Borderline High
20-39,Female,Non-Smoker,Normoglycemic,Stage 2 HTN,High
40-59,Female,Non-Smoker,Normoglycemic,Elevated,Desirable
20-39,Male,Non-Smoker,Normoglycemic,Elevated,Desirable
40-59,Female,Non-Smoker,Diabetic,Stage 1 HTN,Desirable
40-59,Female,Non-Smoker,Normoglycemic,Normal,Desirable
60-79,Female,Non-Smoker,Diabetic,Stage 2 HTN,Borderline High
20-39,Female,Non-Smoker,Normoglycemic,Elevated,Desirable
60-79,Male,Current Smoker,Diabetic,Stage 2 HTN,Borderline High
40-59,Male,Non-Smoker,Diabetic,Stage 2 HTN,Desirable
60-79,Male,Non-Smoker,Normoglycemic,Elevated,Borderline High
40-59,Female,Non-Smoker,Diabetic,Stage 2 HTN,High
40-59,Male,Non-Smoker,Diabetic,Stage 2 HTN,High
80+,Male,Non-Smoker,Diabetic,Stage 2 HTN,Very High
40-59,Male,Non-Smoker,Normoglycemic,Stage 1 HTN,Very High
20-39,Female,Non-Smoker,Normoglycemic,Elevated,Desirable
60-79,Male,Non-Smoker,Normoglycemic,Elevated,Desirable
40-59,Male,Non-Smoker,Normoglycemic,Normal,Desirable
20-39,Male,Non-Smoker,Normoglycemic,Normal,Borderline High
40-59,Female,Non-Smoker,Normoglycemic,Normal,Borderline High
40-59,Male,Non-Smoker,Diabetic,Stage 1 HTN,High
40-59,Male,Current Smoker,Normoglycemic,Normal,Borderline High
20-39,Female,Non-Smoker,Diabetic,Stage 2 HTN,Borderline High
60-79,Female,Non-Smoker,Diabetic,Stage 2 HTN,Very High
20-39,Female,Non-Smoker,Normoglycemic,Elevated,Borderline High
40-59,Female,Non-Smoker,Normoglycemic,Normal,Desirable
80+,Male,Non-Smoker,Normoglycemic,Elevated,High
40-59,Male,Non-Smoker,Normoglycemic,Normal,High
40-59,Female,Non-Smoker,Diabetic,Stage 1 HTN,Borderline High
20-39,Male,Non-Smoker,Diabetic,Stage 1 HTN,Very High
20-39,Female,Non-Smoker,Normoglycemic,Elevated,Borderline High
40-59,Male,Non-Smoker,Normoglycemic,Stage 2 HTN,Desirable
20-39,Male,Current Smoker,Normoglycemic,Normal,Desirable
60-79,Female,Current Smoker,Normoglycemic,Normal,Borderline High
40-59,Female,Non-Smoker,Normoglycemic,Stage 2 HTN,High
60-79,Male,Current Smoker,Diabetic,Stage 2 HTN,High
80+,Female,Non-Smoker,Normoglycemic,Stage 1 HTN,Borderline High
20-39,Male,Non-Smoker,Normoglycemic,Normal,Borderline High
60-79,Male,Non-Smoker,Diabetic,Stage 1 HTN,High
40-59,Female,Non-Smoker,Normoglycemic,Normal,Desirable
40-59,Male,Current Smoker,Normoglycemic,Stage 1 HTN,Desirable
40-59,Female,Current Smoker,Normoglycemic,Elevated,Borderline High
20-39,Male,Non-Smoker,Normoglycemic,Normal,Desirable
60-79,Female,Non-Smoker,Diabetic,Stage 1 HTN,Very High
60-79,Female,Non-Smoker,Diabetic,Stage 1 HTN,Very High
40-59,Female,Current Smoker,Normoglycemic,Stage 1 HTN,Desirable
20-39,Female,Current Smoker,Normoglycemic,Normal,Desirable
60-79,Female,Non-Smoker,Normoglycemic,Normal,Desirable
20-39,Female,Non-Smoker,Normoglycemic,Normal,Desirable
60-79,Female,Non-Smoker,Normoglycemic,Normal,Borderline High
60-79,Male,Non-Smoker,Diabetic,Stage 2 HTN,Very High
80+,Female,Non-Smoker,Diabetic,Stage 2 HTN,Very High
40-59,Female,Non-Smoker,Normoglycemic,Stage 2 HTN,High
20-39,Female,Non-Smoker,Normoglycemic,Normal,Borderline High
40-59,Female,Non-Smoker,Normoglycemic,Normal,High
40-59,Female,Non-Smoker,Normoglycemic,Normal,Borderline High
40-59,Female,Non-Smoker,Normoglycemic,Normal,High
20-39,Male,Non-Smoker,Normoglycemic,Elevated,Desirable
40-59,Female,Non-Smoker,Normoglycemic,Stage 1 HTN,Very High
20-39,Male,Current Smoker,Normoglycemic,Normal,Borderline High
40-59,Female,Non-Smoker,Normoglycemic,Normal,Very High
20-39,Female,Non-Smoker,Normoglycemic,Normal,Borderline High
60-79,Male,Current Smoker,Diabetic,Stage 2 HTN,Borderline High
60-79,Male,Non-Smoker,Diabetic,Stage 1 HTN,Borderline High
40-59,Male,Non-Smoker,Normoglycemic,Stage 1 HTN,Very High
20-39,Female,Current Smoker,Normoglycemic,Normal,Borderline High
20-39,Male,Non-Smoker,Diabetic,Stage 2 HTN,Borderline High
20-39,Female,Non-Smoker,Normoglycemic,Normal,Borderline High
40-59,Male,Current Smoker,Normoglycemic,Normal,High
20-39,Female,Non-Smoker,Diabetic,Stage 2 HTN,Borderline High
40-59,Female,Non-Smoker,Normoglycemic,Normal,Borderline High
40-59,Female,Non-Smoker,Normoglycemic,Normal,Desirable
20-39,Male,Current Smoker,Normoglycemic,Stage 2 HTN,Desirable
40-59,Male,Non-Smoker,Diabetic,Stage 2 HTN,Very High
20-39,Female,Non-Smoker,Normoglycemic,Normal,Borderline High
20-39,Female,Non-Smoker,Normoglycemic,Normal,Desirable
20-39,Female,Non-Smoker,Normoglycemic,Normal,High
20-39,Male,Non-Smoker,Normoglycemic,Normal,Desirable
60-79,Female,Current Smoker,Normoglycemic,Elevated,Desirable
60-79,Male,Non-Smoker,Normoglycemic,Normal,Desirable
20-39,Male,Current Smoker,Diabetic,Stage 2 HTN,Borderline High
60-79,Male,Non-Smoker,Normoglycemic,Normal,Borderline High
40-59,Male,Current Smoker,Diabetic,Stage 2 HTN,High
20-39,Female,Current Smoker,Normoglycemic,Stage 1 HTN,Borderline High
20-39,Female,Current Smoker,Diabetic,Stage 2 HTN,High
20-39,Female,Non-Smoker,Normoglycemic,Normal,Borderline High
40-59,Male,Non-Smoker,Normoglycemic,Elevated,Desirable
60-79,Male,Current Smoker,Diabetic,Stage 2 HTN,High
40-59,Female,Current Smoker,Normoglycemic,Normal,Desirable
60-79,Female,Current Smoker,Normoglycemic,Normal,Borderline High
80+,Male,Current Smoker,Diabetic,Stage 1 HTN,Borderline High
60-79,Female,Current Smoker,Diabetic,Stage 2 HTN,High
20-39,Female,Non-Smoker,Normoglycemic,Stage 1 HTN,High
40-59,Female,Non-Smoker,Normoglycemic,Elevated,Very High
60-79,Female,Current Smoker,Diabetic,Stage 2 HTN,High
20-39,Male,Non-Smoker,Normoglycemic,Normal,Desirable
20-39,Male,Non-Smoker,Normoglycemic,Normal,Desirable
20-39,Female,Non-Smoker,Normoglycemic,Normal,High
20-39,Male,Current Smoker,Normoglycemic,Normal,High
40-59,Female,Current Smoker,Normoglycemic,Elevated,Desirable
20-39,Female,Non-Smoker,Diabetic,Stage 2 HTN,Borderline High
40-59,Female,Non-Smoker,Normoglycemic,Elevated,High
40-59,Male,Non-Smoker,Normoglycemic,Normal,High
60-79,Female,Non-Smoker,Normoglycemic,Stage 1 HTN,Desirable
20-39,Male,Current Smoker,Normoglycemic,Normal,Borderline High
60-79,Male,Non-Smoker,Diabetic,Stage 1 HTN,High
60-79,Female,Non-Smoker,Diabetic,Elevated,High
60-79,Male,Non-Smoker,Diabetic,Stage 2 HTN,Very High
20-39,Female,Non-Smoker,Diabetic,Stage 2 HTN,High
20-39,Male,Non-Smoker,Normoglycemic,Normal,Borderline High
20-39,Female,Non-Smoker,Normoglycemic,Elevated,Desirable
60-79,Female,Non-Smoker,Normoglycemic,Normal,Desirable
20-39,Female,Non-Smoker,Normoglycemic,Elevated,Borderline High
20-39,Male,Current Smoker,Normoglycemic,Normal,Borderline High
20-39,Female,Non-Smoker,Normoglycemic,Stage 1 HTN,Very High
60-79,Male,Non-Smoker,Diabetic,Stage 2 HTN,Borderline High
40-59,Male,Non-Smoker,Normoglycemic,Normal,Borderline High
60-79,Male,Non-Smoker,Normoglycemic,Normal,Desirable
60-79,Female,Current Smoker,Diabetic,Stage 1 HTN,Very High
60-79,Male,Current Smoker,Diabetic,Stage 1 HTN,Very High
20-39,Female,Non-Smoker,Normoglycemic,Normal,Borderline High
20-39,Male,Current Smoker,Normoglycemic,Normal,Very High
40-59,Male,Current Smoker,Normoglycemic,Elevated,Desirable
40-59,Female,Non-Smoker,Normoglycemic,Normal,Borderline High
40-59,Male,Non-Smoker,Normoglycemic,Elevated,Borderline High
60-79,Female,Current Smoker,Diabetic,Stage 2 HTN,High
20-39,Female,Non-Smoker,Normoglycemic,Elevated,High
40-59,Female,Non-Smoker,Normoglycemic,Normal,Borderline High
20-39,Male,Current Smoker,Normoglycemic,Normal,Desirable
20-39,Male,Non-Smoker,Normoglycemic,Elevated,High
20-39,Male,Current Smoker,Normoglycemic,Stage 1 HTN,High
60-79,Female,Non-Smoker,Normoglycemic,Normal,Desirable
20-39,Male,Current Smoker,Normoglycemic,Normal,Desirable
20-39,Male,Non-Smoker,Normoglycemic,Normal,Very High
60-79,Female,Non-Smoker,Normoglycemic,Normal,High
60-79,Male,Non-Smoker,Diabetic,Stage 2 HTN,Borderline High
40-59,Male,Non-Smoker,Normoglycemic,Normal,Borderline High
20-39,Female,Non-Smoker,Normoglycemic,Normal,Desirable
60-79,Female,Non-Smoker,Diabetic,Stage 2 HTN,High
20-39,Male,Current Smoker,Normoglycemic,Stage 2 HTN,High
20-39,Male,Non-Smoker,Normoglycemic,Normal,Very High
40-59,Female,Non-Smoker,Normoglycemic,Normal,Borderline High
40-59,Female,Non-Smoker,Normoglycemic,Normal,Desirable
20-39,Female,Non-Smoker,Normoglycemic,Normal,Borderline High
60-79,Female,Current Smoker,Diabetic,Stage 2 HTN,High
20-39,Female,Non-Smoker,Normoglycemic,Stage 1 HTN,High
40-59,Male,Non-Smoker,Normoglycemic,Elevated,High
20-39,Female,Non-Smoker,Normoglycemic,Normal,Desirable
40-59,Female,Non-Smoker,Normoglycemic,Normal,Borderline High
40-59,Male,Non-Smoker,Diabetic,Stage 2 HTN,High
40-59,Female,Non-Smoker,Normoglycemic,Normal,Borderline High
20-39,Female,Non-Smoker,Diabetic,Stage 2 HTN,Very High
20-39,Male,Non-Smoker,Normoglycemic,Stage 1 HTN,Borderline High
20-39,Female,Non-Smoker,Normoglycemic,Normal,Desirable
20-39,Female,Non-Smoker,Normoglycemic,Stage 1 HTN,Very High
20-39,Female,Current Smoker,Normoglycemic,Elevated,Desirable
60-79,Female,Current Smoker,Normoglycemic,Normal,High
20-39,Female,Current Smoker,Normoglycemic,Normal,Desirable
40-59,Male,Current Smoker,Diabetic,Stage 2 HTN,Very High
60-79,Male,Non-Smoker,Diabetic,Stage 1 HTN,Very High
20-39,Male,Non-Smoker,Normoglycemic,Elevated,Desirable
40-59,Female,Non-Smoker,Normoglycemic,Normal,Desirable
20-39,Male,Current Smoker,Normoglycemic,Stage 1 HTN,Borderline High
60-79,Male,Non-Smoker,Diabetic,Stage 2 HTN,Very High
40-59,Male,Current Smoker,Diabetic,Stage 1 HTN,High
40-59,Male,Non-Smoker,Normoglycemic,Elevated,Desirable
60-79,Male,Non-Smoker,Normoglycemic,Normal,Desirable
80+,Female,Non-Smoker,Normoglycemic,Stage 1 HTN,Borderline High
20-39,Female,Current Smoker,Normoglycemic,Normal,Desirable
20-39,Female,Current Smoker,Normoglycemic,Normal,Desirable
20-39,Female,Non-Smoker,Normoglycemic,Normal,High
40-59,Female,Non-Smoker,Normoglycemic,Normal,Desirable
80+,Male,Non-Smoker,Diabetic,Stage 1 HTN,Borderline High
40-59,Male,Non-Smoker,Normoglycemic,Normal,Desirable
80+,Female,Non-Smoker,Normoglycemic,Normal,Desirable
20-39,Female,Non-Smoker,Normoglycemic,Normal,High
40-59,Female,Current Smoker,Diabetic,Stage 1 HTN,High
60-79,Female,Non-Smoker,Diabetic,Stage 2 HTN,Very High
20-39,Male,Non-Smoker,Normoglycemic,Normal,Borderline High
40-59,Female,Current Smoker,Normoglycemic,Stage 1 HTN,Desirable
60-79,Female,Non-Smoker,Diabetic,Stage 2 HTN,High
20-39,Male,Non-Smoker,Normoglycemic,Stage 2 HTN,Desirable
20-39,Female,Non-Smoker,Normoglycemic,Normal,High
60-79,Female,Non-Smoker,Diabetic,Stage 1 HTN,High
20-39,Male,Current Smoker,Normoglycemic,Stage 1 HTN,Borderline High
20-39,Female,Non-Smoker,Normoglycemic,Normal,Desirable
60-79,Male,Current Smoker,Diabetic,Stage 2 HTN,High
40-59,Male,Current Smoker,Normoglycemic,Normal,Borderline High
20-39,Female,Non-Smoker,Normoglycemic,Normal,Desirable
60-79,Female,Non-Smoker,Diabetic,Stage 1 HTN,Desirable
20-39,Male,Non-Smoker,Normoglycemic,Stage 1 HTN,Desirable
20-39,Male,Non-Smoker,Diabetic,Stage 2 HTN,High
20-39,Male,Non-Smoker,Normoglycemic,Normal,Borderline High
20-39,Female,Non-Smoker,Normoglycemic,Normal,High
60-79,Male,Current Smoker,Normoglycemic,Elevated,Desirable
40-59,Male,Non-Smoker,Normoglycemic,Stage 1 HTN,Desirable
20-39,Male,Non-Smoker,Normoglycemic,Normal,High
60-79,Female,Current Smoker,Diabetic,Stage 2 HTN,High
40-59,Female,Non-Smoker,Normoglycemic,Normal,Desirable
80+,Male,Non-Smoker,Normoglycemic,Elevated,Desirable
40-59,Female,Non-Smoker,Normoglycemic,Elevated,Very High
40-59,Male,Non-Smoker,Normoglycemic,Normal,Desirable
60-79,Female,Non-Smoker,Diabetic,Stage 1 HTN,Very High
40-59,Male,Non-Smoker,Normoglycemic,Normal,Desirable
60-79,Female,Non-Smoker,Diabetic,Stage 1 HTN,High
20-39,Female,Non-Smoker,Normoglycemic,Normal,Desirable
20-39,Male,Current Smoker,Normoglycemic,Normal,High
20-39,Female,Non-Smoker,Normoglycemic,Normal,High
40-59,Female,Non-Smoker,Normoglycemic,Elevated,Desirable
20-39,Female,Current Smoker,Diabetic,Stage 2 HTN,High
60-79,Male,Non-Smoker,Normoglycemic,Normal,Desirable
20-39,Female,Non-Smoker,Normoglycemic,Stage 1 HTN,High
20-39,Female,Non-Smoker,Normoglycemic,Normal,Borderline High
20-39,Male,Current Smoker,Normoglycemic,Normal,Borderline High
20-39,Female,Non-Smoker,Normoglycemic,Normal,Borderline High
40-59,Male,Non-Smoker,Normoglycemic,Stage 2 HTN,Borderline High
40-59,Female,Current Smoker,Normoglycemic,Elevated,Very High
60-79,Female,Non-Smoker,Diabetic,Stage 2 HTN,Very High
40-59,Male,Non-Smoker,Diabetic,Stage 2 HTN,High
40-59,Female,Current Smoker,Normoglycemic,Elevated,Very High
40-59,Male,Non-Smoker,Diabetic,Stage 2 HTN,Borderline High
40-59,Female,Current Smoker,Normoglycemic,Normal,Desirable
40-59,Male,Non-Smoker,Normoglycemic,Elevated,Desirable
20-39,Female,Non-Smoker,Normoglycemic,Normal,High
40-59,Female,Non-Smoker,Diabetic,Stage 1 HTN,High
20-39,Male,Non-Smoker,Diabetic,Stage 2 HTN,Borderline High
60-79,Male,Current Smoker,Diabetic,Stage 2 HTN,Borderline High
80+,Male,Non-Smoker,Diabetic,Stage 1 HTN,High
20-39,Female,Non-Smoker,Normoglycemic,Normal,Desirable
20-39,Female,Non-Smoker,Normoglycemic,Elevated,Borderline High
40-59,Female,Non-Smoker,Normoglycemic,Elevated,Borderline High
40-59,Male,Current Smoker,Normoglycemic,Elevated,Desirable
20-39,Female,Non-Smoker,Normoglycemic,Normal,High
40-59,Female,Non-Smoker,Normoglycemic,Normal,Borderline High
20-39,Male,Non-Smoker,Normoglycemic,Normal,Borderline High
20-39,Male,Current Smoker,Normoglycemic,Stage 1 HTN,Very High
60-79,Male,Current Smoker,Diabetic,Normal,Very High
40-59,Male,Non-Smoker,Normoglycemic,Stage 1 HTN,Desirable
20-39,Female,Current Smoker,Normoglycemic,Normal,Desirable
60-79,Female,Non-Smoker,Diabetic,Stage 1 HTN,Very High
80+,Male,Non-Smoker,Normoglycemic,Elevated,Borderline High
20-39,Female,Non-Smoker,Normoglycemic,Stage 1 HTN,High
60-79,Male,Current Smoker,Diabetic,Stage 1 HTN,Very High
20-39,Female,Non-Smoker,Diabetic,Stage 2 HTN,Very High
40-59,Female,Non-Smoker,Diabetic,Stage 2 HTN,High
20-39,Male,Current Smoker,Diabetic,Stage 2 HTN,High
20-39,Male,Non-Smoker,Normoglycemic,Normal,Desirable
20-39,Male,Non-Smoker,Normoglycemic,Normal,Borderline High
40-59,Female,Current Smoker,Normoglycemic,Normal,Borderline High
60-79,Male,Current Smoker,Normoglycemic,Stage 2 HTN,Desirable
20-39,Male,Non-Smoker,Normoglycemic,Normal,Desirable
80+,Female,Non-Smoker,Normoglycemic,Normal,Desirable
60-79,Female,Non-Smoker,Diabetic,Stage 2 HTN,Very High
60-79,Male,Non-Smoker,Normoglycemic,Normal,Borderline High
40-59,Male,Non-Smoker,Diabetic,Stage 2 HTN,High
60-79,Female,Non-Smoker,Diabetic,Stage 1 HTN,Borderline High
20-39,Male,Non-Smoker,Normoglycemic,Normal,Borderline High
60-79,Female,Current Smoker,Normoglycemic,Normal,Very High
40-59,Male,Current Smoker,Diabetic,Stage 2 HTN,High
20-39,Male,Non-Smoker,Normoglycemic,Normal,Borderline High
20-39,Male,Non-Smoker,Normoglycemic,Normal,Desirable
40-59,Female,Non-Smoker,Diabetic,Stage 2 HTN,Very High
20-39,Male,Non-Smoker,Normoglycemic,Normal,Desirable
40-59,Male,Non-Smoker,Normoglycemic,Normal,Desirable
20-39,Female,Non-Smoker,Normoglycemic,Normal,Desirable
60-79,Female,Non-Smoker,Diabetic,Stage 2 HTN,Borderline High
60-79,Male,Non-Smoker,Diabetic,Stage 2 HTN,Very High
80+,Female,Current Smoker,Normoglycemic,Normal,Desirable
40-59,Female,Non-Smoker,Normoglycemic,Elevated,High
40-59,Female,Non-Smoker,Normoglycemic,Stage 2 HTN,High
40-59,Female,Non-Smoker,Normoglycemic,Stage 1 HTN,Desirable
40-59,Female,Non-Smoker,Normoglycemic,Elevated,Desirable
80+,Female,Non-Smoker,Diabetic,Stage 1 HTN,Borderline High
20-39,Male,Current Smoker,Normoglycemic,Normal,Desirable
40-59,Male,Non-Smoker,Normoglycemic,Stage 2 HTN,Borderline High
40-59,Female,Non-Smoker,Normoglycemic,Elevated,Desirable
20-39,Male,Non-Smoker,Normoglycemic,Normal,Desirable
40-59,Male,Non-Smoker,Normoglycemic,Elevated,Desirable
40-59,Female,Current Smoker,Normoglycemic,Stage 2 HTN,Very High
40-59,Male,Non-Smoker,Normoglycemic,Normal,Desirable
40-59,Male,Non-Smoker,Normoglycemic,Normal,Very High
40-59,Male,Non-Smoker,Normoglycemic,Normal,Borderline High
20-39,Male,Non-Smoker,Normoglycemic,Stage 2 HTN,Desirable
60-79,Female,Non-Smoker,Normoglycemic,Normal,Desirable
20-39,Female,Current Smoker,Normoglycemic,Stage 1 HTN,Borderline High
40-59,Female,Non-Smoker,Normoglycemic,Normal,Very High
20-39,Male,Non-Smoker,Normoglycemic,Elevated,Desirable
40-59,Male,Non-Smoker,Normoglycemic,Normal,Desirable
60-79,Male,Non-Smoker,Diabetic,Stage 2 HTN,High
20-39,Female,Non-Smoker,Normoglycemic,Elevated,Desirable
40-59,Female,Non-Smoker,Diabetic,Stage 2 HTN,Very High
20-39,Female,Non-Smoker,Normoglycemic,Normal,High
20-39,Female,Non-Smoker,Normoglycemic,Normal,Desirable
60-79,Male,Current Smoker,Diabetic,Stage 2 HTN,Borderline High
60-79,Female,Non-Smoker,Normoglycemic,Elevated,Desirable
40-59,Male,Non-Smoker,Normoglycemic,Normal,Desirable
80+,Male,Non-Smoker,Diabetic,Stage 2 HTN,High
20-39,Female,Non-Smoker,Diabetic,Stage 2 HTN,Borderline High
60-79,Male,Non-Smoker,Normoglycemic,Stage 1 HTN,Borderline High
40-59,Female,Non-Smoker,Normoglycemic,Normal,Desirable
20-39,Male,Non-Smoker,Normoglycemic,Normal,Desirable
20-39,Male,Current Smoker,Diabetic,Stage 2 HTN,Borderline High
60-79,Male,Current Smoker,Normoglycemic,Stage 2 HTN,Desirable
80+,Male,Non-Smoker,Normoglycemic,Elevated,Desirable
20-39,Female,Non-Smoker,Normoglycemic,Normal,Borderline High
40-59,Male,Non-Smoker,Normoglycemic,Elevated,Borderline High
80+,Female,Current Smoker,Normoglycemic,Stage 1 HTN,Desirable
20-39,Male,Non-Smoker,Normoglycemic,Normal,High
20-39,Male,Current Smoker,Normoglycemic,Stage 2 HTN,Borderline High
20-39,Male,Current Smoker,Normoglycemic,Elevated,Desirable
60-79,Female,Non-Smoker,Diabetic,Stage 1 HTN,Very High
20-39,Female,Non-Smoker,Normoglycemic,Normal,High
20-39,Male,Non-Smoker,Normoglycemic,Stage 1 HTN,Very High
40-59,Male,Non-Smoker,Diabetic,Stage 1 HTN,Borderline High
40-59,Male,Non-Smoker,Normoglycemic,Stage 1 HTN,Desirable
60-79,Female,Non-Smoker,Normoglycemic,Normal,High
80+,Male,Current Smoker,Diabetic,Stage 2 HTN,Very High
20-39,Female,Non-Smoker,Normoglycemic,Normal,High
40-59,Female,Non-Smoker,Normoglycemic,Normal,High
20-39,Female,Non-Smoker,Normoglycemic,Normal,Very High
20-39,Male,Non-Smoker,Normoglycemic,Elevated,Desirable
60-79,Male,Non-Smoker,Normoglycemic,Normal,Desirable
20-39,Male,Non-Smoker,Normoglycemic,Normal,High
20-39,Male,Current Smoker,Normoglycemic,Normal,Desirable
60-79,Male,Current Smoker,Diabetic,Stage 1 HTN,Very High
20-39,Female,Non-Smoker,Normoglycemic,Elevated,Desirable
20-39,Male,Non-Smoker,Normoglycemic,Normal,Desirable
40-59,Female,Non-Smoker,Normoglycemic,Stage 1 HTN,Borderline High
40-59,Male,Non-Smoker,Diabetic,Stage 2 HTN,Borderline High
60-79,Female,Non-Smoker,Normoglycemic,Elevated,High
60-79,Male,Current Smoker,Normoglycemic,Elevated,Borderline High
40-59,Male,Non-Smoker,Normoglycemic,Elevated,Desirable
60-79,Female,Non-Smoker,Diabetic,Stage 2 HTN,Borderline High
60-79,Male,Current Smoker,Normoglycemic,Stage 1 HTN,Borderline High
60-79,Male,Current Smoker,Normoglycemic,Elevated,Borderline High
80+,Female,Non-Smoker,Normoglycemic,Elevated,High
80+,Male,Current Smoker,Diabetic,Stage 1 HTN,High
40-59,Male,Non-Smoker,Normoglycemic,Elevated,Borderline High
60-79,Female,Non-Smoker,Normoglycemic,Elevated,Desirable
40-59,Female,Non-Smoker,Normoglycemic,Normal,Desirable
40-59,Male,Non-Smoker,Normoglycemic,Normal,High
40-59,Female,Non-Smoker,Normoglycemic,Normal,Borderline High
40-59,Female,Non-Smoker,Diabetic,Normal,Borderline High
40-59,Male,Current Smoker,Diabetic,Stage 2 HTN,Very High
80+,Female,Current Smoker,Normoglycemic,Normal,Borderline High
60-79,Male,Non-Smoker,Diabetic,Stage 1 HTN,High
20-39,Male,Current Smoker,Normoglycemic,Normal,Desirable
60-79,Male,Non-Smoker,Normoglycemic,Stage 1 HTN,Desirable
60-79,Female,Non-Smoker,Normoglycemic,Normal,Borderline High
40-59,Male,Current Smoker,Normoglycemic,Normal,Desirable
40-59,Male,Current Smoker,Normoglycemic,Normal,Desirable
40-59,Female,Current Smoker,Normoglycemic,Stage 1 HTN,Desirable
60-79,Female,Non-Smoker,Diabetic,Stage 1 HTN,Borderline High
20-39,Male,Non-Smoker,Diabetic,Stage 2 HTN,Very High
40-59,Male,Non-Smoker,Normoglycemic,Normal,Desirable
60-79,Male,Current Smoker,Normoglycemic,Normal,Desirable
20-39,Male,Non-Smoker,Normoglycemic,Normal,Desirable
40-59,Male,Non-Smoker,Normoglycemic,Elevated,Desirable
40-59,Female,Non-Smoker,Normoglycemic,Normal,Borderline High
40-59,Female,Non-Smoker,Normoglycemic,Elevated,Desirable
60-79,Male,Current Smoker,Diabetic,Stage 2 HTN,Borderline High
60-79,Male,Current Smoker,Diabetic,Stage 2 HTN,High
20-39,Female,Non-Smoker,Diabetic,Stage 2 HTN,High
40-59,Male,Non-Smoker,Normoglycemic,Normal,Very High
60-79,Female,Non-Smoker,Diabetic,Stage 2 HTN,High
20-39,Male,Non-Smoker,Normoglycemic,Normal,Desirable
60-79,Male,Current Smoker,Normoglycemic,Normal,Very High
60-79,Female,Non-Smoker,Normoglycemic,Elevated,Desirable
60-79,Male,Non-Smoker,Normoglycemic,Normal,Desirable
20-39,Male,Non-Smoker,Diabetic,Stage 2 HTN,Desirable
60-79,Female,Non-Smoker,Normoglycemic,Stage 2 HTN,Very High
60-79,Male,Non-Smoker,Diabetic,Elevated,Very High
40-59,Female,Current Smoker,Normoglycemic,Elevated,Desirable
20-39,Male,Current Smoker,Normoglycemic,Stage 1 HTN,Desirable
20-39,Male,Non-Smoker,Normoglycemic,Normal,High
20-39,Male,Non-Smoker,Normoglycemic,Normal,Borderline High
20-39,Male,Non-Smoker,Normoglycemic,Normal,Desirable
40-59,Male,Non-Smoker,Normoglycemic,Normal,Desirable
20-39,Female,Non-Smoker,Normoglycemic,Elevated,High
60-79,Male,Non-Smoker,Diabetic,Stage 2 HTN,High
80+,Female,Non-Smoker,Normoglycemic,Elevated,Desirable
20-39,Female,Non-Smoker,Normoglycemic,Elevated,High
20-39,Female,Non-Smoker,Normoglycemic,Normal,High
20-39,Female,Non-Smoker,Normoglycemic,Elevated,Borderline High
20-39,Female,Non-Smoker,Normoglycemic,Normal,High
60-79,Male,Non-Smoker,Normoglycemic,Normal,Desirable
20-39,Female,Non-Smoker,Normoglycemic,Normal,Very High
40-59,Male,Non-Smoker,Diabetic,Stage 2 HTN,Borderline High
40-59,Male,Non-Smoker,Normoglycemic,Normal,Desirable
80+,Male,Current Smoker,Normoglycemic,Normal,Very High
20-39,Male,Current Smoker,Normoglycemic,Normal,Desirable
20-39,Male,Current Smoker,Normoglycemic,Normal,High
60-79,Male,Non-Smoker,Normoglycemic,Stage 2 HTN,Borderline High
20-39,Male,Current Smoker,Normoglycemic,Stage 1 HTN,Desirable
40-59,Male,Non-Smoker,Normoglycemic,Normal,Borderline High
60-79,Male,Non-Smoker,Diabetic,Stage 2 HTN,Borderline High
60-79,Male,Non-Smoker,Normoglycemic,Normal,Desirable
40-59,Female,Non-Smoker,Normoglycemic,Normal,Very High
20-39,Male,Non-Smoker,Normoglycemic,Normal,Desirable
20-39,Male,Current Smoker,Diabetic,Stage 2 HTN,High
60-79,Male,Non-Smoker,Normoglycemic,Elevated,Borderline High
60-79,Male,Current Smoker,Diabetic,Stage 1 HTN,High
80+,Male,Current Smoker,Diabetic,Stage 2 HTN,Very High
40-59,Male,Non-Smoker,Normoglycemic,Elevated,Desirable
40-59,Female,Non-Smoker,Normoglycemic,Normal,Borderline High
20-39,Male,Current Smoker,Normoglycemic,Elevated,Desirable
20-39,Male,Non-Smoker,Normoglycemic,Elevated,Desirable
60-79,Female,Non-Smoker,Diabetic,Stage 1 HTN,Desirable
80+,Female,Non-Smoker,Diabetic,Stage 1 HTN,Borderline High
40-59,Female,Current Smoker,Normoglycemic,Elevated,Desirable
40-59,Male,Current Smoker,Diabetic,Stage 2 HTN,Borderline High
40-59,Female,Current Smoker,Normoglycemic,Elevated,Very High
40-59,Male,Non-Smoker,Normoglycemic,Elevated,High
40-59,Female,Non-Smoker,Diabetic,Stage 1 HTN,High
60-79,Female,Non-Smoker,Diabetic,Stage 2 HTN,High
20-39,Male,Non-Smoker,Normoglycemic,Normal,Desirable
20-39,Male,Current Smoker,Normoglycemic,Stage 1 HTN,Borderline High
60-79,Male,Non-Smoker,Diabetic,Stage 2 HTN,Very High
60-79,Female,Non-Smoker,Diabetic,Stage 2 HTN,Borderline High
60-79,Male,Non-Smoker,Diabetic,Stage 2 HTN,High
40-59,Male,Non-Smoker,Normoglycemic,Normal,Very High
80+,Male,Non-Smoker,Diabetic,Stage 2 HTN,Very High
60-79,Male,Current Smoker,Normoglycemic,Normal,Desirable
40-59,Male,Non-Smoker,Normoglycemic,Normal,Desirable
20-39,Male,Current Smoker,Normoglycemic,Elevated,Desirable
40-59,Female,Non-Smoker,Normoglycemic,Elevated,Borderline High
20-39,Male,Current Smoker,Diabetic,Stage 1 HTN,Borderline High
40-59,Female,Non-Smoker,Normoglycemic,Normal,Borderline High
60-79,Male,Non-Smoker,Normoglycemic,Normal,Desirable
20-39,Male,Non-Smoker,Normoglycemic,Elevated,High
60-79,Male,Non-Smoker,Normoglycemic,Stage 1 HTN,Desirable
40-59,Female,Non-Smoker,Normoglycemic,Normal,Desirable
20-39,Female,Non-Smoker,Normoglycemic,Normal,Borderline High
20-39,Male,Non-Smoker,Normoglycemic,Stage 1 HTN,Desirable
60-79,Female,Non-Smoker,Diabetic,Normal,High
20-39,Male,Current Smoker,Normoglycemic,Normal,Borderline High
40-59,Female,Non-Smoker,Normoglycemic,Normal,High
60-79,Male,Current Smoker,Normoglycemic,Normal,Desirable
60-79,Female,Non-Smoker,Diabetic,Stage 1 HTN,High
40-59,Female,Non-Smoker,Diabetic,Stage 1 HTN,Borderline High
40-59,Female,Non-Smoker,Normoglycemic,Normal,High
40-59,Female,Non-Smoker,Normoglycemic,Normal,High
20-39,Female,Current Smoker,Diabetic,Stage 1 HTN,High
40-59,Female,Non-Smoker,Diabetic,Stage 2 HTN,Borderline High
40-59,Male,Non-Smoker,Diabetic,Stage 2 HTN,Very High
20-39,Male,Current Smoker,Normoglycemic,Normal,Desirable
40-59,Female,Non-Smoker,Normoglycemic,Elevated,High
20-39,Female,Non-Smoker,Normoglycemic,Normal,Borderline High
40-59,Female,Non-Smoker,Normoglycemic,Normal,Desirable
20-39,Male,Non-Smoker,Normoglycemic,Normal,Desirable
20-39,Male,Non-Smoker,Normoglycemic,Elevated,Desirable
40-59,Male,Non-Smoker,Diabetic,Stage 2 HTN,High
20-39,Male,Non-Smoker,Normoglycemic,Normal,Desirable
20-39,Female,Current Smoker,Normoglycemic,Normal,High
20-39,Male,Non-Smoker,Normoglycemic,Normal,Borderline High
60-79,Male,Non-Smoker,Diabetic,Stage 2 HTN,High
40-59,Male,Current Smoker,Normoglycemic,Normal,High
40-59,Male,Non-Smoker,Normoglycemic,Normal,Borderline High
20-39,Female,Non-Smoker,Diabetic,Stage 2 HTN,Very High
60-79,Female,Non-Smoker,Normoglycemic,Normal,Desirable
40-59,Male,Non-Smoker,Normoglycemic,Normal,Very High
40-59,Male,Non-Smoker,Normoglycemic,Elevated,Desirable
20-39,Male,Non-Smoker,Normoglycemic,Elevated,Very High
20-39,Female,Non-Smoker,Diabetic,Stage 1 HTN,Very High
20-39,Male,Non-Smoker,Normoglycemic,Stage 1 HTN,Desirable
60-79,Female,Non-Smoker,Normoglycemic,Normal,High
20-39,Female,Non-Smoker,Normoglycemic,Stage 1 HTN,Desirable
20-39,Female,Non-Smoker,Normoglycemic,Elevated,Borderline High
60-79,Male,Non-Smoker,Diabetic,Stage 2 HTN,Very High
40-59,Male,Non-Smoker,Normoglycemic,Normal,Borderline High
60-79,Male,Non-Smoker,Normoglycemic,Normal,High
60-79,Male,Current Smoker,Diabetic,Elevated,High
40-59,Female,Non-Smoker,Diabetic,Stage 1 HTN,High
60-79,Female,Non-Smoker,Normoglycemic,Normal,Borderline High
20-39,Male,Current Smoker,Diabetic,Stage 1 HTN,Borderline High
40-59,Female,Non-Smoker,Diabetic,Elevated,High
40-59,Male,Non-Smoker,Diabetic,Stage 1 HTN,High
60-79,Female,Non-Smoker,Diabetic,Stage 2 HTN,Desirable
60-79,Male,Non-Smoker,Normoglycemic,Elevated,Borderline High
40-59,Male,Non-Smoker,Normoglycemic,Normal,Borderline High
20-39,Female,Non-Smoker,Normoglycemic,Normal,Desirable
40-59,Female,Non-Smoker,Diabetic,Stage 1 HTN,High
20-39,Female,Current Smoker,Normoglycemic,Elevated,Very High
20-39,Male,Non-Smoker,Diabetic,Stage 1 HTN,Very High
40-59,Male,Non-Smoker,Normoglycemic,Normal,Desirable
20-39,Male,Current Smoker,Normoglycemic,Normal,Desirable
40-59,Female,Non-Smoker,Normoglycemic,Normal,Desirable
40-59,Male,Current Smoker,Diabetic,Stage 2 HTN,Borderline High
60-79,Male,Current Smoker,Normoglycemic,Elevated,Borderline High
20-39,Male,Non-Smoker,Normoglycemic,Normal,Desirable
20-39,Female,Non-Smoker,Normoglycemic,Normal,Desirable
40-59,Male,Non-Smoker,Diabetic,Stage 1 HTN,Very High
60-79,Female,Non-Smoker,Normoglycemic,Elevated,Desirable
20-39,Female,Non-Smoker,Normoglycemic,Normal,Desirable
40-59,Female,Non-Smoker,Diabetic,Stage 2 HTN,Desirable
40-59,Female,Non-Smoker,Normoglycemic,Normal,Desirable
60-79,Male,Non-Smoker,Diabetic,Stage 2 HTN,Very High
40-59,Female,Non-Smoker,Normoglycemic,Normal,High
40-59,Male,Non-Smoker,Diabetic,Stage 2 HTN,High
80+,Male,Non-Smoker,Normoglycemic,Elevated,Desirable
60-79,Male,Non-Smoker,Diabetic,Stage 2 HTN,Very High
20-39,Female,Non-Smoker,Normoglycemic,Normal,Borderline High
40-59,Female,Current Smoker,Normoglycemic,Normal,Desirable
20-39,Female,Non-Smoker,Normoglycemic,Normal,Borderline High
80+,Female,Non-Smoker,Diabetic,Stage 1 HTN,Very High
20-39,Female,Non-Smoker,Diabetic,Stage 2 HTN,Borderline High
40-59,Male,Non-Smoker,Normoglycemic,Normal,Very High
80+,Male,Non-Smoker,Normoglycemic,Elevated,High
40-59,Female,Non-Smoker,Diabetic,Stage 2 HTN,Very High
20-39,Male,Non-Smoker,Normoglycemic,Normal,Desirable
60-79,Male,Current Smoker,Diabetic,Stage 2 HTN,High
40-59,Female,Non-Smoker,Diabetic,Stage 1 HTN,Very High
40-59,Male,Non-Smoker,Diabetic,Stage 1 HTN,Desirable
40-59,Male,Current Smoker,Normoglycemic,Normal,Desirable
20-39,Male,Non-Smoker,Normoglycemic,Normal,Desirable
20-39,Male,Non-Smoker,Normoglycemic,Elevated,High
20-39,Male,Current Smoker,Diabetic,Stage 2 HTN,High
80+,Female,Current Smoker,Normoglycemic,Normal,Desirable
20-39,Male,Current Smoker,Diabetic,Stage 2 HTN,High
40-59,Female,Non-Smoker,Normoglycemic,Stage 1 HTN,Desirable
60-79,Female,Non-Smoker,Normoglycemic,Stage 2 HTN,Borderline High
40-59,Female,Non-Smoker,Normoglycemic,Normal,Borderline High
60-79,Male,Non-Smoker,Diabetic,Stage 2 HTN,Desirable
20-39,Female,Non-Smoker,Normoglycemic,Normal,Borderline High
20-39,Female,Current Smoker,Diabetic,Stage 1 HTN,High
20-39,Female,Current Smoker,Normoglycemic,Elevated,Desirable
40-59,Male,Non-Smoker,Normoglycemic,Elevated,High
60-79,Male,Current Smoker,Diabetic,Stage 1 HTN,High
20-39,Male,Non-Smoker,Normoglycemic,Stage 2 HTN,Desirable
20-39,Male,Non-Smoker,Diabetic,Stage 2 HTN,High
60-79,Male,Current Smoker,Diabetic,Stage 2 HTN,High
40-59,Male,Current Smoker,Normoglycemic,Elevated,Very High
60-79,Male,Non-Smoker,Normoglycemic,Normal,Desirable
60-79,Male,Non-Smoker,Normoglycemic,Normal,High
20-39,Female,Current Smoker,Diabetic,Stage 2 HTN,High
20-39,Female,Non-Smoker,Normoglycemic,Stage 1 HTN,Borderline High
40-59,Female,Non-Smoker,Normoglycemic,Elevated,Borderline High
40-59,Male,Non-Smoker,Diabetic,Stage 2 HTN,High
40-59,Male,Non-Smoker,Diabetic,Stage 2 HTN,High
20-39,Female,Non-Smoker,Diabetic,Stage 2 HTN,Very High
20-39,Female,Non-Smoker,Normoglycemic,Elevated,Borderline High
40-59,Male,Current Smoker,Diabetic,Stage 1 HTN,High
60-79,Male,Current Smoker,Normoglycemic,Normal,High
20-39,Female,Non-Smoker,Normoglycemic,Normal,High
60-79,Male,Non-Smoker,Diabetic,Stage 1 HTN,Very High
20-39,Female,Current Smoker,Normoglycemic,Normal,Desirable
60-79,Male,Non-Smoker,Normoglycemic,Normal,Desirable
60-79,Female,Non-Smoker,Normoglycemic,Elevated,Desirable
40-59,Male,Non-Smoker,Normoglycemic,Normal,High
20-39,Male,Non-Smoker,Normoglycemic,Normal,High
40-59,Male,Non-Smoker,Normoglycemic,Normal,Very High
60-79,Male,Non-Smoker,Diabetic,Stage 1 HTN,Very High
20-39,Male,Non-Smoker,Normoglycemic,Normal,Desirable
20-39,Male,Non-Smoker,Normoglycemic,Elevated,Desirable
20-39,Female,Non-Smoker,Normoglycemic,Normal,Desirable
40-59,Female,Non-Smoker,Normoglycemic,Normal,Desirable
40-59,Female,Non-Smoker,Diabetic,Stage 2 HTN,High
20-39,Female,Non-Smoker,Normoglycemic,Stage 1 HTN,High
40-59,Female,Non-Smoker,Diabetic,Stage 2 HTN,High
40-59,Female,Non-Smoker,Diabetic,Stage 2 HTN,Very High
40-59,Female,Non-Smoker,Normoglycemic,Elevated,Borderline High
40-59,Male,Non-Smoker,Diabetic,Stage 2 HTN,High
20-39,Female,Non-Smoker,Normoglycemic,Elevated,High
60-79,Female,Non-Smoker,Diabetic,Stage 2 HTN,High
40-59,Male,Non-Smoker,Diabetic,Stage 2 HTN,High
40-59,Male,Non-Smoker,Normoglycemic,Elevated,Desirable
60-79,Male,Non-Smoker,Diabetic,Stage 2 HTN,High
60-79,Male,Non-Smoker,Normoglycemic,Elevated,Borderline High
20-39,Female,Non-Smoker,Normoglycemic,Normal,High
20-39,Male,Non-Smoker,Normoglycemic,Stage 1 HTN,Desirable
60-79,Female,Current Smoker,Diabetic,Elevated,High
40-59,Female,Non-Smoker,Diabetic,Stage 2 HTN,Very High
60-79,Female,Non-Smoker,Diabetic,Stage 2 HTN,Very High
60-79,Female,Non-Smoker,Diabetic,Elevated,High
60-79,Male,Non-Smoker,Normoglycemic,Normal,Desirable
40-59,Female,Non-Smoker,Normoglycemic,Normal,High
60-79,Female,Non-Smoker,Normoglycemic,Normal,Very High
20-39,Female,Non-Smoker,Normoglycemic,Elevated,Very High
20-39,Male,Current Smoker,Normoglycemic,Normal,Desirable
40-59,Female,Non-Smoker,Diabetic,Stage 1 HTN,High
20-39,Female,Non-Smoker,Normoglycemic,Normal,Borderline High
20-39,Female,Current Smoker,Normoglycemic,Normal,Desirable
40-59,Female,Non-Smoker,Normoglycemic,Normal,Desirable
20-39,Male,Current Smoker,Normoglycemic,Normal,Desirable
40-59,Male,Current Smoker,Diabetic,Stage 2 HTN,High
20-39,Male,Non-Smoker,Normoglycemic,Normal,Borderline High
20-39,Male,Non-Smoker,Diabetic,Stage 2 HTN,Very High
20-39,Male,Non-Smoker,Diabetic,Stage 1 HTN,Very High
20-39,Female,Non-Smoker,Normoglycemic,Normal,Desirable
20-39,Female,Non-Smoker,Normoglycemic,Elevated,Borderline High
20-39,Female,Current Smoker,Normoglycemic,Stage 1 HTN,Desirable
40-59,Female,Non-Smoker,Normoglycemic,Stage 1 HTN,Borderline High
20-39,Male,Non-Smoker,Normoglycemic,Normal,Desirable
40-59,Female,Non-Smoker,Normoglycemic,Normal,Borderline High
40-59,Male,Non-Smoker,Diabetic,Stage 2 HTN,High
40-59,Female,Non-Smoker,Diabetic,Stage 2 HTN,High
40-59,Female,Non-Smoker,Normoglycemic,Elevated,High
60-79,Male,Non-Smoker,Diabetic,Stage 2 HTN,Very High
20-39,Male,Non-Smoker,Normoglycemic,Normal,Desirable
20-39,Male,Non-Smoker,Normoglycemic,Normal,High
60-79,Female,Current Smoker,Normoglycemic,Normal,Very High
60-79,Male,Non-Smoker,Diabetic,Stage 2 HTN,Very High
20-39,Female,Non-Smoker,Normoglycemic,Elevated,Desirable
40-59,Male,Current Smoker,Diabetic,Stage 2 HTN,Borderline High
20-39,Male,Current Smoker,Normoglycemic,Normal,Desirable
60-79,Female,Current Smoker,Diabetic,Stage 2 HTN,High
20-39,Male,Non-Smoker,Normoglycemic,Normal,Desirable
80+,Male,Non-Smoker,Normoglycemic,Stage 1 HTN,Very High
20-39,Female,Current Smoker,Normoglycemic,Stage 2 HTN,Borderline High
20-39,Male,Non-Smoker,Normoglycemic,Normal,High
60-79,Male,Non-Smoker,Diabetic,Stage 1 HTN,Very High
60-79,Male,Non-Smoker,Normoglycemic,Normal,High
20-39,Female,Non-Smoker,Normoglycemic,Stage 1 HTN,Desirable
80+,Male,Non-Smoker,Normoglycemic,Normal,Borderline High
40-59,Female,Non-Smoker,Normoglycemic,Normal,High
20-39,Female,Current Smoker,Normoglycemic,Normal,Desirable
60-79,Male,Current Smoker,Normoglycemic,Stage 1 HTN,Desirable
40-59,Female,Non-Smoker,Diabetic,Stage 2 HTN,Very High
20-39,Female,Current Smoker,Normoglycemic,Elevated,Borderline High
40-59,Male,Non-Smoker,Normoglycemic,Elevated,Very High
20-39,Female,Non-Smoker,Normoglycemic,Stage 2 HTN,Very High
60-79,Female,Non-Smoker,Normoglycemic,Normal,Desirable
20-39,Male,Current Smoker,Normoglycemic,Normal,Desirable
80+,Female,Non-Smoker,Diabetic,Stage 2 HTN,High
40-59,Female,Non-Smoker,Normoglycemic,Stage 1 HTN,Borderline High
80+,Male,Current Smoker,Normoglycemic,Normal,Desirable
40-59,Male,Non-Smoker,Normoglycemic,Normal,Desirable
40-59,Female,Non-Smoker,Normoglycemic,Normal,High
40-59,Male,Non-Smoker,Normoglycemic,Normal,Desirable
60-79,Female,Non-Smoker,Diabetic,Stage 1 HTN,Very High
40-59,Male,Non-Smoker,Diabetic,Stage 2 HTN,High
40-59,Female,Non-Smoker,Normoglycemic,Normal,Borderline High
20-39,Female,Non-Smoker,Normoglycemic,Normal,Very High
20-39,Female,Current Smoker,Normoglycemic,Normal,Desirable
60-79,Male,Current Smoker,Diabetic,Stage 1 HTN,High
20-39,Male,Current Smoker,Normoglycemic,Normal,Borderline High
60-79,Female,Non-Smoker,Diabetic,Stage 2 HTN,High
60-79,Male,Non-Smoker,Normoglycemic,Stage 1 HTN,Borderline High
20-39,Male,Current Smoker,Normoglycemic,Normal,Desirable
80+,Female,Current Smoker,Normoglycemic,Normal,Desirable
40-59,Female,Current Smoker,Normoglycemic,Elevated,Desirable
40-59,Female,Current Smoker,Diabetic,Stage 1 HTN,Very High
20-39,Female,Non-Smoker,Normoglycemic,Normal,Desirable
40-59,Male,Current Smoker,Normoglycemic,Normal,Very High
40-59,Female,Non-Smoker,Diabetic,Elevated,High
60-79,Male,Non-Smoker,Normoglycemic,Stage 1 HTN,Borderline High
20-39,Female,Non-Smoker,Normoglycemic,Normal,Desirable
60-79,Female,Non-Smoker,Normoglycemic,Elevated,High
40-59,Female,Non-Smoker,Normoglycemic,Normal,Desirable
20-39,Male,Non-Smoker,Normoglycemic,Elevated,Desirable
20-39,Male,Non-Smoker,Normoglycemic,Stage 1 HTN,Desirable
20-39,Female,Non-Smoker,Normoglycemic,Normal,Desirable
40-59,Female,Non-Smoker,Normoglycemic,Elevated,Borderline High
60-79,Female,Non-Smoker,Normoglycemic,Normal,Very High
60-79,Female,Non-Smoker,Diabetic,Stage 2 HTN,Very High
40-59,Male,Non-Smoker,Diabetic,Stage 2 HTN,Very High
60-79,Male,Non-Smoker,Diabetic,Stage 2 HTN,Very High
60-79,Female,Non-Smoker,Diabetic,Stage 2 HTN,Very High
40-59,Female,Non-Smoker,Normoglycemic,Elevated,Borderline High
40-59,Male,Non-Smoker,Diabetic,Stage 1 HTN,Borderline High
40-59,Female,Non-Smoker,Diabetic,Stage 2 HTN,High
20-39,Male,Current Smoker,Diabetic,Elevated,Borderline High
40-59,Female,Non-Smoker,Normoglycemic,Normal,Desirable
40-59,Female,Non-Smoker,Normoglycemic,Elevated,Desirable
20-39,Male,Non-Smoker,Normoglycemic,Normal,Desirable
40-59,Female,Non-Smoker,Normoglycemic,Normal,High
20-39,Female,Non-Smoker,Normoglycemic,Stage 2 HTN,Very High
40-59,Female,Current Smoker,Diabetic,Stage 2 HTN,High
60-79,Male,Non-Smoker,Normoglycemic,Normal,High
40-59,Female,Non-Smoker,Diabetic,Stage 2 HTN,Borderline High
20-39,Male,Non-Smoker,Diabetic,Stage 1 HTN,High
20-39,Male,Non-Smoker,Normoglycemic,Normal,Desirable
20-39,Female,Current Smoker,Normoglycemic,Stage 2 HTN,Borderline High
40-59,Male,Non-Smoker,Diabetic,Stage 2 HTN,Very High
60-79,Female,Non-Smoker,Diabetic,Stage 2 HTN,High
80+,Male,Non-Smoker,Normoglycemic,Stage 2 HTN,Borderline High
20-39,Female,Non-Smoker,Normoglycemic,Normal,High
40-59,Male,Current Smoker,Diabetic,Stage 1 HTN,High
60-79,Female,Non-Smoker,Normoglycemic,Elevated,Borderline High
40-59,Female,Non-Smoker,Normoglycemic,Stage 1 HTN,Desirable
20-39,Female,Non-Smoker,Diabetic,Stage 2 HTN,High
80+,Female,Non-Smoker,Diabetic,Stage 1 HTN,Very High
60-79,Female,Current Smoker,Normoglycemic,Normal,Borderline High
60-79,Female,Non-Smoker,Diabetic,Stage 1 HTN,Borderline High
60-79,Female,Current Smoker,Diabetic,Stage 2 HTN,Borderline High
60-79,Female,Current Smoker,Diabetic,Stage 2 HTN,Very High
40-59,Male,Current Smoker,Diabetic,Stage 2 HTN,Very High
60-79,Male,Current Smoker,Normoglycemic,Normal,Borderline High
60-79,Male,Non-Smoker,Normoglycemic,Normal,Borderline High
20-39,Female,Non-Smoker,Normoglycemic,Normal,Borderline High
20-39,Female,Non-Smoker,Diabetic,Stage 2 HTN,Very High
20-39,Male,Non-Smoker,Normoglycemic,Normal,Desirable
80+,Female,Non-Smoker,Diabetic,Stage 2 HTN,Very High
20-39,Male,Non-Smoker,Normoglycemic,Normal,Desirable
40-59,Male,Current Smoker,Normoglycemic,Elevated,Borderline High
20-39,Male,Current Smoker,Normoglycemic,Normal,High
40-59,Female,Non-Smoker,Diabetic,Stage 2 HTN,Borderline High
20-39,Male,Non-Smoker,Normoglycemic,Elevated,Desirable
20-39,Male,Current Smoker,Normoglycemic,Normal,High
20-39,Male,Non-Smoker,Normoglycemic,Stage 1 HTN,Desirable
20-39,Male,Non-Smoker,Normoglycemic,Normal,Desirable
40-59,Male,Non-Smoker,Normoglycemic,Elevated,Borderline High
60-79,Female,Non-Smoker,Normoglycemic,Normal,Desirable
20-39,Female,Non-Smoker,Normoglycemic,Normal,Desirable
20-39,Female,Non-Smoker,Normoglycemic,Normal,Desirable
40-59,Female,Non-Smoker,Diabetic,Stage 1 HTN,High
20-39,Male,Non-Smoker,Normoglycemic,Elevated,High
20-39,Male,Non-Smoker,Diabetic,Stage 2 HTN,High
20-39,Female,Non-Smoker,Normoglycemic,Normal,Borderline High
20-39,Male,Non-Smoker,Diabetic,Stage 2 HTN,High
40-59,Male,Current Smoker,Normoglycemic,Elevated,Borderline High
20-39,Female,Non-Smoker,Normoglycemic,Normal,High
60-79,Female,Current Smoker,Normoglycemic,Elevated,Borderline High
40-59,Female,Non-Smoker,Normoglycemic,Normal,Very High
60-79,Male,Non-Smoker,Normoglycemic,Stage 2 HTN,Borderline High
20-39,Male,Current Smoker,Normoglycemic,Normal,Desirable
20-39,Female,Current Smoker,Normoglycemic,Elevated,Very High
40-59,Female,Current Smoker,Normoglycemic,Normal,High
60-79,Male,Current Smoker,Normoglycemic,Stage 1 HTN,Borderline High
40-59,Female,Non-Smoker,Diabetic,Stage 1 HTN,Very High
40-59,Male,Non-Smoker,Normoglycemic,Elevated,Desirable
60-79,Female,Non-Smoker,Normoglycemic,Normal,Borderline High
40-59,Male,Current Smoker,Normoglycemic,Elevated,Desirable
60-79,Male,Non-Smoker,Diabetic,Stage 2 HTN,Very High
40-59,Male,Non-Smoker,Diabetic,Stage 1 HTN,Very High
80+,Male,Non-Smoker,Diabetic,Stage 2 HTN,Very High
20-39,Female,Non-Smoker,Normoglycemic,Normal,Borderline High
80+,Female,Current Smoker,Diabetic,Stage 2 HTN,Very High
80+,Male,Non-Smoker,Normoglycemic,Normal,Desirable
60-79,Male,Non-Smoker,Diabetic,Stage 2 HTN,Borderline High
20-39,Male,Non-Smoker,Normoglycemic,Stage 2 HTN,Desirable
20-39,Female,Non-Smoker,Normoglycemic,Normal,Borderline High
20-39,Female,Non-Smoker,Normoglycemic,Normal,Very High
80+,Female,Non-Smoker,Normoglycemic,Normal,Borderline High
40-59,Male,Non-Smoker,Normoglycemic,Elevated,Desirable
40-59,Male,Non-Smoker,Normoglycemic,Normal,Desirable
20-39,Female,Current Smoker,Normoglycemic,Normal,High
40-59,Male,Non-Smoker,Normoglycemic,Normal,Desirable
80+,Male,Non-Smoker,Normoglycemic,Normal,Desirable
20-39,Male,Non-Smoker,Normoglycemic,Normal,Very High
60-79,Male,Current Smoker,Diabetic,Stage 1 HTN,High
40-59,Male,Current Smoker,Normoglycemic,Elevated,Desirable
40-59,Male,Non-Smoker,Normoglycemic,Normal,Desirable
40-59,Male,Non-Smoker,Diabetic,Stage 1 HTN,High
20-39,Female,Non-Smoker,Normoglycemic,Elevated,Desirable
20-39,Female,Non-Smoker,Normoglycemic,Normal,High
40-59,Female,Non-Smoker,Normoglycemic,Stage 1 HTN,Borderline High
60-79,Female,Current Smoker,Normoglycemic,Elevated,Desirable
20-39,Male,Non-Smoker,Normoglycemic,Stage 1 HTN,Desirable
20-39,Female,Non-Smoker,Diabetic,Stage 2 HTN,Very High
20-39,Female,Non-Smoker,Normoglycemic,Normal,Very High
40-59,Male,Current Smoker,Normoglycemic,Elevated,Very High
20-39,Male,Non-Smoker,Normoglycemic,Stage 1 HTN,High
60-79,Male,Current Smoker,Diabetic,Stage 2 HTN,High
40-59,Male,Current Smoker,Normoglycemic,Normal,Desirable
20-39,Female,Current Smoker,Diabetic,Stage 1 HTN,Borderline High
20-39,Male,Non-Smoker,Normoglycemic,Stage 1 HTN,Desirable
20-39,Male,Non-Smoker,Normoglycemic,Stage 1 HTN,Desirable
40-59,Female,Non-Smoker,Normoglycemic,Elevated,Very High
20-39,Male,Non-Smoker,Normoglycemic,Stage 2 HTN,High
20-39,Female,Non-Smoker,Normoglycemic,Elevated,Borderline High
80+,Male,Non-Smoker,Normoglycemic,Normal,Very High
40-59,Male,Non-Smoker,Diabetic,Stage 1 HTN,Borderline High
20-39,Female,Current Smoker,Normoglycemic,Elevated,Desirable
20-39,Female,Non-Smoker,Diabetic,Stage 1 HTN,Very High
40-59,Female,Non-Smoker,Diabetic,Stage 2 HTN,Very High
60-79,Female,Non-Smoker,Normoglycemic,Elevated,Desirable
40-59,Male,Current Smoker,Normoglycemic,Stage 1 HTN,High
40-59,Male,Non-Smoker,Normoglycemic,Normal,High
40-59,Male,Non-Smoker,Normoglycemic,Elevated,Desirable
40-59,Female,Non-Smoker,Diabetic,Stage 1 HTN,High
20-39,Female,Non-Smoker,Normoglycemic,Stage 2 HTN,Borderline High
20-39,Female,Current Smoker,Normoglycemic,Normal,Borderline High
60-79,Male,Current Smoker,Normoglycemic,Normal,Borderline High
40-59,Female,Non-Smoker,Normoglycemic,Normal,Desirable
60-79,Male,Non-Smoker,Normoglycemic,Normal,High
80+,Female,Non-Smoker,Diabetic,Stage 1 HTN,High
80+,Female,Non-Smoker,Diabetic,Stage 2 HTN,High
60-79,Female,Non-Smoker,Diabetic,Stage 2 HTN,Very High
40-59,Male,Non-Smoker,Normoglycemic,Normal,Borderline High
20-39,Female,Non-Smoker,Normoglycemic,Normal,Borderline High
60-79,Female,Current Smoker,Normoglycemic,Normal,Desirable
60-79,Male,Non-Smoker,Diabetic,Stage 2 HTN,High
80+,Female,Non-Smoker,Normoglycemic,Normal,Desirable
20-39,Female,Non-Smoker,Diabetic,Stage 2 HTN,High
80+,Female,Non-Smoker,Normoglycemic,Normal,Desirable
40-59,Female,Non-Smoker,Diabetic,Stage 2 HTN,High
40-59,Female,Non-Smoker,Normoglycemic,Stage 2 HTN,Desirable
60-79,Female,Non-Smoker,Normoglycemic,Normal,Borderline High
20-39,Male,Non-Smoker,Normoglycemic,Elevated,Desirable
60-79,Male,Current Smoker,Diabetic,Stage 2 HTN,Very High
20-39,Female,Non-Smoker,Normoglycemic,Normal,Desirable
60-79,Female,Non-Smoker,Normoglycemic,Normal,Desirable
40-59,Female,Non-Smoker,Normoglycemic,Normal,Desirable
20-39,Male,Non-Smoker,Normoglycemic,Stage 2 HTN,Borderline High
40-59,Female,Non-Smoker,Normoglycemic,Normal,High
20-39,Female,Non-Smoker,Normoglycemic,Elevated,Very High
20-39,Male,Current Smoker,Normoglycemic,Elevated,Desirable
60-79,Male,Current Smoker,Normoglycemic,Elevated,Desirable
20-39,Female,Non-Smoker,Normoglycemic,Normal,Desirable
40-59,Female,Non-Smoker,Normoglycemic,Normal,Borderline High
40-59,Male,Non-Smoker,Diabetic,Stage 1 HTN,Desirable
40-59,Male,Non-Smoker,Normoglycemic,Normal,Desirable
20-39,Female,Non-Smoker,Diabetic,Stage 2 HTN,Very High
40-59,Male,Current Smoker,Diabetic,Stage 1 HTN,Very High
20-39,Male,Non-Smoker,Normoglycemic,Normal,Desirable
40-59,Male,Non-Smoker,Normoglycemic,Normal,Very High
60-79,Male,Current Smoker,Normoglycemic,Elevated,Borderline High
40-59,Female,Non-Smoker,Normoglycemic,Normal,Desirable
20-39,Male,Non-Smoker,Normoglycemic,Stage 1 HTN,Desirable
20-39,Female,Non-Smoker,Diabetic,Stage 2 HTN,Borderline High
40-59,Male,Current Smoker,Normoglycemic,Stage 2 HTN,High
80+,Male,Non-Smoker,Normoglycemic,Normal,Desirable
20-39,Female,Current Smoker,Diabetic,Stage 1 HTN,High
40-59,Female,Non-Smoker,Normoglycemic,Normal,Desirable
20-39,Male,Non-Smoker,Normoglycemic,Normal,Desirable
40-59,Female,Non-Smoker,Normoglycemic,Stage 1 HTN,Borderline High
40-59,Female,Non-Smoker,Diabetic,Stage 2 HTN,Very High
60-79,Female,Non-Smoker,Normoglycemic,Stage 1 HTN,High
20-39,Male,Current Smoker,Normoglycemic,Normal,Desirable
60-79,Female,Non-Smoker,Diabetic,Stage 2 HTN,Very High
40-59,Female,Non-Smoker,Normoglycemic,Normal,Desirable
40-59,Male,Current Smoker,Diabetic,Stage 2 HTN,Very High
80+,Male,Non-Smoker,Normoglycemic,Normal,Very High
60-79,Female,Non-Smoker,Normoglycemic,Normal,High
40-59,Male,Non-Smoker,Normoglycemic,Elevated,High
60-79,Male,Non-Smoker,Normoglycemic,Normal,Borderline High
60-79,Male,Current Smoker,Normoglycemic,Elevated,High
80+,Female,Non-Smoker,Normoglycemic,Normal,Borderline High
20-39,Male,Non-Smoker,Normoglycemic,Stage 1 HTN,Borderline High
40-59,Female,Current Smoker,Normoglycemic,Stage 1 HTN,Desirable
40-59,Female,Non-Smoker,Normoglycemic,Normal,Desirable
40-59,Male,Non-Smoker,Normoglycemic,Elevated,Desirable
20-39,Female,Non-Smoker,Normoglycemic,Stage 1 HTN,Very High
20-39,Male,Non-Smoker,Diabetic,Stage 2 HTN,Very High
20-39,Female,Non-Smoker,Normoglycemic,Normal,Borderline High
20-39,Female,Non-Smoker,Normoglycemic,Normal,Desirable
20-39,Male,Current Smoker,Diabetic,Stage 2 HTN,Borderline High
60-79,Male,Non-Smoker,Normoglycemic,Normal,Desirable
40-59,Male,Non-Smoker,Normoglycemic,Elevated,Desirable
40-59,Male,Current Smoker,Normoglycemic,Elevated,Borderline High
20-39,Female,Non-Smoker,Normoglycemic,Normal,Borderline High
60-79,Male,Current Smoker,Normoglycemic,Elevated,Borderline High
20-39,Female,Non-Smoker,Normoglycemic,Normal,Desirable
20-39,Male,Non-Smoker,Normoglycemic,Normal,Borderline High
40-59,Female,Non-Smoker,Diabetic,Stage 2 HTN,High
80+,Female,Current Smoker,Normoglycemic,Elevated,Desirable
20-39,Male,Non-Smoker,Normoglycemic,Normal,Desirable
20-39,Female,Current Smoker,Normoglycemic,Normal,Desirable
40-59,Female,Non-Smoker,Normoglycemic,Elevated,Borderline High
20-39,Female,Non-Smoker,Normoglycemic,Elevated,High
20-39,Male,Non-Smoker,Normoglycemic,Elevated,Desirable
40-59,Male,Non-Smoker,Normoglycemic,Normal,Borderline High
40-59,Male,Non-Smoker,Normoglycemic,Elevated,Desirable
20-39,Female,Non-Smoker,Normoglycemic,Normal,Desirable
20-39,Male,Non-Smoker,Normoglycemic,Normal,High
40-59,Male,Non-Smoker,Normoglycemic,Normal,Borderline High
20-39,Female,Current Smoker,Normoglycemic,Normal,Desirable
60-79,Female,Non-Smoker,Normoglycemic,Normal,Desirable
60-79,Male,Current Smoker,Normoglycemic,Stage 1 HTN,Desirable
40-59,Male,Current Smoker,Normoglycemic,Elevated,Very High
40-59,Male,Non-Smoker,Normoglycemic,Stage 1 HTN,Borderline High
20-39,Female,Non-Smoker,Normoglycemic,Normal,Desirable
40-59,Male,Non-Smoker,Diabetic,Stage 1 HTN,Very High
60-79,Female,Non-Smoker,Diabetic,Stage 1 HTN,Very High
40-59,Male,Current Smoker,Normoglycemic,Stage 1 HTN,High
20-39,Female,Non-Smoker,Normoglycemic,Normal,Borderline High
80+,Male,Current Smoker,Diabetic,Stage 1 HTN,Borderline High
40-59,Female,Non-Smoker,Normoglycemic,Elevated,Very High
60-79,Male,Non-Smoker,Diabetic,Stage 2 HTN,High
40-59,Female,Non-Smoker,Normoglycemic,Normal,Desirable
20-39,Female,Non-Smoker,Diabetic,Stage 2 HTN,Borderline High
40-59,Male,Non-Smoker,Diabetic,Stage 2 HTN,Very High
40-59,Male,Current Smoker,Diabetic,Stage 2 HTN,Very High
40-59,Male,Non-Smoker,Normoglycemic,Elevated,Very High
20-39,Male,Non-Smoker,Normoglycemic,Normal,Desirable
20-39,Female,Non-Smoker,Normoglycemic,Elevated,Desirable
60-79,Male,Current Smoker,Diabetic,Normal,Very High
40-59,Female,Non-Smoker,Normoglycemic,Normal,High
60-79,Female,Non-Smoker,Normoglycemic,Elevated,Borderline High
20-39,Female,Non-Smoker,Normoglycemic,Normal,High
40-59,Male,Non-Smoker,Normoglycemic,Normal,Desirable
40-59,Male,Non-Smoker,Normoglycemic,Normal,High
20-39,Female,Non-Smoker,Normoglycemic,Normal,Borderline High
20-39,Female,Non-Smoker,Diabetic,Stage 1 HTN,High
20-39,Male,Non-Smoker,Normoglycemic,Normal,Borderline High
80+,Female,Current Smoker,Normoglycemic,Normal,Desirable
40-59,Male,Non-Smoker,Normoglycemic,Elevated,Borderline High
40-59,Male,Current Smoker,Normoglycemic,Normal,Very High
20-39,Male,Current Smoker,Normoglycemic,Normal,Desirable
40-59,Male,Non-Smoker,Normoglycemic,Elevated,Desirable
40-59,Male,Non-Smoker,Normoglycemic,Elevated,Borderline High
20-39,Female,Non-Smoker,Normoglycemic,Stage 1 HTN,Borderline High
60-79,Male,Current Smoker,Normoglycemic,Normal,Very High
20-39,Male,Current Smoker,Normoglycemic,Normal,High
40-59,Male,Non-Smoker,Normoglycemic,Normal,Desirable
60-79,Male,Current Smoker,Normoglycemic,Normal,High
40-59,Female,Non-Smoker,Diabetic,Stage 2 HTN,High
40-59,Male,Non-Smoker,Normoglycemic,Elevated,Borderline High
20-39,Female,Current Smoker,Diabetic,Stage 2 HTN,High
20-39,Female,Non-Smoker,Normoglycemic,Elevated,Desirable
20-39,Female,Current Smoker,Normoglycemic,Normal,Desirable
60-79,Male,Non-Smoker,Normoglycemic,Normal,Desirable
20-39,Female,Non-Smoker,Diabetic,Stage 1 HTN,Borderline High
40-59,Female,Non-Smoker,Normoglycemic,Elevated,Very High
40-59,Male,Current Smoker,Diabetic,Stage 2 HTN,High
60-79,Female,Non-Smoker,Normoglycemic,Normal,Very High
60-79,Female,Current Smoker,Normoglycemic,Normal,Desirable
20-39,Male,Non-Smoker,Normoglycemic,Stage 2 HTN,High
60-79,Female,Non-Smoker,Normoglycemic,Normal,Desirable
60-79,Female,Current Smoker,Normoglycemic,Normal,High
40-59,Male,Non-Smoker,Diabetic,Stage 2 HTN,Very High
60-79,Male,Non-Smoker,Normoglycemic,Normal,Desirable
20-39,Female,Non-Smoker,Normoglycemic,Stage 1 HTN,High
20-39,Female,Non-Smoker,Normoglycemic,Stage 1 HTN,Very High
40-59,Female,Current Smoker,Normoglycemic,Normal,Borderline High
20-39,Male,Non-Smoker,Normoglycemic,Normal,Borderline High
60-79,Female,Non-Smoker,Diabetic,Stage 2 HTN,High
40-59,Female,Non-Smoker,Normoglycemic,Normal,Desirable
20-39,Male,Non-Smoker,Normoglycemic,Normal,Borderline High
80+,Female,Non-Smoker,Normoglycemic,Elevated,Borderline High
40-59,Female,Non-Smoker,Normoglycemic,Elevated,Desirable
60-79,Female,Non-Smoker,Diabetic,Stage 2 HTN,Borderline High
60-79,Male,Current Smoker,Normoglycemic,Stage 2 HTN,Desirable
20-39,Male,Non-Smoker,Diabetic,Stage 1 HTN,Borderline High
40-59,Female,Non-Smoker,Diabetic,Stage 2 HTN,Very High
60-79,Male,Current Smoker,Normoglycemic,Normal,Borderline High
40-59,Male,Non-Smoker,Normoglycemic,Normal,Desirable
20-39,Male,Non-Smoker,Normoglycemic,Normal,Desirable
60-79,Female,Current Smoker,Normoglycemic,Normal,Desirable
20-39,Male,Non-Smoker,Normoglycemic,Normal,Desirable
80+,Female,Current Smoker,Normoglycemic,Normal,Borderline High
60-79,Male,Non-Smoker,Normoglycemic,Elevated,Borderline High
40-59,Male,Current Smoker,Diabetic,Stage 2 HTN,Very High
20-39,Male,Current Smoker,Normoglycemic,Normal,Borderline High
40-59,Male,Current Smoker,Normoglycemic,Elevated,Desirable
20-39,Female,Non-Smoker,Diabetic,Stage 2 HTN,High
60-79,Female,Non-Smoker,Diabetic,Stage 2 HTN,Very High
20-39,Male,Current Smoker,Normoglycemic,Elevated,Desirable
60-79,Female,Non-Smoker,Diabetic,Stage 1 HTN,Very High
60-79,Female,Non-Smoker,Normoglycemic,Stage 1 HTN,Borderline High
20-39,Male,Non-Smoker,Normoglycemic,Stage 2 HTN,Desirable
40-59,Female,Current Smoker,Diabetic,Stage 2 HTN,High
80+,Female,Current Smoker,Normoglycemic,Normal,Desirable
40-59,Male,Current Smoker,Normoglycemic,Elevated,Very High
40-59,Female,Non-Smoker,Normoglycemic,Normal,High
20-39,Female,Current Smoker,Normoglycemic,Normal,Desirable
40-59,Male,Current Smoker,Normoglycemic,Elevated,Borderline High
40-59,Male,Current Smoker,Normoglycemic,Elevated,High
20-39,Male,Non-Smoker,Normoglycemic,Normal,Desirable
40-59,Female,Non-Smoker,Normoglycemic,Stage 1 HTN,Borderline High
40-59,Female,Non-Smoker,Normoglycemic,Normal,High
20-39,Female,Non-Smoker,Normoglycemic,Stage 1 HTN,Desirable
40-59,Male,Current Smoker,Normoglycemic,Stage 1 HTN,Desirable
40-59,Female,Non-Smoker,Normoglycemic,Normal,Desirable
40-59,Female,Current Smoker,Diabetic,Stage 1 HTN,High
60-79,Female,Non-Smoker,Diabetic,Stage 2 HTN,High
20-39,Female,Non-Smoker,Normoglycemic,Elevated,Desirable
60-79,Male,Non-Smoker,Normoglycemic,Normal,Borderline High
40-59,Male,Non-Smoker,Normoglycemic,Elevated,Borderline High
40-59,Female,Non-Smoker,Normoglycemic,Normal,High
20-39,Male,Non-Smoker,Diabetic,Stage 1 HTN,Very High
20-39,Female,Non-Smoker,Normoglycemic,Normal,Desirable
20-39,Female,Non-Smoker,Normoglycemic,Normal,Borderline High
40-59,Female,Non-Smoker,Normoglycemic,Normal,Desirable
20-39,Male,Non-Smoker,Normoglycemic,Normal,Desirable
20-39,Female,Non-Smoker,Normoglycemic,Normal,High
40-59,Female,Non-Smoker,Normoglycemic,Elevated,High
40-59,Male,Non-Smoker,Normoglycemic,Normal,Desirable
40-59,Male,Current Smoker,Normoglycemic,Elevated,Desirable
40-59,Female,Non-Smoker,Normoglycemic,Elevated,Borderline High
20-39,Male,Non-Smoker,Normoglycemic,Stage 2 HTN,Borderline High
20-39,Male,Non-Smoker,Normoglycemic,Normal,Borderline High
80+,Male,Non-Smoker,Normoglycemic,Elevated,Desirable
40-59,Male,Current Smoker,Normoglycemic,Normal,Very High
40-59,Male,Non-Smoker,Normoglycemic,Normal,Desirable
60-79,Female,Current Smoker,Normoglycemic,Normal,Desirable
60-79,Female,Non-Smoker,Diabetic,Stage 1 HTN,Very High
20-39,Female,Current Smoker,Normoglycemic,Elevated,Desirable
60-79,Male,Non-Smoker,Diabetic,Stage 2 HTN,Borderline High
80+,Male,Non-Smoker,Normoglycemic,Stage 2 HTN,Borderline High
20-39,Male,Current Smoker,Normoglycemic,Normal,Borderline High
60-79,Male,Non-Smoker,Diabetic,Stage 1 HTN,High
60-79,Male,Non-Smoker,Normoglycemic,Normal,Borderline High
40-59,Female,Non-Smoker,Normoglycemic,Normal,Desirable
20-39,Male,Non-Smoker,Normoglycemic,Normal,Desirable
20-39,Female,Non-Smoker,Normoglycemic,Normal,High
60-79,Male,Non-Smoker,Diabetic,Stage 2 HTN,High
80+,Female,Non-Smoker,Diabetic,Stage 1 HTN,High
60-79,Female,Non-Smoker,Normoglycemic,Stage 1 HTN,Desirable
80+,Male,Non-Smoker,Diabetic,Stage 2 HTN,High
60-79,Male,Current Smoker,Diabetic,Stage 2 HTN,High
40-59,Male,Current Smoker,Normoglycemic,Stage 1 HTN,Desirable
20-39,Male,Current Smoker,Normoglycemic,Elevated,High
20-39,Female,Non-Smoker,Normoglycemic,Elevated,High
20-39,Male,Current Smoker,Normoglycemic,Normal,Desirable
60-79,Female,Non-Smoker,Normoglycemic,Normal,Desirable
40-59,Female,Non-Smoker,Normoglycemic,Normal,Desirable
20-39,Male,Non-Smoker,Normoglycemic,Elevated,High
40-59,Male,Non-Smoker,Normoglycemic,Normal,Desirable
20-39,Female,Current Smoker,Normoglycemic,Elevated,Desirable
40-59,Male,Non-Smoker,Normoglycemic,Elevated,Desirable
20-39,Female,Non-Smoker,Normoglycemic,Normal,Borderline High
40-59,Male,Non-Smoker,Normoglycemic,Elevated,Borderline High
20-39,Male,Current Smoker,Normoglycemic,Elevated,Borderline High
20-39,Female,Non-Smoker,Normoglycemic,Normal,Desirable
20-39,Male,Non-Smoker,Normoglycemic,Normal,Desirable
20-39,Female,Current Smoker,Normoglycemic,Elevated,Desirable
60-79,Male,Current Smoker,Normoglycemic,Stage 1 HTN,Borderline High
40-59,Male,Current Smoker,Normoglycemic,Normal,Borderline High
20-39,Male,Non-Smoker,Normoglycemic,Stage 1 HTN,High
60-79,Female,Non-Smoker,Diabetic,Stage 2 HTN,High
60-79,Male,Current Smoker,Normoglycemic,Elevated,Desirable
20-39,Female,Non-Smoker,Normoglycemic,Normal,Borderline High
20-39,Female,Non-Smoker,Diabetic,Stage 2 HTN,High
40-59,Male,Non-Smoker,Normoglycemic,Normal,High
20-39,Female,Non-Smoker,Normoglycemic,Normal,High
20-39,Male,Non-Smoker,Normoglycemic,Stage 1 HTN,Very High
20-39,Female,Current Smoker,Diabetic,Stage 2 HTN,Very High
20-39,Female,Non-Smoker,Diabetic,Stage 2 HTN,High
20-39,Male,Non-Smoker,Normoglycemic,Normal,High
40-59,Male,Non-Smoker,Normoglycemic,Normal,Desirable
20-39,Female,Current Smoker,Normoglycemic,Normal,Desirable
80+,Female,Non-Smoker,Diabetic,Stage 2 HTN,High
40-59,Male,Non-Smoker,Normoglycemic,Elevated,Borderline High
20-39,Male,Non-Smoker,Normoglycemic,Elevated,Desirable
20-39,Female,Non-Smoker,Diabetic,Normal,Borderline High
20-39,Female,Non-Smoker,Normoglycemic,Normal,Borderline High
20-39,Female,Non-Smoker,Normoglycemic,Normal,Borderline High
20-39,Male,Non-Smoker,Normoglycemic,Normal,Desirable
40-59,Female,Non-Smoker,Normoglycemic,Normal,Very High
20-39,Male,Non-Smoker,Normoglycemic,Elevated,High
20-39,Male,Non-Smoker,Normoglycemic,Elevated,Borderline High
20-39,Male,Non-Smoker,Normoglycemic,Normal,Desirable
40-59,Female,Non-Smoker,Normoglycemic,Stage 2 HTN,Desirable
40-59,Female,Non-Smoker,Normoglycemic,Elevated,Borderline High
40-59,Male,Non-Smoker,Diabetic,Stage 1 HTN,Very High
80+,Female,Non-Smoker,Normoglycemic,Normal,Borderline High
60-79,Female,Current Smoker,Normoglycemic,Normal,High
20-39,Male,Non-Smoker,Normoglycemic,Stage 1 HTN,High
20-39,Female,Non-Smoker,Normoglycemic,Normal,High
40-59,Female,Non-Smoker,Normoglycemic,Normal,Borderline High
40-59,Female,Non-Smoker,Normoglycemic,Normal,Very High
60-79,Female,Non-Smoker,Diabetic,Stage 1 HTN,Very High
20-39,Male,Non-Smoker,Normoglycemic,Elevated,Desirable
80+,Female,Current Smoker,Diabetic,Stage 2 HTN,Very High
20-39,Female,Non-Smoker,Normoglycemic,Elevated,Borderline High
40-59,Female,Non-Smoker,Normoglycemic,Normal,Desirable
40-59,Female,Non-Smoker,Normoglycemic,Normal,Borderline High
80+,Male,Current Smoker,Normoglycemic,Stage 1 HTN,High
20-39,Female,Non-Smoker,Normoglycemic,Normal,Very High
40-59,Female,Non-Smoker,Normoglycemic,Normal,Borderline High
60-79,Female,Non-Smoker,Diabetic,Stage 2 HTN,High
40-59,Male,Non-Smoker,Normoglycemic,Elevated,Desirable
20-39,Male,Non-Smoker,Normoglycemic,Elevated,Desirable
20-39,Male,Non-Smoker,Diabetic,Stage 2 HTN,Very High
20-39,Female,Non-Smoker,Normoglycemic,Stage 2 HTN,Borderline High
20-39,Female,Non-Smoker,Normoglycemic,Normal,Borderline High
40-59,Female,Non-Smoker,Normoglycemic,Elevated,Desirable
20-39,Male,Non-Smoker,Diabetic,Stage 2 HTN,High
20-39,Male,Current Smoker,Normoglycemic,Normal,Desirable
40-59,Female,Non-Smoker,Diabetic,Stage 2 HTN,Very High
40-59,Male,Non-Smoker,Normoglycemic,Normal,Desirable
40-59,Female,Current Smoker,Normoglycemic,Normal,Borderline High
20-39,Female,Current Smoker,Diabetic,Stage 2 HTN,High
80+,Female,Non-Smoker,Normoglycemic,Elevated,High
20-39,Female,Non-Smoker,Normoglycemic,Elevated,Desirable
20-39,Female,Current Smoker,Normoglycemic,Elevated,Desirable
20-39,Male,Non-Smoker,Normoglycemic,Normal,High
20-39,Female,Non-Smoker,Normoglycemic,Normal,Borderline High
60-79,Female,Current Smoker,Normoglycemic,Normal,Desirable
40-59,Female,Non-Smoker,Normoglycemic,Normal,Desirable
20-39,Female,Non-Smoker,Normoglycemic,Stage 1 HTN,High
60-79,Male,Non-Smoker,Normoglycemic,Normal,Desirable
20-39,Male,Non-Smoker,Normoglycemic,Normal,Desirable
40-59,Male,Non-Smoker,Diabetic,Stage 2 HTN,High
20-39,Female,Current Smoker,Diabetic,Elevated,High
60-79,Male,Current Smoker,Diabetic,Stage 2 HTN,High
20-39,Male,Non-Smoker,Normoglycemic,Normal,Borderline High
20-39,Female,Non-Smoker,Normoglycemic,Normal,High
40-59,Female,Non-Smoker,Diabetic,Stage 2 HTN,High
20-39,Female,Non-Smoker,Normoglycemic,Stage 1 HTN,Very High
20-39,Male,Non-Smoker,Normoglycemic,Normal,Desirable
20-39,Male,Non-Smoker,Normoglycemic,Normal,Borderline High
60-79,Female,Non-Smoker,Normoglycemic,Stage 1 HTN,Borderline High
60-79,Male,Non-Smoker,Normoglycemic,Elevated,High
20-39,Female,Non-Smoker,Normoglycemic,Stage 1 HTN,Desirable
40-59,Female,Non-Smoker,Diabetic,Stage 2 HTN,High
40-59,Female,Non-Smoker,Normoglycemic,Elevated,Borderline High
20-39,Male,Current Smoker,Normoglycemic,Elevated,Desirable
40-59,Male,Current Smoker,Diabetic,Stage 1 HTN,High
60-79,Male,Current Smoker,Normoglycemic,Normal,High
40-59,Male,Current Smoker,Diabetic,Stage 1 HTN,High
20-39,Female,Non-Smoker,Normoglycemic,Stage 1 HTN,Desirable
40-59,Male,Current Smoker,Diabetic,Stage 2 HTN,Very High
20-39,Male,Current Smoker,Normoglycemic,Normal,Desirable
40-59,Male,Current Smoker,Normoglycemic,Stage 2 HTN,Desirable
40-59,Female,Non-Smoker,Normoglycemic,Elevated,Desirable
20-39,Male,Current Smoker,Normoglycemic,Normal,Desirable
60-79,Male,Current Smoker,Diabetic,Stage 2 HTN,Borderline High
80+,Male,Non-Smoker,Diabetic,Stage 1 HTN,Very High
40-59,Male,Non-Smoker,Diabetic,Stage 2 HTN,Very High
60-79,Male,Non-Smoker,Normoglycemic,Elevated,Desirable
40-59,Female,Non-Smoker,Diabetic,Stage 1 HTN,High
20-39,Male,Current Smoker,Normoglycemic,Elevated,Borderline High
20-39,Female,Current Smoker,Normoglycemic,Stage 1 HTN,High
20-39,Female,Non-Smoker,Normoglycemic,Normal,Desirable
40-59,Male,Non-Smoker,Normoglycemic,Normal,Desirable
40-59,Male,Current Smoker,Normoglycemic,Stage 1 HTN,Desirable
40-59,Female,Non-Smoker,Normoglycemic,Normal,Desirable
20-39,Male,Non-Smoker,Normoglycemic,Normal,Desirable
20-39,Female,Non-Smoker,Diabetic,Stage 2 HTN,Very High
60-79,Female,Current Smoker,Normoglycemic,Stage 2 HTN,Desirable
40-59,Female,Non-Smoker,Normoglycemic,Normal,Very High
80+,Male,Non-Smoker,Normoglycemic,Stage 1 HTN,Desirable
20-39,Male,Non-Smoker,Normoglycemic,Normal,Desirable
40-59,Male,Non-Smoker,Normoglycemic,Elevated,Desirable
40-59,Female,Non-Smoker,Diabetic,Stage 1 HTN,Very High
40-59,Female,Non-Smoker,Normoglycemic,Normal,Very High
20-39,Male,Current Smoker,Normoglycemic,Elevated,High
20-39,Male,Current Smoker,Diabetic,Stage 2 HTN,High
40-59,Female,Non-Smoker,Normoglycemic,Normal,High
20-39,Male,Current Smoker,Normoglycemic,Stage 2 HTN,High
60-79,Female,Non-Smoker,Diabetic,Stage 2 HTN,Very High
20-39,Female,Non-Smoker,Normoglycemic,Normal,Borderline High
40-59,Female,Non-Smoker,Normoglycemic,Stage 1 HTN,Borderline High
40-59,Male,Current Smoker,Normoglycemic,Normal,Borderline High
20-39,Female,Current Smoker,Normoglycemic,Normal,Desirable
20-39,Female,Non-Smoker,Normoglycemic,Stage 1 HTN,Borderline High
40-59,Female,Non-Smoker,Diabetic,Stage 2 HTN,Very High
20-39,Female,Non-Smoker,Normoglycemic,Normal,Borderline High
40-59,Female,Non-Smoker,Normoglycemic,Normal,High
40-59,Male,Current Smoker,Diabetic,Stage 2 HTN,Borderline High
40-59,Male,Current Smoker,Normoglycemic,Normal,Borderline High
60-79,Male,Current Smoker,Diabetic,Stage 2 HTN,High
20-39,Male,Non-Smoker,Diabetic,Stage 1 HTN,Very High
20-39,Female,Non-Smoker,Normoglycemic,Normal,High
60-79,Male,Current Smoker,Diabetic,Stage 2 HTN,High
40-59,Female,Non-Smoker,Diabetic,Stage 2 HTN,Very High
20-39,Male,Non-Smoker,Normoglycemic,Normal,Desirable
60-79,Male,Non-Smoker,Diabetic,Stage 2 HTN,Borderline High
20-39,Female,Non-Smoker,Normoglycemic,Normal,High
40-59,Female,Non-Smoker,Normoglycemic,Normal,Borderline High
20-39,Female,Non-Smoker,Diabetic,Stage 2 HTN,Very High
20-39,Male,Non-Smoker,Normoglycemic,Normal,Desirable
20-39,Female,Non-Smoker,Normoglycemic,Elevated,Desirable
20-39,Male,Current Smoker,Diabetic,Stage 2 HTN,Very High
40-59,Male,Non-Smoker,Normoglycemic,Normal,Desirable
80+,Female,Non-Smoker,Diabetic,Stage 2 HTN,Very High
40-59,Female,Non-Smoker,Normoglycemic,Elevated,Desirable
20-39,Male,Current Smoker,Normoglycemic,Elevated,Borderline High
40-59,Male,Non-Smoker,Normoglycemic,Normal,Desirable
20-39,Female,Current Smoker,Diabetic,Stage 1 HTN,High
80+,Female,Current Smoker,Normoglycemic,Normal,Desirable
40-59,Female,Non-Smoker,Normoglycemic,Normal,High
20-39,Female,Non-Smoker,Normoglycemic,Normal,Desirable
20-39,Female,Current Smoker,Normoglycemic,Normal,Very High
60-79,Male,Non-Smoker,Normoglycemic,Stage 2 HTN,High
20-39,Female,Non-Smoker,Normoglycemic,Normal,Desirable
20-39,Male,Non-Smoker,Normoglycemic,Stage 2 HTN,Desirable
80+,Female,Non-Smoker,Diabetic,Stage 2 HTN,Very High
40-59,Female,Non-Smoker,Normoglycemic,Normal,Desirable
40-59,Female,Non-Smoker,Normoglycemic,Stage 1 HTN,Very High
20-39,Female,Current Smoker,Normoglycemic,Normal,Desirable
20-39,Male,Non-Smoker,Normoglycemic,Elevated,Desirable
20-39,Female,Non-Smoker,Diabetic,Stage 2 HTN,High
40-59,Male,Non-Smoker,Diabetic,Stage 2 HTN,High
40-59,Male,Non-Smoker,Normoglycemic,Normal,Desirable
40-59,Female,Non-Smoker,Normoglycemic,Normal,Borderline High
60-79,Male,Non-Smoker,Normoglycemic,Normal,Desirable
40-59,Female,Non-Smoker,Normoglycemic,Normal,Very High
20-39,Male,Non-Smoker,Normoglycemic,Elevated,Desirable
20-39,Male,Current Smoker,Normoglycemic,Normal,Borderline High
40-59,Male,Non-Smoker,Normoglycemic,Normal,Desirable
40-59,Male,Current Smoker,Diabetic,Stage 1 HTN,High
20-39,Female,Current Smoker,Normoglycemic,Elevated,Borderline High
20-39,Female,Non-Smoker,Normoglycemic,Elevated,Desirable
20-39,Male,Non-Smoker,Normoglycemic,Normal,Very High
20-39,Male,Non-Smoker,Diabetic,Stage 2 HTN,High
20-39,Male,Non-Smoker,Normoglycemic,Stage 1 HTN,Desirable
20-39,Male,Current Smoker,Normoglycemic,Normal,Borderline High
40-59,Male,Non-Smoker,Normoglycemic,Normal,Desirable
20-39,Female,Non-Smoker,Diabetic,Stage 2 HTN,Very High
40-59,Female,Non-Smoker,Normoglycemic,Normal,Desirable
60-79,Female,Non-Smoker,Diabetic,Stage 2 HTN,Desirable
60-79,Female,Non-Smoker,Diabetic,Stage 2 HTN,Very High
20-39,Male,Non-Smoker,Normoglycemic,Elevated,Borderline High
40-59,Male,Current Smoker,Normoglycemic,Normal,High
40-59,Male,Non-Smoker,Normoglycemic,Normal,Desirable
40-59,Female,Non-Smoker,Diabetic,Stage 1 HTN,Borderline High
20-39,Male,Non-Smoker,Normoglycemic,Normal,Very High
60-79,Male,Non-Smoker,Normoglycemic,Normal,Borderline High
20-39,Male,Non-Smoker,Normoglycemic,Normal,Desirable
40-59,Male,Non-Smoker,Normoglycemic,Stage 1 HTN,Desirable
60-79,Male,Non-Smoker,Diabetic,Stage 2 HTN,High
20-39,Female,Non-Smoker,Normoglycemic,Normal,High
40-59,Male,Non-Smoker,Diabetic,Stage 2 HTN,Borderline High
60-79,Female,Non-Smoker,Diabetic,Stage 2 HTN,High
40-59,Female,Non-Smoker,Normoglycemic,Normal,Desirable
80+,Male,Non-Smoker,Normoglycemic,Normal,Desirable
20-39,Male,Non-Smoker,Normoglycemic,Elevated,Desirable
80+,Female,Current Smoker,Normoglycemic,Normal,Very High
40-59,Male,Current Smoker,Normoglycemic,Normal,High
40-59,Female,Non-Smoker,Diabetic,Stage 2 HTN,High
20-39,Male,Non-Smoker,Normoglycemic,Normal,Borderline High
60-79,Male,Current Smoker,Normoglycemic,Stage 1 HTN,Borderline High
20-39,Female,Current Smoker,Normoglycemic,Elevated,High
80+,Female,Non-Smoker,Normoglycemic,Elevated,High
40-59,Female,Non-Smoker,Normoglycemic,Elevated,Desirable
20-39,Female,Non-Smoker,Normoglycemic,Normal,Desirable
40-59,Female,Non-Smoker,Normoglycemic,Normal,Borderline High
20-39,Male,Non-Smoker,Diabetic,Stage 2 HTN,High
60-79,Female,Non-Smoker,Diabetic,Stage 2 HTN,Very High
20-39,Female,Current Smoker,Diabetic,Stage 1 HTN,High
20-39,Female,Non-Smoker,Normoglycemic,Elevated,Borderline High
20-39,Male,Current Smoker,Normoglycemic,Elevated,Very High
60-79,Male,Non-Smoker,Diabetic,Stage 2 HTN,High
80+,Male,Current Smoker,Normoglycemic,Normal,Very High
20-39,Female,Non-Smoker,Normoglycemic,Stage 1 HTN,Borderline High
40-59,Male,Non-Smoker,Normoglycemic,Normal,Very High
80+,Female,Current Smoker,Diabetic,Stage 2 HTN,Very High
40-59,Male,Non-Smoker,Normoglycemic,Normal,High
60-79,Male,Non-Smoker,Normoglycemic,Elevated,High
20-39,Female,Non-Smoker,Normoglycemic,Stage 2 HTN,High
80+,Male,Non-Smoker,Diabetic,Stage 1 HTN,High
40-59,Female,Non-Smoker,Normoglycemic,Normal,Borderline High
60-79,Female,Non-Smoker,Diabetic,Stage 1 HTN,Very High
80+,Female,Non-Smoker,Normoglycemic,Elevated,Desirable
60-79,Female,Non-Smoker,Normoglycemic,Normal,Desirable
20-39,Male,Non-Smoker,Normoglycemic,Normal,Desirable
20-39,Male,Non-Smoker,Normoglycemic,Elevated,High
20-39,Male,Non-Smoker,Normoglycemic,Normal,Desirable
20-39,Female,Non-Smoker,Normoglycemic,Normal,Desirable
40-59,Male,Non-Smoker,Normoglycemic,Normal,Desirable
40-59,Female,Non-Smoker,Normoglycemic,Normal,Borderline High
40-59,Male,Non-Smoker,Normoglycemic,Elevated,Desirable
40-59,Female,Current Smoker,Normoglycemic,Normal,High
20-39,Male,Non-Smoker,Normoglycemic,Normal,High
40-59,Female,Non-Smoker,Normoglycemic,Elevated,Borderline High
20-39,Male,Non-Smoker,Normoglycemic,Elevated,Desirable
60-79,Male,Non-Smoker,Diabetic,Stage 2 HTN,Very High
40-59,Female,Non-Smoker,Normoglycemic,Elevated,Desirable
20-39,Male,Non-Smoker,Diabetic,Stage 2 HTN,Borderline High
20-39,Male,Current Smoker,Normoglycemic,Normal,Desirable
40-59,Female,Current Smoker,Diabetic,Stage 2 HTN,Borderline High
20-39,Female,Non-Smoker,Normoglycemic,Normal,High
20-39,Female,Non-Smoker,Normoglycemic,Normal,Borderline High
40-59,Male,Non-Smoker,Normoglycemic,Normal,Desirable
40-59,Female,Non-Smoker,Diabetic,Stage 1 HTN,High
60-79,Male,Current Smoker,Diabetic,Stage 2 HTN,Very High
40-59,Female,Non-Smoker,Normoglycemic,Normal,Borderline High
20-39,Female,Non-Smoker,Normoglycemic,Elevated,Borderline High
80+,Female,Non-Smoker,Normoglycemic,Elevated,High
40-59,Male,Current Smoker,Normoglycemic,Elevated,Borderline High
20-39,Female,Non-Smoker,Normoglycemic,Normal,High
40-59,Male,Non-Smoker,Diabetic,Stage 2 HTN,Very High
20-39,Female,Non-Smoker,Diabetic,Stage 2 HTN,High
60-79,Female,Non-Smoker,Diabetic,Stage 1 HTN,High
40-59,Male,Non-Smoker,Diabetic,Stage 1 HTN,High
60-79,Female,Non-Smoker,Diabetic,Stage 2 HTN,High
40-59,Female,Non-Smoker,Normoglycemic,Normal,Borderline High
40-59,Female,Current Smoker,Normoglycemic,Elevated,Desirable
20-39,Female,Non-Smoker,Normoglycemic,Stage 1 HTN,Desirable
40-59,Male,Non-Smoker,Normoglycemic,Normal,High
20-39,Male,Non-Smoker,Normoglycemic,Normal,High
20-39,Male,Non-Smoker,Normoglycemic,Stage 1 HTN,Borderline High
60-79,Female,Non-Smoker,Diabetic,Stage 1 HTN,High
60-79,Female,Current Smoker,Diabetic,Stage 2 HTN,High
20-39,Male,Non-Smoker,Normoglycemic,Normal,Desirable
40-59,Male,Current Smoker,Normoglycemic,Normal,Very High
60-79,Female,Non-Smoker,Diabetic,Elevated,Borderline High
20-39,Male,Non-Smoker,Normoglycemic,Normal,Desirable
60-79,Male,Current Smoker,Normoglycemic,Stage 1 HTN,Borderline High
20-39,Male,Non-Smoker,Normoglycemic,Normal,High
60-79,Male,Non-Smoker,Normoglycemic,Elevated,Borderline High
40-59,Male,Current Smoker,Normoglycemic,Normal,Borderline High
20-39,Male,Current Smoker,Diabetic,Stage 2 HTN,High
20-39,Female,Non-Smoker,Normoglycemic,Normal,Borderline High
40-59,Male,Non-Smoker,Normoglycemic,Stage 1 HTN,High
60-79,Male,Non-Smoker,Normoglycemic,Elevated,Borderline High
20-39,Female,Non-Smoker,Diabetic,Stage 1 HTN,High
80+,Female,Non-Smoker,Diabetic,Stage 2 HTN,High
40-59,Female,Non-Smoker,Diabetic,Stage 2 HTN,High
20-39,Male,Non-Smoker,Diabetic,Stage 1 HTN,High
40-59,Female,Non-Smoker,Diabetic,Stage 2 HTN,Very High
40-59,Male,Non-Smoker,Normoglycemic,Normal,Borderline High
40-59,Male,Non-Smoker,Normoglycemic,Normal,High
20-39,Male,Non-Smoker,Normoglycemic,Stage 2 HTN,Desirable
40-59,Male,Non-Smoker,Normoglycemic,Normal,Desirable
20-39,Male,Current Smoker,Normoglycemic,Normal,Borderline High
60-79,Female,Non-Smoker,Normoglycemic,Normal,Desirable
20-39,Male,Non-Smoker,Normoglycemic,Normal,Desirable
20-39,Male,Current Smoker,Normoglycemic,Elevated,Desirable
60-79,Male,Non-Smoker,Diabetic,Stage 1 HTN,Borderline High
40-59,Male,Non-Smoker,Diabetic,Stage 2 HTN,High
20-39,Female,Non-Smoker,Normoglycemic,Normal,Borderline High
20-39,Female,Non-Smoker,Normoglycemic,Normal,Very High
40-59,Male,Non-Smoker,Diabetic,Stage 1 HTN,Very High
40-59,Male,Non-Smoker,Diabetic,Stage 2 HTN,Borderline High
40-59,Female,Non-Smoker,Diabetic,Stage 2 HTN,High
40-59,Female,Non-Smoker,Diabetic,Stage 1 HTN,High
40-59,Female,Non-Smoker,Normoglycemic,Normal,Borderline High
20-39,Male,Non-Smoker,Diabetic,Stage 2 HTN,High
40-59,Female,Non-Smoker,Normoglycemic,Normal,Borderline High
20-39,Female,Non-Smoker,Normoglycemic,Normal,High
60-79,Male,Non-Smoker,Diabetic,Stage 2 HTN,Borderline High
20-39,Female,Non-Smoker,Diabetic,Stage 1 HTN,High
40-59,Female,Non-Smoker,Normoglycemic,Normal,High
20-39,Male,Non-Smoker,Normoglycemic,Normal,Desirable
60-79,Male,Non-Smoker,Normoglycemic,Normal,Borderline High
60-79,Male,Non-Smoker,Normoglycemic,Stage 1 HTN,Borderline High
60-79,Female,Non-Smoker,Normoglycemic,Stage 2 HTN,Desirable
40-59,Female,Non-Smoker,Diabetic,Stage 2 HTN,Very High
60-79,Male,Current Smoker,Normoglycemic,Stage 1 HTN,Desirable
60-79,Male,Non-Smoker,Diabetic,Stage 2 HTN,Very High
40-59,Female,Non-Smoker,Normoglycemic,Normal,Desirable
40-59,Female,Non-Smoker,Normoglycemic,Stage 2 HTN,Borderline High
20-39,Female,Non-Smoker,Normoglycemic,Normal,Borderline High
60-79,Male,Non-Smoker,Normoglycemic,Normal,Very High
40-59,Female,Non-Smoker,Normoglycemic,Normal,Desirable
60-79,Male,Current Smoker,Diabetic,Stage 2 HTN,High
20-39,Female,Non-Smoker,Normoglycemic,Elevated,Desirable
80+,Male,Non-Smoker,Normoglycemic,Elevated,High
20-39,Female,Non-Smoker,Normoglycemic,Normal,Desirable
20-39,Male,Non-Smoker,Normoglycemic,Elevated,Borderline High
20-39,Male,Non-Smoker,Normoglycemic,Normal,Desirable
40-59,Male,Non-Smoker,Normoglycemic,Stage 2 HTN,Borderline High
20-39,Male,Non-Smoker,Normoglycemic,Normal,Borderline High
40-59,Female,Non-Smoker,Diabetic,Stage 1 HTN,Borderline High
60-79,Female,Non-Smoker,Normoglycemic,Normal,High
60-79,Male,Current Smoker,Normoglycemic,Stage 1 HTN,Borderline High
20-39,Female,Non-Smoker,Normoglycemic,Stage 1 HTN,Very High
60-79,Female,Current Smoker,Diabetic,Stage 2 HTN,Borderline High
40-59,Male,Non-Smoker,Normoglycemic,Elevated,Desirable
20-39,Female,Non-Smoker,Diabetic,Stage 1 HTN,High
80+,Female,Non-Smoker,Normoglycemic,Normal,Borderline High
20-39,Male,Non-Smoker,Normoglycemic,Normal,Borderline High
60-79,Female,Non-Smoker,Diabetic,Stage 2 HTN,High
20-39,Female,Non-Smoker,Normoglycemic,Elevated,High
20-39,Male,Non-Smoker,Normoglycemic,Stage 1 HTN,Borderline High
20-39,Female,Non-Smoker,Normoglycemic,Normal,Borderline High
20-39,Female,Current Smoker,Normoglycemic,Stage 1 HTN,Borderline High
60-79,Female,Current Smoker,Diabetic,Stage 1 HTN,Very High
60-79,Female,Non-Smoker,Normoglycemic,Normal,High
80+,Female,Non-Smoker,Normoglycemic,Elevated,High
20-39,Female,Current Smoker,Normoglycemic,Stage 1 HTN,Desirable
40-59,Male,Non-Smoker,Normoglycemic,Normal,Desirable
20-39,Male,Current Smoker,Diabetic,Stage 2 HTN,High
80+,Male,Non-Smoker,Normoglycemic,Normal,Desirable
40-59,Male,Non-Smoker,Normoglycemic,Elevated,Desirable
20-39,Male,Non-Smoker,Diabetic,Stage 2 HTN,High
40-59,Female,Current Smoker,Diabetic,Stage 2 HTN,High
60-79,Female,Current Smoker,Normoglycemic,Elevated,Desirable
40-59,Male,Current Smoker,Normoglycemic,Elevated,Desirable
20-39,Male,Non-Smoker,Normoglycemic,Normal,Borderline High
60-79,Male,Non-Smoker,Diabetic,Stage 2 HTN,Very High
20-39,Male,Current Smoker,Normoglycemic,Normal,Desirable
20-39,Male,Non-Smoker,Normoglycemic,Normal,Desirable
80+,Male,Current Smoker,Normoglycemic,Normal,Very High
20-39,Male,Current Smoker,Diabetic,Stage 2 HTN,High
20-39,Female,Current Smoker,Normoglycemic,Stage 2 HTN,Borderline High
20-39,Female,Non-Smoker,Normoglycemic,Normal,Desirable
20-39,Female,Non-Smoker,Normoglycemic,Elevated,Desirable
40-59,Male,Current Smoker,Normoglycemic,Elevated,Borderline High
20-39,Male,Non-Smoker,Normoglycemic,Stage 2 HTN,Desirable
60-79,Female,Non-Smoker,Normoglycemic,Normal,Borderline High
60-79,Female,Non-Smoker,Normoglycemic,Elevated,Desirable
40-59,Female,Non-Smoker,Normoglycemic,Stage 1 HTN,Desirable
60-79,Female,Non-Smoker,Normoglycemic,Elevated,Desirable
20-39,Male,Non-Smoker,Normoglycemic,Stage 1 HTN,Borderline High
40-59,Female,Current Smoker,Diabetic,Stage 2 HTN,High
20-39,Male,Non-Smoker,Normoglycemic,Elevated,High
20-39,Male,Non-Smoker,Normoglycemic,Normal,Desirable
60-79,Female,Non-Smoker,Diabetic,Stage 2 HTN,Very High
60-79,Female,Non-Smoker,Diabetic,Stage 2 HTN,Very High
20-39,Female,Non-Smoker,Normoglycemic,Stage 1 HTN,Desirable
80+,Male,Non-Smoker,Diabetic,Stage 2 HTN,High
60-79,Female,Current Smoker,Normoglycemic,Stage 1 HTN,Desirable
20-39,Female,Non-Smoker,Diabetic,Stage 2 HTN,High
20-39,Male,Non-Smoker,Normoglycemic,Stage 1 HTN,Desirable
60-79,Male,Non-Smoker,Diabetic,Stage 2 HTN,Desirable
40-59,Female,Non-Smoker,Normoglycemic,Normal,Desirable
60-79,Male,Non-Smoker,Normoglycemic,Normal,Desirable
80+,Male,Non-Smoker,Normoglycemic,Stage 2 HTN,Borderline High
40-59,Male,Current Smoker,Diabetic,Stage 1 HTN,Borderline High
40-59,Male,Non-Smoker,Diabetic,Stage 1 HTN,High
60-79,Male,Non-Smoker,Normoglycemic,Elevated,Borderline High
20-39,Female,Non-Smoker,Normoglycemic,Elevated,Desirable
40-59,Male,Non-Smoker,Diabetic,Elevated,High
20-39,Female,Non-Smoker,Normoglycemic,Normal,Desirable
40-59,Female,Non-Smoker,Normoglycemic,Stage 1 HTN,High
20-39,Female,Current Smoker,Normoglycemic,Normal,High
80+,Female,Non-Smoker,Diabetic,Stage 1 HTN,Borderline High
60-79,Female,Non-Smoker,Diabetic,Stage 2 HTN,Borderline High
20-39,Female,Non-Smoker,Normoglycemic,Stage 2 HTN,Desirable
60-79,Female,Non-Smoker,Normoglycemic,Normal,Borderline High
40-59,Female,Non-Smoker,Normoglycemic,Stage 2 HTN,Desirable
40-59,Female,Non-Smoker,Normoglycemic,Stage 1 HTN,Desirable
40-59,Female,Non-Smoker,Normoglycemic,Normal,Borderline High
60-79,Male,Current Smoker,Normoglycemic,Normal,Desirable
40-59,Female,Current Smoker,Normoglycemic,Normal,High
40-59,Male,Non-Smoker,Normoglycemic,Stage 1 HTN,Borderline High
60-79,Female,Non-Smoker,Diabetic,Normal,High
80+,Male,Non-Smoker,Normoglycemic,Elevated,Borderline High
60-79,Female,Current Smoker,Diabetic,Stage 2 HTN,Very High
40-59,Male,Non-Smoker,Diabetic,Stage 1 HTN,High
40-59,Female,Non-Smoker,Normoglycemic,Elevated,Borderline High
60-79,Female,Non-Smoker,Diabetic,Stage 1 HTN,High
20-39,Female,Non-Smoker,Normoglycemic,Normal,Borderline High
20-39,Female,Non-Smoker,Normoglycemic,Elevated,Very High
20-39,Female,Current Smoker,Normoglycemic,Normal,Desirable
20-39,Male,Non-Smoker,Diabetic,Stage 2 HTN,High
20-39,Female,Non-Smoker,Normoglycemic,Normal,Desirable
20-39,Female,Non-Smoker,Normoglycemic,Stage 1 HTN,Very High
40-59,Female,Non-Smoker,Normoglycemic,Stage 1 HTN,Desirable
60-79,Male,Non-Smoker,Normoglycemic,Normal,Desirable
60-79,Male,Non-Smoker,Diabetic,Stage 2 HTN,Borderline High
20-39,Female,Non-Smoker,Normoglycemic,Stage 1 HTN,Desirable
20-39,Male,Non-Smoker,Normoglycemic,Stage 1 HTN,Desirable
20-39,Female,Non-Smoker,Normoglycemic,Normal,Desirable
20-39,Female,Current Smoker,Normoglycemic,Stage 1 HTN,Borderline High
20-39,Female,Non-Smoker,Normoglycemic,Normal,Desirable
20-39,Male,Non-Smoker,Normoglycemic,Elevated,Borderline High
20-39,Female,Non-Smoker,Normoglycemic,Normal,Desirable
80+,Female,Non-Smoker,Diabetic,Stage 1 HTN,Very High
60-79,Male,Non-Smoker,Normoglycemic,Elevated,High
40-59,Female,Non-Smoker,Normoglycemic,Elevated,Very High
60-79,Male,Non-Smoker,Normoglycemic,Normal,Desirable
20-39,Female,Non-Smoker,Normoglycemic,Elevated,Borderline High
80+,Male,Non-Smoker,Diabetic,Stage 1 HTN,High
20-39,Female,Non-Smoker,Normoglycemic,Elevated,Very High
40-59,Female,Non-Smoker,Diabetic,Stage 1 HTN,Borderline High
40-59,Female,Non-Smoker,Normoglycemic,Elevated,Desirable
80+,Male,Non-Smoker,Normoglycemic,Normal,Desirable
40-59,Female,Non-Smoker,Diabetic,Stage 2 HTN,High
40-59,Male,Non-Smoker,Normoglycemic,Normal,Borderline High
20-39,Female,Current Smoker,Normoglycemic,Elevated,Borderline High
60-79,Male,Current Smoker,Diabetic,Stage 2 HTN,High
40-59,Female,Current Smoker,Diabetic,Stage 1 HTN,High
20-39,Male,Non-Smoker,Normoglycemic,Normal,Desirable
20-39,Female,Non-Smoker,Normoglycemic,Normal,High
40-59,Male,Non-Smoker,Normoglycemic,Elevated,Desirable
20-39,Male,Non-Smoker,Normoglycemic,Normal,Borderline High
40-59,Male,Current Smoker,Normoglycemic,Normal,Borderline High
20-39,Female,Current Smoker,Normoglycemic,Normal,Desirable
40-59,Female,Non-Smoker,Diabetic,Stage 1 HTN,Very High
60-79,Female,Non-Smoker,Normoglycemic,Normal,High
20-39,Male,Current Smoker,Normoglycemic,Normal,Borderline High
40-59,Male,Non-Smoker,Normoglycemic,Normal,Desirable
20-39,Female,Non-Smoker,Normoglycemic,Elevated,Desirable
40-59,Male,Non-Smoker,Diabetic,Stage 1 HTN,High
60-79,Male,Current Smoker,Diabetic,Stage 2 HTN,High
40-59,Male,Non-Smoker,Normoglycemic,Normal,Desirable
40-59,Female,Non-Smoker,Normoglycemic,Normal,Desirable
40-59,Male,Current Smoker,Normoglycemic,Normal,Desirable
60-79,Male,Non-Smoker,Normoglycemic,Normal,High
20-39,Female,Non-Smoker,Normoglycemic,Normal,Desirable
40-59,Male,Non-Smoker,Normoglycemic,Normal,Desirable
60-79,Male,Current Smoker,Diabetic,Stage 2 HTN,Very High
60-79,Female,Non-Smoker,Diabetic,Stage 2 HTN,Very High
60-79,Female,Current Smoker,Diabetic,Stage 2 HTN,Very High
20-39,Male,Current Smoker,Normoglycemic,Elevated,Desirable
80+,Female,Non-Smoker,Diabetic,Stage 2 HTN,High
20-39,Male,Non-Smoker,Normoglycemic,Normal,Desirable
20-39,Male,Non-Smoker,Normoglycemic,Stage 2 HTN,Desirable
20-39,Female,Non-Smoker,Normoglycemic,Stage 2 HTN,Very High
60-79,Female,Current Smoker,Diabetic,Stage 2 HTN,Borderline High
60-79,Female,Current Smoker,Diabetic,Stage 2 HTN,Borderline High
40-59,Female,Non-Smoker,Normoglycemic,Elevated,High
40-59,Male,Current Smoker,Normoglycemic,Normal,Borderline High
60-79,Female,Non-Smoker,Normoglycemic,Normal,Desirable
20-39,Female,Non-Smoker,Diabetic,Stage 2 HTN,Very High
20-39,Male,Current Smoker,Normoglycemic,Stage 1 HTN,Borderline High
20-39,Male,Non-Smoker,Normoglycemic,Normal,High
40-59,Female,Non-Smoker,Normoglycemic,Normal,High
40-59,Male,Non-Smoker,Normoglycemic,Normal,Desirable
40-59,Male,Non-Smoker,Diabetic,Stage 2 HTN,High
40-59,Female,Non-Smoker,Diabetic,Stage 2 HTN,High
80+,Female,Current Smoker,Diabetic,Stage 1 HTN,High
20-39,Female,Non-Smoker,Normoglycemic,Normal,Borderline High
60-79,Male,Non-Smoker,Normoglycemic,Normal,Desirable
20-39,Male,Non-Smoker,Diabetic,Stage 1 HTN,High
40-59,Male,Current Smoker,Normoglycemic,Stage 1 HTN,Desirable
80+,Male,Current Smoker,Normoglycemic,Elevated,Desirable
20-39,Male,Non-Smoker,Normoglycemic,Normal,Desirable
20-39,Female,Non-Smoker,Normoglycemic,Normal,Very High
20-39,Female,Non-Smoker,Normoglycemic,Normal,Desirable
40-59,Female,Non-Smoker,Normoglycemic,Elevated,High
20-39,Female,Non-Smoker,Normoglycemic,Stage 1 HTN,Very High
20-39,Female,Non-Smoker,Normoglycemic,Normal,Desirable
40-59,Male,Non-Smoker,Diabetic,Stage 1 HTN,High
60-79,Female,Current Smoker,Normoglycemic,Normal,Borderline High
40-59,Female,Non-Smoker,Normoglycemic,Elevated,High
40-59,Female,Non-Smoker,Normoglycemic,Normal,Borderline High
20-39,Female,Current Smoker,Diabetic,Stage 2 HTN,High
40-59,Female,Non-Smoker,Normoglycemic,Normal,Desirable
40-59,Female,Current Smoker,Normoglycemic,Elevated,Desirable
40-59,Male,Current Smoker,Normoglycemic,Normal,High
40-59,Female,Non-Smoker,Normoglycemic,Normal,Borderline High
20-39,Male,Current Smoker,Normoglycemic,Normal,High
60-79,Male,Non-Smoker,Diabetic,Stage 2 HTN,Very High
20-39,Female,Non-Smoker,Normoglycemic,Normal,High
20-39,Male,Non-Smoker,Diabetic,Stage 1 HTN,Very High
60-79,Male,Non-Smoker,Normoglycemic,Normal,Desirable
40-59,Male,Current Smoker,Normoglycemic,Normal,Desirable
20-39,Female,Non-Smoker,Normoglycemic,Normal,High
40-59,Female,Non-Smoker,Normoglycemic,Stage 2 HTN,Desirable
20-39,Female,Non-Smoker,Diabetic,Stage 1 HTN,High
20-39,Female,Non-Smoker,Normoglycemic,Stage 1 HTN,High
20-39,Male,Non-Smoker,Normoglycemic,Normal,Borderline High
40-59,Male,Current Smoker,Diabetic,Normal,Borderline High
20-39,Male,Current Smoker,Normoglycemic,Elevated,Borderline High
20-39,Female,Non-Smoker,Normoglycemic,Normal,Borderline High
20-39,Male,Current Smoker,Normoglycemic,Elevated,Borderline High
20-39,Female,Non-Smoker,Normoglycemic,Normal,Desirable
40-59,Male,Non-Smoker,Diabetic,Stage 2 HTN,Very High
20-39,Female,Non-Smoker,Diabetic,Elevated,High
60-79,Male,Current Smoker,Diabetic,Stage 2 HTN,High
60-79,Female,Non-Smoker,Diabetic,Stage 2 HTN,High
40-59,Male,Non-Smoker,Normoglycemic,Normal,Desirable
20-39,Female,Non-Smoker,Normoglycemic,Stage 1 HTN,Very High
40-59,Female,Current Smoker,Diabetic,Stage 2 HTN,High
20-39,Female,Non-Smoker,Normoglycemic,Normal,Desirable
60-79,Female,Current Smoker,Normoglycemic,Elevated,High
60-79,Male,Current Smoker,Diabetic,Stage 2 HTN,Borderline High
60-79,Male,Non-Smoker,Normoglycemic,Normal,Borderline High
80+,Male,Current Smoker,Normoglycemic,Elevated,Desirable
40-59,Female,Non-Smoker,Diabetic,Stage 2 HTN,Very High
20-39,Male,Non-Smoker,Diabetic,Stage 2 HTN,Very High
20-39,Female,Non-Smoker,Normoglycemic,Normal,Borderline High
40-59,Female,Current Smoker,Normoglycemic,Normal,Desirable
60-79,Female,Non-Smoker,Normoglycemic,Normal,Desirable
60-79,Female,Non-Smoker,Normoglycemic,Elevated,Desirable
60-79,Male,Current Smoker,Diabetic,Elevated,Very High
40-59,Male,Current Smoker,Normoglycemic,Normal,Desirable
20-39,Female,Non-Smoker,Normoglycemic,Normal,Borderline High
20-39,Female,Non-Smoker,Normoglycemic,Normal,High
20-39,Female,Non-Smoker,Normoglycemic,Stage 2 HTN,Borderline High
40-59,Female,Current Smoker,Normoglycemic,Elevated,Borderline High
40-59,Male,Non-Smoker,Normoglycemic,Elevated,Desirable
20-39,Male,Current Smoker,Normoglycemic,Stage 2 HTN,Borderline High
60-79,Female,Non-Smoker,Normoglycemic,Normal,Desirable
20-39,Male,Non-Smoker,Normoglycemic,Normal,Desirable
20-39,Male,Non-Smoker,Normoglycemic,Normal,Desirable
20-39,Male,Current Smoker,Normoglycemic,Elevated,Desirable
40-59,Female,Non-Smoker,Diabetic,Stage 2 HTN,Very High
40-59,Male,Non-Smoker,Normoglycemic,Elevated,Desirable
60-79,Male,Non-Smoker,Normoglycemic,Stage 1 HTN,Desirable
60-79,Male,Current Smoker,Normoglycemic,Normal,Desirable
80+,Female,Non-Smoker,Normoglycemic,Normal,Borderline High
20-39,Female,Current Smoker,Diabetic,Stage 2 HTN,High
20-39,Female,Current Smoker,Normoglycemic,Elevated,Borderline High
40-59,Male,Current Smoker,Normoglycemic,Normal,Borderline High
80+,Female,Non-Smoker,Normoglycemic,Elevated,High
80+,Female,Current Smoker,Normoglycemic,Stage 1 HTN,Desirable
20-39,Male,Non-Smoker,Normoglycemic,Normal,Desirable
20-39,Male,Non-Smoker,Normoglycemic,Normal,Borderline High
20-39,Female,Current Smoker,Normoglycemic,Normal,Desirable
40-59,Female,Non-Smoker,Normoglycemic,Normal,Very High
40-59,Female,Current Smoker,Normoglycemic,Stage 1 HTN,Desirable
60-79,Female,Non-Smoker,Diabetic,Elevated,Very High
40-59,Male,Current Smoker,Normoglycemic,Normal,Desirable
80+,Female,Non-Smoker,Normoglycemic,Elevated,Desirable
20-39,Female,Non-Smoker,Normoglycemic,Normal,High
60-79,Female,Non-Smoker,Normoglycemic,Normal,Desirable
20-39,Female,Non-Smoker,Normoglycemic,Normal,Desirable
20-39,Female,Non-Smoker,Normoglycemic,Stage 1 HTN,High
60-79,Female,Non-Smoker,Diabetic,Stage 2 HTN,High
40-59,Male,Non-Smoker,Normoglycemic,Normal,Desirable
20-39,Male,Non-Smoker,Normoglycemic,Elevated,Desirable
60-79,Male,Non-Smoker,Normoglycemic,Normal,Desirable
20-39,Male,Non-Smoker,Normoglycemic,Elevated,High
40-59,Male,Non-Smoker,Normoglycemic,Elevated,Desirable
20-39,Male,Non-Smoker,Normoglycemic,Stage 1 HTN,Desirable
40-59,Male,Non-Smoker,Normoglycemic,Normal,Borderline High
40-59,Female,Non-Smoker,Normoglycemic,Stage 1 HTN,Very High
20-39,Male,Non-Smoker,Normoglycemic,Normal,Desirable
20-39,Female,Non-Smoker,Normoglycemic,Elevated,High
40-59,Male,Current Smoker,Diabetic,Stage 2 HTN,Very High
60-79,Male,Non-Smoker,Diabetic,Stage 2 HTN,High
80+,Male,Current Smoker,Diabetic,Stage 2 HTN,Very High
80+,Female,Non-Smoker,Diabetic,Stage 1 HTN,Very High
20-39,Female,Current Smoker,Normoglycemic,Elevated,Very High
20-39,Male,Current Smoker,Normoglycemic,Stage 2 HTN,Desirable
40-59,Male,Current Smoker,Normoglycemic,Normal,Desirable
80+,Female,Current Smoker,Diabetic,Stage 2 HTN,Very High
60-79,Female,Non-Smoker,Normoglycemic,Normal,Borderline High
60-79,Female,Non-Smoker,Diabetic,Elevated,Borderline High
40-59,Female,Non-Smoker,Normoglycemic,Normal,Desirable
20-39,Female,Non-Smoker,Normoglycemic,Normal,Borderline High
20-39,Female,Non-Smoker,Diabetic,Stage 2 HTN,Very High
20-39,Male,Non-Smoker,Normoglycemic,Normal,Borderline High
40-59,Male,Current Smoker,Diabetic,Stage 2 HTN,High
20-39,Female,Current Smoker,Normoglycemic,Stage 2 HTN,High
60-79,Male,Non-Smoker,Diabetic,Stage 2 HTN,Very High
20-39,Female,Non-Smoker,Normoglycemic,Normal,Desirable
60-79,Male,Current Smoker,Normoglycemic,Elevated,Borderline High
20-39,Female,Non-Smoker,Normoglycemic,Stage 1 HTN,Borderline High
20-39,Male,Non-Smoker,Normoglycemic,Elevated,High
20-39,Male,Current Smoker,Normoglycemic,Normal,Borderline High
40-59,Male,Current Smoker,Normoglycemic,Normal,High
20-39,Male,Non-Smoker,Diabetic,Stage 2 HTN,High
60-79,Female,Non-Smoker,Normoglycemic,Stage 1 HTN,Desirable
60-79,Male,Non-Smoker,Diabetic,Stage 1 HTN,Borderline High
20-39,Female,Non-Smoker,Normoglycemic,Normal,Desirable
20-39,Female,Non-Smoker,Normoglycemic,Normal,Desirable
40-59,Male,Non-Smoker,Normoglycemic,Elevated,Desirable
20-39,Male,Non-Smoker,Normoglycemic,Elevated,Desirable
20-39,Male,Non-Smoker,Normoglycemic,Normal,Desirable
60-79,Male,Non-Smoker,Normoglycemic,Normal,Very High
40-59,Female,Non-Smoker,Diabetic,Stage 1 HTN,High
40-59,Female,Non-Smoker,Diabetic,Stage 2 HTN,Very High
60-79,Male,Current Smoker,Normoglycemic,Normal,Desirable
40-59,Female,Non-Smoker,Normoglycemic,Normal,Desirable
40-59,Female,Current Smoker,Diabetic,Stage 1 HTN,High
60-79,Female,Current Smoker,Normoglycemic,Normal,Borderline High
20-39,Female,Current Smoker,Normoglycemic,Normal,Borderline High
20-39,Male,Non-Smoker,Diabetic,Stage 2 HTN,Very High
40-59,Female,Non-Smoker,Normoglycemic,Normal,Desirable
40-59,Male,Non-Smoker,Normoglycemic,Normal,Desirable
40-59,Male,Non-Smoker,Diabetic,Stage 2 HTN,Very High
40-59,Male,Non-Smoker,Normoglycemic,Normal,Borderline High
80+,Male,Non-Smoker,Normoglycemic,Normal,Borderline High
60-79,Male,Non-Smoker,Normoglycemic,Normal,High
20-39,Female,Non-Smoker,Normoglycemic,Normal,Very High
60-79,Female,Non-Smoker,Normoglycemic,Normal,Very High
40-59,Male,Non-Smoker,Diabetic,Stage 2 HTN,High
20-39,Female,Non-Smoker,Normoglycemic,Normal,Desirable
60-79,Male,Non-Smoker,Diabetic,Stage 2 HTN,High
20-39,Female,Non-Smoker,Normoglycemic,Normal,High
20-39,Female,Non-Smoker,Normoglycemic,Elevated,Desirable
20-39,Male,Non-Smoker,Normoglycemic,Normal,Desirable
40-59,Male,Non-Smoker,Diabetic,Stage 1 HTN,Very High
20-39,Female,Non-Smoker,Normoglycemic,Elevated,High
40-59,Female,Non-Smoker,Normoglycemic,Elevated,Desirable
40-59,Female,Non-Smoker,Normoglycemic,Normal,Borderline High
80+,Male,Current Smoker,Diabetic,Stage 1 HTN,Very High
60-79,Male,Non-Smoker,Normoglycemic,Elevated,Desirable
20-39,Male,Non-Smoker,Normoglycemic,Stage 1 HTN,High
60-79,Male,Current Smoker,Normoglycemic,Normal,High
40-59,Male,Non-Smoker,Normoglycemic,Normal,Desirable
20-39,Male,Non-Smoker,Normoglycemic,Normal,Borderline High
20-39,Male,Current Smoker,Normoglycemic,Stage 1 HTN,Desirable
40-59,Female,Non-Smoker,Normoglycemic,Elevated,Very High
40-59,Male,Non-Smoker,Normoglycemic,Normal,Desirable
40-59,Female,Non-Smoker,Normoglycemic,Normal,Desirable
20-39,Male,Non-Smoker,Normoglycemic,Stage 1 HTN,Borderline High
40-59,Male,Current Smoker,Normoglycemic,Elevated,High
40-59,Male,Non-Smoker,Normoglycemic,Elevated,High
20-39,Female,Non-Smoker,Normoglycemic,Normal,Borderline High
40-59,Female,Non-Smoker,Diabetic,Elevated,Very High
40-59,Male,Non-Smoker,Normoglycemic,Normal,Desirable
80+,Female,Non-Smoker,Diabetic,Stage 2 HTN,High
20-39,Male,Current Smoker,Normoglycemic,Normal,Desirable
20-39,Female,Non-Smoker,Normoglycemic,Stage 1 HTN,Very High
60-79,Female,Non-Smoker,Diabetic,Elevated,High
20-39,Male,Non-Smoker,Normoglycemic,Normal,Desirable
20-39,Male,Non-Smoker,Normoglycemic,Stage 1 HTN,High
20-39,Male,Non-Smoker,Normoglycemic,Normal,Desirable
40-59,Female,Current Smoker,Normoglycemic,Normal,Very High
40-59,Male,Non-Smoker,Normoglycemic,Normal,High
40-59,Male,Current Smoker,Diabetic,Stage 2 HTN,Desirable
40-59,Male,Non-Smoker,Normoglycemic,Normal,Desirable
20-39,Female,Non-Smoker,Normoglycemic,Normal,High
40-59,Female,Non-Smoker,Diabetic,Stage 1 HTN,Very High
20-39,Female,Non-Smoker,Normoglycemic,Stage 2 HTN,Desirable
80+,Female,Non-Smoker,Normoglycemic,Normal,Very High
20-39,Male,Non-Smoker,Normoglycemic,Normal,Desirable
20-39,Male,Non-Smoker,Diabetic,Stage 2 HTN,Very High
60-79,Female,Non-Smoker,Diabetic,Stage 2 HTN,High
40-59,Male,Non-Smoker,Normoglycemic,Elevated,Desirable
60-79,Male,Non-Smoker,Diabetic,Stage 2 HTN,Borderline High
20-39,Female,Current Smoker,Diabetic,Stage 2 HTN,Very High
40-59,Female,Non-Smoker,Normoglycemic,Elevated,Borderline High
40-59,Male,Non-Smoker,Normoglycemic,Normal,Borderline High
40-59,Male,Current Smoker,Normoglycemic,Elevated,Desirable
80+,Female,Current Smoker,Normoglycemic,Normal,Borderline High
40-59,Female,Non-Smoker,Diabetic,Stage 2 HTN,Very High
40-59,Male,Non-Smoker,Normoglycemic,Normal,Borderline High
20-39,Female,Non-Smoker,Normoglycemic,Normal,Desirable
40-59,Male,Current Smoker,Normoglycemic,Normal,High
40-59,Female,Current Smoker,Normoglycemic,Normal,Desirable
60-79,Male,Non-Smoker,Diabetic,Stage 2 HTN,High
40-59,Male,Non-Smoker,Diabetic,Stage 2 HTN,High
20-39,Female,Non-Smoker,Diabetic,Stage 2 HTN,Borderline High
60-79,Male,Non-Smoker,Normoglycemic,Normal,Desirable
20-39,Male,Non-Smoker,Normoglycemic,Stage 2 HTN,Desirable
60-79,Male,Non-Smoker,Diabetic,Stage 2 HTN,Very High
20-39,Female,Non-Smoker,Normoglycemic,Normal,Desirable
60-79,Male,Non-Smoker,Normoglycemic,Elevated,Desirable
40-59,Male,Non-Smoker,Diabetic,Stage 2 HTN,High
20-39,Female,Non-Smoker,Normoglycemic,Normal,Desirable
60-79,Male,Current Smoker,Diabetic,Stage 2 HTN,High
20-39,Female,Non-Smoker,Normoglycemic,Normal,Desirable
40-59,Male,Current Smoker,Normoglycemic,Normal,High
20-39,Male,Current Smoker,Normoglycemic,Normal,Borderline High
40-59,Male,Current Smoker,Normoglycemic,Normal,Desirable
40-59,Female,Non-Smoker,Normoglycemic,Normal,Desirable
20-39,Female,Current Smoker,Normoglycemic,Elevated,Desirable
40-59,Male,Non-Smoker,Normoglycemic,Normal,High
40-59,Female,Current Smoker,Normoglycemic,Normal,Very High
60-79,Male,Current Smoker,Diabetic,Stage 2 HTN,High
40-59,Male,Non-Smoker,Normoglycemic,Normal,High
40-59,Male,Current Smoker,Normoglycemic,Normal,High
40-59,Male,Non-Smoker,Normoglycemic,Normal,Borderline High
40-59,Female,Non-Smoker,Normoglycemic,Normal,Borderline High
40-59,Female,Non-Smoker,Diabetic,Stage 2 HTN,Borderline High
40-59,Female,Non-Smoker,Normoglycemic,Normal,Desirable
40-59,Male,Non-Smoker,Normoglycemic,Normal,Borderline High
20-39,Female,Non-Smoker,Normoglycemic,Normal,Borderline High
40-59,Male,Non-Smoker,Diabetic,Stage 2 HTN,Very High
60-79,Female,Non-Smoker,Diabetic,Stage 2 HTN,High
20-39,Male,Current Smoker,Diabetic,Stage 1 HTN,Very High
60-79,Female,Non-Smoker,Diabetic,Stage 2 HTN,High
80+,Male,Non-Smoker,Normoglycemic,Normal,High
20-39,Male,Non-Smoker,Normoglycemic,Elevated,Borderline High
60-79,Female,Non-Smoker,Diabetic,Elevated,Borderline High
20-39,Female,Non-Smoker,Normoglycemic,Normal,Desirable
60-79,Male,Non-Smoker,Normoglycemic,Normal,High
20-39,Female,Non-Smoker,Normoglycemic,Normal,Very High
20-39,Male,Current Smoker,Normoglycemic,Normal,Desirable
40-59,Male,Current Smoker,Normoglycemic,Elevated,Desirable
60-79,Female,Current Smoker,Diabetic,Stage 2 HTN,Desirable
60-79,Male,Non-Smoker,Normoglycemic,Normal,Desirable
20-39,Female,Non-Smoker,Normoglycemic,Normal,Borderline High
20-39,Female,Non-Smoker,Normoglycemic,Normal,Desirable
60-79,Female,Current Smoker,Diabetic,Elevated,High
40-59,Female,Non-Smoker,Diabetic,Stage 2 HTN,High
80+,Male,Current Smoker,Normoglycemic,Normal,High
20-39,Male,Non-Smoker,Normoglycemic,Normal,Desirable
20-39,Female,Non-Smoker,Diabetic,Stage 2 HTN,Very High
60-79,Female,Non-Smoker,Diabetic,Elevated,Very High
20-39,Female,Current Smoker,Diabetic,Stage 2 HTN,High
60-79,Female,Non-Smoker,Diabetic,Stage 1 HTN,High
40-59,Male,Non-Smoker,Diabetic,Stage 2 HTN,Very High
40-59,Male,Current Smoker,Normoglycemic,Normal,High
40-59,Male,Non-Smoker,Normoglycemic,Normal,Borderline High
60-79,Female,Non-Smoker,Normoglycemic,Normal,High
20-39,Male,Current Smoker,Diabetic,Stage 2 HTN,Borderline High
60-79,Female,Non-Smoker,Diabetic,Stage 1 HTN,Very High
40-59,Male,Non-Smoker,Normoglycemic,Elevated,High
40-59,Female,Non-Smoker,Normoglycemic,Normal,Borderline High
40-59,Male,Current Smoker,Normoglycemic,Normal,Desirable
40-59,Female,Non-Smoker,Normoglycemic,Stage 1 HTN,Desirable
20-39,Male,Non-Smoker,Normoglycemic,Normal,Desirable
20-39,Male,Non-Smoker,Diabetic,Stage 1 HTN,Very High
60-79,Male,Non-Smoker,Normoglycemic,Normal,Borderline High
80+,Male,Non-Smoker,Normoglycemic,Normal,Desirable
60-79,Male,Non-Smoker,Diabetic,Stage 2 HTN,Borderline High
20-39,Male,Non-Smoker,Normoglycemic,Normal,Borderline High
20-39,Female,Non-Smoker,Normoglycemic,Stage 2 HTN,Very High
40-59,Male,Non-Smoker,Normoglycemic,Normal,High
20-39,Male,Current Smoker,Normoglycemic,Stage 2 HTN,Borderline High
60-79,Male,Non-Smoker,Diabetic,Stage 2 HTN,High
40-59,Female,Non-Smoker,Normoglycemic,Normal,Desirable
20-39,Female,Current Smoker,Normoglycemic,Normal,Desirable
60-79,Male,Non-Smoker,Diabetic,Stage 2 HTN,High
40-59,Female,Non-Smoker,Diabetic,Stage 2 HTN,Borderline High
40-59,Female,Current Smoker,Normoglycemic,Stage 1 HTN,Desirable
60-79,Female,Non-Smoker,Normoglycemic,Stage 1 HTN,Desirable
80+,Male,Non-Smoker,Normoglycemic,Elevated,Borderline High
40-59,Male,Non-Smoker,Normoglycemic,Normal,Desirable
20-39,Male,Current Smoker,Normoglycemic,Stage 2 HTN,Desirable
40-59,Female,Current Smoker,Diabetic,Stage 1 HTN,High
20-39,Male,Non-Smoker,Diabetic,Stage 1 HTN,Very High
60-79,Male,Current Smoker,Diabetic,Stage 2 HTN,High
60-79,Female,Non-Smoker,Diabetic,Stage 2 HTN,Very High
60-79,Female,Non-Smoker,Diabetic,Stage 2 HTN,Borderline High
40-59,Male,Non-Smoker,Normoglycemic,Normal,High
20-39,Male,Non-Smoker,Normoglycemic,Stage 1 HTN,Desirable
60-79,Female,Non-Smoker,Diabetic,Stage 2 HTN,Very High
80+,Female,Non-Smoker,Normoglycemic,Normal,Borderline High
60-79,Male,Non-Smoker,Diabetic,Stage 2 HTN,Very High
20-39,Female,Non-Smoker,Diabetic,Elevated,Very High
60-79,Female,Non-Smoker,Diabetic,Normal,High
20-39,Female,Non-Smoker,Normoglycemic,Elevated,Desirable
20-39,Female,Non-Smoker,Normoglycemic,Normal,Desirable
40-59,Male,Current Smoker,Normoglycemic,Elevated,Desirable
40-59,Female,Non-Smoker,Normoglycemic,Normal,Borderline High
40-59,Male,Non-Smoker,Diabetic,Stage 2 HTN,High
20-39,Female,Non-Smoker,Normoglycemic,Normal,Desirable
60-79,Male,Non-Smoker,Diabetic,Stage 1 HTN,Borderline High
20-39,Female,Non-Smoker,Normoglycemic,Elevated,Very High
20-39,Male,Current Smoker,Normoglycemic,Normal,High
20-39,Female,Non-Smoker,Diabetic,Stage 2 HTN,Very High
20-39,Female,Current Smoker,Normoglycemic,Elevated,Desirable
60-79,Female,Current Smoker,Normoglycemic,Normal,Very High
20-39,Female,Non-Smoker,Normoglycemic,Normal,Borderline High
60-79,Male,Non-Smoker,Diabetic,Stage 1 HTN,High
40-59,Female,Non-Smoker,Normoglycemic,Elevated,High
60-79,Male,Non-Smoker,Normoglycemic,Normal,Borderline High
20-39,Female,Non-Smoker,Normoglycemic,Normal,Borderline High
20-39,Female,Non-Smoker,Normoglycemic,Normal,Desirable
20-39,Male,Non-Smoker,Normoglycemic,Normal,High
40-59,Female,Non-Smoker,Normoglycemic,Elevated,Borderline High
60-79,Female,Current Smoker,Normoglycemic,Stage 1 HTN,Borderline High
60-79,Male,Non-Smoker,Normoglycemic,Stage 2 HTN,Desirable
40-59,Male,Current Smoker,Normoglycemic,Normal,Borderline High
40-59,Male,Non-Smoker,Normoglycemic,Normal,Desirable
40-59,Male,Current Smoker,Normoglycemic,Normal,High
40-59,Female,Non-Smoker,Normoglycemic,Stage 1 HTN,Borderline High
40-59,Female,Non-Smoker,Diabetic,Stage 2 HTN,High
40-59,Male,Current Smoker,Diabetic,Stage 2 HTN,High
40-59,Male,Current Smoker,Normoglycemic,Elevated,Desirable
20-39,Female,Non-Smoker,Diabetic,Stage 2 HTN,High
20-39,Male,Non-Smoker,Normoglycemic,Normal,Borderline High
40-59,Female,Non-Smoker,Normoglycemic,Elevated,Very High
20-39,Male,Current Smoker,Normoglycemic,Stage 1 HTN,Desirable
40-59,Male,Non-Smoker,Normoglycemic,Normal,Desirable
60-79,Male,Non-Smoker,Diabetic,Stage 1 HTN,Very High
40-59,Female,Non-Smoker,Normoglycemic,Normal,Borderline High
60-79,Female,Current Smoker,Normoglycemic,Normal,High
60-79,Male,Non-Smoker,Diabetic,Stage 2 HTN,Very High
20-39,Female,Non-Smoker,Normoglycemic,Stage 2 HTN,Borderline High
60-79,Female,Non-Smoker,Diabetic,Stage 2 HTN,High
40-59,Female,Non-Smoker,Normoglycemic,Elevated,Desirable
20-39,Female,Current Smoker,Diabetic,Stage 2 HTN,High
60-79,Male,Non-Smoker,Normoglycemic,Normal,High
40-59,Male,Non-Smoker,Normoglycemic,Normal,Borderline High
20-39,Female,Non-Smoker,Normoglycemic,Normal,High
20-39,Female,Non-Smoker,Normoglycemic,Normal,Desirable
20-39,Female,Non-Smoker,Normoglycemic,Normal,Borderline High
20-39,Female,Current Smoker,Normoglycemic,Normal,Desirable
20-39,Female,Non-Smoker,Normoglycemic,Normal,Desirable
60-79,Female,Non-Smoker,Normoglycemic,Normal,Desirable
80+,Male,Non-Smoker,Normoglycemic,Normal,Desirable
20-39,Female,Non-Smoker,Normoglycemic,Normal,Borderline High
20-39,Male,Non-Smoker,Normoglycemic,Normal,High
20-39,Female,Non-Smoker,Normoglycemic,Normal,Desirable
40-59,Male,Current Smoker,Normoglycemic,Normal,Very High
60-79,Male,Current Smoker,Normoglycemic,Normal,High
60-79,Female,Non-Smoker,Normoglycemic,Stage 1 HTN,Desirable
40-59,Female,Non-Smoker,Normoglycemic,Elevated,Borderline High
20-39,Male,Non-Smoker,Normoglycemic,Normal,Desirable
60-79,Male,Non-Smoker,Diabetic,Stage 2 HTN,High
20-39,Female,Current Smoker,Normoglycemic,Normal,Borderline High
60-79,Male,Non-Smoker,Normoglycemic,Stage 2 HTN,Desirable
60-79,Male,Non-Smoker,Normoglycemic,Stage 1 HTN,High
20-39,Female,Current Smoker,Normoglycemic,Normal,Desirable
60-79,Female,Non-Smoker,Normoglycemic,Normal,Very High
60-79,Female,Current Smoker,Normoglycemic,Normal,Desirable
20-39,Female,Non-Smoker,Normoglycemic,Normal,Desirable
20-39,Male,Non-Smoker,Normoglycemic,Normal,High
20-39,Male,Current Smoker,Normoglycemic,Normal,Desirable
20-39,Female,Non-Smoker,Normoglycemic,Normal,Desirable
60-79,Male,Non-Smoker,Diabetic,Stage 1 HTN,Very High
60-79,Female,Current Smoker,Normoglycemic,Normal,Borderline High
40-59,Female,Current Smoker,Normoglycemic,Stage 1 HTN,High
20-39,Male,Non-Smoker,Normoglycemic,Normal,Borderline High
20-39,Female,Non-Smoker,Normoglycemic,Normal,Desirable
20-39,Male,Current Smoker,Normoglycemic,Normal,Desirable
60-79,Female,Non-Smoker,Normoglycemic,Normal,Borderline High
20-39,Male,Current Smoker,Normoglycemic,Normal,Desirable
20-39,Female,Non-Smoker,Normoglycemic,Normal,Desirable
60-79,Female,Non-Smoker,Diabetic,Stage 2 HTN,High
20-39,Female,Current Smoker,Normoglycemic,Stage 1 HTN,High
40-59,Male,Non-Smoker,Normoglycemic,Elevated,High
20-39,Female,Non-Smoker,Normoglycemic,Normal,Borderline High
60-79,Female,Non-Smoker,Diabetic,Stage 2 HTN,High
20-39,Female,Non-Smoker,Normoglycemic,Normal,Desirable
40-59,Male,Current Smoker,Normoglycemic,Elevated,High
20-39,Female,Non-Smoker,Normoglycemic,Normal,Desirable
20-39,Female,Non-Smoker,Normoglycemic,Normal,Very High
60-79,Male,Current Smoker,Normoglycemic,Stage 1 HTN,Desirable
20-39,Male,Non-Smoker,Normoglycemic,Normal,High
60-79,Female,Non-Smoker,Normoglycemic,Normal,Borderline High
40-59,Male,Non-Smoker,Normoglycemic,Normal,Desirable
80+,Male,Current Smoker,Normoglycemic,Normal,Desirable
40-59,Male,Non-Smoker,Diabetic,Stage 2 HTN,Desirable
80+,Female,Non-Smoker,Normoglycemic,Normal,Desirable
60-79,Male,Current Smoker,Normoglycemic,Normal,Desirable
20-39,Female,Non-Smoker,Diabetic,Stage 2 HTN,High
20-39,Male,Current Smoker,Diabetic,Stage 2 HTN,High
40-59,Male,Current Smoker,Diabetic,Stage 2 HTN,High
40-59,Male,Non-Smoker,Normoglycemic,Normal,Borderline High
80+,Female,Non-Smoker,Diabetic,Stage 2 HTN,Very High
20-39,Male,Current Smoker,Normoglycemic,Normal,Borderline High
40-59,Female,Current Smoker,Diabetic,Stage 2 HTN,High
20-39,Female,Non-Smoker,Normoglycemic,Normal,High
20-39,Female,Non-Smoker,Normoglycemic,Elevated,High
60-79,Male,Current Smoker,Normoglycemic,Normal,Desirable
80+,Male,Non-Smoker,Diabetic,Stage 2 HTN,High
20-39,Female,Non-Smoker,Normoglycemic,Normal,High
40-59,Female,Non-Smoker,Normoglycemic,Stage 2 HTN,Desirable
40-59,Female,Non-Smoker,Normoglycemic,Normal,Desirable
60-79,Female,Non-Smoker,Diabetic,Stage 2 HTN,High
20-39,Male,Non-Smoker,Normoglycemic,Normal,Borderline High
60-79,Female,Non-Smoker,Normoglycemic,Stage 2 HTN,High
20-39,Female,Non-Smoker,Normoglycemic,Normal,Borderline High
40-59,Male,Current Smoker,Normoglycemic,Elevated,Borderline High
80+,Female,Current Smoker,Normoglycemic,Normal,Desirable
20-39,Female,Non-Smoker,Diabetic,Stage 1 HTN,High
60-79,Female,Non-Smoker,Normoglycemic,Normal,Desirable
20-39,Male,Non-Smoker,Normoglycemic,Normal,Borderline High
40-59,Female,Current Smoker,Diabetic,Elevated,High
20-39,Female,Non-Smoker,Normoglycemic,Normal,Borderline High
20-39,Female,Non-Smoker,Normoglycemic,Normal,Desirable
20-39,Female,Non-Smoker,Normoglycemic,Normal,Borderline High
40-59,Male,Current Smoker,Normoglycemic,Normal,Desirable
80+,Male,Non-Smoker,Normoglycemic,Elevated,Desirable
40-59,Male,Non-Smoker,Diabetic,Stage 2 HTN,High
40-59,Male,Non-Smoker,Normoglycemic,Elevated,Desirable
80+,Female,Non-Smoker,Normoglycemic,Normal,Desirable
40-59,Female,Non-Smoker,Diabetic,Stage 2 HTN,Very High
20-39,Female,Non-Smoker,Normoglycemic,Elevated,Borderline High
40-59,Male,Non-Smoker,Diabetic,Stage 1 HTN,Desirable
20-39,Male,Non-Smoker,Normoglycemic,Normal,Desirable
20-39,Male,Non-Smoker,Normoglycemic,Normal,Desirable
40-59,Female,Non-Smoker,Normoglycemic,Normal,Desirable
80+,Female,Non-Smoker,Normoglycemic,Elevated,Desirable
40-59,Male,Current Smoker,Diabetic,Normal,Borderline High
20-39,Male,Non-Smoker,Normoglycemic,Normal,Desirable
80+,Female,Non-Smoker,Diabetic,Stage 2 HTN,Very High
40-59,Male,Non-Smoker,Normoglycemic,Normal,Borderline High
20-39,Female,Non-Smoker,Normoglycemic,Normal,Borderline High
60-79,Female,Non-Smoker,Normoglycemic,Normal,Desirable
60-79,Male,Current Smoker,Normoglycemic,Normal,Desirable
20-39,Male,Current Smoker,Normoglycemic,Normal,Desirable
20-39,Male,Non-Smoker,Normoglycemic,Normal,Borderline High
60-79,Female,Non-Smoker,Normoglycemic,Normal,Desirable
20-39,Female,Current Smoker,Normoglycemic,Normal,High
20-39,Female,Current Smoker,Normoglycemic,Normal,Borderline High
40-59,Female,Non-Smoker,Diabetic,Stage 1 HTN,High
20-39,Male,Non-Smoker,Normoglycemic,Normal,High
60-79,Female,Non-Smoker,Diabetic,Stage 2 HTN,High
40-59,Female,Non-Smoker,Diabetic,Stage 2 HTN,Very High
40-59,Female,Non-Smoker,Normoglycemic,Normal,Desirable
20-39,Male,Non-Smoker,Normoglycemic,Normal,Desirable
40-59,Male,Non-Smoker,Diabetic,Stage 1 HTN,High
80+,Female,Non-Smoker,Normoglycemic,Normal,Desirable
20-39,Female,Non-Smoker,Diabetic,Stage 2 HTN,High
40-59,Female,Non-Smoker,Normoglycemic,Normal,Desirable
40-59,Female,Non-Smoker,Normoglycemic,Normal,High
80+,Male,Non-Smoker,Diabetic,Stage 2 HTN,Very High
20-39,Male,Current Smoker,Normoglycemic,Stage 1 HTN,Desirable
40-59,Male,Non-Smoker,Normoglycemic,Stage 1 HTN,Desirable
60-79,Female,Non-Smoker,Normoglycemic,Normal,Desirable
40-59,Female,Non-Smoker,Normoglycemic,Elevated,High
20-39,Female,Current Smoker,Diabetic,Stage 2 HTN,High
20-39,Female,Non-Smoker,Normoglycemic,Elevated,Borderline High
20-39,Female,Non-Smoker,Diabetic,Stage 2 HTN,High
40-59,Female,Current Smoker,Normoglycemic,Normal,Desirable
20-39,Male,Non-Smoker,Normoglycemic,Normal,Desirable
40-59,Male,Non-Smoker,Normoglycemic,Normal,Desirable
40-59,Male,Non-Smoker,Normoglycemic,Normal,Desirable
20-39,Female,Non-Smoker,Normoglycemic,Elevated,High
20-39,Female,Non-Smoker,Normoglycemic,Normal,High
20-39,Female,Non-Smoker,Normoglycemic,Normal,Desirable
20-39,Male,Current Smoker,Normoglycemic,Normal,High
20-39,Male,Non-Smoker,Diabetic,Stage 2 HTN,High
40-59,Female,Non-Smoker,Normoglycemic,Normal,Desirable
20-39,Male,Non-Smoker,Normoglycemic,Stage 1 HTN,Very High
60-79,Male,Non-Smoker,Normoglycemic,Normal,Borderline High
60-79,Male,Current Smoker,Normoglycemic,Elevated,Borderline High
20-39,Female,Non-Smoker,Normoglycemic,Elevated,Desirable
20-39,Male,Non-Smoker,Diabetic,Stage 2 HTN,Very High
40-59,Male,Current Smoker,Normoglycemic,Normal,Desirable
60-79,Male,Current Smoker,Normoglycemic,Stage 2 HTN,Desirable
40-59,Female,Non-Smoker,Diabetic,Stage 2 HTN,Very High
20-39,Male,Current Smoker,Normoglycemic,Normal,Desirable
40-59,Male,Current Smoker,Normoglycemic,Normal,Borderline High
20-39,Male,Non-Smoker,Normoglycemic,Normal,Borderline High
20-39,Male,Non-Smoker,Normoglycemic,Normal,Borderline High
60-79,Female,Non-Smoker,Diabetic,Stage 2 HTN,Very High
40-59,Male,Non-Smoker,Normoglycemic,Normal,Desirable
20-39,Female,Current Smoker,Normoglycemic,Normal,Borderline High
20-39,Female,Non-Smoker,Normoglycemic,Stage 1 HTN,Desirable
20-39,Male,Non-Smoker,Normoglycemic,Normal,Desirable
40-59,Male,Non-Smoker,Normoglycemic,Elevated,Desirable
20-39,Female,Non-Smoker,Normoglycemic,Normal,Very High
40-59,Female,Non-Smoker,Normoglycemic,Normal,Desirable
40-59,Female,Non-Smoker,Normoglycemic,Stage 1 HTN,Very High
60-79,Male,Non-Smoker,Normoglycemic,Elevated,Borderline High
20-39,Male,Current Smoker,Diabetic,Stage 2 HTN,Borderline High
20-39,Female,Non-Smoker,Diabetic,Stage 1 HTN,High
40-59,Female,Non-Smoker,Normoglycemic,Elevated,Borderline High
20-39,Female,Non-Smoker,Normoglycemic,Normal,Borderline High
40-59,Female,Non-Smoker,Normoglycemic,Stage 1 HTN,Desirable
60-79,Male,Current Smoker,Normoglycemic,Normal,High
60-79,Female,Current Smoker,Diabetic,Stage 1 HTN,Very High
20-39,Male,Current Smoker,Normoglycemic,Stage 2 HTN,Desirable
40-59,Female,Non-Smoker,Normoglycemic,Stage 1 HTN,High
20-39,Male,Non-Smoker,Normoglycemic,Stage 1 HTN,Borderline High
20-39,Male,Non-Smoker,Normoglycemic,Normal,Very High
40-59,Male,Non-Smoker,Normoglycemic,Stage 2 HTN,Borderline High
20-39,Male,Non-Smoker,Normoglycemic,Normal,Very High
40-59,Male,Non-Smoker,Normoglycemic,Normal,Very High
20-39,Male,Non-Smoker,Normoglycemic,Stage 1 HTN,Desirable
20-39,Female,Non-Smoker,Normoglycemic,Normal,Borderline High
60-79,Female,Non-Smoker,Normoglycemic,Normal,Desirable
80+,Female,Non-Smoker,Diabetic,Stage 2 HTN,High
60-79,Male,Current Smoker,Normoglycemic,Normal,Desirable
40-59,Male,Non-Smoker,Diabetic,Stage 2 HTN,High
20-39,Female,Non-Smoker,Normoglycemic,Elevated,Desirable
20-39,Female,Current Smoker,Normoglycemic,Stage 1 HTN,High
60-79,Female,Current Smoker,Diabetic,Stage 1 HTN,Very High
20-39,Male,Current Smoker,Normoglycemic,Normal,Borderline High
60-79,Female,Current Smoker,Diabetic,Stage 2 HTN,Borderline High
60-79,Male,Current Smoker,Diabetic,Stage 1 HTN,Very High
80+,Male,Current Smoker,Diabetic,Stage 2 HTN,Very High
40-59,Female,Current Smoker,Normoglycemic,Normal,Borderline High
20-39,Male,Non-Smoker,Normoglycemic,Normal,High
60-79,Male,Current Smoker,Normoglycemic,Normal,Borderline High
20-39,Male,Non-Smoker,Normoglycemic,Normal,Desirable
20-39,Male,Non-Smoker,Normoglycemic,Normal,Desirable
60-79,Female,Non-Smoker,Normoglycemic,Normal,High
60-79,Female,Non-Smoker,Diabetic,Stage 1 HTN,Borderline High
20-39,Female,Current Smoker,Normoglycemic,Elevated,Borderline High
20-39,Female,Non-Smoker,Normoglycemic,Elevated,Desirable
40-59,Male,Current Smoker,Normoglycemic,Normal,High
60-79,Male,Current Smoker,Normoglycemic,Normal,Desirable
20-39,Female,Non-Smoker,Diabetic,Stage 2 HTN,Very High
40-59,Female,Non-Smoker,Normoglycemic,Normal,Very High
20-39,Female,Non-Smoker,Normoglycemic,Normal,High
40-59,Female,Non-Smoker,Normoglycemic,Normal,Borderline High
60-79,Male,Non-Smoker,Normoglycemic,Normal,Desirable
20-39,Female,Non-Smoker,Normoglycemic,Normal,Desirable
40-59,Female,Non-Smoker,Normoglycemic,Elevated,Very High
60-79,Male,Current Smoker,Diabetic,Stage 2 HTN,Borderline High
40-59,Female,Non-Smoker,Diabetic,Stage 2 HTN,High
20-39,Male,Non-Smoker,Normoglycemic,Elevated,Desirable
20-39,Female,Non-Smoker,Normoglycemic,Elevated,High
40-59,Female,Current Smoker,Normoglycemic,Elevated,Borderline High
40-59,Male,Non-Smoker,Normoglycemic,Normal,Desirable
60-79,Male,Current Smoker,Normoglycemic,Normal,High
60-79,Female,Non-Smoker,Normoglycemic,Normal,Very High
40-59,Male,Current Smoker,Normoglycemic,Normal,Borderline High
20-39,Female,Current Smoker,Normoglycemic,Normal,Borderline High
60-79,Male,Non-Smoker,Diabetic,Stage 2 HTN,Borderline High
40-59,Male,Non-Smoker,Diabetic,Stage 2 HTN,Very High
20-39,Male,Non-Smoker,Normoglycemic,Normal,Borderline High
20-39,Female,Non-Smoker,Normoglycemic,Normal,Desirable
40-59,Female,Non-Smoker,Diabetic,Stage 1 HTN,Borderline High
20-39,Male,Current Smoker,Normoglycemic,Normal,High
20-39,Female,Non-Smoker,Normoglycemic,Elevated,Desirable
80+,Female,Non-Smoker,Normoglycemic,Normal,Borderline High
20-39,Female,Non-Smoker,Normoglycemic,Normal,Desirable
60-79,Male,Current Smoker,Diabetic,Stage 2 HTN,Borderline High
40-59,Male,Current Smoker,Diabetic,Stage 2 HTN,Borderline High
60-79,Male,Non-Smoker,Normoglycemic,Elevated,Borderline High
20-39,Male,Non-Smoker,Normoglycemic,Normal,High
20-39,Female,Non-Smoker,Normoglycemic,Normal,Desirable
40-59,Male,Current Smoker,Diabetic,Stage 2 HTN,Desirable
60-79,Male,Non-Smoker,Diabetic,Stage 2 HTN,Very High
20-39,Male,Current Smoker,Normoglycemic,Normal,Borderline High
80+,Male,Non-Smoker,Normoglycemic,Normal,High
20-39,Female,Non-Smoker,Normoglycemic,Normal,Desirable
60-79,Male,Non-Smoker,Diabetic,Stage 2 HTN,Very High
40-59,Male,Non-Smoker,Diabetic,Stage 2 HTN,High
40-59,Male,Current Smoker,Diabetic,Stage 2 HTN,Desirable
20-39,Female,Non-Smoker,Normoglycemic,Stage 1 HTN,High
40-59,Female,Non-Smoker,Normoglycemic,Normal,Desirable
80+,Male,Non-Smoker,Normoglycemic,Normal,Desirable
20-39,Female,Non-Smoker,Normoglycemic,Elevated,High
40-59,Male,Current Smoker,Normoglycemic,Normal,Very High
20-39,Female,Current Smoker,Normoglycemic,Elevated,Desirable
60-79,Male,Non-Smoker,Normoglycemic,Normal,Borderline High
60-79,Male,Non-Smoker,Normoglycemic,Normal,Borderline High
20-39,Female,Non-Smoker,Normoglycemic,Stage 1 HTN,Desirable
40-59,Female,Current Smoker,Normoglycemic,Normal,Desirable
20-39,Male,Current Smoker,Normoglycemic,Elevated,Desirable
40-59,Female,Non-Smoker,Diabetic,Elevated,High
20-39,Female,Current Smoker,Normoglycemic,Normal,Desirable
20-39,Male,Non-Smoker,Normoglycemic,Elevated,Borderline High
20-39,Female,Non-Smoker,Normoglycemic,Elevated,Borderline High
40-59,Female,Non-Smoker,Normoglycemic,Normal,High
40-59,Male,Non-Smoker,Normoglycemic,Elevated,Desirable
20-39,Male,Current Smoker,Normoglycemic,Stage 2 HTN,Borderline High
60-79,Female,Non-Smoker,Normoglycemic,Normal,Desirable
60-79,Male,Non-Smoker,Diabetic,Stage 2 HTN,High
20-39,Female,Non-Smoker,Normoglycemic,Normal,Desirable
40-59,Female,Current Smoker,Diabetic,Stage 2 HTN,Very High
20-39,Female,Non-Smoker,Normoglycemic,Normal,Desirable
40-59,Female,Non-Smoker,Normoglycemic,Normal,High
60-79,Female,Non-Smoker,Diabetic,Stage 2 HTN,High
20-39,Female,Non-Smoker,Normoglycemic,Normal,Borderline High
60-79,Female,Non-Smoker,Diabetic,Stage 2 HTN,Very High
60-79,Male,Current Smoker,Normoglycemic,Stage 1 HTN,Desirable
40-59,Female,Current Smoker,Normoglycemic,Normal,Desirable
40-59,Female,Non-Smoker,Normoglycemic,Elevated,Borderline High
40-59,Male,Non-Smoker,Normoglycemic,Normal,High
40-59,Male,Non-Smoker,Normoglycemic,Normal,Desirable
60-79,Male,Non-Smoker,Diabetic,Stage 2 HTN,High
20-39,Female,Current Smoker,Diabetic,Stage 1 HTN,High
40-59,Male,Non-Smoker,Normoglycemic,Stage 1 HTN,Desirable
20-39,Male,Non-Smoker,Normoglycemic,Elevated,Very High
60-79,Female,Current Smoker,Diabetic,Stage 2 HTN,Borderline High
60-79,Female,Non-Smoker,Normoglycemic,Normal,Borderline High
20-39,Female,Non-Smoker,Normoglycemic,Normal,Borderline High
20-39,Male,Non-Smoker,Diabetic,Stage 2 HTN,Very High
60-79,Male,Non-Smoker,Normoglycemic,Normal,Borderline High
60-79,Male,Non-Smoker,Normoglycemic,Normal,Desirable
40-59,Male,Current Smoker,Normoglycemic,Stage 2 HTN,Desirable
20-39,Male,Non-Smoker,Normoglycemic,Normal,Desirable
40-59,Male,Non-Smoker,Normoglycemic,Normal,Desirable
40-59,Female,Non-Smoker,Normoglycemic,Normal,Very High
20-39,Female,Non-Smoker,Normoglycemic,Normal,Desirable
80+,Female,Non-Smoker,Normoglycemic,Stage 1 HTN,Borderline High
60-79,Male,Non-Smoker,Diabetic,Stage 2 HTN,High
60-79,Male,Current Smoker,Normoglycemic,Elevated,Borderline High
60-79,Female,Non-Smoker,Normoglycemic,Normal,Very High
80+,Female,Current Smoker,Normoglycemic,Stage 2 HTN,Desirable
20-39,Male,Non-Smoker,Diabetic,Stage 2 HTN,Borderline High
40-59,Male,Non-Smoker,Normoglycemic,Stage 1 HTN,Borderline High
20-39,Male,Non-Smoker,Normoglycemic,Normal,Very High
40-59,Female,Current Smoker,Normoglycemic,Elevated,Desirable
20-39,Female,Current Smoker,Normoglycemic,Normal,Desirable
20-39,Female,Current Smoker,Normoglycemic,Elevated,Desirable
20-39,Female,Non-Smoker,Normoglycemic,Normal,High
60-79,Male,Non-Smoker,Normoglycemic,Normal,Desirable
20-39,Female,Non-Smoker,Normoglycemic,Normal,Borderline High
20-39,Male,Non-Smoker,Diabetic,Stage 2 HTN,Very High
60-79,Male,Non-Smoker,Normoglycemic,Normal,Borderline High
20-39,Female,Current Smoker,Normoglycemic,Elevated,Desirable
20-39,Male,Current Smoker,Diabetic,Stage 2 HTN,High
20-39,Female,Non-Smoker,Normoglycemic,Elevated,Borderline High
60-79,Female,Non-Smoker,Diabetic,Stage 2 HTN,Very High
40-59,Male,Non-Smoker,Normoglycemic,Normal,Very High
20-39,Male,Non-Smoker,Normoglycemic,Elevated,High
40-59,Female,Non-Smoker,Normoglycemic,Normal,Desirable
40-59,Female,Non-Smoker,Normoglycemic,Normal,Borderline High
20-39,Male,Current Smoker,Normoglycemic,Normal,High
40-59,Male,Non-Smoker,Normoglycemic,Normal,Borderline High
20-39,Male,Current Smoker,Normoglycemic,Stage 2 HTN,Borderline High
80+,Female,Non-Smoker,Normoglycemic,Normal,Borderline High
20-39,Female,Non-Smoker,Normoglycemic,Normal,Desirable
20-39,Female,Non-Smoker,Normoglycemic,Stage 2 HTN,Very High
20-39,Female,Non-Smoker,Normoglycemic,Normal,Desirable
20-39,Female,Non-Smoker,Diabetic,Stage 2 HTN,Borderline High
40-59,Male,Current Smoker,Normoglycemic,Normal,Desirable
20-39,Female,Non-Smoker,Normoglycemic,Stage 2 HTN,Borderline High
60-79,Female,Non-Smoker,Normoglycemic,Elevated,Borderline High
40-59,Female,Non-Smoker,Normoglycemic,Normal,Desirable
40-59,Female,Non-Smoker,Normoglycemic,Normal,Desirable
20-39,Male,Non-Smoker,Normoglycemic,Normal,Borderline High
20-39,Female,Non-Smoker,Diabetic,Stage 1 HTN,Very High
40-59,Male,Non-Smoker,Normoglycemic,Normal,High
40-59,Male,Current Smoker,Normoglycemic,Normal,High
60-79,Female,Non-Smoker,Normoglycemic,Normal,Borderline High
40-59,Female,Current Smoker,Normoglycemic,Normal,Borderline High
20-39,Male,Non-Smoker,Normoglycemic,Normal,High
20-39,Male,Non-Smoker,Normoglycemic,Normal,Desirable
20-39,Male,Current Smoker,Normoglycemic,Normal,High
40-59,Male,Current Smoker,Diabetic,Elevated,High
80+,Female,Non-Smoker,Diabetic,Stage 2 HTN,High
20-39,Male,Current Smoker,Normoglycemic,Normal,Desirable
20-39,Female,Non-Smoker,Normoglycemic,Normal,Very High
40-59,Male,Non-Smoker,Normoglycemic,Normal,High
40-59,Female,Non-Smoker,Normoglycemic,Normal,Desirable
20-39,Male,Non-Smoker,Normoglycemic,Normal,Desirable
20-39,Male,Non-Smoker,Normoglycemic,Normal,Desirable
40-59,Female,Non-Smoker,Normoglycemic,Stage 2 HTN,Desirable
20-39,Male,Non-Smoker,Normoglycemic,Normal,Desirable
40-59,Male,Non-Smoker,Diabetic,Stage 2 HTN,High
20-39,Male,Current Smoker,Normoglycemic,Normal,Desirable
40-59,Female,Non-Smoker,Normoglycemic,Normal,Desirable
20-39,Male,Non-Smoker,Normoglycemic,Elevated,High
40-59,Female,Non-Smoker,Normoglycemic,Normal,Desirable
20-39,Male,Non-Smoker,Normoglycemic,Normal,Borderline High
20-39,Male,Non-Smoker,Normoglycemic,Normal,Desirable
20-39,Female,Non-Smoker,Normoglycemic,Normal,Desirable
40-59,Female,Non-Smoker,Normoglycemic,Elevated,Borderline High
40-59,Female,Non-Smoker,Normoglycemic,Normal,Desirable
20-39,Male,Non-Smoker,Normoglycemic,Normal,Borderline High
40-59,Male,Current Smoker,Normoglycemic,Stage 1 HTN,Desirable
20-39,Male,Current Smoker,Diabetic,Stage 2 HTN,Very High
20-39,Male,Non-Smoker,Normoglycemic,Elevated,Desirable
40-59,Female,Non-Smoker,Normoglycemic,Normal,Desirable
20-39,Female,Current Smoker,Diabetic,Stage 2 HTN,Borderline High
20-39,Female,Non-Smoker,Normoglycemic,Stage 1 HTN,Borderline High
40-59,Female,Current Smoker,Normoglycemic,Normal,Desirable
60-79,Male,Non-Smoker,Diabetic,Stage 2 HTN,Very High
20-39,Male,Non-Smoker,Normoglycemic,Elevated,Desirable
40-59,Female,Non-Smoker,Normoglycemic,Elevated,Desirable
20-39,Female,Current Smoker,Normoglycemic,Normal,Desirable
60-79,Female,Non-Smoker,Normoglycemic,Normal,Desirable
40-59,Female,Non-Smoker,Normoglycemic,Normal,High
40-59,Female,Current Smoker,Normoglycemic,Normal,Borderline High
60-79,Male,Current Smoker,Normoglycemic,Normal,Very High
20-39,Female,Non-Smoker,Normoglycemic,Normal,Desirable
20-39,Female,Non-Smoker,Normoglycemic,Normal,High
80+,Female,Non-Smoker,Normoglycemic,Normal,High
40-59,Male,Non-Smoker,Normoglycemic,Elevated,Borderline High
60-79,Female,Non-Smoker,Diabetic,Elevated,Borderline High
20-39,Male,Non-Smoker,Normoglycemic,Stage 1 HTN,Desirable
60-79,Female,Non-Smoker,Diabetic,Stage 2 HTN,Very High
20-39,Female,Non-Smoker,Normoglycemic,Elevated,Desirable
20-39,Female,Current Smoker,Diabetic,Stage 1 HTN,High
60-79,Male,Non-Smoker,Normoglycemic,Normal,Borderline High
20-39,Female,Non-Smoker,Normoglycemic,Normal,Borderline High
40-59,Female,Non-Smoker,Normoglycemic,Normal,Borderline High
20-39,Female,Non-Smoker,Normoglycemic,Normal,Desirable
80+,Male,Non-Smoker,Normoglycemic,Normal,Desirable
40-59,Female,Non-Smoker,Normoglycemic,Normal,Borderline High
20-39,Male,Non-Smoker,Normoglycemic,Normal,Desirable
60-79,Female,Non-Smoker,Diabetic,Normal,Very High
20-39,Male,Non-Smoker,Diabetic,Stage 1 HTN,Very High
20-39,Male,Current Smoker,Normoglycemic,Normal,Desirable
20-39,Male,Non-Smoker,Normoglycemic,Normal,Desirable
40-59,Male,Non-Smoker,Normoglycemic,Elevated,Borderline High
60-79,Male,Non-Smoker,Diabetic,Stage 2 HTN,High
40-59,Male,Non-Smoker,Normoglycemic,Elevated,Borderline High
40-59,Male,Non-Smoker,Normoglycemic,Normal,Desirable
20-39,Male,Non-Smoker,Normoglycemic,Normal,High
40-59,Male,Non-Smoker,Normoglycemic,Normal,Borderline High
20-39,Male,Non-Smoker,Normoglycemic,Normal,Very High
40-59,Female,Current Smoker,Normoglycemic,Normal,Borderline High
20-39,Male,Non-Smoker,Normoglycemic,Normal,Desirable
20-39,Female,Non-Smoker,Normoglycemic,Normal,Desirable
60-79,Male,Non-Smoker,Normoglycemic,Normal,Borderline High
60-79,Female,Current Smoker,Diabetic,Stage 2 HTN,High
40-59,Male,Non-Smoker,Normoglycemic,Elevated,Desirable
40-59,Male,Current Smoker,Diabetic,Stage 1 HTN,High
80+,Male,Current Smoker,Diabetic,Stage 2 HTN,High
80+,Female,Non-Smoker,Normoglycemic,Elevated,Borderline High
40-59,Female,Non-Smoker,Normoglycemic,Normal,Borderline High
60-79,Male,Non-Smoker,Normoglycemic,Normal,Borderline High
60-79,Male,Non-Smoker,Diabetic,Elevated,High
80+,Male,Current Smoker,Normoglycemic,Normal,Desirable
20-39,Male,Non-Smoker,Normoglycemic,Normal,Desirable
40-59,Female,Current Smoker,Normoglycemic,Normal,Desirable
20-39,Male,Non-Smoker,Normoglycemic,Normal,Desirable
20-39,Male,Non-Smoker,Diabetic,Stage 1 HTN,Very High
60-79,Male,Non-Smoker,Normoglycemic,Elevated,Borderline High
20-39,Male,Non-Smoker,Normoglycemic,Normal,High
20-39,Male,Non-Smoker,Diabetic,Stage 2 HTN,High
60-79,Male,Current Smoker,Normoglycemic,Normal,Desirable
60-79,Female,Non-Smoker,Diabetic,Stage 2 HTN,High
40-59,Female,Non-Smoker,Normoglycemic,Normal,Borderline High
40-59,Male,Non-Smoker,Normoglycemic,Normal,High
20-39,Male,Non-Smoker,Normoglycemic,Normal,High
20-39,Female,Non-Smoker,Normoglycemic,Elevated,Desirable
20-39,Female,Non-Smoker,Diabetic,Stage 1 HTN,High
40-59,Female,Non-Smoker,Normoglycemic,Stage 1 HTN,Borderline High
20-39,Female,Non-Smoker,Normoglycemic,Normal,Desirable
40-59,Female,Current Smoker,Normoglycemic,Elevated,Desirable
20-39,Male,Non-Smoker,Normoglycemic,Stage 2 HTN,Desirable
20-39,Female,Non-Smoker,Normoglycemic,Stage 1 HTN,Desirable
80+,Female,Non-Smoker,Normoglycemic,Normal,High
20-39,Female,Non-Smoker,Normoglycemic,Elevated,Desirable
20-39,Female,Non-Smoker,Normoglycemic,Normal,Desirable
20-39,Female,Non-Smoker,Normoglycemic,Normal,Very High
20-39,Male,Non-Smoker,Normoglycemic,Normal,Very High
20-39,Male,Current Smoker,Normoglycemic,Normal,Desirable
60-79,Female,Non-Smoker,Normoglycemic,Normal,Very High
80+,Female,Non-Smoker,Normoglycemic,Normal,Desirable
40-59,Male,Current Smoker,Normoglycemic,Normal,Borderline High
20-39,Male,Non-Smoker,Normoglycemic,Normal,Borderline High
40-59,Female,Current Smoker,Normoglycemic,Elevated,Borderline High
20-39,Female,Non-Smoker,Normoglycemic,Elevated,Desirable
20-39,Male,Non-Smoker,Normoglycemic,Normal,Desirable
40-59,Female,Non-Smoker,Normoglycemic,Normal,Desirable
20-39,Male,Non-Smoker,Normoglycemic,Stage 1 HTN,Very High
20-39,Male,Non-Smoker,Normoglycemic,Normal,Desirable
20-39,Female,Non-Smoker,Normoglycemic,Stage 1 HTN,Desirable
20-39,Female,Current Smoker,Normoglycemic,Elevated,Borderline High
60-79,Male,Non-Smoker,Diabetic,Stage 2 HTN,High
40-59,Male,Non-Smoker,Diabetic,Stage 1 HTN,High
80+,Male,Non-Smoker,Diabetic,Stage 2 HTN,Very High
20-39,Male,Non-Smoker,Normoglycemic,Normal,Desirable
80+,Male,Non-Smoker,Normoglycemic,Stage 1 HTN,Desirable
40-59,Male,Non-Smoker,Diabetic,Stage 2 HTN,Borderline High
60-79,Female,Non-Smoker,Normoglycemic,Elevated,Desirable
40-59,Male,Non-Smoker,Diabetic,Stage 2 HTN,Very High
20-39,Female,Non-Smoker,Normoglycemic,Normal,Desirable
40-59,Female,Non-Smoker,Normoglycemic,Elevated,Desirable
40-59,Male,Non-Smoker,Normoglycemic,Stage 1 HTN,High
60-79,Female,Non-Smoker,Normoglycemic,Normal,Desirable
40-59,Female,Non-Smoker,Normoglycemic,Elevated,Desirable
40-59,Female,Non-Smoker,Normoglycemic,Stage 1 HTN,Desirable
20-39,Male,Non-Smoker,Normoglycemic,Elevated,Desirable
80+,Male,Non-Smoker,Diabetic,Stage 2 HTN,Very High
40-59,Male,Current Smoker,Normoglycemic,Normal,High
60-79,Female,Non-Smoker,Normoglycemic,Normal,Borderline High
20-39,Female,Non-Smoker,Normoglycemic,Elevated,Desirable
40-59,Male,Non-Smoker,Normoglycemic,Normal,Desirable
80+,Male,Non-Smoker,Diabetic,Stage 2 HTN,Very High
60-79,Male,Current Smoker,Normoglycemic,Normal,High
40-59,Female,Current Smoker,Normoglycemic,Normal,High
40-59,Male,Current Smoker,Diabetic,Stage 1 HTN,Very High
60-79,Male,Non-Smoker,Normoglycemic,Normal,High
20-39,Male,Current Smoker,Normoglycemic,Elevated,Borderline High
60-79,Male,Current Smoker,Normoglycemic,Elevated,Borderline High
20-39,Male,Non-Smoker,Normoglycemic,Elevated,Desirable
20-39,Male,Non-Smoker,Normoglycemic,Normal,Borderline High
60-79,Male,Non-Smoker,Normoglycemic,Elevated,Desirable
20-39,Male,Non-Smoker,Normoglycemic,Normal,Borderline High
80+,Male,Non-Smoker,Diabetic,Stage 2 HTN,Borderline High
20-39,Female,Non-Smoker,Normoglycemic,Normal,Borderline High
40-59,Female,Non-Smoker,Normoglycemic,Stage 1 HTN,Desirable
60-79,Male,Current Smoker,Diabetic,Stage 1 HTN,High
20-39,Male,Non-Smoker,Diabetic,Stage 1 HTN,Very High
40-59,Female,Non-Smoker,Normoglycemic,Normal,Desirable
40-59,Male,Non-Smoker,Normoglycemic,Normal,Desirable
80+,Male,Non-Smoker,Normoglycemic,Stage 1 HTN,Very High
20-39,Male,Current Smoker,Normoglycemic,Normal,High
20-39,Female,Current Smoker,Normoglycemic,Normal,Desirable
20-39,Female,Non-Smoker,Diabetic,Stage 2 HTN,Borderline High
20-39,Female,Non-Smoker,Normoglycemic,Normal,Desirable
20-39,Female,Non-Smoker,Normoglycemic,Normal,Borderline High
60-79,Female,Non-Smoker,Diabetic,Stage 2 HTN,Very High
40-59,Female,Non-Smoker,Normoglycemic,Normal,Desirable
40-59,Female,Non-Smoker,Normoglycemic,Elevated,Desirable
20-39,Female,Current Smoker,Normoglycemic,Elevated,Borderline High
60-79,Male,Non-Smoker,Normoglycemic,Normal,Desirable
40-59,Female,Current Smoker,Normoglycemic,Normal,Desirable
20-39,Male,Non-Smoker,Normoglycemic,Elevated,Desirable
20-39,Female,Current Smoker,Normoglycemic,Normal,High
40-59,Female,Non-Smoker,Normoglycemic,Normal,Desirable
60-79,Female,Current Smoker,Normoglycemic,Normal,High
20-39,Male,Non-Smoker,Normoglycemic,Elevated,Desirable
20-39,Male,Non-Smoker,Normoglycemic,Stage 2 HTN,Desirable
20-39,Male,Non-Smoker,Normoglycemic,Normal,High
40-59,Female,Non-Smoker,Normoglycemic,Elevated,Very High
60-79,Male,Current Smoker,Normoglycemic,Normal,Very High
20-39,Male,Non-Smoker,Normoglycemic,Elevated,Borderline High
80+,Male,Non-Smoker,Normoglycemic,Elevated,Desirable
20-39,Male,Non-Smoker,Normoglycemic,Normal,High
40-59,Female,Non-Smoker,Normoglycemic,Stage 1 HTN,Very High
60-79,Female,Non-Smoker,Diabetic,Stage 2 HTN,Borderline High
40-59,Male,Non-Smoker,Normoglycemic,Stage 1 HTN,Desirable
40-59,Male,Non-Smoker,Normoglycemic,Normal,Desirable
60-79,Male,Current Smoker,Normoglycemic,Normal,Desirable
60-79,Male,Non-Smoker,Diabetic,Stage 2 HTN,High
20-39,Male,Non-Smoker,Normoglycemic,Normal,High
60-79,Male,Current Smoker,Diabetic,Stage 2 HTN,Very High
40-59,Male,Non-Smoker,Normoglycemic,Elevated,Borderline High
20-39,Male,Non-Smoker,Normoglycemic,Normal,Borderline High
40-59,Female,Non-Smoker,Normoglycemic,Normal,Very High
80+,Male,Non-Smoker,Normoglycemic,Normal,Desirable
60-79,Female,Non-Smoker,Diabetic,Stage 2 HTN,Very High
40-59,Male,Current Smoker,Diabetic,Stage 2 HTN,Very High
40-59,Female,Non-Smoker,Normoglycemic,Normal,Desirable
40-59,Female,Non-Smoker,Normoglycemic,Normal,Very High
60-79,Female,Non-Smoker,Normoglycemic,Stage 1 HTN,High
60-79,Female,Non-Smoker,Diabetic,Stage 1 HTN,Borderline High
20-39,Female,Non-Smoker,Normoglycemic,Normal,Desirable
20-39,Female,Non-Smoker,Normoglycemic,Normal,High
40-59,Male,Current Smoker,Normoglycemic,Elevated,Borderline High
80+,Male,Non-Smoker,Diabetic,Stage 2 HTN,High
40-59,Male,Current Smoker,Normoglycemic,Normal,Desirable
40-59,Male,Non-Smoker,Normoglycemic,Normal,Desirable
60-79,Female,Non-Smoker,Normoglycemic,Normal,High
80+,Male,Non-Smoker,Diabetic,Stage 2 HTN,High
20-39,Female,Non-Smoker,Normoglycemic,Normal,Desirable
40-59,Male,Current Smoker,Normoglycemic,Stage 2 HTN,High
20-39,Female,Non-Smoker,Diabetic,Stage 2 HTN,High
40-59,Female,Current Smoker,Diabetic,Stage 1 HTN,High
40-59,Female,Non-Smoker,Normoglycemic,Elevated,Desirable
60-79,Male,Non-Smoker,Diabetic,Stage 2 HTN,Borderline High
40-59,Female,Non-Smoker,Normoglycemic,Elevated,Desirable
20-39,Male,Non-Smoker,Normoglycemic,Normal,Desirable
60-79,Female,Non-Smoker,Normoglycemic,Stage 1 HTN,Desirable
20-39,Female,Non-Smoker,Normoglycemic,Normal,High
20-39,Male,Non-Smoker,Diabetic,Stage 2 HTN,High
20-39,Male,Current Smoker,Normoglycemic,Stage 2 HTN,Desirable
20-39,Female,Non-Smoker,Normoglycemic,Normal,Borderline High
40-59,Male,Non-Smoker,Normoglycemic,Stage 1 HTN,Desirable
40-59,Female,Non-Smoker,Normoglycemic,Elevated,Very High
40-59,Male,Non-Smoker,Normoglycemic,Normal,Borderline High
60-79,Female,Non-Smoker,Normoglycemic,Normal,High
20-39,Female,Non-Smoker,Normoglycemic,Normal,High
60-79,Female,Current Smoker,Diabetic,Stage 1 HTN,Borderline High
20-39,Female,Non-Smoker,Normoglycemic,Elevated,Borderline High
40-59,Male,Non-Smoker,Diabetic,Stage 2 HTN,High
20-39,Male,Non-Smoker,Normoglycemic,Normal,Desirable
60-79,Male,Non-Smoker,Normoglycemic,Normal,Borderline High
20-39,Female,Non-Smoker,Normoglycemic,Normal,High
20-39,Female,Non-Smoker,Normoglycemic,Normal,Desirable
60-79,Female,Current Smoker,Diabetic,Stage 2 HTN,High
40-59,Female,Non-Smoker,Diabetic,Stage 2 HTN,High
40-59,Male,Non-Smoker,Normoglycemic,Normal,Desirable
20-39,Female,Non-Smoker,Normoglycemic,Normal,Desirable
60-79,Male,Non-Smoker,Normoglycemic,Normal,Borderline High
40-59,Female,Non-Smoker,Normoglycemic,Elevated,Desirable
40-59,Female,Non-Smoker,Diabetic,Stage 2 HTN,Borderline High
20-39,Male,Non-Smoker,Normoglycemic,Stage 1 HTN,Borderline High
20-39,Male,Non-Smoker,Normoglycemic,Elevated,High
60-79,Male,Non-Smoker,Normoglycemic,Normal,Very High
40-59,Female,Non-Smoker,Normoglycemic,Elevated,Borderline High
20-39,Female,Non-Smoker,Normoglycemic,Normal,Borderline High
20-39,Female,Non-Smoker,Normoglycemic,Normal,Desirable
40-59,Female,Current Smoker,Normoglycemic,Elevated,Borderline High
40-59,Female,Non-Smoker,Diabetic,Stage 2 HTN,High
20-39,Female,Non-Smoker,Normoglycemic,Elevated,Borderline High
40-59,Male,Non-Smoker,Normoglycemic,Stage 1 HTN,Borderline High
40-59,Male,Non-Smoker,Normoglycemic,Stage 1 HTN,Borderline High
40-59,Female,Non-Smoker,Diabetic,Stage 2 HTN,Very High
20-39,Male,Non-Smoker,Normoglycemic,Normal,Borderline High
60-79,Female,Current Smoker,Normoglycemic,Normal,Borderline High
40-59,Male,Non-Smoker,Normoglycemic,Normal,Desirable
60-79,Female,Non-Smoker,Normoglycemic,Normal,High
20-39,Female,Non-Smoker,Normoglycemic,Elevated,Desirable
40-59,Male,Non-Smoker,Normoglycemic,Normal,Desirable
60-79,Male,Current Smoker,Normoglycemic,Normal,Desirable
20-39,Male,Non-Smoker,Normoglycemic,Stage 1 HTN,Very High
60-79,Female,Non-Smoker,Normoglycemic,Normal,Desirable
40-59,Male,Current Smoker,Diabetic,Stage 2 HTN,Desirable
20-39,Male,Non-Smoker,Normoglycemic,Normal,High
60-79,Male,Non-Smoker,Normoglycemic,Normal,Borderline High
60-79,Male,Non-Smoker,Normoglycemic,Normal,Desirable
40-59,Male,Non-Smoker,Diabetic,Stage 1 HTN,High
20-39,Male,Current Smoker,Normoglycemic,Elevated,Borderline High
40-59,Male,Non-Smoker,Normoglycemic,Elevated,Borderline High
20-39,Male,Non-Smoker,Diabetic,Stage 1 HTN,High
60-79,Female,Non-Smoker,Normoglycemic,Normal,Desirable
20-39,Female,Non-Smoker,Normoglycemic,Normal,High
20-39,Male,Non-Smoker,Normoglycemic,Normal,High
20-39,Female,Non-Smoker,Normoglycemic,Elevated,Borderline High
20-39,Female,Non-Smoker,Normoglycemic,Elevated,High
20-39,Female,Non-Smoker,Normoglycemic,Normal,Desirable
20-39,Female,Non-Smoker,Normoglycemic,Normal,Desirable
40-59,Male,Non-Smoker,Normoglycemic,Elevated,High
40-59,Female,Non-Smoker,Normoglycemic,Normal,High
80+,Female,Non-Smoker,Normoglycemic,Normal,Borderline High
60-79,Female,Non-Smoker,Normoglycemic,Elevated,Desirable
20-39,Male,Non-Smoker,Normoglycemic,Elevated,Desirable
80+,Female,Current Smoker,Normoglycemic,Normal,Desirable
40-59,Male,Non-Smoker,Normoglycemic,Normal,High
40-59,Male,Non-Smoker,Diabetic,Stage 2 HTN,High
80+,Female,Current Smoker,Normoglycemic,Normal,Desirable
60-79,Male,Non-Smoker,Diabetic,Stage 1 HTN,High
40-59,Female,Current Smoker,Normoglycemic,Elevated,Desirable
20-39,Male,Non-Smoker,Diabetic,Stage 1 HTN,High
20-39,Male,Current Smoker,Normoglycemic,Elevated,Desirable
40-59,Male,Non-Smoker,Normoglycemic,Normal,Borderline High
20-39,Male,Non-Smoker,Normoglycemic,Elevated,Desirable
40-59,Male,Non-Smoker,Normoglycemic,Normal,High
20-39,Female,Non-Smoker,Normoglycemic,Elevated,Borderline High
20-39,Female,Non-Smoker,Normoglycemic,Normal,Borderline High
40-59,Female,Non-Smoker,Normoglycemic,Stage 2 HTN,Borderline High
20-39,Male,Current Smoker,Normoglycemic,Elevated,Borderline High
20-39,Male,Current Smoker,Normoglycemic,Stage 1 HTN,Desirable
60-79,Female,Non-Smoker,Diabetic,Stage 2 HTN,Borderline High
80+,Female,Non-Smoker,Diabetic,Stage 2 HTN,Very High
20-39,Male,Non-Smoker,Normoglycemic,Elevated,Desirable
40-59,Male,Non-Smoker,Diabetic,Stage 2 HTN,High
20-39,Female,Non-Smoker,Normoglycemic,Normal,Desirable
60-79,Male,Current Smoker,Diabetic,Stage 2 HTN,Very High
20-39,Male,Current Smoker,Normoglycemic,Normal,Desirable
60-79,Female,Non-Smoker,Diabetic,Stage 2 HTN,High
20-39,Male,Current Smoker,Normoglycemic,Elevated,Desirable
20-39,Male,Current Smoker,Normoglycemic,Normal,Borderline High
60-79,Male,Non-Smoker,Normoglycemic,Normal,Very High
20-39,Male,Current Smoker,Normoglycemic,Normal,High
40-59,Female,Non-Smoker,Normoglycemic,Normal,Desirable
60-79,Female,Non-Smoker,Diabetic,Stage 2 HTN,High
60-79,Female,Current Smoker,Normoglycemic,Normal,Very High
20-39,Male,Current Smoker,Normoglycemic,Elevated,High
40-59,Male,Current Smoker,Normoglycemic,Stage 1 HTN,Very High
80+,Female,Current Smoker,Diabetic,Stage 2 HTN,Very High
20-39,Female,Non-Smoker,Normoglycemic,Stage 1 HTN,Desirable
20-39,Male,Current Smoker,Normoglycemic,Normal,Desirable
20-39,Female,Current Smoker,Normoglycemic,Normal,Desirable
40-59,Male,Current Smoker,Normoglycemic,Normal,Very High
40-59,Female,Non-Smoker,Normoglycemic,Normal,Desirable
20-39,Male,Non-Smoker,Normoglycemic,Normal,High
20-39,Male,Non-Smoker,Diabetic,Stage 1 HTN,High
20-39,Male,Non-Smoker,Normoglycemic,Normal,Borderline High
20-39,Female,Non-Smoker,Normoglycemic,Normal,Desirable
40-59,Male,Non-Smoker,Normoglycemic,Normal,Borderline High
20-39,Male,Non-Smoker,Normoglycemic,Stage 1 HTN,Desirable
60-79,Female,Current Smoker,Normoglycemic,Normal,Very High
40-59,Female,Non-Smoker,Diabetic,Stage 2 HTN,Very High
20-39,Male,Non-Smoker,Diabetic,Stage 1 HTN,Very High
20-39,Male,Current Smoker,Diabetic,Stage 2 HTN,Borderline High
20-39,Male,Current Smoker,Normoglycemic,Elevated,Borderline High
20-39,Male,Current Smoker,Normoglycemic,Elevated,Desirable
60-79,Female,Current Smoker,Diabetic,Stage 2 HTN,Borderline High
40-59,Female,Non-Smoker,Normoglycemic,Elevated,High
40-59,Male,Non-Smoker,Normoglycemic,Normal,Desirable
80+,Female,Non-Smoker,Normoglycemic,Normal,Borderline High
20-39,Female,Non-Smoker,Normoglycemic,Normal,Borderline High
20-39,Female,Non-Smoker,Diabetic,Stage 1 HTN,Borderline High
20-39,Female,Current Smoker,Normoglycemic,Normal,Desirable
20-39,Female,Current Smoker,Diabetic,Stage 1 HTN,High
20-39,Female,Non-Smoker,Normoglycemic,Normal,Desirable
20-39,Female,Non-Smoker,Normoglycemic,Normal,Desirable
80+,Female,Non-Smoker,Normoglycemic,Normal,Very High
80+,Female,Non-Smoker,Normoglycemic,Stage 1 HTN,Borderline High
40-59,Male,Non-Smoker,Normoglycemic,Normal,Desirable
20-39,Male,Non-Smoker,Normoglycemic,Normal,Borderline High
40-59,Male,Non-Smoker,Normoglycemic,Elevated,Desirable
20-39,Female,Non-Smoker,Diabetic,Stage 2 HTN,Very High
60-79,Female,Non-Smoker,Normoglycemic,Elevated,High
80+,Female,Non-Smoker,Normoglycemic,Normal,High
40-59,Female,Non-Smoker,Diabetic,Stage 2 HTN,High
20-39,Male,Non-Smoker,Normoglycemic,Normal,High
60-79,Male,Current Smoker,Normoglycemic,Normal,Borderline High
20-39,Female,Non-Smoker,Normoglycemic,Normal,Desirable
40-59,Female,Non-Smoker,Diabetic,Stage 2 HTN,Very High
20-39,Male,Current Smoker,Normoglycemic,Normal,Desirable
40-59,Female,Current Smoker,Diabetic,Stage 1 HTN,High
20-39,Female,Non-Smoker,Normoglycemic,Normal,Desirable
20-39,Female,Current Smoker,Normoglycemic,Normal,High
60-79,Male,Current Smoker,Normoglycemic,Normal,Desirable
40-59,Male,Current Smoker,Normoglycemic,Elevated,Desirable
20-39,Male,Non-Smoker,Normoglycemic,Normal,High
40-59,Female,Current Smoker,Normoglycemic,Normal,Borderline High
40-59,Male,Non-Smoker,Normoglycemic,Elevated,High
40-59,Male,Current Smoker,Normoglycemic,Normal,High
40-59,Female,Non-Smoker,Diabetic,Stage 2 HTN,Very High
20-39,Female,Non-Smoker,Normoglycemic,Normal,Desirable
40-59,Female,Non-Smoker,Diabetic,Stage 2 HTN,High
20-39,Male,Non-Smoker,Diabetic,Stage 2 HTN,Very High
80+,Female,Non-Smoker,Diabetic,Stage 2 HTN,High
40-59,Female,Current Smoker,Normoglycemic,Elevated,Desirable
60-79,Male,Current Smoker,Diabetic,Stage 2 HTN,High
60-79,Female,Non-Smoker,Normoglycemic,Normal,Borderline High
40-59,Female,Non-Smoker,Normoglycemic,Normal,Desirable
20-39,Female,Non-Smoker,Normoglycemic,Stage 1 HTN,High
40-59,Female,Non-Smoker,Normoglycemic,Stage 1 HTN,High
20-39,Male,Non-Smoker,Diabetic,Elevated,Very High
20-39,Female,Non-Smoker,Normoglycemic,Normal,Borderline High
60-79,Female,Non-Smoker,Normoglycemic,Elevated,Borderline High
20-39,Female,Current Smoker,Diabetic,Stage 2 HTN,High
40-59,Female,Current Smoker,Normoglycemic,Normal,Desirable
20-39,Male,Current Smoker,Normoglycemic,Normal,Desirable
80+,Female,Non-Smoker,Normoglycemic,Normal,Desirable
80+,Female,Non-Smoker,Diabetic,Stage 1 HTN,Borderline High
40-59,Male,Current Smoker,Normoglycemic,Elevated,Borderline High
60-79,Male,Non-Smoker,Diabetic,Stage 1 HTN,Very High
40-59,Male,Current Smoker,Normoglycemic,Stage 1 HTN,Desirable
40-59,Female,Current Smoker,Normoglycemic,Normal,High
20-39,Female,Current Smoker,Normoglycemic,Normal,Desirable
20-39,Female,Non-Smoker,Normoglycemic,Stage 1 HTN,Borderline High
20-39,Male,Non-Smoker,Normoglycemic,Normal,Desirable
80+,Female,Current Smoker,Normoglycemic,Normal,Desirable
40-59,Male,Non-Smoker,Normoglycemic,Normal,Desirable
40-59,Male,Non-Smoker,Normoglycemic,Elevated,Desirable
60-79,Male,Non-Smoker,Normoglycemic,Normal,Desirable
20-39,Female,Non-Smoker,Normoglycemic,Stage 1 HTN,Borderline High
20-39,Male,Non-Smoker,Normoglycemic,Elevated,Desirable
20-39,Female,Non-Smoker,Normoglycemic,Normal,High
60-79,Male,Current Smoker,Normoglycemic,Normal,Desirable
20-39,Male,Non-Smoker,Diabetic,Stage 1 HTN,Very High
60-79,Male,Non-Smoker,Normoglycemic,Normal,Borderline High
20-39,Male,Non-Smoker,Normoglycemic,Normal,High
60-79,Male,Non-Smoker,Normoglycemic,Normal,Borderline High
20-39,Female,Non-Smoker,Normoglycemic,Normal,Desirable
60-79,Female,Current Smoker,Normoglycemic,Normal,High
20-39,Female,Non-Smoker,Normoglycemic,Stage 1 HTN,Desirable
40-59,Female,Non-Smoker,Normoglycemic,Normal,Borderline High
20-39,Female,Current Smoker,Normoglycemic,Elevated,Borderline High
20-39,Male,Non-Smoker,Normoglycemic,Elevated,Desirable
40-59,Female,Current Smoker,Normoglycemic,Elevated,Very High
40-59,Male,Non-Smoker,Normoglycemic,Normal,High
40-59,Female,Current Smoker,Diabetic,Elevated,Borderline High
40-59,Female,Non-Smoker,Normoglycemic,Stage 1 HTN,High
20-39,Female,Current Smoker,Diabetic,Stage 2 HTN,High
60-79,Male,Non-Smoker,Normoglycemic,Normal,Desirable
60-79,Male,Non-Smoker,Normoglycemic,Normal,High
20-39,Male,Current Smoker,Normoglycemic,Normal,Desirable
60-79,Female,Current Smoker,Diabetic,Stage 1 HTN,Very High
20-39,Male,Non-Smoker,Normoglycemic,Stage 2 HTN,Borderline High
40-59,Male,Current Smoker,Diabetic,Stage 1 HTN,High
20-39,Male,Non-Smoker,Normoglycemic,Normal,High
20-39,Female,Current Smoker,Normoglycemic,Normal,Desirable
20-39,Female,Non-Smoker,Normoglycemic,Elevated,Borderline High
40-59,Female,Non-Smoker,Diabetic,Stage 1 HTN,Desirable
40-59,Male,Non-Smoker,Normoglycemic,Normal,Very High
40-59,Female,Current Smoker,Diabetic,Stage 1 HTN,Very High
40-59,Female,Non-Smoker,Normoglycemic,Stage 1 HTN,Desirable
40-59,Male,Non-Smoker,Normoglycemic,Normal,Borderline High
40-59,Female,Non-Smoker,Normoglycemic,Normal,Very High
20-39,Male,Non-Smoker,Normoglycemic,Stage 2 HTN,High
20-39,Male,Non-Smoker,Normoglycemic,Normal,High
40-59,Male,Current Smoker,Normoglycemic,Normal,Desirable
60-79,Female,Non-Smoker,Diabetic,Stage 2 HTN,High
60-79,Male,Non-Smoker,Diabetic,Stage 2 HTN,Very High
40-59,Male,Non-Smoker,Normoglycemic,Stage 1 HTN,Desirable
60-79,Female,Non-Smoker,Diabetic,Stage 2 HTN,Desirable
20-39,Male,Non-Smoker,Normoglycemic,Elevated,Desirable
60-79,Female,Non-Smoker,Diabetic,Stage 2 HTN,Very High
60-79,Female,Non-Smoker,Diabetic,Stage 2 HTN,Very High
60-79,Female,Non-Smoker,Normoglycemic,Normal,Very High
40-59,Female,Non-Smoker,Diabetic,Stage 1 HTN,High
60-79,Male,Non-Smoker,Diabetic,Stage 1 HTN,Borderline High
20-39,Female,Non-Smoker,Normoglycemic,Normal,Desirable
80+,Male,Non-Smoker,Diabetic,Stage 2 HTN,Very High
60-79,Female,Non-Smoker,Diabetic,Elevated,High
20-39,Male,Non-Smoker,Diabetic,Stage 1 HTN,High
20-39,Female,Non-Smoker,Normoglycemic,Normal,Borderline High
40-59,Male,Current Smoker,Normoglycemic,Normal,Borderline High
20-39,Male,Non-Smoker,Normoglycemic,Normal,Desirable
80+,Female,Non-Smoker,Diabetic,Stage 1 HTN,Very High
60-79,Male,Non-Smoker,Normoglycemic,Normal,Very High
20-39,Male,Current Smoker,Normoglycemic,Normal,High
20-39,Female,Current Smoker,Normoglycemic,Elevated,Borderline High
40-59,Male,Non-Smoker,Normoglycemic,Elevated,Borderline High
60-79,Female,Non-Smoker,Normoglycemic,Elevated,Desirable
40-59,Female,Non-Smoker,Normoglycemic,Stage 2 HTN,Borderline High
20-39,Male,Non-Smoker,Normoglycemic,Normal,High
60-79,Male,Non-Smoker,Diabetic,Stage 1 HTN,High
20-39,Male,Current Smoker,Diabetic,Stage 1 HTN,High
20-39,Female,Non-Smoker,Normoglycemic,Normal,High
20-39,Male,Non-Smoker,Normoglycemic,Normal,High
60-79,Female,Non-Smoker,Diabetic,Stage 2 HTN,High
20-39,Female,Non-Smoker,Normoglycemic,Normal,Borderline High
20-39,Male,Current Smoker,Diabetic,Stage 1 HTN,Very High
60-79,Male,Current Smoker,Diabetic,Stage 2 HTN,Borderline High
40-59,Male,Non-Smoker,Normoglycemic,Normal,Borderline High
40-59,Female,Non-Smoker,Normoglycemic,Elevated,High
60-79,Male,Non-Smoker,Diabetic,Stage 2 HTN,High
80+,Female,Non-Smoker,Normoglycemic,Elevated,Borderline High
20-39,Female,Non-Smoker,Normoglycemic,Normal,Desirable
40-59,Male,Non-Smoker,Normoglycemic,Normal,Desirable
60-79,Female,Non-Smoker,Diabetic,Stage 1 HTN,High
40-59,Female,Non-Smoker,Diabetic,Stage 2 HTN,High
20-39,Male,Non-Smoker,Normoglycemic,Normal,Borderline High
20-39,Male,Non-Smoker,Normoglycemic,Normal,High
40-59,Female,Non-Smoker,Normoglycemic,Normal,Desirable
20-39,Female,Non-Smoker,Normoglycemic,Normal,Very High
20-39,Male,Non-Smoker,Diabetic,Stage 2 HTN,Very High
60-79,Female,Current Smoker,Normoglycemic,Normal,High
60-79,Female,Non-Smoker,Normoglycemic,Stage 1 HTN,Desirable
40-59,Male,Non-Smoker,Diabetic,Stage 2 HTN,Borderline High
20-39,Male,Non-Smoker,Normoglycemic,Normal,Desirable
40-59,Male,Current Smoker,Normoglycemic,Normal,Borderline High
20-39,Female,Non-Smoker,Diabetic,Elevated,High
20-39,Male,Current Smoker,Normoglycemic,Elevated,Desirable
40-59,Female,Non-Smoker,Diabetic,Stage 2 HTN,Very High
40-59,Female,Non-Smoker,Normoglycemic,Normal,High
20-39,Male,Non-Smoker,Normoglycemic,Stage 1 HTN,Borderline High
20-39,Female,Non-Smoker,Normoglycemic,Normal,High
40-59,Male,Non-Smoker,Diabetic,Stage 2 HTN,High
20-39,Female,Non-Smoker,Normoglycemic,Elevated,Desirable
40-59,Female,Current Smoker,Normoglycemic,Elevated,Desirable
20-39,Male,Non-Smoker,Normoglycemic,Normal,Desirable
20-39,Male,Non-Smoker,Normoglycemic,Normal,Desirable
40-59,Male,Current Smoker,Diabetic,Stage 2 HTN,Very High
40-59,Male,Non-Smoker,Normoglycemic,Stage 1 HTN,Borderline High
60-79,Female,Current Smoker,Normoglycemic,Normal,Borderline High
80+,Female,Current Smoker,Normoglycemic,Stage 1 HTN,Desirable
20-39,Male,Non-Smoker,Normoglycemic,Normal,Desirable
40-59,Female,Non-Smoker,Normoglycemic,Normal,Borderline High
40-59,Male,Non-Smoker,Normoglycemic,Normal,Borderline High
20-39,Male,Non-Smoker,Normoglycemic,Normal,High
20-39,Male,Non-Smoker,Diabetic,Stage 2 HTN,Very High
20-39,Female,Non-Smoker,Normoglycemic,Stage 1 HTN,Borderline High
60-79,Male,Current Smoker,Diabetic,Stage 1 HTN,High
40-59,Male,Current Smoker,Normoglycemic,Normal,Desirable
20-39,Female,Non-Smoker,Diabetic,Stage 2 HTN,High
20-39,Male,Non-Smoker,Normoglycemic,Elevated,Borderline High
60-79,Female,Non-Smoker,Diabetic,Elevated,Borderline High
40-59,Male,Non-Smoker,Normoglycemic,Stage 1 HTN,Desirable
20-39,Female,Non-Smoker,Normoglycemic,Normal,Desirable
40-59,Male,Non-Smoker,Normoglycemic,Normal,High
60-79,Female,Current Smoker,Diabetic,Stage 2 HTN,High
60-79,Female,Current Smoker,Diabetic,Stage 2 HTN,Very High
40-59,Male,Current Smoker,Normoglycemic,Stage 1 HTN,Borderline High
60-79,Female,Non-Smoker,Normoglycemic,Normal,Borderline High
20-39,Male,Non-Smoker,Normoglycemic,Normal,Desirable
20-39,Male,Non-Smoker,Normoglycemic,Normal,Borderline High
20-39,Male,Non-Smoker,Normoglycemic,Normal,Very High
60-79,Male,Current Smoker,Normoglycemic,Normal,Desirable
60-79,Male,Non-Smoker,Diabetic,Stage 1 HTN,High
40-59,Male,Non-Smoker,Normoglycemic,Normal,Desirable
40-59,Male,Non-Smoker,Normoglycemic,Normal,Desirable
20-39,Female,Non-Smoker,Normoglycemic,Normal,Desirable
40-59,Male,Non-Smoker,Normoglycemic,Normal,Desirable
20-39,Male,Non-Smoker,Normoglycemic,Normal,Desirable
60-79,Male,Non-Smoker,Normoglycemic,Normal,Borderline High
80+,Male,Current Smoker,Diabetic,Stage 2 HTN,Desirable
40-59,Female,Non-Smoker,Normoglycemic,Elevated,Desirable
20-39,Male,Non-Smoker,Diabetic,Stage 2 HTN,High
60-79,Female,Non-Smoker,Normoglycemic,Normal,Desirable
40-59,Male,Non-Smoker,Normoglycemic,Normal,Very High
20-39,Male,Non-Smoker,Normoglycemic,Normal,Desirable
20-39,Male,Current Smoker,Diabetic,Stage 2 HTN,Very High
40-59,Male,Non-Smoker,Normoglycemic,Elevated,Desirable
20-39,Male,Non-Smoker,Normoglycemic,Normal,Desirable
20-39,Male,Current Smoker,Diabetic,Stage 1 HTN,High
80+,Male,Non-Smoker,Diabetic,Stage 2 HTN,Very High
40-59,Male,Current Smoker,Normoglycemic,Stage 1 HTN,Desirable
40-59,Female,Non-Smoker,Diabetic,Elevated,Borderline High
40-59,Female,Non-Smoker,Normoglycemic,Elevated,High
80+,Female,Non-Smoker,Normoglycemic,Stage 1 HTN,High
60-79,Female,Current Smoker,Normoglycemic,Normal,Borderline High
40-59,Female,Current Smoker,Normoglycemic,Stage 1 HTN,Desirable
20-39,Male,Non-Smoker,Normoglycemic,Normal,High
20-39,Female,Non-Smoker,Diabetic,Stage 2 HTN,High
20-39,Female,Non-Smoker,Diabetic,Stage 2 HTN,High
20-39,Female,Non-Smoker,Normoglycemic,Stage 1 HTN,High
40-59,Female,Non-Smoker,Diabetic,Stage 2 HTN,Borderline High
20-39,Male,Current Smoker,Diabetic,Stage 1 HTN,High
40-59,Male,Non-Smoker,Normoglycemic,Stage 1 HTN,High
60-79,Male,Non-Smoker,Normoglycemic,Normal,Borderline High
60-79,Female,Non-Smoker,Diabetic,Stage 2 HTN,High
20-39,Male,Non-Smoker,Normoglycemic,Normal,Borderline High
60-79,Female,Non-Smoker,Diabetic,Stage 1 HTN,Borderline High
20-39,Female,Non-Smoker,Diabetic,Stage 2 HTN,Very High
40-59,Female,Non-Smoker,Diabetic,Stage 1 HTN,Desirable
20-39,Male,Non-Smoker,Normoglycemic,Elevated,High
40-59,Male,Current Smoker,Diabetic,Elevated,Very High
20-39,Male,Current Smoker,Normoglycemic,Normal,Desirable
40-59,Male,Non-Smoker,Normoglycemic,Normal,Desirable
40-59,Male,Non-Smoker,Normoglycemic,Elevated,Borderline High
40-59,Male,Non-Smoker,Normoglycemic,Stage 1 HTN,Borderline High
20-39,Male,Non-Smoker,Normoglycemic,Elevated,Borderline High
20-39,Female,Non-Smoker,Normoglycemic,Normal,Borderline High
40-59,Male,Non-Smoker,Diabetic,Stage 2 HTN,Desirable
40-59,Male,Non-Smoker,Normoglycemic,Normal,Borderline High
20-39,Male,Non-Smoker,Diabetic,Stage 2 HTN,High
20-39,Female,Current Smoker,Normoglycemic,Stage 2 HTN,Borderline High
40-59,Female,Current Smoker,Normoglycemic,Normal,Borderline High
60-79,Female,Current Smoker,Normoglycemic,Normal,Borderline High
20-39,Female,Non-Smoker,Normoglycemic,Elevated,Very High
20-39,Male,Current Smoker,Normoglycemic,Stage 1 HTN,Desirable
20-39,Female,Non-Smoker,Normoglycemic,Normal,High
40-59,Female,Non-Smoker,Normoglycemic,Stage 1 HTN,Borderline High
40-59,Female,Non-Smoker,Normoglycemic,Normal,Borderline High
80+,Female,Current Smoker,Diabetic,Stage 2 HTN,High
40-59,Female,Non-Smoker,Diabetic,Stage 2 HTN,Very High
20-39,Male,Non-Smoker,Normoglycemic,Elevated,Desirable
20-39,Male,Current Smoker,Normoglycemic,Normal,Borderline High
20-39,Male,Non-Smoker,Diabetic,Stage 2 HTN,High
60-79,Female,Non-Smoker,Normoglycemic,Normal,High
60-79,Female,Non-Smoker,Normoglycemic,Elevated,Desirable
60-79,Female,Current Smoker,Normoglycemic,Normal,High
80+,Male,Non-Smoker,Normoglycemic,Normal,High
20-39,Female,Non-Smoker,Normoglycemic,Stage 1 HTN,Borderline High
20-39,Male,Current Smoker,Normoglycemic,Normal,Borderline High
80+,Female,Non-Smoker,Diabetic,Stage 1 HTN,Very High
20-39,Male,Non-Smoker,Diabetic,Stage 2 HTN,High
20-39,Female,Non-Smoker,Normoglycemic,Elevated,Borderline High
20-39,Male,Non-Smoker,Diabetic,Stage 2 HTN,Very High
20-39,Male,Non-Smoker,Diabetic,Stage 2 HTN,High
40-59,Female,Current Smoker,Diabetic,Stage 2 HTN,Borderline High
20-39,Female,Non-Smoker,Diabetic,Stage 2 HTN,High
20-39,Male,Current Smoker,Diabetic,Stage 1 HTN,High
20-39,Female,Non-Smoker,Normoglycemic,Normal,Desirable
20-39,Male,Non-Smoker,Diabetic,Stage 2 HTN,High
80+,Male,Non-Smoker,Normoglycemic,Normal,Desirable
40-59,Male,Current Smoker,Normoglycemic,Normal,Desirable
40-59,Female,Non-Smoker,Diabetic,Stage 2 HTN,Very High
60-79,Male,Current Smoker,Normoglycemic,Normal,Desirable
20-39,Male,Non-Smoker,Normoglycemic,Elevated,Desirable
80+,Male,Non-Smoker,Normoglycemic,Elevated,High
40-59,Female,Current Smoker,Normoglycemic,Stage 1 HTN,Desirable
60-79,Male,Non-Smoker,Normoglycemic,Elevated,Desirable
20-39,Male,Current Smoker,Diabetic,Stage 2 HTN,Very High
40-59,Male,Non-Smoker,Normoglycemic,Normal,High
40-59,Male,Non-Smoker,Diabetic,Stage 2 HTN,Very High
20-39,Male,Non-Smoker,Normoglycemic,Normal,Desirable
40-59,Female,Current Smoker,Normoglycemic,Normal,Desirable
20-39,Female,Non-Smoker,Normoglycemic,Stage 2 HTN,Very High
60-79,Male,Non-Smoker,Diabetic,Stage 2 HTN,Very High
60-79,Male,Current Smoker,Diabetic,Stage 2 HTN,Borderline High
20-39,Male,Non-Smoker,Normoglycemic,Elevated,Desirable
60-79,Female,Current Smoker,Diabetic,Stage 2 HTN,Very High
60-79,Female,Non-Smoker,Diabetic,Stage 1 HTN,Borderline High
20-39,Female,Non-Smoker,Normoglycemic,Normal,Desirable
20-39,Male,Non-Smoker,Normoglycemic,Normal,Very High
40-59,Female,Non-Smoker,Normoglycemic,Normal,Desirable
60-79,Female,Non-Smoker,Normoglycemic,Normal,Borderline High
20-39,Female,Non-Smoker,Normoglycemic,Normal,Desirable
60-79,Male,Current Smoker,Diabetic,Stage 1 HTN,Desirable
20-39,Female,Non-Smoker,Diabetic,Stage 1 HTN,Borderline High
20-39,Female,Non-Smoker,Diabetic,Stage 1 HTN,Borderline High
40-59,Male,Non-Smoker,Normoglycemic,Normal,Borderline High
80+,Female,Current Smoker,Normoglycemic,Normal,Borderline High
20-39,Female,Non-Smoker,Diabetic,Stage 1 HTN,High
60-79,Male,Non-Smoker,Diabetic,Stage 1 HTN,Very High
20-39,Male,Current Smoker,Normoglycemic,Elevated,Borderline High
20-39,Male,Non-Smoker,Normoglycemic,Normal,Borderline High
40-59,Male,Non-Smoker,Normoglycemic,Elevated,Desirable
40-59,Male,Non-Smoker,Normoglycemic,Normal,Desirable
20-39,Male,Non-Smoker,Normoglycemic,Normal,High
40-59,Female,Non-Smoker,Normoglycemic,Elevated,High
60-79,Female,Current Smoker,Diabetic,Stage 2 HTN,Very High
20-39,Female,Non-Smoker,Normoglycemic,Normal,Desirable
40-59,Male,Current Smoker,Normoglycemic,Elevated,Borderline High
20-39,Female,Non-Smoker,Normoglycemic,Elevated,Desirable
60-79,Female,Non-Smoker,Diabetic,Stage 2 HTN,High
40-59,Male,Non-Smoker,Normoglycemic,Elevated,Borderline High
80+,Male,Current Smoker,Normoglycemic,Normal,High
40-59,Female,Current Smoker,Normoglycemic,Normal,Desirable
20-39,Female,Non-Smoker,Normoglycemic,Stage 1 HTN,Desirable
40-59,Male,Non-Smoker,Normoglycemic,Normal,Desirable
40-59,Female,Current Smoker,Normoglycemic,Normal,Desirable
40-59,Male,Current Smoker,Normoglycemic,Normal,Borderline High
40-59,Female,Non-Smoker,Normoglycemic,Normal,High
40-59,Female,Current Smoker,Normoglycemic,Stage 1 HTN,Desirable
40-59,Male,Current Smoker,Normoglycemic,Stage 1 HTN,Borderline High
20-39,Female,Non-Smoker,Normoglycemic,Normal,Very High
20-39,Male,Non-Smoker,Normoglycemic,Elevated,Desirable
80+,Female,Current Smoker,Normoglycemic,Normal,Desirable
40-59,Female,Current Smoker,Normoglycemic,Elevated,High
40-59,Male,Non-Smoker,Diabetic,Stage 2 HTN,Very High
20-39,Female,Non-Smoker,Diabetic,Stage 2 HTN,Very High
40-59,Male,Non-Smoker,Normoglycemic,Elevated,Desirable
40-59,Male,Non-Smoker,Diabetic,Stage 2 HTN,Very High
80+,Female,Non-Smoker,Diabetic,Stage 1 HTN,High
20-39,Male,Non-Smoker,Diabetic,Stage 2 HTN,High
60-79,Male,Current Smoker,Normoglycemic,Normal,Desirable
20-39,Male,Non-Smoker,Diabetic,Stage 1 HTN,Very High
20-39,Female,Non-Smoker,Normoglycemic,Normal,Borderline High
40-59,Female,Non-Smoker,Normoglycemic,Elevated,Desirable
40-59,Male,Current Smoker,Normoglycemic,Normal,Desirable
60-79,Female,Non-Smoker,Diabetic,Stage 2 HTN,Very High
80+,Female,Non-Smoker,Normoglycemic,Normal,Borderline High
40-59,Male,Current Smoker,Normoglycemic,Elevated,Borderline High
40-59,Female,Current Smoker,Normoglycemic,Normal,Desirable
20-39,Male,Current Smoker,Normoglycemic,Normal,Desirable
20-39,Male,Non-Smoker,Normoglycemic,Stage 1 HTN,Desirable
60-79,Male,Non-Smoker,Normoglycemic,Normal,High
20-39,Male,Non-Smoker,Normoglycemic,Normal,Desirable
20-39,Female,Non-Smoker,Diabetic,Elevated,High
20-39,Male,Current Smoker,Normoglycemic,Stage 2 HTN,High
40-59,Male,Non-Smoker,Normoglycemic,Elevated,Borderline High
20-39,Male,Non-Smoker,Normoglycemic,Elevated,Desirable
40-59,Male,Non-Smoker,Normoglycemic,Normal,Desirable
80+,Male,Non-Smoker,Diabetic,Stage 1 HTN,High
20-39,Female,Current Smoker,Diabetic,Stage 2 HTN,Borderline High
60-79,Male,Current Smoker,Diabetic,Stage 1 HTN,Very High
20-39,Male,Non-Smoker,Diabetic,Stage 1 HTN,Very High
60-79,Female,Non-Smoker,Normoglycemic,Elevated,Desirable
40-59,Male,Non-Smoker,Normoglycemic,Normal,Desirable
40-59,Female,Non-Smoker,Normoglycemic,Stage 2 HTN,High
80+,Female,Non-Smoker,Normoglycemic,Elevated,Desirable
40-59,Male,Non-Smoker,Normoglycemic,Normal,Borderline High
20-39,Female,Current Smoker,Diabetic,Stage 2 HTN,High
40-59,Female,Non-Smoker,Normoglycemic,Stage 2 HTN,High
60-79,Female,Current Smoker,Normoglycemic,Elevated,Borderline High
40-59,Female,Current Smoker,Normoglycemic,Normal,Borderline High
20-39,Male,Non-Smoker,Normoglycemic,Elevated,Desirable
60-79,Male,Non-Smoker,Normoglycemic,Elevated,Borderline High
60-79,Female,Current Smoker,Diabetic,Stage 1 HTN,Borderline High
60-79,Female,Non-Smoker,Diabetic,Stage 2 HTN,Very High
40-59,Male,Non-Smoker,Normoglycemic,Stage 1 HTN,High
40-59,Male,Non-Smoker,Diabetic,Stage 2 HTN,Borderline High
60-79,Male,Non-Smoker,Normoglycemic,Normal,Desirable
40-59,Female,Non-Smoker,Diabetic,Stage 2 HTN,High
40-59,Male,Non-Smoker,Diabetic,Stage 1 HTN,Very High
40-59,Male,Current Smoker,Normoglycemic,Normal,Desirable
60-79,Female,Non-Smoker,Diabetic,Elevated,Borderline High
40-59,Male,Current Smoker,Normoglycemic,Normal,High
20-39,Male,Current Smoker,Normoglycemic,Elevated,Desirable
20-39,Male,Non-Smoker,Normoglycemic,Normal,Desirable
20-39,Male,Non-Smoker,Normoglycemic,Normal,Desirable
40-59,Male,Non-Smoker,Diabetic,Stage 1 HTN,High
80+,Male,Non-Smoker,Normoglycemic,Elevated,High
40-59,Male,Non-Smoker,Diabetic,Stage 1 HTN,High
20-39,Female,Non-Smoker,Diabetic,Stage 2 HTN,Very High
40-59,Female,Non-Smoker,Normoglycemic,Normal,High
20-39,Male,Non-Smoker,Normoglycemic,Normal,Desirable
40-59,Male,Non-Smoker,Normoglycemic,Normal,High
40-59,Female,Non-Smoker,Normoglycemic,Stage 1 HTN,Desirable
60-79,Male,Non-Smoker,Diabetic,Stage 2 HTN,Very High
20-39,Male,Non-Smoker,Normoglycemic,Normal,Desirable
60-79,Female,Non-Smoker,Normoglycemic,Elevated,High
40-59,Male,Non-Smoker,Normoglycemic,Stage 1 HTN,Borderline High
20-39,Female,Non-Smoker,Normoglycemic,Normal,High
20-39,Male,Non-Smoker,Normoglycemic,Normal,Borderline High
40-59,Male,Non-Smoker,Normoglycemic,Normal,Borderline High
40-59,Female,Non-Smoker,Diabetic,Stage 2 HTN,High
40-59,Female,Non-Smoker,Diabetic,Stage 2 HTN,High
20-39,Female,Non-Smoker,Diabetic,Stage 2 HTN,Very High
60-79,Male,Non-Smoker,Normoglycemic,Normal,High
20-39,Female,Non-Smoker,Normoglycemic,Normal,Very High
40-59,Male,Non-Smoker,Normoglycemic,Normal,Borderline High
20-39,Male,Current Smoker,Diabetic,Stage 2 HTN,High
60-79,Male,Non-Smoker,Normoglycemic,Elevated,High
40-59,Female,Non-Smoker,Normoglycemic,Normal,Desirable
20-39,Female,Non-Smoker,Normoglycemic,Normal,Borderline High
40-59,Female,Non-Smoker,Normoglycemic,Elevated,Desirable
20-39,Female,Non-Smoker,Normoglycemic,Normal,High
80+,Female,Non-Smoker,Normoglycemic,Stage 2 HTN,Desirable
20-39,Female,Current Smoker,Normoglycemic,Normal,Borderline High
60-79,Female,Non-Smoker,Normoglycemic,Elevated,Borderline High
40-59,Male,Non-Smoker,Normoglycemic,Normal,Very High
20-39,Female,Non-Smoker,Normoglycemic,Elevated,High
20-39,Male,Current Smoker,Normoglycemic,Normal,Desirable
60-79,Female,Non-Smoker,Diabetic,Stage 1 HTN,High
80+,Female,Non-Smoker,Normoglycemic,Elevated,Borderline High
20-39,Female,Non-Smoker,Normoglycemic,Normal,Borderline High
60-79,Male,Non-Smoker,Normoglycemic,Normal,Desirable
40-59,Male,Non-Smoker,Normoglycemic,Normal,High
60-79,Female,Non-Smoker,Diabetic,Stage 2 HTN,High
20-39,Female,Non-Smoker,Normoglycemic,Stage 1 HTN,Borderline High
40-59,Male,Non-Smoker,Normoglycemic,Normal,Desirable
20-39,Female,Non-Smoker,Normoglycemic,Normal,High
40-59,Male,Current Smoker,Diabetic,Stage 2 HTN,Very High
20-39,Female,Current Smoker,Normoglycemic,Normal,Desirable
40-59,Male,Current Smoker,Normoglycemic,Elevated,Very High
20-39,Female,Non-Smoker,Normoglycemic,Normal,Borderline High
20-39,Male,Current Smoker,Normoglycemic,Normal,Desirable
80+,Male,Current Smoker,Diabetic,Stage 1 HTN,High
40-59,Male,Non-Smoker,Normoglycemic,Normal,Desirable
60-79,Male,Non-Smoker,Diabetic,Stage 2 HTN,High
40-59,Male,Non-Smoker,Normoglycemic,Normal,Desirable
40-59,Female,Non-Smoker,Diabetic,Stage 2 HTN,High
40-59,Male,Non-Smoker,Diabetic,Stage 2 HTN,Borderline High
40-59,Male,Current Smoker,Normoglycemic,Elevated,Desirable
20-39,Male,Non-Smoker,Normoglycemic,Stage 1 HTN,Desirable
40-59,Male,Non-Smoker,Diabetic,Stage 2 HTN,High
80+,Male,Current Smoker,Normoglycemic,Normal,Desirable
20-39,Female,Non-Smoker,Diabetic,Stage 1 HTN,High
20-39,Male,Non-Smoker,Normoglycemic,Elevated,Desirable
20-39,Female,Current Smoker,Normoglycemic,Normal,Borderline High
80+,Male,Current Smoker,Diabetic,Stage 1 HTN,Very High
20-39,Male,Non-Smoker,Normoglycemic,Normal,Very High
60-79,Female,Current Smoker,Diabetic,Stage 2 HTN,Desirable
40-59,Male,Non-Smoker,Diabetic,Stage 1 HTN,Desirable
60-79,Female,Non-Smoker,Diabetic,Stage 1 HTN,High
60-79,Female,Non-Smoker,Diabetic,Stage 2 HTN,Desirable
60-79,Male,Non-Smoker,Diabetic,Stage 2 HTN,Borderline High
40-59,Female,Non-Smoker,Normoglycemic,Normal,Borderline High
20-39,Female,Non-Smoker,Normoglycemic,Normal,Borderline High
20-39,Female,Non-Smoker,Normoglycemic,Elevated,High
40-59,Male,Non-Smoker,Normoglycemic,Normal,Desirable
20-39,Male,Non-Smoker,Normoglycemic,Normal,Desirable
20-39,Female,Non-Smoker,Normoglycemic,Stage 1 HTN,Desirable
40-59,Female,Non-Smoker,Diabetic,Stage 1 HTN,High
20-39,Female,Current Smoker,Normoglycemic,Elevated,Desirable
20-39,Male,Non-Smoker,Normoglycemic,Stage 1 HTN,High
40-59,Male,Non-Smoker,Diabetic,Stage 1 HTN,Desirable
20-39,Male,Current Smoker,Normoglycemic,Normal,High
20-39,Female,Non-Smoker,Normoglycemic,Normal,Desirable
20-39,Male,Non-Smoker,Normoglycemic,Normal,Desirable
60-79,Male,Current Smoker,Diabetic,Stage 2 HTN,Borderline High
40-59,Female,Non-Smoker,Normoglycemic,Stage 2 HTN,Desirable
20-39,Male,Non-Smoker,Normoglycemic,Normal,Desirable
80+,Female,Non-Smoker,Diabetic,Stage 2 HTN,Very High
20-39,Male,Non-Smoker,Normoglycemic,Elevated,Desirable
60-79,Female,Non-Smoker,Normoglycemic,Normal,Borderline High
20-39,Female,Non-Smoker,Normoglycemic,Stage 2 HTN,Borderline High
40-59,Male,Current Smoker,Normoglycemic,Stage 2 HTN,Desirable
40-59,Female,Non-Smoker,Normoglycemic,Normal,Desirable
80+,Female,Non-Smoker,Diabetic,Stage 1 HTN,High
40-59,Female,Current Smoker,Normoglycemic,Normal,Very High
20-39,Male,Non-Smoker,Normoglycemic,Elevated,Borderline High
40-59,Female,Current Smoker,Normoglycemic,Normal,Desirable
40-59,Male,Non-Smoker,Normoglycemic,Normal,Borderline High
20-39,Male,Non-Smoker,Normoglycemic,Normal,Desirable
40-59,Female,Non-Smoker,Normoglycemic,Stage 1 HTN,Borderline High
60-79,Male,Non-Smoker,Normoglycemic,Normal,High
40-59,Male,Non-Smoker,Normoglycemic,Stage 1 HTN,High
80+,Male,Non-Smoker,Diabetic,Stage 2 HTN,Very High
20-39,Female,Non-Smoker,Normoglycemic,Normal,Desirable
40-59,Female,Non-Smoker,Diabetic,Stage 2 HTN,High
20-39,Female,Non-Smoker,Normoglycemic,Normal,Desirable
20-39,Female,Non-Smoker,Normoglycemic,Normal,Desirable
40-59,Female,Non-Smoker,Normoglycemic,Normal,Borderline High
20-39,Female,Non-Smoker,Normoglycemic,Stage 1 HTN,Borderline High
40-59,Female,Current Smoker,Normoglycemic,Stage 1 HTN,Desirable
20-39,Female,Non-Smoker,Normoglycemic,Normal,Borderline High
40-59,Male,Non-Smoker,Diabetic,Stage 2 HTN,High
60-79,Male,Non-Smoker,Diabetic,Stage 2 HTN,High
60-79,Female,Non-Smoker,Diabetic,Stage 2 HTN,High
60-79,Male,Non-Smoker,Normoglycemic,Elevated,High
20-39,Male,Current Smoker,Diabetic,Elevated,High
40-59,Male,Non-Smoker,Normoglycemic,Normal,Very High
20-39,Male,Non-Smoker,Normoglycemic,Normal,High
60-79,Female,Current Smoker,Diabetic,Stage 2 HTN,Very High
20-39,Male,Current Smoker,Normoglycemic,Normal,Borderline High
20-39,Female,Non-Smoker,Normoglycemic,Normal,Desirable
20-39,Male,Non-Smoker,Normoglycemic,Normal,Desirable
80+,Male,Non-Smoker,Normoglycemic,Normal,Desirable
20-39,Male,Non-Smoker,Normoglycemic,Elevated,Desirable
60-79,Male,Current Smoker,Normoglycemic,Elevated,Very High
80+,Male,Non-Smoker,Normoglycemic,Normal,Borderline High
20-39,Female,Non-Smoker,Diabetic,Stage 1 HTN,High
40-59,Female,Non-Smoker,Normoglycemic,Normal,Borderline High
20-39,Female,Non-Smoker,Diabetic,Stage 1 HTN,Very High
40-59,Female,Non-Smoker,Diabetic,Stage 1 HTN,High
60-79,Male,Current Smoker,Diabetic,Stage 1 HTN,Very High
40-59,Male,Current Smoker,Diabetic,Stage 2 HTN,Desirable
20-39,Male,Current Smoker,Normoglycemic,Stage 1 HTN,Desirable
60-79,Male,Non-Smoker,Normoglycemic,Elevated,Very High
80+,Male,Non-Smoker,Diabetic,Stage 2 HTN,High
20-39,Male,Non-Smoker,Normoglycemic,Elevated,Desirable
60-79,Female,Current Smoker,Normoglycemic,Stage 1 HTN,Desirable
20-39,Female,Non-Smoker,Normoglycemic,Normal,Borderline High
40-59,Female,Non-Smoker,Normoglycemic,Normal,Desirable
20-39,Male,Current Smoker,Normoglycemic,Stage 1 HTN,Desirable
20-39,Male,Non-Smoker,Normoglycemic,Normal,Desirable
40-59,Female,Non-Smoker,Normoglycemic,Stage 1 HTN,Desirable
20-39,Female,Non-Smoker,Normoglycemic,Normal,Desirable
20-39,Female,Non-Smoker,Normoglycemic,Normal,High
20-39,Male,Current Smoker,Normoglycemic,Normal,Borderline High
20-39,Male,Non-Smoker,Normoglycemic,Elevated,High
80+,Female,Non-Smoker,Normoglycemic,Stage 1 HTN,Desirable
40-59,Female,Non-Smoker,Normoglycemic,Normal,Desirable
20-39,Female,Current Smoker,Diabetic,Stage 2 HTN,High
20-39,Male,Non-Smoker,Normoglycemic,Normal,Desirable
60-79,Male,Non-Smoker,Normoglycemic,Normal,Borderline High
20-39,Female,Current Smoker,Normoglycemic,Normal,High
60-79,Male,Non-Smoker,Normoglycemic,Normal,Borderline High
60-79,Male,Non-Smoker,Normoglycemic,Normal,Desirable
60-79,Female,Current Smoker,Normoglycemic,Normal,Desirable
20-39,Female,Non-Smoker,Normoglycemic,Normal,High
20-39,Female,Current Smoker,Normoglycemic,Elevated,Borderline High
20-39,Male,Non-Smoker,Normoglycemic,Stage 2 HTN,Desirable
60-79,Female,Non-Smoker,Diabetic,Stage 2 HTN,Very High
40-59,Female,Non-Smoker,Normoglycemic,Elevated,Desirable
60-79,Female,Non-Smoker,Normoglycemic,Normal,Desirable
40-59,Female,Non-Smoker,Normoglycemic,Stage 2 HTN,Desirable
40-59,Female,Non-Smoker,Normoglycemic,Normal,Desirable
20-39,Male,Non-Smoker,Normoglycemic,Elevated,High
40-59,Female,Non-Smoker,Diabetic,Stage 2 HTN,Very High
40-59,Male,Non-Smoker,Normoglycemic,Normal,Desirable
60-79,Male,Non-Smoker,Normoglycemic,Normal,Desirable
20-39,Female,Non-Smoker,Normoglycemic,Elevated,Desirable
20-39,Female,Non-Smoker,Diabetic,Stage 2 HTN,High
60-79,Male,Non-Smoker,Normoglycemic,Elevated,Borderline High
20-39,Male,Non-Smoker,Normoglycemic,Stage 1 HTN,Very High
40-59,Female,Non-Smoker,Diabetic,Stage 2 HTN,High
60-79,Male,Current Smoker,Diabetic,Stage 2 HTN,Very High
20-39,Female,Current Smoker,Normoglycemic,Elevated,High
40-59,Male,Non-Smoker,Diabetic,Stage 2 HTN,Very High
20-39,Female,Current Smoker,Normoglycemic,Elevated,High
20-39,Male,Current Smoker,Normoglycemic,Elevated,Borderline High
60-79,Female,Non-Smoker,Diabetic,Stage 2 HTN,Borderline High
40-59,Male,Non-Smoker,Normoglycemic,Normal,Borderline High
80+,Female,Non-Smoker,Normoglycemic,Stage 2 HTN,Very High
40-59,Male,Non-Smoker,Normoglycemic,Elevated,Borderline High
40-59,Female,Current Smoker,Diabetic,Stage 2 HTN,High
60-79,Female,Non-Smoker,Normoglycemic,Normal,Desirable
60-79,Female,Non-Smoker,Normoglycemic,Normal,High
20-39,Female,Non-Smoker,Normoglycemic,Normal,Desirable
40-59,Male,Non-Smoker,Normoglycemic,Normal,Borderline High
40-59,Male,Non-Smoker,Normoglycemic,Stage 1 HTN,High
60-79,Female,Non-Smoker,Normoglycemic,Elevated,Borderline High
80+,Male,Current Smoker,Diabetic,Stage 2 HTN,Desirable
20-39,Female,Non-Smoker,Normoglycemic,Normal,Desirable
20-39,Male,Non-Smoker,Diabetic,Stage 2 HTN,High
20-39,Male,Non-Smoker,Normoglycemic,Normal,High
60-79,Female,Non-Smoker,Diabetic,Stage 2 HTN,High
20-39,Female,Non-Smoker,Normoglycemic,Normal,Desirable
20-39,Female,Non-Smoker,Normoglycemic,Normal,Desirable
20-39,Male,Non-Smoker,Normoglycemic,Stage 1 HTN,Borderline High
40-59,Female,Non-Smoker,Normoglycemic,Normal,Desirable
40-59,Male,Non-Smoker,Normoglycemic,Elevated,Desirable
60-79,Male,Non-Smoker,Normoglycemic,Normal,High
40-59,Female,Non-Smoker,Diabetic,Stage 2 HTN,Very High
60-79,Female,Non-Smoker,Normoglycemic,Normal,Borderline High
40-59,Male,Non-Smoker,Diabetic,Stage 2 HTN,Very High
40-59,Male,Non-Smoker,Normoglycemic,Normal,Borderline High
20-39,Male,Current Smoker,Normoglycemic,Normal,Borderline High
40-59,Female,Non-Smoker,Normoglycemic,Normal,Desirable
40-59,Female,Non-Smoker,Diabetic,Stage 2 HTN,High
60-79,Female,Non-Smoker,Diabetic,Stage 2 HTN,High
60-79,Female,Current Smoker,Diabetic,Stage 2 HTN,High
80+,Female,Current Smoker,Diabetic,Stage 2 HTN,Very High
40-59,Female,Non-Smoker,Diabetic,Stage 2 HTN,High
40-59,Female,Non-Smoker,Normoglycemic,Normal,Borderline High
60-79,Female,Non-Smoker,Normoglycemic,Elevated,Desirable
60-79,Female,Non-Smoker,Diabetic,Stage 2 HTN,Very High
40-59,Female,Non-Smoker,Diabetic,Stage 1 HTN,Desirable
40-59,Female,Non-Smoker,Diabetic,Stage 2 HTN,Very High
40-59,Male,Non-Smoker,Normoglycemic,Elevated,High
40-59,Male,Non-Smoker,Normoglycemic,Normal,Desirable
40-59,Female,Current Smoker,Normoglycemic,Normal,Borderline High
60-79,Female,Current Smoker,Diabetic,Stage 2 HTN,Borderline High
80+,Female,Non-Smoker,Normoglycemic,Normal,Very High
20-39,Male,Non-Smoker,Normoglycemic,Normal,High
40-59,Female,Non-Smoker,Normoglycemic,Elevated,Desirable
40-59,Female,Non-Smoker,Normoglycemic,Elevated,High
20-39,Female,Non-Smoker,Normoglycemic,Normal,Very High
20-39,Female,Non-Smoker,Normoglycemic,Normal,Desirable
40-59,Female,Non-Smoker,Diabetic,Stage 1 HTN,Very High
60-79,Female,Non-Smoker,Normoglycemic,Normal,Borderline High
80+,Male,Non-Smoker,Normoglycemic,Elevated,High
20-39,Female,Non-Smoker,Normoglycemic,Stage 1 HTN,High
20-39,Female,Non-Smoker,Normoglycemic,Elevated,Desirable
40-59,Female,Non-Smoker,Normoglycemic,Normal,High
60-79,Male,Current Smoker,Normoglycemic,Normal,Desirable
40-59,Male,Current Smoker,Diabetic,Stage 2 HTN,High
20-39,Male,Non-Smoker,Normoglycemic,Normal,Desirable
20-39,Male,Non-Smoker,Normoglycemic,Normal,Desirable
60-79,Female,Non-Smoker,Normoglycemic,Normal,High
80+,Male,Non-Smoker,Diabetic,Stage 2 HTN,Desirable
20-39,Female,Non-Smoker,Normoglycemic,Normal,Borderline High
20-39,Female,Non-Smoker,Normoglycemic,Normal,Desirable
40-59,Female,Non-Smoker,Normoglycemic,Normal,Borderline High
40-59,Female,Non-Smoker,Diabetic,Stage 1 HTN,Borderline High
20-39,Male,Current Smoker,Normoglycemic,Normal,Very High
20-39,Female,Current Smoker,Diabetic,Stage 2 HTN,Very High
20-39,Male,Non-Smoker,Normoglycemic,Normal,Borderline High
20-39,Female,Non-Smoker,Normoglycemic,Normal,Borderline High
20-39,Female,Non-Smoker,Diabetic,Elevated,Very High
80+,Male,Current Smoker,Diabetic,Stage 1 HTN,High
60-79,Male,Current Smoker,Diabetic,Stage 2 HTN,Borderline High
80+,Male,Non-Smoker,Normoglycemic,Elevated,High
40-59,Male,Non-Smoker,Normoglycemic,Normal,High
80+,Female,Non-Smoker,Normoglycemic,Elevated,Borderline High
40-59,Male,Non-Smoker,Normoglycemic,Stage 1 HTN,Borderline High
20-39,Female,Non-Smoker,Normoglycemic,Normal,Borderline High
40-59,Male,Non-Smoker,Normoglycemic,Elevated,Desirable
40-59,Male,Non-Smoker,Normoglycemic,Normal,High
80+,Male,Non-Smoker,Diabetic,Stage 2 HTN,Borderline High
20-39,Female,Non-Smoker,Normoglycemic,Stage 1 HTN,Desirable
40-59,Female,Non-Smoker,Diabetic,Normal,Borderline High
20-39,Male,Non-Smoker,Diabetic,Stage 2 HTN,High
20-39,Male,Current Smoker,Normoglycemic,Normal,Borderline High
20-39,Female,Non-Smoker,Normoglycemic,Elevated,High
40-59,Female,Non-Smoker,Normoglycemic,Elevated,Very High
20-39,Female,Non-Smoker,Normoglycemic,Elevated,Desirable
80+,Female,Non-Smoker,Diabetic,Stage 1 HTN,Very High
20-39,Male,Current Smoker,Normoglycemic,Normal,High
40-59,Female,Current Smoker,Normoglycemic,Normal,Very High
40-59,Male,Non-Smoker,Diabetic,Stage 2 HTN,Very High
40-59,Female,Non-Smoker,Normoglycemic,Normal,High
40-59,Female,Non-Smoker,Normoglycemic,Elevated,Desirable
40-59,Male,Non-Smoker,Normoglycemic,Normal,Borderline High
40-59,Male,Current Smoker,Normoglycemic,Stage 1 HTN,Desirable
20-39,Male,Current Smoker,Normoglycemic,Normal,High
80+,Female,Non-Smoker,Normoglycemic,Normal,Very High
20-39,Male,Non-Smoker,Normoglycemic,Normal,Borderline High
60-79,Female,Current Smoker,Normoglycemic,Normal,Very High
20-39,Female,Non-Smoker,Normoglycemic,Elevated,Desirable
40-59,Female,Non-Smoker,Diabetic,Stage 2 HTN,Borderline High
40-59,Male,Non-Smoker,Diabetic,Stage 1 HTN,Borderline High
20-39,Male,Current Smoker,Diabetic,Stage 1 HTN,High
40-59,Male,Current Smoker,Normoglycemic,Elevated,Desirable
60-79,Male,Current Smoker,Normoglycemic,Stage 2 HTN,Desirable
40-59,Male,Non-Smoker,Normoglycemic,Normal,Desirable
60-79,Male,Non-Smoker,Normoglycemic,Normal,Desirable
40-59,Male,Non-Smoker,Normoglycemic,Normal,Desirable
20-39,Female,Non-Smoker,Normoglycemic,Normal,Desirable
20-39,Female,Current Smoker,Normoglycemic,Stage 1 HTN,Borderline High
20-39,Female,Non-Smoker,Diabetic,Normal,High
40-59,Female,Non-Smoker,Normoglycemic,Elevated,Borderline High
80+,Male,Non-Smoker,Diabetic,Stage 2 HTN,High
60-79,Male,Non-Smoker,Normoglycemic,Stage 2 HTN,Very High
20-39,Female,Non-Smoker,Normoglycemic,Normal,Borderline High
60-79,Male,Non-Smoker,Normoglycemic,Elevated,Very High
40-59,Female,Non-Smoker,Diabetic,Stage 2 HTN,High
60-79,Male,Non-Smoker,Diabetic,Stage 2 HTN,High
20-39,Female,Non-Smoker,Normoglycemic,Normal,Desirable
20-39,Male,Non-Smoker,Normoglycemic,Normal,High
60-79,Female,Non-Smoker,Normoglycemic,Normal,High
20-39,Male,Non-Smoker,Normoglycemic,Stage 1 HTN,Very High
60-79,Female,Non-Smoker,Normoglycemic,Elevated,Borderline High
40-59,Male,Non-Smoker,Normoglycemic,Stage 2 HTN,High
20-39,Female,Non-Smoker,Normoglycemic,Normal,Desirable
40-59,Male,Non-Smoker,Diabetic,Stage 2 HTN,High
40-59,Male,Non-Smoker,Normoglycemic,Normal,Borderline High
60-79,Male,Non-Smoker,Normoglycemic,Stage 1 HTN,Borderline High
20-39,Female,Non-Smoker,Normoglycemic,Elevated,Borderline High
40-59,Male,Current Smoker,Diabetic,Stage 2 HTN,Very High
40-59,Female,Non-Smoker,Normoglycemic,Stage 1 HTN,Desirable
40-59,Male,Non-Smoker,Normoglycemic,Elevated,Desirable
60-79,Male,Non-Smoker,Diabetic,Stage 2 HTN,High
40-59,Male,Non-Smoker,Normoglycemic,Normal,Desirable
20-39,Male,Current Smoker,Normoglycemic,Stage 2 HTN,Borderline High
40-59,Male,Non-Smoker,Diabetic,Stage 1 HTN,Borderline High
60-79,Male,Non-Smoker,Diabetic,Stage 1 HTN,Very High
60-79,Male,Non-Smoker,Normoglycemic,Normal,Desirable
20-39,Male,Current Smoker,Normoglycemic,Stage 2 HTN,Desirable
20-39,Male,Non-Smoker,Normoglycemic,Normal,Borderline High
80+,Female,Non-Smoker,Normoglycemic,Stage 1 HTN,Desirable
60-79,Female,Non-Smoker,Normoglycemic,Stage 1 HTN,High
20-39,Male,Non-Smoker,Normoglycemic,Normal,Desirable
80+,Female,Non-Smoker,Normoglycemic,Normal,Desirable
20-39,Female,Current Smoker,Diabetic,Stage 2 HTN,High
60-79,Female,Current Smoker,Diabetic,Stage 2 HTN,Desirable
40-59,Female,Non-Smoker,Normoglycemic,Elevated,Borderline High
60-79,Female,Non-Smoker,Normoglycemic,Stage 2 HTN,Desirable
60-79,Female,Non-Smoker,Normoglycemic,Normal,Borderline High
80+,Male,Current Smoker,Normoglycemic,Normal,Desirable
40-59,Female,Non-Smoker,Normoglycemic,Normal,Borderline High
20-39,Male,Non-Smoker,Normoglycemic,Elevated,Borderline High
20-39,Male,Non-Smoker,Normoglycemic,Normal,High
40-59,Female,Non-Smoker,Diabetic,Stage 2 HTN,Very High
60-79,Female,Non-Smoker,Diabetic,Stage 2 HTN,High
40-59,Male,Current Smoker,Diabetic,Stage 2 HTN,Very High
40-59,Male,Current Smoker,Normoglycemic,Normal,Borderline High
60-79,Female,Non-Smoker,Normoglycemic,Stage 1 HTN,Desirable
40-59,Female,Non-Smoker,Normoglycemic,Normal,Very High
20-39,Female,Non-Smoker,Normoglycemic,Normal,Desirable
40-59,Female,Non-Smoker,Normoglycemic,Normal,Very High
40-59,Female,Non-Smoker,Normoglycemic,Normal,Desirable
40-59,Male,Current Smoker,Normoglycemic,Normal,High
40-59,Female,Current Smoker,Normoglycemic,Normal,Borderline High
40-59,Male,Non-Smoker,Normoglycemic,Normal,High
80+,Female,Non-Smoker,Normoglycemic,Normal,High
20-39,Female,Non-Smoker,Normoglycemic,Normal,Desirable
20-39,Male,Non-Smoker,Normoglycemic,Normal,Borderline High
20-39,Male,Non-Smoker,Diabetic,Stage 1 HTN,Very High
40-59,Male,Current Smoker,Diabetic,Stage 2 HTN,Very High
60-79,Female,Non-Smoker,Normoglycemic,Stage 2 HTN,High
60-79,Female,Current Smoker,Normoglycemic,Normal,High
40-59,Male,Current Smoker,Normoglycemic,Normal,Borderline High
20-39,Female,Non-Smoker,Normoglycemic,Normal,Desirable
20-39,Female,Current Smoker,Diabetic,Stage 1 HTN,High
20-39,Male,Current Smoker,Diabetic,Stage 1 HTN,Borderline High
20-39,Female,Non-Smoker,Diabetic,Stage 2 HTN,High
20-39,Female,Non-Smoker,Normoglycemic,Elevated,Desirable
40-59,Female,Non-Smoker,Normoglycemic,Normal,Desirable
20-39,Male,Non-Smoker,Normoglycemic,Elevated,Very High
20-39,Male,Non-Smoker,Normoglycemic,Normal,Borderline High
40-59,Female,Non-Smoker,Normoglycemic,Normal,High
40-59,Male,Current Smoker,Normoglycemic,Elevated,Desirable
60-79,Female,Non-Smoker,Diabetic,Stage 1 HTN,High
60-79,Female,Non-Smoker,Normoglycemic,Elevated,Desirable
40-59,Female,Current Smoker,Diabetic,Stage 2 HTN,High
40-59,Male,Current Smoker,Diabetic,Stage 2 HTN,High
20-39,Male,Non-Smoker,Normoglycemic,Stage 2 HTN,Desirable
60-79,Female,Non-Smoker,Normoglycemic,Elevated,Borderline High
60-79,Male,Non-Smoker,Normoglycemic,Normal,Borderline High
40-59,Female,Non-Smoker,Normoglycemic,Elevated,Desirable
60-79,Male,Current Smoker,Normoglycemic,Normal,Desirable
20-39,Male,Non-Smoker,Normoglycemic,Normal,Borderline High
60-79,Female,Current Smoker,Normoglycemic,Stage 1 HTN,Borderline High
20-39,Female,Non-Smoker,Normoglycemic,Normal,High
20-39,Female,Non-Smoker,Normoglycemic,Stage 1 HTN,Borderline High
80+,Male,Non-Smoker,Normoglycemic,Normal,High
20-39,Female,Non-Smoker,Normoglycemic,Normal,Borderline High
80+,Female,Non-Smoker,Normoglycemic,Normal,Desirable
40-59,Male,Non-Smoker,Normoglycemic,Normal,Borderline High
20-39,Male,Non-Smoker,Normoglycemic,Elevated,Desirable
20-39,Female,Current Smoker,Normoglycemic,Normal,Borderline High
60-79,Female,Non-Smoker,Normoglycemic,Normal,Borderline High
20-39,Female,Non-Smoker,Normoglycemic,Normal,Desirable
60-79,Male,Non-Smoker,Diabetic,Stage 1 HTN,Borderline High
60-79,Male,Non-Smoker,Normoglycemic,Normal,Desirable
60-79,Female,Non-Smoker,Diabetic,Stage 1 HTN,Very High
40-59,Female,Non-Smoker,Normoglycemic,Normal,Borderline High
20-39,Male,Current Smoker,Diabetic,Stage 1 HTN,High
20-39,Female,Non-Smoker,Normoglycemic,Normal,Borderline High
40-59,Female,Non-Smoker,Normoglycemic,Normal,Desirable
40-59,Male,Current Smoker,Normoglycemic,Normal,Desirable
40-59,Female,Non-Smoker,Diabetic,Stage 2 HTN,High
80+,Male,Non-Smoker,Normoglycemic,Stage 1 HTN,Borderline High
60-79,Male,Non-Smoker,Diabetic,Stage 2 HTN,Very High
20-39,Female,Current Smoker,Diabetic,Stage 1 HTN,High
60-79,Female,Non-Smoker,Diabetic,Stage 1 HTN,Borderline High
40-59,Female,Non-Smoker,Normoglycemic,Normal,Desirable
20-39,Female,Non-Smoker,Normoglycemic,Normal,Desirable
40-59,Male,Current Smoker,Diabetic,Stage 2 HTN,High
40-59,Female,Non-Smoker,Diabetic,Stage 2 HTN,Very High
60-79,Male,Non-Smoker,Diabetic,Stage 1 HTN,Very High
20-39,Male,Current Smoker,Diabetic,Stage 2 HTN,High
60-79,Female,Non-Smoker,Normoglycemic,Normal,Desirable
40-59,Female,Non-Smoker,Normoglycemic,Elevated,Borderline High
60-79,Female,Current Smoker,Diabetic,Stage 1 HTN,Borderline High
80+,Female,Non-Smoker,Normoglycemic,Normal,Desirable
80+,Male,Non-Smoker,Normoglycemic,Stage 2 HTN,Very High
60-79,Male,Non-Smoker,Diabetic,Stage 1 HTN,Borderline High
80+,Female,Non-Smoker,Normoglycemic,Normal,Very High
40-59,Male,Non-Smoker,Normoglycemic,Normal,Desirable
80+,Male,Current Smoker,Normoglycemic,Stage 1 HTN,Desirable
20-39,Female,Current Smoker,Normoglycemic,Stage 1 HTN,High
40-59,Female,Non-Smoker,Diabetic,Stage 2 HTN,Borderline High
80+,Male,Current Smoker,Diabetic,Stage 1 HTN,Desirable
60-79,Male,Current Smoker,Normoglycemic,Normal,Desirable
20-39,Male,Non-Smoker,Diabetic,Stage 2 HTN,Borderline High
60-79,Female,Current Smoker,Diabetic,Stage 1 HTN,High
60-79,Female,Non-Smoker,Normoglycemic,Elevated,High
80+,Female,Non-Smoker,Diabetic,Stage 2 HTN,High
80+,Male,Non-Smoker,Normoglycemic,Elevated,Borderline High
80+,Female,Non-Smoker,Diabetic,Stage 2 HTN,Very High
40-59,Female,Non-Smoker,Normoglycemic,Elevated,Borderline High
40-59,Female,Non-Smoker,Normoglycemic,Normal,Borderline High
80+,Female,Non-Smoker,Diabetic,Stage 1 HTN,Very High
60-79,Male,Current Smoker,Normoglycemic,Normal,Desirable
20-39,Female,Non-Smoker,Normoglycemic,Normal,Borderline High
80+,Male,Non-Smoker,Diabetic,Stage 1 HTN,High
80+,Female,Current Smoker,Diabetic,Stage 2 HTN,Very High
80+,Female,Non-Smoker,Normoglycemic,Normal,Desirable
40-59,Female,Non-Smoker,Normoglycemic,Normal,Desirable
60-79,Male,Non-Smoker,Diabetic,Stage 2 HTN,Very High
20-39,Male,Current Smoker,Normoglycemic,Normal,Borderline High
40-59,Male,Non-Smoker,Normoglycemic,Normal,Desirable
20-39,Male,Non-Smoker,Normoglycemic,Stage 1 HTN,Desirable
80+,Male,Current Smoker,Diabetic,Stage 2 HTN,High
20-39,Male,Current Smoker,Normoglycemic,Elevated,Desirable
20-39,Male,Non-Smoker,Diabetic,Stage 1 HTN,High
40-59,Male,Current Smoker,Normoglycemic,Elevated,Desirable
20-39,Female,Non-Smoker,Diabetic,Stage 1 HTN,Very High
20-39,Female,Current Smoker,Normoglycemic,Stage 1 HTN,Borderline High
20-39,Male,Non-Smoker,Diabetic,Stage 2 HTN,High
40-59,Male,Non-Smoker,Normoglycemic,Normal,Borderline High
20-39,Female,Current Smoker,Normoglycemic,Normal,Desirable
20-39,Male,Non-Smoker,Normoglycemic,Normal,Desirable
80+,Female,Non-Smoker,Normoglycemic,Normal,Desirable
80+,Female,Current Smoker,Normoglycemic,Normal,Desirable
20-39,Male,Non-Smoker,Normoglycemic,Normal,Desirable
40-59,Female,Non-Smoker,Diabetic,Stage 1 HTN,Very High
20-39,Male,Non-Smoker,Normoglycemic,Normal,High
20-39,Male,Current Smoker,Normoglycemic,Normal,Desirable
80+,Male,Non-Smoker,Normoglycemic,Normal,Desirable
60-79,Male,Non-Smoker,Diabetic,Stage 2 HTN,High
40-59,Male,Non-Smoker,Normoglycemic,Elevated,High
40-59,Female,Non-Smoker,Normoglycemic,Stage 2 HTN,High
20-39,Male,Non-Smoker,Normoglycemic,Normal,Desirable
20-39,Female,Non-Smoker,Normoglycemic,Normal,Borderline High
40-59,Male,Non-Smoker,Normoglycemic,Normal,Desirable
80+,Female,Non-Smoker,Diabetic,Stage 2 HTN,Desirable
40-59,Male,Current Smoker,Normoglycemic,Normal,High
20-39,Male,Current Smoker,Normoglycemic,Elevated,Desirable
60-79,Female,Non-Smoker,Normoglycemic,Elevated,High
60-79,Male,Current Smoker,Normoglycemic,Normal,Very High
60-79,Male,Current Smoker,Normoglycemic,Normal,Desirable
40-59,Male,Non-Smoker,Normoglycemic,Normal,Desirable
40-59,Female,Non-Smoker,Normoglycemic,Normal,Desirable
40-59,Male,Non-Smoker,Normoglycemic,Stage 1 HTN,High
40-59,Female,Non-Smoker,Normoglycemic,Normal,Desirable
60-79,Male,Non-Smoker,Normoglycemic,Normal,Borderline High
20-39,Female,Non-Smoker,Normoglycemic,Normal,Desirable
20-39,Female,Non-Smoker,Normoglycemic,Normal,Desirable
60-79,Male,Non-Smoker,Normoglycemic,Normal,Very High
60-79,Male,Current Smoker,Normoglycemic,Elevated,Desirable
20-39,Female,Non-Smoker,Normoglycemic,Normal,Desirable
40-59,Female,Non-Smoker,Normoglycemic,Normal,Desirable
20-39,Male,Non-Smoker,Diabetic,Stage 2 HTN,Very High
20-39,Female,Non-Smoker,Normoglycemic,Stage 1 HTN,Desirable
20-39,Male,Current Smoker,Normoglycemic,Normal,High
20-39,Female,Non-Smoker,Normoglycemic,Stage 1 HTN,Desirable
20-39,Female,Current Smoker,Normoglycemic,Elevated,Borderline High
20-39,Male,Non-Smoker,Normoglycemic,Normal,Desirable
40-59,Male,Non-Smoker,Normoglycemic,Elevated,Desirable
40-59,Female,Non-Smoker,Normoglycemic,Normal,High
20-39,Female,Current Smoker,Normoglycemic,Elevated,Very High
20-39,Male,Non-Smoker,Normoglycemic,Normal,Borderline High
40-59,Female,Non-Smoker,Normoglycemic,Elevated,Desirable
20-39,Female,Non-Smoker,Normoglycemic,Stage 1 HTN,Desirable
40-59,Female,Current Smoker,Normoglycemic,Normal,High
40-59,Female,Current Smoker,Normoglycemic,Normal,Very High
60-79,Female,Non-Smoker,Normoglycemic,Elevated,Desirable
40-59,Male,Non-Smoker,Normoglycemic,Normal,Desirable
20-39,Female,Non-Smoker,Normoglycemic,Normal,Desirable
80+,Female,Current Smoker,Normoglycemic,Normal,Borderline High
80+,Male,Non-Smoker,Normoglycemic,Stage 2 HTN,Borderline High
40-59,Female,Current Smoker,Normoglycemic,Normal,Borderline High
60-79,Female,Non-Smoker,Normoglycemic,Elevated,Desirable
20-39,Male,Non-Smoker,Normoglycemic,Normal,Desirable
20-39,Female,Non-Smoker,Normoglycemic,Normal,Desirable
60-79,Female,Non-Smoker,Diabetic,Normal,Very High
20-39,Male,Non-Smoker,Normoglycemic,Elevated,Borderline High
20-39,Female,Non-Smoker,Normoglycemic,Stage 2 HTN,Desirable
40-59,Male,Non-Smoker,Normoglycemic,Normal,Desirable
20-39,Female,Non-Smoker,Normoglycemic,Normal,Desirable
60-79,Female,Current Smoker,Normoglycemic,Normal,High
80+,Female,Non-Smoker,Normoglycemic,Stage 1 HTN,Borderline High
40-59,Female,Non-Smoker,Diabetic,Stage 2 HTN,Very High
60-79,Male,Non-Smoker,Normoglycemic,Stage 1 HTN,Borderline High
40-59,Female,Non-Smoker,Diabetic,Stage 1 HTN,High
40-59,Male,Non-Smoker,Normoglycemic,Normal,Borderline High
20-39,Female,Non-Smoker,Normoglycemic,Normal,Borderline High
20-39,Female,Non-Smoker,Normoglycemic,Normal,Borderline High
40-59,Female,Non-Smoker,Normoglycemic,Elevated,Very High
60-79,Female,Non-Smoker,Normoglycemic,Normal,Borderline High
40-59,Female,Current Smoker,Normoglycemic,Elevated,Desirable
60-79,Female,Non-Smoker,Normoglycemic,Normal,Borderline High
20-39,Female,Non-Smoker,Normoglycemic,Normal,Borderline High
60-79,Male,Non-Smoker,Normoglycemic,Normal,Desirable
40-59,Male,Non-Smoker,Normoglycemic,Stage 2 HTN,Desirable
20-39,Female,Non-Smoker,Normoglycemic,Normal,Borderline High
20-39,Male,Non-Smoker,Normoglycemic,Stage 2 HTN,Desirable
40-59,Male,Non-Smoker,Normoglycemic,Normal,Desirable
40-59,Male,Non-Smoker,Normoglycemic,Stage 2 HTN,High
20-39,Female,Non-Smoker,Normoglycemic,Normal,Borderline High
40-59,Male,Current Smoker,Normoglycemic,Normal,Desirable
20-39,Male,Current Smoker,Diabetic,Stage 2 HTN,Very High
20-39,Female,Non-Smoker,Normoglycemic,Normal,Borderline High
20-39,Female,Non-Smoker,Normoglycemic,Normal,Desirable
20-39,Female,Non-Smoker,Diabetic,Stage 2 HTN,High
20-39,Male,Current Smoker,Normoglycemic,Normal,Borderline High
40-59,Female,Non-Smoker,Normoglycemic,Normal,Desirable
60-79,Female,Non-Smoker,Normoglycemic,Normal,Borderline High
40-59,Male,Non-Smoker,Normoglycemic,Normal,Desirable
20-39,Female,Non-Smoker,Normoglycemic,Normal,Desirable
20-39,Male,Non-Smoker,Normoglycemic,Elevated,Very High
60-79,Male,Current Smoker,Diabetic,Stage 1 HTN,Desirable
60-79,Male,Current Smoker,Normoglycemic,Normal,High
20-39,Female,Non-Smoker,Normoglycemic,Elevated,Very High
20-39,Male,Non-Smoker,Normoglycemic,Normal,Desirable
60-79,Female,Non-Smoker,Normoglycemic,Normal,Borderline High
40-59,Male,Non-Smoker,Normoglycemic,Normal,Desirable
40-59,Male,Current Smoker,Diabetic,Stage 1 HTN,High
40-59,Female,Non-Smoker,Diabetic,Stage 2 HTN,Desirable
20-39,Female,Non-Smoker,Normoglycemic,Normal,Desirable
40-59,Male,Non-Smoker,Normoglycemic,Normal,Desirable
80+,Male,Non-Smoker,Diabetic,Stage 2 HTN,High
20-39,Female,Current Smoker,Normoglycemic,Normal,Desirable
20-39,Female,Non-Smoker,Normoglycemic,Stage 2 HTN,Desirable
40-59,Male,Current Smoker,Diabetic,Elevated,Very High
60-79,Male,Non-Smoker,Normoglycemic,Stage 1 HTN,High
20-39,Male,Non-Smoker,Normoglycemic,Normal,Desirable
20-39,Female,Current Smoker,Normoglycemic,Normal,Very High
60-79,Female,Non-Smoker,Diabetic,Stage 1 HTN,High
40-59,Male,Current Smoker,Normoglycemic,Stage 2 HTN,Desirable
20-39,Female,Non-Smoker,Normoglycemic,Elevated,Very High
20-39,Male,Non-Smoker,Normoglycemic,Stage 1 HTN,Desirable
20-39,Female,Non-Smoker,Normoglycemic,Normal,Desirable
40-59,Female,Non-Smoker,Diabetic,Stage 2 HTN,High
20-39,Female,Non-Smoker,Diabetic,Stage 2 HTN,High
20-39,Female,Non-Smoker,Normoglycemic,Elevated,Borderline High
60-79,Male,Non-Smoker,Normoglycemic,Normal,Desirable
20-39,Female,Non-Smoker,Normoglycemic,Stage 1 HTN,Desirable
60-79,Female,Non-Smoker,Normoglycemic,Stage 2 HTN,High
20-39,Male,Non-Smoker,Normoglycemic,Stage 1 HTN,Desirable
20-39,Male,Current Smoker,Normoglycemic,Normal,Borderline High
40-59,Female,Non-Smoker,Normoglycemic,Normal,Desirable
40-59,Male,Non-Smoker,Normoglycemic,Stage 1 HTN,Borderline High
20-39,Female,Non-Smoker,Normoglycemic,Normal,Desirable
40-59,Female,Non-Smoker,Diabetic,Stage 2 HTN,Very High
40-59,Male,Non-Smoker,Diabetic,Stage 2 HTN,Very High
40-59,Female,Non-Smoker,Normoglycemic,Elevated,Borderline High
60-79,Female,Current Smoker,Normoglycemic,Elevated,Borderline High
20-39,Male,Non-Smoker,Normoglycemic,Elevated,Very High
20-39,Male,Current Smoker,Normoglycemic,Normal,Borderline High
20-39,Male,Current Smoker,Normoglycemic,Normal,High
20-39,Male,Non-Smoker,Normoglycemic,Normal,Desirable
40-59,Female,Non-Smoker,Diabetic,Stage 1 HTN,Very High
60-79,Male,Non-Smoker,Normoglycemic,Normal,High
20-39,Female,Non-Smoker,Normoglycemic,Normal,Borderline High
20-39,Female,Non-Smoker,Normoglycemic,Stage 1 HTN,Very High
20-39,Female,Non-Smoker,Normoglycemic,Elevated,Desirable
20-39,Male,Non-Smoker,Normoglycemic,Stage 1 HTN,Borderline High
40-59,Male,Non-Smoker,Normoglycemic,Elevated,Desirable
40-59,Male,Non-Smoker,Diabetic,Stage 2 HTN,Very High
80+,Male,Current Smoker,Diabetic,Stage 1 HTN,High
20-39,Male,Non-Smoker,Normoglycemic,Normal,Very High
40-59,Female,Non-Smoker,Normoglycemic,Normal,Borderline High
80+,Female,Non-Smoker,Diabetic,Stage 1 HTN,Very High
60-79,Male,Current Smoker,Diabetic,Elevated,High
60-79,Male,Non-Smoker,Normoglycemic,Normal,Borderline High
20-39,Male,Current Smoker,Normoglycemic,Normal,Desirable
20-39,Female,Non-Smoker,Normoglycemic,Stage 1 HTN,Desirable
60-79,Female,Non-Smoker,Diabetic,Stage 2 HTN,High
20-39,Male,Non-Smoker,Normoglycemic,Normal,Borderline High
40-59,Female,Current Smoker,Diabetic,Stage 2 HTN,High
40-59,Female,Non-Smoker,Diabetic,Stage 2 HTN,Very High
40-59,Male,Non-Smoker,Normoglycemic,Normal,Very High
20-39,Male,Non-Smoker,Diabetic,Stage 2 HTN,High
20-39,Female,Non-Smoker,Normoglycemic,Elevated,Borderline High
80+,Male,Current Smoker,Diabetic,Stage 2 HTN,High
60-79,Male,Non-Smoker,Normoglycemic,Normal,Desirable
40-59,Male,Non-Smoker,Diabetic,Stage 2 HTN,High
20-39,Male,Non-Smoker,Normoglycemic,Stage 2 HTN,Borderline High
40-59,Female,Non-Smoker,Normoglycemic,Stage 1 HTN,Desirable
60-79,Female,Non-Smoker,Normoglycemic,Normal,Borderline High
60-79,Male,Current Smoker,Normoglycemic,Elevated,Desirable
20-39,Female,Non-Smoker,Normoglycemic,Normal,Desirable
60-79,Female,Non-Smoker,Normoglycemic,Normal,High
40-59,Female,Non-Smoker,Diabetic,Stage 2 HTN,High
60-79,Female,Non-Smoker,Normoglycemic,Normal,Desirable
20-39,Female,Non-Smoker,Normoglycemic,Normal,Borderline High
40-59,Male,Non-Smoker,Normoglycemic,Normal,Desirable
40-59,Male,Non-Smoker,Normoglycemic,Elevated,High
40-59,Female,Non-Smoker,Normoglycemic,Elevated,Desirable
40-59,Male,Non-Smoker,Normoglycemic,Elevated,Desirable
20-39,Female,Non-Smoker,Normoglycemic,Elevated,Borderline High
20-39,Male,Current Smoker,Normoglycemic,Normal,Borderline High
40-59,Male,Current Smoker,Diabetic,Normal,Borderline High
20-39,Female,Non-Smoker,Normoglycemic,Normal,Borderline High
40-59,Female,Non-Smoker,Normoglycemic,Normal,High
20-39,Female,Non-Smoker,Normoglycemic,Normal,Borderline High
60-79,Male,Non-Smoker,Diabetic,Stage 2 HTN,High
20-39,Male,Current Smoker,Normoglycemic,Normal,Desirable
20-39,Male,Current Smoker,Normoglycemic,Stage 1 HTN,Borderline High
60-79,Male,Non-Smoker,Diabetic,Stage 2 HTN,High
60-79,Female,Non-Smoker,Diabetic,Stage 2 HTN,Very High
20-39,Male,Current Smoker,Normoglycemic,Stage 1 HTN,Desirable
40-59,Male,Non-Smoker,Normoglycemic,Normal,Desirable
60-79,Female,Non-Smoker,Diabetic,Stage 2 HTN,Very High
60-79,Female,Non-Smoker,Normoglycemic,Normal,Desirable
60-79,Female,Current Smoker,Normoglycemic,Normal,Desirable
20-39,Female,Non-Smoker,Normoglycemic,Normal,High
40-59,Female,Current Smoker,Normoglycemic,Elevated,Desirable
20-39,Male,Current Smoker,Normoglycemic,Normal,High
60-79,Male,Non-Smoker,Diabetic,Elevated,Very High
60-79,Male,Non-Smoker,Normoglycemic,Normal,Desirable
40-59,Female,Non-Smoker,Normoglycemic,Elevated,Desirable
20-39,Female,Non-Smoker,Normoglycemic,Normal,Borderline High
20-39,Male,Non-Smoker,Normoglycemic,Normal,Borderline High
40-59,Male,Non-Smoker,Normoglycemic,Stage 1 HTN,Desirable
60-79,Male,Current Smoker,Diabetic,Stage 2 HTN,High
40-59,Female,Current Smoker,Normoglycemic,Normal,Desirable
20-39,Female,Non-Smoker,Normoglycemic,Elevated,Borderline High
20-39,Male,Non-Smoker,Normoglycemic,Elevated,Borderline High
60-79,Female,Non-Smoker,Normoglycemic,Stage 2 HTN,Desirable
40-59,Female,Non-Smoker,Normoglycemic,Normal,Desirable
60-79,Male,Current Smoker,Normoglycemic,Elevated,Borderline High
40-59,Female,Non-Smoker,Normoglycemic,Normal,Borderline High
20-39,Male,Non-Smoker,Normoglycemic,Stage 1 HTN,Desirable
60-79,Male,Current Smoker,Diabetic,Stage 2 HTN,Very High
40-59,Male,Non-Smoker,Normoglycemic,Stage 1 HTN,Desirable
60-79,Female,Current Smoker,Normoglycemic,Normal,Desirable
20-39,Male,Current Smoker,Diabetic,Stage 2 HTN,High
40-59,Male,Non-Smoker,Normoglycemic,Normal,Borderline High
60-79,Male,Current Smoker,Normoglycemic,Normal,Desirable
80+,Female,Non-Smoker,Normoglycemic,Normal,Very High
20-39,Male,Current Smoker,Diabetic,Stage 2 HTN,High
40-59,Male,Non-Smoker,Normoglycemic,Normal,High
20-39,Male,Current Smoker,Normoglycemic,Normal,Borderline High
60-79,Male,Current Smoker,Diabetic,Elevated,Very High
40-59,Female,Non-Smoker,Normoglycemic,Elevated,High
20-39,Male,Non-Smoker,Diabetic,Stage 1 HTN,Desirable
20-39,Female,Non-Smoker,Normoglycemic,Stage 1 HTN,Desirable
20-39,Male,Non-Smoker,Normoglycemic,Elevated,Desirable
60-79,Female,Non-Smoker,Normoglycemic,Stage 1 HTN,Desirable
40-59,Female,Non-Smoker,Normoglycemic,Normal,Borderline High
20-39,Female,Non-Smoker,Normoglycemic,Normal,Desirable
20-39,Female,Non-Smoker,Normoglycemic,Normal,Borderline High
40-59,Male,Current Smoker,Diabetic,Elevated,Very High
20-39,Male,Non-Smoker,Normoglycemic,Stage 1 HTN,High
20-39,Male,Non-Smoker,Normoglycemic,Elevated,High
60-79,Male,Non-Smoker,Normoglycemic,Normal,Borderline High
20-39,Female,Non-Smoker,Normoglycemic,Elevated,Desirable
60-79,Male,Non-Smoker,Normoglycemic,Normal,Borderline High
20-39,Female,Current Smoker,Normoglycemic,Elevated,Desirable
20-39,Male,Non-Smoker,Normoglycemic,Elevated,Very High
60-79,Male,Current Smoker,Normoglycemic,Normal,Borderline High
60-79,Female,Current Smoker,Diabetic,Stage 2 HTN,Very High
40-59,Male,Current Smoker,Normoglycemic,Normal,Desirable
20-39,Male,Non-Smoker,Diabetic,Stage 2 HTN,High
40-59,Male,Non-Smoker,Normoglycemic,Elevated,Desirable
60-79,Male,Non-Smoker,Diabetic,Stage 2 HTN,High
60-79,Male,Non-Smoker,Normoglycemic,Elevated,High
20-39,Female,Non-Smoker,Normoglycemic,Normal,Desirable
40-59,Male,Non-Smoker,Normoglycemic,Normal,Very High
20-39,Male,Non-Smoker,Normoglycemic,Normal,High
20-39,Female,Non-Smoker,Normoglycemic,Normal,Borderline High
60-79,Female,Non-Smoker,Diabetic,Stage 1 HTN,Borderline High
40-59,Male,Non-Smoker,Normoglycemic,Stage 1 HTN,Desirable
20-39,Female,Non-Smoker,Normoglycemic,Normal,Borderline High
60-79,Male,Non-Smoker,Normoglycemic,Normal,Desirable
20-39,Male,Non-Smoker,Normoglycemic,Normal,High
40-59,Male,Non-Smoker,Normoglycemic,Elevated,Desirable
40-59,Female,Current Smoker,Normoglycemic,Normal,Desirable
40-59,Male,Non-Smoker,Normoglycemic,Normal,Desirable
20-39,Male,Non-Smoker,Normoglycemic,Elevated,Desirable
40-59,Female,Non-Smoker,Normoglycemic,Normal,Desirable
20-39,Female,Non-Smoker,Normoglycemic,Stage 1 HTN,Desirable
20-39,Female,Non-Smoker,Diabetic,Normal,High
40-59,Female,Non-Smoker,Normoglycemic,Normal,Desirable
20-39,Female,Non-Smoker,Normoglycemic,Normal,Desirable
40-59,Female,Non-Smoker,Normoglycemic,Normal,Very High
60-79,Female,Non-Smoker,Normoglycemic,Normal,Desirable
40-59,Female,Non-Smoker,Normoglycemic,Normal,Borderline High
40-59,Female,Non-Smoker,Normoglycemic,Normal,Borderline High
40-59,Male,Non-Smoker,Normoglycemic,Normal,High
20-39,Female,Non-Smoker,Normoglycemic,Elevated,High
20-39,Male,Non-Smoker,Normoglycemic,Elevated,Desirable
20-39,Male,Current Smoker,Diabetic,Elevated,High
40-59,Female,Non-Smoker,Normoglycemic,Elevated,Borderline High
40-59,Male,Current Smoker,Diabetic,Stage 2 HTN,Borderline High
20-39,Male,Non-Smoker,Normoglycemic,Normal,Desirable
40-59,Female,Non-Smoker,Normoglycemic,Normal,Desirable
20-39,Female,Non-Smoker,Normoglycemic,Normal,Borderline High
20-39,Male,Current Smoker,Normoglycemic,Normal,Desirable
80+,Female,Non-Smoker,Normoglycemic,Normal,High
20-39,Female,Non-Smoker,Normoglycemic,Normal,Desirable
60-79,Male,Non-Smoker,Diabetic,Normal,Borderline High
60-79,Female,Non-Smoker,Diabetic,Stage 1 HTN,Very High
20-39,Male,Non-Smoker,Normoglycemic,Elevated,Borderline High
20-39,Female,Non-Smoker,Normoglycemic,Elevated,Desirable
60-79,Female,Non-Smoker,Diabetic,Stage 2 HTN,Borderline High
60-79,Male,Current Smoker,Diabetic,Stage 2 HTN,Very High
40-59,Male,Non-Smoker,Normoglycemic,Normal,Desirable
20-39,Female,Non-Smoker,Normoglycemic,Stage 1 HTN,Very High
20-39,Male,Non-Smoker,Normoglycemic,Normal,Borderline High
20-39,Male,Current Smoker,Normoglycemic,Elevated,High
60-79,Female,Non-Smoker,Normoglycemic,Stage 1 HTN,Desirable
20-39,Female,Current Smoker,Diabetic,Stage 1 HTN,High
60-79,Female,Non-Smoker,Diabetic,Stage 2 HTN,Borderline High
60-79,Female,Current Smoker,Normoglycemic,Normal,Desirable
20-39,Male,Current Smoker,Diabetic,Stage 2 HTN,High
20-39,Male,Non-Smoker,Normoglycemic,Elevated,Borderline High
40-59,Female,Non-Smoker,Diabetic,Stage 2 HTN,High
60-79,Female,Non-Smoker,Normoglycemic,Normal,High
40-59,Male,Non-Smoker,Normoglycemic,Elevated,Borderline High
80+,Female,Non-Smoker,Normoglycemic,Normal,Very High
20-39,Female,Non-Smoker,Normoglycemic,Stage 1 HTN,High
20-39,Male,Current Smoker,Normoglycemic,Normal,Borderline High
60-79,Female,Non-Smoker,Normoglycemic,Elevated,High
40-59,Male,Non-Smoker,Normoglycemic,Normal,Borderline High
20-39,Male,Non-Smoker,Diabetic,Stage 2 HTN,Very High
60-79,Male,Non-Smoker,Diabetic,Stage 2 HTN,Very High
60-79,Female,Non-Smoker,Normoglycemic,Normal,Borderline High
60-79,Female,Non-Smoker,Normoglycemic,Elevated,High
20-39,Female,Non-Smoker,Normoglycemic,Stage 1 HTN,Desirable
60-79,Female,Non-Smoker,Normoglycemic,Normal,Borderline High
80+,Female,Non-Smoker,Diabetic,Stage 2 HTN,High
40-59,Female,Non-Smoker,Diabetic,Elevated,High
60-79,Female,Non-Smoker,Normoglycemic,Elevated,Desirable
20-39,Female,Non-Smoker,Diabetic,Stage 2 HTN,Very High
20-39,Female,Non-Smoker,Normoglycemic,Stage 1 HTN,Borderline High
60-79,Female,Non-Smoker,Diabetic,Stage 2 HTN,Very High
40-59,Male,Current Smoker,Normoglycemic,Normal,Very High
60-79,Female,Non-Smoker,Normoglycemic,Stage 1 HTN,Desirable
20-39,Female,Non-Smoker,Normoglycemic,Stage 1 HTN,Desirable
20-39,Male,Non-Smoker,Normoglycemic,Stage 1 HTN,Desirable
20-39,Female,Non-Smoker,Normoglycemic,Stage 1 HTN,Very High
40-59,Male,Current Smoker,Diabetic,Stage 2 HTN,High
40-59,Female,Current Smoker,Normoglycemic,Normal,High
40-59,Male,Current Smoker,Diabetic,Stage 2 HTN,Very High
20-39,Female,Non-Smoker,Normoglycemic,Elevated,Desirable
20-39,Female,Non-Smoker,Normoglycemic,Normal,Desirable
80+,Male,Non-Smoker,Diabetic,Stage 2 HTN,Borderline High
20-39,Male,Current Smoker,Normoglycemic,Elevated,Borderline High
60-79,Female,Non-Smoker,Normoglycemic,Normal,Very High
20-39,Female,Non-Smoker,Normoglycemic,Normal,Borderline High
60-79,Female,Non-Smoker,Normoglycemic,Normal,High
80+,Male,Non-Smoker,Normoglycemic,Normal,Desirable
40-59,Male,Non-Smoker,Normoglycemic,Normal,Desirable
40-59,Male,Non-Smoker,Normoglycemic,Normal,Desirable
60-79,Male,Current Smoker,Diabetic,Stage 2 HTN,Very High
20-39,Female,Non-Smoker,Normoglycemic,Normal,Borderline High
40-59,Female,Non-Smoker,Normoglycemic,Stage 1 HTN,Borderline High
20-39,Male,Current Smoker,Normoglycemic,Normal,Desirable
40-59,Female,Non-Smoker,Normoglycemic,Normal,Desirable
60-79,Male,Current Smoker,Diabetic,Stage 1 HTN,Very High
60-79,Male,Non-Smoker,Diabetic,Stage 2 HTN,Very High
20-39,Male,Current Smoker,Normoglycemic,Normal,High
40-59,Male,Non-Smoker,Diabetic,Stage 2 HTN,High
20-39,Female,Current Smoker,Normoglycemic,Stage 1 HTN,Desirable
20-39,Female,Non-Smoker,Normoglycemic,Normal,Desirable
60-79,Male,Current Smoker,Diabetic,Stage 1 HTN,Borderline High
40-59,Female,Non-Smoker,Normoglycemic,Normal,Borderline High
60-79,Female,Current Smoker,Diabetic,Stage 2 HTN,Borderline High
20-39,Male,Non-Smoker,Normoglycemic,Normal,High
40-59,Male,Non-Smoker,Normoglycemic,Elevated,Desirable
20-39,Female,Current Smoker,Normoglycemic,Stage 1 HTN,Borderline High
20-39,Male,Current Smoker,Normoglycemic,Normal,Borderline High
40-59,Female,Non-Smoker,Normoglycemic,Normal,Very High
20-39,Female,Non-Smoker,Normoglycemic,Normal,Desirable
20-39,Male,Current Smoker,Normoglycemic,Normal,Desirable
40-59,Female,Non-Smoker,Normoglycemic,Elevated,Borderline High
40-59,Male,Non-Smoker,Normoglycemic,Normal,Very High
40-59,Female,Current Smoker,Diabetic,Stage 1 HTN,High
40-59,Male,Current Smoker,Diabetic,Stage 2 HTN,Very High
80+,Male,Current Smoker,Diabetic,Stage 2 HTN,Very High
20-39,Male,Non-Smoker,Normoglycemic,Normal,Borderline High
20-39,Male,Non-Smoker,Normoglycemic,Normal,Desirable
60-79,Male,Current Smoker,Normoglycemic,Stage 2 HTN,Desirable
20-39,Female,Non-Smoker,Normoglycemic,Normal,High
40-59,Male,Non-Smoker,Diabetic,Stage 1 HTN,High
80+,Female,Non-Smoker,Normoglycemic,Normal,Very High
40-59,Female,Non-Smoker,Normoglycemic,Normal,Desirable
80+,Female,Non-Smoker,Normoglycemic,Normal,Desirable
80+,Female,Non-Smoker,Diabetic,Stage 1 HTN,High
60-79,Female,Non-Smoker,Normoglycemic,Normal,Desirable
40-59,Male,Non-Smoker,Normoglycemic,Normal,Desirable
20-39,Female,Non-Smoker,Normoglycemic,Normal,High
20-39,Male,Non-Smoker,Diabetic,Stage 1 HTN,Very High
20-39,Male,Current Smoker,Normoglycemic,Normal,Desirable
20-39,Male,Non-Smoker,Normoglycemic,Normal,High
20-39,Male,Non-Smoker,Diabetic,Stage 2 HTN,Very High
60-79,Male,Current Smoker,Normoglycemic,Normal,Desirable
40-59,Male,Non-Smoker,Diabetic,Stage 1 HTN,High
40-59,Male,Non-Smoker,Normoglycemic,Normal,Borderline High
40-59,Male,Non-Smoker,Normoglycemic,Normal,Borderline High
20-39,Male,Non-Smoker,Diabetic,Stage 1 HTN,Very High
20-39,Male,Non-Smoker,Normoglycemic,Normal,Desirable
20-39,Male,Non-Smoker,Normoglycemic,Stage 1 HTN,Desirable
80+,Female,Non-Smoker,Diabetic,Stage 1 HTN,Borderline High
60-79,Male,Current Smoker,Normoglycemic,Stage 1 HTN,Borderline High
20-39,Male,Current Smoker,Normoglycemic,Elevated,Borderline High
40-59,Male,Current Smoker,Diabetic,Stage 1 HTN,Very High
40-59,Female,Non-Smoker,Diabetic,Stage 2 HTN,Very High
60-79,Female,Current Smoker,Diabetic,Stage 2 HTN,Borderline High
20-39,Male,Non-Smoker,Normoglycemic,Stage 1 HTN,Borderline High
40-59,Male,Non-Smoker,Normoglycemic,Normal,High
40-59,Male,Non-Smoker,Diabetic,Stage 2 HTN,High
40-59,Female,Non-Smoker,Diabetic,Stage 2 HTN,Very High
80+,Male,Current Smoker,Normoglycemic,Elevated,Borderline High
20-39,Male,Non-Smoker,Normoglycemic,Normal,High
80+,Male,Non-Smoker,Normoglycemic,Stage 2 HTN,Borderline High
40-59,Female,Current Smoker,Diabetic,Stage 1 HTN,High
20-39,Female,Non-Smoker,Normoglycemic,Elevated,Borderline High
40-59,Female,Non-Smoker,Normoglycemic,Stage 1 HTN,High
20-39,Female,Non-Smoker,Diabetic,Stage 1 HTN,Borderline High
20-39,Male,Non-Smoker,Normoglycemic,Normal,Desirable
60-79,Male,Current Smoker,Normoglycemic,Normal,High
80+,Female,Non-Smoker,Normoglycemic,Elevated,Borderline High
60-79,Female,Current Smoker,Normoglycemic,Normal,Desirable
40-59,Male,Non-Smoker,Normoglycemic,Normal,Borderline High
20-39,Male,Non-Smoker,Normoglycemic,Normal,Desirable
80+,Female,Non-Smoker,Diabetic,Stage 2 HTN,Very High
60-79,Female,Non-Smoker,Diabetic,Stage 2 HTN,High
40-59,Male,Non-Smoker,Normoglycemic,Normal,Desirable
20-39,Female,Non-Smoker,Normoglycemic,Normal,Desirable
20-39,Female,Non-Smoker,Normoglycemic,Stage 1 HTN,Desirable
20-39,Female,Non-Smoker,Normoglycemic,Stage 2 HTN,Borderline High
20-39,Female,Non-Smoker,Normoglycemic,Stage 1 HTN,Borderline High
40-59,Female,Current Smoker,Normoglycemic,Normal,Borderline High
20-39,Female,Non-Smoker,Diabetic,Stage 1 HTN,High
40-59,Female,Non-Smoker,Diabetic,Stage 2 HTN,High
60-79,Female,Non-Smoker,Diabetic,Stage 1 HTN,High
20-39,Male,Current Smoker,Normoglycemic,Stage 1 HTN,Borderline High
20-39,Female,Non-Smoker,Normoglycemic,Elevated,Desirable
20-39,Male,Non-Smoker,Diabetic,Stage 2 HTN,Very High
20-39,Female,Non-Smoker,Normoglycemic,Elevated,Desirable
20-39,Male,Non-Smoker,Normoglycemic,Normal,Borderline High
20-39,Female,Non-Smoker,Diabetic,Stage 2 HTN,Very High
20-39,Male,Non-Smoker,Diabetic,Stage 1 HTN,High
40-59,Female,Non-Smoker,Normoglycemic,Normal,Desirable
60-79,Female,Current Smoker,Normoglycemic,Normal,Borderline High
20-39,Female,Non-Smoker,Normoglycemic,Normal,Borderline High
40-59,Male,Non-Smoker,Normoglycemic,Elevated,Borderline High
20-39,Female,Non-Smoker,Normoglycemic,Normal,Very High
80+,Male,Non-Smoker,Normoglycemic,Stage 1 HTN,Desirable
60-79,Male,Current Smoker,Normoglycemic,Normal,Borderline High
40-59,Female,Non-Smoker,Normoglycemic,Stage 1 HTN,Borderline High
60-79,Female,Non-Smoker,Diabetic,Stage 2 HTN,Very High
20-39,Female,Non-Smoker,Normoglycemic,Normal,High
20-39,Male,Non-Smoker,Diabetic,Stage 2 HTN,High
80+,Female,Current Smoker,Normoglycemic,Stage 1 HTN,Desirable
20-39,Female,Non-Smoker,Diabetic,Stage 1 HTN,Very High
60-79,Male,Non-Smoker,Normoglycemic,Normal,Desirable
40-59,Male,Current Smoker,Diabetic,Stage 2 HTN,High
40-59,Female,Current Smoker,Normoglycemic,Normal,Very High
40-59,Male,Non-Smoker,Normoglycemic,Normal,Desirable
20-39,Female,Non-Smoker,Normoglycemic,Normal,Desirable
40-59,Female,Non-Smoker,Normoglycemic,Normal,Desirable
40-59,Male,Non-Smoker,Normoglycemic,Elevated,Desirable
20-39,Male,Current Smoker,Normoglycemic,Elevated,Borderline High
60-79,Female,Non-Smoker,Diabetic,Stage 2 HTN,Borderline High
60-79,Female,Non-Smoker,Diabetic,Stage 2 HTN,High
40-59,Female,Non-Smoker,Normoglycemic,Normal,Desirable
40-59,Female,Current Smoker,Diabetic,Stage 1 HTN,High
80+,Female,Current Smoker,Diabetic,Stage 1 HTN,High
40-59,Male,Non-Smoker,Normoglycemic,Stage 2 HTN,Borderline High
20-39,Male,Non-Smoker,Normoglycemic,Normal,Very High
20-39,Male,Current Smoker,Normoglycemic,Normal,Desirable
40-59,Female,Non-Smoker,Normoglycemic,Normal,High
20-39,Male,Non-Smoker,Normoglycemic,Normal,Borderline High
20-39,Female,Non-Smoker,Normoglycemic,Stage 1 HTN,High
40-59,Female,Non-Smoker,Diabetic,Stage 2 HTN,High
20-39,Male,Non-Smoker,Diabetic,Stage 2 HTN,High
60-79,Male,Non-Smoker,Normoglycemic,Normal,Borderline High
40-59,Female,Non-Smoker,Diabetic,Elevated,Desirable
20-39,Female,Non-Smoker,Normoglycemic,Elevated,Very High
60-79,Male,Non-Smoker,Diabetic,Stage 2 HTN,Borderline High
20-39,Female,Non-Smoker,Normoglycemic,Normal,Borderline High
40-59,Female,Non-Smoker,Normoglycemic,Elevated,Desirable
60-79,Female,Non-Smoker,Diabetic,Stage 2 HTN,High
40-59,Female,Current Smoker,Normoglycemic,Normal,Desirable
20-39,Female,Non-Smoker,Normoglycemic,Stage 1 HTN,Desirable
60-79,Male,Non-Smoker,Diabetic,Stage 1 HTN,Very High
60-79,Male,Current Smoker,Diabetic,Stage 1 HTN,High
20-39,Male,Current Smoker,Normoglycemic,Normal,Very High
40-59,Female,Current Smoker,Normoglycemic,Normal,Desirable
20-39,Male,Non-Smoker,Normoglycemic,Normal,High
40-59,Male,Non-Smoker,Normoglycemic,Normal,Borderline High
60-79,Male,Non-Smoker,Diabetic,Stage 2 HTN,Very High
20-39,Female,Current Smoker,Normoglycemic,Elevated,Desirable
20-39,Male,Non-Smoker,Normoglycemic,Normal,Desirable
40-59,Male,Current Smoker,Diabetic,Stage 1 HTN,Very High
40-59,Female,Non-Smoker,Normoglycemic,Stage 2 HTN,High
60-79,Male,Current Smoker,Normoglycemic,Normal,Very High
40-59,Female,Non-Smoker,Normoglycemic,Normal,Desirable
60-79,Male,Non-Smoker,Normoglycemic,Normal,High
40-59,Male,Current Smoker,Normoglycemic,Normal,Borderline High
40-59,Male,Non-Smoker,Diabetic,Stage 2 HTN,Very High
60-79,Male,Non-Smoker,Diabetic,Stage 2 HTN,Borderline High
20-39,Male,Non-Smoker,Normoglycemic,Elevated,Borderline High
20-39,Male,Non-Smoker,Normoglycemic,Elevated,Very High
20-39,Female,Non-Smoker,Normoglycemic,Elevated,Borderline High
80+,Female,Non-Smoker,Diabetic,Stage 2 HTN,High
40-59,Female,Current Smoker,Diabetic,Stage 1 HTN,High
80+,Male,Non-Smoker,Normoglycemic,Normal,Borderline High
20-39,Male,Current Smoker,Normoglycemic,Normal,Desirable
40-59,Female,Current Smoker,Normoglycemic,Normal,Desirable
60-79,Male,Non-Smoker,Normoglycemic,Normal,Desirable
40-59,Female,Current Smoker,Diabetic,Stage 1 HTN,High
20-39,Male,Current Smoker,Normoglycemic,Normal,Very High
20-39,Male,Current Smoker,Normoglycemic,Normal,High
40-59,Male,Current Smoker,Normoglycemic,Normal,High
20-39,Male,Non-Smoker,Normoglycemic,Elevated,Desirable
60-79,Male,Non-Smoker,Normoglycemic,Stage 1 HTN,Desirable
40-59,Female,Non-Smoker,Normoglycemic,Elevated,Borderline High
40-59,Male,Non-Smoker,Normoglycemic,Normal,Desirable
40-59,Female,Non-Smoker,Diabetic,Stage 1 HTN,High
20-39,Female,Non-Smoker,Normoglycemic,Normal,Desirable
40-59,Male,Non-Smoker,Normoglycemic,Normal,Very High
40-59,Male,Current Smoker,Normoglycemic,Elevated,Borderline High
20-39,Female,Current Smoker,Normoglycemic,Normal,Desirable
20-39,Female,Non-Smoker,Normoglycemic,Normal,Borderline High
20-39,Male,Current Smoker,Normoglycemic,Normal,Desirable
20-39,Female,Non-Smoker,Normoglycemic,Normal,Desirable
20-39,Male,Current Smoker,Normoglycemic,Stage 1 HTN,Desirable
40-59,Male,Current Smoker,Normoglycemic,Normal,Desirable
20-39,Male,Non-Smoker,Normoglycemic,Normal,Borderline High
20-39,Female,Non-Smoker,Normoglycemic,Elevated,Desirable
60-79,Male,Non-Smoker,Diabetic,Stage 2 HTN,Borderline High
40-59,Female,Current Smoker,Normoglycemic,Normal,Desirable
20-39,Female,Non-Smoker,Normoglycemic,Stage 2 HTN,High
60-79,Female,Current Smoker,Normoglycemic,Normal,Desirable
20-39,Female,Non-Smoker,Normoglycemic,Normal,High
20-39,Male,Current Smoker,Diabetic,Stage 2 HTN,Very High
80+,Female,Non-Smoker,Diabetic,Stage 2 HTN,High
60-79,Female,Current Smoker,Diabetic,Stage 2 HTN,High
40-59,Female,Non-Smoker,Normoglycemic,Normal,Borderline High
20-39,Male,Current Smoker,Normoglycemic,Elevated,Desirable
40-59,Female,Non-Smoker,Normoglycemic,Stage 1 HTN,Desirable
20-39,Female,Non-Smoker,Normoglycemic,Normal,Borderline High
40-59,Male,Non-Smoker,Normoglycemic,Normal,Borderline High
40-59,Male,Non-Smoker,Normoglycemic,Normal,Borderline High
20-39,Female,Non-Smoker,Normoglycemic,Normal,Desirable
20-39,Male,Non-Smoker,Normoglycemic,Normal,Desirable
40-59,Male,Non-Smoker,Normoglycemic,Normal,Desirable
40-59,Female,Non-Smoker,Diabetic,Stage 2 HTN,High
20-39,Male,Non-Smoker,Normoglycemic,Elevated,Borderline High
20-39,Male,Non-Smoker,Normoglycemic,Normal,Desirable
20-39,Male,Non-Smoker,Normoglycemic,Elevated,Very High
40-59,Female,Non-Smoker,Normoglycemic,Normal,Borderline High
40-59,Male,Current Smoker,Diabetic,Stage 1 HTN,Very High
40-59,Male,Current Smoker,Diabetic,Elevated,Very High
40-59,Male,Non-Smoker,Diabetic,Stage 2 HTN,High
20-39,Female,Non-Smoker,Normoglycemic,Elevated,Borderline High
60-79,Female,Non-Smoker,Diabetic,Stage 2 HTN,Very High
80+,Female,Non-Smoker,Normoglycemic,Normal,Desirable
20-39,Male,Non-Smoker,Normoglycemic,Normal,Desirable
40-59,Female,Non-Smoker,Normoglycemic,Normal,Borderline High
20-39,Male,Non-Smoker,Normoglycemic,Normal,Desirable
40-59,Female,Non-Smoker,Normoglycemic,Normal,High
20-39,Male,Non-Smoker,Normoglycemic,Normal,Borderline High
40-59,Female,Non-Smoker,Normoglycemic,Stage 1 HTN,Desirable
20-39,Female,Non-Smoker,Diabetic,Stage 2 HTN,High
40-59,Male,Current Smoker,Normoglycemic,Elevated,Desirable
20-39,Female,Non-Smoker,Normoglycemic,Elevated,Borderline High
40-59,Female,Non-Smoker,Normoglycemic,Normal,Borderline High
20-39,Female,Non-Smoker,Diabetic,Stage 2 HTN,Very High
40-59,Male,Non-Smoker,Normoglycemic,Normal,Borderline High
60-79,Male,Non-Smoker,Diabetic,Stage 2 HTN,High
20-39,Female,Current Smoker,Normoglycemic,Normal,Desirable
20-39,Male,Non-Smoker,Normoglycemic,Elevated,Very High
60-79,Female,Non-Smoker,Diabetic,Stage 1 HTN,Very High
40-59,Male,Current Smoker,Normoglycemic,Normal,Desirable
40-59,Female,Non-Smoker,Diabetic,Stage 2 HTN,High
20-39,Male,Current Smoker,Normoglycemic,Normal,Desirable
60-79,Male,Non-Smoker,Diabetic,Stage 2 HTN,Very High
80+,Female,Non-Smoker,Normoglycemic,Elevated,Desirable
20-39,Male,Non-Smoker,Normoglycemic,Normal,Desirable
60-79,Male,Non-Smoker,Normoglycemic,Normal,Desirable
20-39,Male,Current Smoker,Normoglycemic,Stage 1 HTN,Desirable
40-59,Female,Non-Smoker,Normoglycemic,Elevated,Desirable
40-59,Female,Non-Smoker,Normoglycemic,Normal,Desirable
60-79,Male,Non-Smoker,Normoglycemic,Elevated,Desirable
20-39,Female,Non-Smoker,Normoglycemic,Normal,Desirable
80+,Male,Current Smoker,Diabetic,Stage 1 HTN,High
40-59,Male,Non-Smoker,Normoglycemic,Normal,Borderline High
80+,Male,Non-Smoker,Normoglycemic,Stage 1 HTN,Very High
20-39,Female,Non-Smoker,Normoglycemic,Normal,High
20-39,Male,Non-Smoker,Normoglycemic,Stage 1 HTN,Desirable
40-59,Male,Non-Smoker,Diabetic,Stage 2 HTN,High
80+,Male,Non-Smoker,Normoglycemic,Normal,High
40-59,Male,Non-Smoker,Normoglycemic,Normal,Borderline High
80+,Female,Non-Smoker,Normoglycemic,Stage 1 HTN,Borderline High
80+,Male,Current Smoker,Diabetic,Stage 2 HTN,High
60-79,Female,Current Smoker,Diabetic,Stage 1 HTN,Very High
80+,Female,Non-Smoker,Normoglycemic,Normal,Borderline High
20-39,Male,Current Smoker,Diabetic,Stage 2 HTN,High
20-39,Male,Current Smoker,Normoglycemic,Elevated,Desirable
20-39,Female,Non-Smoker,Normoglycemic,Normal,Very High
20-39,Female,Non-Smoker,Normoglycemic,Elevated,Borderline High
20-39,Female,Non-Smoker,Normoglycemic,Elevated,Borderline High
60-79,Male,Non-Smoker,Normoglycemic,Normal,Desirable
20-39,Male,Non-Smoker,Normoglycemic,Normal,Desirable
80+,Female,Non-Smoker,Normoglycemic,Normal,Desirable
40-59,Male,Current Smoker,Normoglycemic,Normal,Desirable
60-79,Male,Current Smoker,Normoglycemic,Elevated,Desirable
60-79,Male,Non-Smoker,Diabetic,Stage 1 HTN,Very High
20-39,Male,Current Smoker,Normoglycemic,Normal,Borderline High
40-59,Male,Current Smoker,Normoglycemic,Normal,Very High
20-39,Male,Non-Smoker,Normoglycemic,Normal,Desirable
40-59,Female,Non-Smoker,Diabetic,Stage 2 HTN,High
40-59,Male,Current Smoker,Diabetic,Stage 2 HTN,Very High
60-79,Female,Non-Smoker,Diabetic,Stage 1 HTN,Very High
20-39,Male,Non-Smoker,Normoglycemic,Stage 2 HTN,High
40-59,Male,Current Smoker,Normoglycemic,Normal,Desirable
20-39,Female,Non-Smoker,Normoglycemic,Normal,Desirable
20-39,Female,Non-Smoker,Normoglycemic,Normal,Desirable
60-79,Female,Non-Smoker,Normoglycemic,Normal,High
20-39,Female,Non-Smoker,Normoglycemic,Normal,Borderline High
40-59,Female,Non-Smoker,Diabetic,Stage 1 HTN,Desirable
40-59,Male,Non-Smoker,Normoglycemic,Elevated,Desirable
80+,Female,Current Smoker,Normoglycemic,Normal,Desirable
60-79,Female,Non-Smoker,Diabetic,Stage 2 HTN,Borderline High
40-59,Male,Non-Smoker,Diabetic,Stage 2 HTN,High
60-79,Female,Non-Smoker,Normoglycemic,Normal,Very High
20-39,Male,Non-Smoker,Diabetic,Stage 1 HTN,Very High
20-39,Female,Non-Smoker,Normoglycemic,Stage 1 HTN,Borderline High
20-39,Female,Non-Smoker,Normoglycemic,Normal,Desirable
40-59,Female,Current Smoker,Normoglycemic,Stage 1 HTN,Borderline High
60-79,Female,Non-Smoker,Normoglycemic,Elevated,Very High
40-59,Male,Non-Smoker,Normoglycemic,Normal,Desirable
40-59,Female,Non-Smoker,Diabetic,Stage 1 HTN,Very High
60-79,Female,Non-Smoker,Normoglycemic,Normal,Desirable
40-59,Male,Current Smoker,Normoglycemic,Elevated,High
20-39,Male,Non-Smoker,Normoglycemic,Normal,Desirable
20-39,Female,Non-Smoker,Normoglycemic,Elevated,Desirable
20-39,Female,Non-Smoker,Diabetic,Stage 2 HTN,High
20-39,Female,Current Smoker,Normoglycemic,Elevated,Borderline High
60-79,Male,Current Smoker,Normoglycemic,Elevated,Borderline High
40-59,Male,Current Smoker,Normoglycemic,Elevated,Borderline High
40-59,Female,Current Smoker,Diabetic,Stage 2 HTN,Very High
60-79,Female,Non-Smoker,Diabetic,Stage 1 HTN,High
60-79,Male,Non-Smoker,Diabetic,Stage 1 HTN,High
20-39,Female,Non-Smoker,Normoglycemic,Normal,Borderline High
60-79,Female,Non-Smoker,Diabetic,Stage 2 HTN,Borderline High
40-59,Female,Non-Smoker,Diabetic,Stage 2 HTN,Very High
20-39,Female,Non-Smoker,Normoglycemic,Normal,Desirable
20-39,Female,Non-Smoker,Normoglycemic,Normal,High
80+,Female,Non-Smoker,Diabetic,Stage 1 HTN,Very High
40-59,Female,Non-Smoker,Diabetic,Stage 2 HTN,High
20-39,Female,Non-Smoker,Normoglycemic,Stage 1 HTN,Desirable
40-59,Male,Non-Smoker,Normoglycemic,Stage 2 HTN,High
60-79,Female,Current Smoker,Normoglycemic,Elevated,High
60-79,Female,Non-Smoker,Normoglycemic,Elevated,Borderline High
20-39,Male,Current Smoker,Normoglycemic,Stage 1 HTN,Borderline High
20-39,Female,Non-Smoker,Normoglycemic,Normal,Borderline High
40-59,Male,Non-Smoker,Normoglycemic,Normal,Desirable
80+,Male,Current Smoker,Normoglycemic,Normal,Desirable
20-39,Female,Non-Smoker,Normoglycemic,Elevated,High
40-59,Male,Current Smoker,Normoglycemic,Normal,Borderline High
40-59,Male,Non-Smoker,Diabetic,Stage 1 HTN,Very High
60-79,Male,Non-Smoker,Diabetic,Stage 2 HTN,Borderline High
20-39,Male,Current Smoker,Normoglycemic,Normal,High
20-39,Female,Current Smoker,Normoglycemic,Stage 1 HTN,High
20-39,Female,Current Smoker,Normoglycemic,Normal,Borderline High
20-39,Female,Non-Smoker,Normoglycemic,Normal,Desirable
60-79,Male,Current Smoker,Diabetic,Stage 2 HTN,High
60-79,Male,Non-Smoker,Normoglycemic,Normal,Desirable
40-59,Male,Current Smoker,Diabetic,Stage 2 HTN,Borderline High
60-79,Male,Non-Smoker,Normoglycemic,Normal,Desirable
40-59,Female,Current Smoker,Normoglycemic,Elevated,Borderline High
20-39,Male,Non-Smoker,Normoglycemic,Normal,Desirable
40-59,Female,Non-Smoker,Normoglycemic,Normal,Desirable
20-39,Male,Non-Smoker,Normoglycemic,Normal,Desirable
20-39,Female,Non-Smoker,Normoglycemic,Normal,Borderline High
40-59,Male,Non-Smoker,Diabetic,Elevated,High
40-59,Female,Current Smoker,Normoglycemic,Elevated,Borderline High
60-79,Female,Non-Smoker,Diabetic,Stage 1 HTN,Desirable
60-79,Female,Non-Smoker,Normoglycemic,Elevated,Borderline High
60-79,Male,Non-Smoker,Diabetic,Stage 2 HTN,High
20-39,Male,Non-Smoker,Normoglycemic,Normal,Desirable
20-39,Male,Non-Smoker,Normoglycemic,Normal,Borderline High
40-59,Male,Current Smoker,Diabetic,Stage 1 HTN,Borderline High
40-59,Female,Non-Smoker,Normoglycemic,Elevated,High
40-59,Male,Non-Smoker,Normoglycemic,Normal,Desirable
60-79,Female,Non-Smoker,Diabetic,Elevated,Borderline High
40-59,Male,Non-Smoker,Normoglycemic,Normal,High
20-39,Female,Non-Smoker,Normoglycemic,Normal,Desirable
60-79,Female,Non-Smoker,Normoglycemic,Normal,Borderline High
40-59,Female,Non-Smoker,Diabetic,Stage 2 HTN,Borderline High
40-59,Female,Current Smoker,Diabetic,Elevated,Borderline High
40-59,Male,Non-Smoker,Diabetic,Stage 2 HTN,Borderline High
20-39,Male,Non-Smoker,Normoglycemic,Elevated,Borderline High
60-79,Female,Non-Smoker,Normoglycemic,Stage 1 HTN,Desirable
80+,Male,Non-Smoker,Diabetic,Stage 2 HTN,Borderline High
20-39,Female,Non-Smoker,Normoglycemic,Normal,Desirable
20-39,Female,Non-Smoker,Normoglycemic,Normal,Borderline High
60-79,Male,Current Smoker,Normoglycemic,Elevated,Desirable
40-59,Female,Current Smoker,Diabetic,Stage 2 HTN,High
40-59,Male,Non-Smoker,Diabetic,Stage 1 HTN,Very High
60-79,Female,Non-Smoker,Diabetic,Stage 1 HTN,High
40-59,Female,Current Smoker,Diabetic,Stage 2 HTN,High
40-59,Female,Non-Smoker,Normoglycemic,Normal,Desirable
20-39,Female,Non-Smoker,Normoglycemic,Normal,Borderline High
40-59,Female,Non-Smoker,Diabetic,Elevated,Very High
20-39,Female,Non-Smoker,Normoglycemic,Elevated,Desirable
80+,Female,Non-Smoker,Normoglycemic,Normal,Desirable
40-59,Male,Current Smoker,Normoglycemic,Elevated,Very High
40-59,Male,Non-Smoker,Normoglycemic,Normal,Borderline High
40-59,Female,Non-Smoker,Normoglycemic,Normal,Borderline High
20-39,Male,Non-Smoker,Normoglycemic,Normal,Borderline High
60-79,Female,Non-Smoker,Normoglycemic,Normal,Desirable
20-39,Male,Non-Smoker,Normoglycemic,Elevated,Very High
40-59,Male,Current Smoker,Normoglycemic,Normal,Borderline High
40-59,Female,Non-Smoker,Normoglycemic,Normal,Desirable
20-39,Female,Non-Smoker,Diabetic,Stage 1 HTN,High
20-39,Female,Non-Smoker,Diabetic,Stage 2 HTN,High
40-59,Male,Non-Smoker,Diabetic,Stage 2 HTN,High
40-59,Male,Non-Smoker,Diabetic,Stage 2 HTN,High
40-59,Male,Non-Smoker,Diabetic,Stage 1 HTN,Very High
80+,Female,Non-Smoker,Normoglycemic,Normal,Desirable
60-79,Female,Non-Smoker,Diabetic,Stage 2 HTN,Borderline High
20-39,Male,Non-Smoker,Normoglycemic,Normal,Borderline High
60-79,Male,Non-Smoker,Normoglycemic,Stage 1 HTN,Desirable
60-79,Female,Non-Smoker,Diabetic,Stage 2 HTN,Very High
20-39,Male,Non-Smoker,Normoglycemic,Normal,Desirable
80+,Female,Non-Smoker,Normoglycemic,Stage 1 HTN,Borderline High
40-59,Male,Non-Smoker,Normoglycemic,Normal,High
20-39,Male,Non-Smoker,Normoglycemic,Normal,Desirable
40-59,Female,Current Smoker,Normoglycemic,Normal,Desirable
20-39,Female,Non-Smoker,Normoglycemic,Elevated,Desirable
40-59,Male,Non-Smoker,Normoglycemic,Stage 1 HTN,Borderline High
20-39,Male,Non-Smoker,Normoglycemic,Normal,Borderline High
60-79,Male,Current Smoker,Diabetic,Stage 2 HTN,Very High
20-39,Male,Current Smoker,Normoglycemic,Normal,Very High
40-59,Male,Current Smoker,Normoglycemic,Stage 1 HTN,High
20-39,Male,Current Smoker,Normoglycemic,Stage 1 HTN,Desirable
20-39,Male,Current Smoker,Normoglycemic,Stage 2 HTN,Desirable
40-59,Female,Non-Smoker,Normoglycemic,Normal,Borderline High
20-39,Male,Non-Smoker,Normoglycemic,Normal,High
40-59,Female,Current Smoker,Diabetic,Elevated,Borderline High
20-39,Male,Current Smoker,Diabetic,Stage 2 HTN,High
20-39,Female,Non-Smoker,Normoglycemic,Normal,Desirable
20-39,Female,Non-Smoker,Normoglycemic,Normal,Desirable
20-39,Female,Current Smoker,Normoglycemic,Elevated,Desirable
20-39,Male,Current Smoker,Normoglycemic,Elevated,Desirable
60-79,Male,Non-Smoker,Diabetic,Elevated,High
20-39,Female,Non-Smoker,Normoglycemic,Normal,Borderline High
20-39,Female,Non-Smoker,Normoglycemic,Normal,High
40-59,Male,Current Smoker,Normoglycemic,Normal,Desirable
20-39,Female,Current Smoker,Normoglycemic,Elevated,Desirable
20-39,Female,Non-Smoker,Normoglycemic,Elevated,Desirable
20-39,Male,Non-Smoker,Diabetic,Stage 2 HTN,Borderline High
20-39,Male,Non-Smoker,Normoglycemic,Normal,Borderline High
40-59,Male,Current Smoker,Normoglycemic,Normal,Borderline High
20-39,Male,Non-Smoker,Diabetic,Stage 2 HTN,Very High
20-39,Female,Non-Smoker,Normoglycemic,Normal,Borderline High
40-59,Female,Current Smoker,Normoglycemic,Elevated,Desirable
60-79,Female,Non-Smoker,Diabetic,Stage 2 HTN,High
80+,Female,Non-Smoker,Normoglycemic,Elevated,High
80+,Female,Non-Smoker,Normoglycemic,Elevated,High
40-59,Female,Non-Smoker,Diabetic,Stage 2 HTN,Borderline High
20-39,Female,Non-Smoker,Normoglycemic,Normal,High
40-59,Male,Non-Smoker,Normoglycemic,Elevated,Borderline High
80+,Male,Current Smoker,Diabetic,Stage 2 HTN,Borderline High
40-59,Male,Non-Smoker,Normoglycemic,Stage 1 HTN,Borderline High
40-59,Female,Non-Smoker,Normoglycemic,Elevated,Borderline High
40-59,Female,Non-Smoker,Normoglycemic,Stage 1 HTN,Desirable
20-39,Male,Current Smoker,Normoglycemic,Normal,High
60-79,Female,Non-Smoker,Normoglycemic,Elevated,Borderline High
40-59,Female,Current Smoker,Diabetic,Stage 1 HTN,High
40-59,Male,Non-Smoker,Normoglycemic,Normal,Desirable
40-59,Male,Non-Smoker,Normoglycemic,Stage 1 HTN,Desirable
20-39,Female,Non-Smoker,Diabetic,Stage 2 HTN,Very High
20-39,Male,Non-Smoker,Normoglycemic,Stage 1 HTN,Very High
40-59,Female,Current Smoker,Normoglycemic,Normal,Desirable
40-59,Female,Non-Smoker,Normoglycemic,Normal,Borderline High
60-79,Female,Current Smoker,Diabetic,Stage 2 HTN,High
20-39,Male,Non-Smoker,Normoglycemic,Normal,Desirable
20-39,Female,Non-Smoker,Normoglycemic,Normal,Very High
40-59,Female,Non-Smoker,Normoglycemic,Normal,Desirable
40-59,Male,Non-Smoker,Diabetic,Stage 2 HTN,High
20-39,Female,Non-Smoker,Normoglycemic,Normal,Desirable
40-59,Male,Current Smoker,Normoglycemic,Normal,Desirable
20-39,Male,Non-Smoker,Normoglycemic,Stage 2 HTN,Desirable
40-59,Female,Non-Smoker,Normoglycemic,Elevated,High
20-39,Female,Non-Smoker,Diabetic,Stage 1 HTN,High
20-39,Male,Non-Smoker,Normoglycemic,Normal,Very High
80+,Female,Non-Smoker,Normoglycemic,Normal,Borderline High
20-39,Male,Non-Smoker,Normoglycemic,Normal,Very High
40-59,Male,Non-Smoker,Normoglycemic,Elevated,Desirable
40-59,Male,Non-Smoker,Normoglycemic,Stage 1 HTN,Desirable
60-79,Male,Current Smoker,Diabetic,Stage 2 HTN,High
40-59,Male,Non-Smoker,Normoglycemic,Elevated,Desirable
20-39,Female,Non-Smoker,Normoglycemic,Normal,Borderline High
60-79,Male,Current Smoker,Normoglycemic,Normal,Desirable
20-39,Female,Non-Smoker,Normoglycemic,Normal,Borderline High
40-59,Male,Non-Smoker,Normoglycemic,Normal,Desirable
40-59,Male,Current Smoker,Diabetic,Stage 2 HTN,Very High
60-79,Male,Non-Smoker,Normoglycemic,Normal,Borderline High
40-59,Female,Non-Smoker,Normoglycemic,Normal,Desirable
20-39,Male,Non-Smoker,Normoglycemic,Normal,Desirable
60-79,Female,Non-Smoker,Diabetic,Stage 2 HTN,Very High
60-79,Female,Non-Smoker,Normoglycemic,Stage 1 HTN,Desirable
40-59,Male,Current Smoker,Diabetic,Stage 2 HTN,Borderline High
20-39,Male,Non-Smoker,Diabetic,Stage 2 HTN,Very High
40-59,Male,Non-Smoker,Normoglycemic,Normal,High
20-39,Female,Non-Smoker,Diabetic,Stage 2 HTN,Very High
20-39,Male,Non-Smoker,Normoglycemic,Normal,Desirable
80+,Male,Current Smoker,Normoglycemic,Normal,Desirable
20-39,Male,Non-Smoker,Diabetic,Stage 1 HTN,Desirable
40-59,Male,Current Smoker,Normoglycemic,Normal,Desirable
20-39,Male,Non-Smoker,Normoglycemic,Normal,Desirable
40-59,Male,Current Smoker,Diabetic,Elevated,Borderline High
60-79,Male,Non-Smoker,Diabetic,Stage 2 HTN,Borderline High
40-59,Female,Non-Smoker,Normoglycemic,Elevated,Borderline High
20-39,Female,Non-Smoker,Diabetic,Stage 2 HTN,High
20-39,Male,Current Smoker,Normoglycemic,Normal,Desirable
60-79,Female,Current Smoker,Diabetic,Stage 2 HTN,High
60-79,Male,Non-Smoker,Normoglycemic,Elevated,Borderline High
80+,Male,Non-Smoker,Normoglycemic,Elevated,Desirable
20-39,Female,Non-Smoker,Normoglycemic,Normal,Borderline High
40-59,Female,Non-Smoker,Diabetic,Stage 2 HTN,High
40-59,Female,Current Smoker,Normoglycemic,Normal,High
20-39,Male,Current Smoker,Normoglycemic,Normal,Borderline High
40-59,Female,Current Smoker,Normoglycemic,Normal,Desirable
40-59,Female,Non-Smoker,Normoglycemic,Elevated,Very High
20-39,Male,Current Smoker,Normoglycemic,Normal,Desirable
60-79,Female,Non-Smoker,Diabetic,Stage 1 HTN,High
60-79,Male,Non-Smoker,Diabetic,Stage 2 HTN,Very High
40-59,Male,Current Smoker,Normoglycemic,Normal,Desirable
60-79,Male,Non-Smoker,Normoglycemic,Stage 1 HTN,Borderline High
80+,Female,Non-Smoker,Diabetic,Stage 2 HTN,Very High
20-39,Female,Non-Smoker,Normoglycemic,Elevated,Desirable
40-59,Male,Current Smoker,Normoglycemic,Elevated,Borderline High
20-39,Female,Non-Smoker,Normoglycemic,Elevated,Borderline High
40-59,Female,Non-Smoker,Normoglycemic,Normal,Borderline High
60-79,Female,Non-Smoker,Normoglycemic,Normal,Desirable
20-39,Male,Non-Smoker,Normoglycemic,Normal,Borderline High
20-39,Female,Non-Smoker,Normoglycemic,Normal,Very High
20-39,Female,Non-Smoker,Diabetic,Stage 1 HTN,Very High
40-59,Female,Current Smoker,Diabetic,Stage 1 HTN,High
40-59,Male,Non-Smoker,Normoglycemic,Elevated,Very High
20-39,Female,Non-Smoker,Normoglycemic,Normal,Borderline High
40-59,Female,Current Smoker,Diabetic,Stage 1 HTN,High
20-39,Male,Current Smoker,Normoglycemic,Stage 1 HTN,Desirable
40-59,Female,Non-Smoker,Normoglycemic,Normal,Desirable
60-79,Male,Current Smoker,Diabetic,Stage 2 HTN,High
20-39,Female,Non-Smoker,Diabetic,Stage 2 HTN,High
20-39,Female,Current Smoker,Normoglycemic,Normal,Desirable
40-59,Female,Non-Smoker,Diabetic,Stage 2 HTN,High
40-59,Male,Current Smoker,Normoglycemic,Normal,Desirable
40-59,Female,Non-Smoker,Diabetic,Stage 2 HTN,Borderline High
40-59,Male,Non-Smoker,Normoglycemic,Normal,Desirable
20-39,Female,Current Smoker,Normoglycemic,Normal,High
60-79,Male,Non-Smoker,Normoglycemic,Normal,Borderline High
60-79,Male,Non-Smoker,Normoglycemic,Normal,Desirable
60-79,Male,Non-Smoker,Normoglycemic,Normal,Borderline High
60-79,Male,Non-Smoker,Diabetic,Stage 2 HTN,High
60-79,Female,Current Smoker,Normoglycemic,Normal,Borderline High
40-59,Female,Non-Smoker,Normoglycemic,Stage 2 HTN,Desirable
40-59,Male,Current Smoker,Diabetic,Stage 1 HTN,Very High
40-59,Male,Non-Smoker,Normoglycemic,Normal,Desirable
40-59,Male,Non-Smoker,Diabetic,Stage 2 HTN,High
40-59,Male,Non-Smoker,Normoglycemic,Normal,High
20-39,Female,Non-Smoker,Diabetic,Stage 1 HTN,Very High
20-39,Female,Non-Smoker,Normoglycemic,Elevated,Borderline High
20-39,Female,Non-Smoker,Normoglycemic,Stage 1 HTN,Desirable
60-79,Male,Non-Smoker,Normoglycemic,Normal,High
20-39,Male,Non-Smoker,Normoglycemic,Normal,High
20-39,Female,Non-Smoker,Diabetic,Stage 2 HTN,Borderline High
60-79,Male,Current Smoker,Normoglycemic,Normal,Borderline High
60-79,Male,Non-Smoker,Normoglycemic,Elevated,Desirable
20-39,Male,Non-Smoker,Normoglycemic,Normal,High
20-39,Male,Non-Smoker,Diabetic,Stage 1 HTN,High
20-39,Male,Non-Smoker,Normoglycemic,Normal,Desirable
20-39,Male,Current Smoker,Normoglycemic,Normal,Borderline High
20-39,Male,Non-Smoker,Normoglycemic,Normal,Desirable
40-59,Male,Non-Smoker,Diabetic,Stage 2 HTN,Very High
60-79,Female,Current Smoker,Diabetic,Stage 2 HTN,Borderline High
80+,Female,Current Smoker,Diabetic,Stage 2 HTN,Very High
40-59,Male,Non-Smoker,Normoglycemic,Stage 1 HTN,Desirable
20-39,Female,Current Smoker,Normoglycemic,Normal,High
20-39,Male,Non-Smoker,Diabetic,Stage 2 HTN,Borderline High
60-79,Male,Non-Smoker,Normoglycemic,Stage 2 HTN,Very High
60-79,Male,Non-Smoker,Normoglycemic,Normal,Borderline High
40-59,Female,Non-Smoker,Normoglycemic,Normal,Borderline High
20-39,Male,Non-Smoker,Normoglycemic,Elevated,High
40-59,Female,Non-Smoker,Normoglycemic,Normal,High
40-59,Male,Non-Smoker,Diabetic,Stage 2 HTN,High
20-39,Male,Non-Smoker,Normoglycemic,Normal,Desirable
40-59,Female,Current Smoker,Normoglycemic,Elevated,Very High
20-39,Male,Non-Smoker,Normoglycemic,Normal,Very High
80+,Female,Current Smoker,Normoglycemic,Normal,Very High
80+,Female,Non-Smoker,Diabetic,Stage 1 HTN,High
60-79,Male,Non-Smoker,Diabetic,Stage 2 HTN,Very High
40-59,Female,Non-Smoker,Diabetic,Stage 1 HTN,Very High
40-59,Female,Non-Smoker,Normoglycemic,Normal,Desirable
40-59,Female,Non-Smoker,Normoglycemic,Elevated,Borderline High
60-79,Female,Current Smoker,Normoglycemic,Normal,Borderline High
40-59,Male,Non-Smoker,Normoglycemic,Stage 2 HTN,Very High
40-59,Male,Non-Smoker,Normoglycemic,Elevated,Desirable
60-79,Male,Current Smoker,Normoglycemic,Stage 1 HTN,Desirable
40-59,Female,Current Smoker,Diabetic,Stage 1 HTN,Very High
20-39,Male,Non-Smoker,Normoglycemic,Normal,Desirable
40-59,Female,Non-Smoker,Diabetic,Stage 1 HTN,Very High
40-59,Male,Non-Smoker,Normoglycemic,Normal,Desirable
20-39,Male,Non-Smoker,Normoglycemic,Normal,Desirable
20-39,Male,Non-Smoker,Normoglycemic,Elevated,High
40-59,Male,Current Smoker,Diabetic,Stage 2 HTN,Borderline High
40-59,Male,Non-Smoker,Normoglycemic,Normal,Very High
40-59,Female,Current Smoker,Normoglycemic,Normal,Desirable
60-79,Male,Non-Smoker,Diabetic,Stage 2 HTN,Very High
80+,Male,Non-Smoker,Normoglycemic,Normal,Desirable
40-59,Female,Non-Smoker,Normoglycemic,Normal,Desirable
60-79,Male,Non-Smoker,Diabetic,Stage 2 HTN,Borderline High
20-39,Male,Non-Smoker,Normoglycemic,Stage 1 HTN,Very High
20-39,Male,Non-Smoker,Normoglycemic,Normal,High
20-39,Male,Current Smoker,Normoglycemic,Stage 1 HTN,Desirable
20-39,Female,Non-Smoker,Normoglycemic,Stage 2 HTN,Desirable
20-39,Male,Non-Smoker,Normoglycemic,Elevated,Desirable
20-39,Male,Non-Smoker,Normoglycemic,Normal,Desirable
20-39,Male,Non-Smoker,Normoglycemic,Normal,Desirable
80+,Female,Non-Smoker,Normoglycemic,Stage 1 HTN,High
40-59,Female,Non-Smoker,Normoglycemic,Normal,Desirable
20-39,Female,Non-Smoker,Normoglycemic,Normal,Desirable
40-59,Female,Current Smoker,Diabetic,Elevated,High
20-39,Male,Non-Smoker,Normoglycemic,Elevated,Desirable
40-59,Female,Non-Smoker,Diabetic,Stage 1 HTN,High
60-79,Male,Non-Smoker,Diabetic,Stage 2 HTN,Very High
40-59,Female,Non-Smoker,Normoglycemic,Normal,Borderline High
80+,Male,Current Smoker,Diabetic,Stage 2 HTN,Very High
60-79,Female,Non-Smoker,Diabetic,Stage 2 HTN,High
40-59,Male,Non-Smoker,Normoglycemic,Elevated,Desirable
20-39,Male,Non-Smoker,Normoglycemic,Normal,Desirable
40-59,Female,Non-Smoker,Diabetic,Stage 2 HTN,High
20-39,Female,Non-Smoker,Diabetic,Stage 2 HTN,Very High
40-59,Male,Non-Smoker,Normoglycemic,Normal,Borderline High
40-59,Male,Current Smoker,Normoglycemic,Stage 1 HTN,Desirable
60-79,Female,Non-Smoker,Normoglycemic,Normal,Borderline High
20-39,Male,Current Smoker,Normoglycemic,Elevated,Borderline High
80+,Male,Current Smoker,Diabetic,Stage 1 HTN,High
80+,Female,Non-Smoker,Normoglycemic,Normal,High
60-79,Male,Non-Smoker,Diabetic,Stage 2 HTN,Very High
40-59,Female,Non-Smoker,Diabetic,Stage 2 HTN,High
20-39,Male,Current Smoker,Normoglycemic,Normal,Borderline High
40-59,Male,Current Smoker,Normoglycemic,Normal,Desirable
60-79,Female,Non-Smoker,Diabetic,Elevated,Borderline High
60-79,Male,Non-Smoker,Normoglycemic,Stage 1 HTN,Borderline High
20-39,Female,Non-Smoker,Normoglycemic,Normal,Borderline High
40-59,Female,Non-Smoker,Normoglycemic,Stage 1 HTN,Borderline High
20-39,Male,Non-Smoker,Normoglycemic,Normal,Desirable
20-39,Male,Non-Smoker,Normoglycemic,Normal,Very High
20-39,Female,Non-Smoker,Normoglycemic,Normal,Desirable
40-59,Male,Current Smoker,Normoglycemic,Stage 1 HTN,Very High
40-59,Female,Non-Smoker,Normoglycemic,Normal,High
20-39,Female,Non-Smoker,Normoglycemic,Elevated,High
20-39,Female,Non-Smoker,Normoglycemic,Normal,High
80+,Female,Current Smoker,Normoglycemic,Normal,Desirable
20-39,Male,Current Smoker,Normoglycemic,Normal,Borderline High
40-59,Female,Non-Smoker,Normoglycemic,Normal,Borderline High
60-79,Female,Current Smoker,Diabetic,Stage 2 HTN,High
20-39,Male,Current Smoker,Normoglycemic,Normal,Desirable
20-39,Male,Current Smoker,Normoglycemic,Elevated,Desirable
40-59,Male,Non-Smoker,Normoglycemic,Elevated,High
40-59,Male,Current Smoker,Diabetic,Stage 2 HTN,Very High
60-79,Female,Current Smoker,Normoglycemic,Stage 1 HTN,Desirable
40-59,Male,Non-Smoker,Diabetic,Stage 2 HTN,Very High
40-59,Female,Non-Smoker,Normoglycemic,Normal,Borderline High
40-59,Male,Non-Smoker,Normoglycemic,Normal,High
20-39,Male,Current Smoker,Normoglycemic,Elevated,Desirable
20-39,Female,Non-Smoker,Diabetic,Stage 2 HTN,High
20-39,Male,Non-Smoker,Normoglycemic,Stage 1 HTN,Very High
40-59,Male,Non-Smoker,Normoglycemic,Elevated,High
20-39,Male,Current Smoker,Normoglycemic,Normal,High
20-39,Male,Non-Smoker,Normoglycemic,Normal,High
40-59,Female,Non-Smoker,Diabetic,Stage 1 HTN,Desirable
20-39,Male,Non-Smoker,Normoglycemic,Normal,Desirable
20-39,Female,Non-Smoker,Normoglycemic,Normal,Desirable
80+,Male,Non-Smoker,Diabetic,Stage 2 HTN,High
20-39,Male,Non-Smoker,Diabetic,Stage 2 HTN,High
60-79,Male,Current Smoker,Normoglycemic,Stage 1 HTN,Desirable
40-59,Female,Non-Smoker,Normoglycemic,Normal,Desirable
80+,Female,Non-Smoker,Diabetic,Stage 1 HTN,High
60-79,Male,Current Smoker,Normoglycemic,Normal,Borderline High
20-39,Female,Non-Smoker,Normoglycemic,Normal,Desirable
20-39,Female,Non-Smoker,Normoglycemic,Normal,High
40-59,Female,Current Smoker,Normoglycemic,Normal,Desirable
20-39,Female,Non-Smoker,Normoglycemic,Normal,Desirable
20-39,Male,Non-Smoker,Normoglycemic,Normal,Desirable
20-39,Male,Current Smoker,Normoglycemic,Normal,High
20-39,Female,Non-Smoker,Normoglycemic,Elevated,Very High
60-79,Female,Non-Smoker,Diabetic,Stage 2 HTN,High
40-59,Female,Non-Smoker,Normoglycemic,Normal,Desirable
60-79,Female,Non-Smoker,Normoglycemic,Elevated,Borderline High
20-39,Male,Current Smoker,Normoglycemic,Stage 1 HTN,Desirable
40-59,Female,Non-Smoker,Diabetic,Stage 2 HTN,High
40-59,Male,Non-Smoker,Normoglycemic,Elevated,High
40-59,Male,Non-Smoker,Normoglycemic,Normal,High
20-39,Male,Non-Smoker,Normoglycemic,Stage 1 HTN,Desirable
20-39,Female,Non-Smoker,Normoglycemic,Normal,Desirable
40-59,Male,Non-Smoker,Normoglycemic,Normal,Desirable
80+,Male,Non-Smoker,Normoglycemic,Elevated,Borderline High
80+,Female,Non-Smoker,Normoglycemic,Normal,Borderline High
40-59,Female,Non-Smoker,Normoglycemic,Normal,Desirable
20-39,Female,Current Smoker,Diabetic,Stage 2 HTN,High
20-39,Female,Non-Smoker,Normoglycemic,Elevated,High
40-59,Female,Non-Smoker,Normoglycemic,Normal,Desirable
40-59,Male,Non-Smoker,Normoglycemic,Normal,Desirable
60-79,Male,Current Smoker,Normoglycemic,Normal,Desirable
80+,Female,Non-Smoker,Normoglycemic,Elevated,Borderline High
20-39,Male,Non-Smoker,Normoglycemic,Elevated,Borderline High
60-79,Female,Non-Smoker,Normoglycemic,Normal,Desirable
20-39,Male,Non-Smoker,Normoglycemic,Normal,Desirable
20-39,Female,Non-Smoker,Normoglycemic,Normal,Desirable
20-39,Male,Non-Smoker,Diabetic,Normal,Borderline High
40-59,Female,Non-Smoker,Normoglycemic,Normal,Desirable
40-59,Female,Non-Smoker,Normoglycemic,Elevated,Desirable
20-39,Male,Non-Smoker,Normoglycemic,Normal,Desirable
20-39,Female,Non-Smoker,Normoglycemic,Normal,Desirable
60-79,Female,Non-Smoker,Normoglycemic,Elevated,Borderline High
20-39,Female,Non-Smoker,Normoglycemic,Stage 1 HTN,High
20-39,Male,Non-Smoker,Diabetic,Stage 2 HTN,Very High
80+,Female,Non-Smoker,Diabetic,Stage 1 HTN,Very High
60-79,Male,Non-Smoker,Diabetic,Stage 1 HTN,High
60-79,Female,Non-Smoker,Normoglycemic,Normal,Borderline High
60-79,Female,Current Smoker,Diabetic,Stage 2 HTN,Borderline High
20-39,Female,Current Smoker,Normoglycemic,Stage 1 HTN,High
40-59,Female,Non-Smoker,Normoglycemic,Normal,Desirable
20-39,Male,Non-Smoker,Diabetic,Stage 2 HTN,Very High
80+,Male,Non-Smoker,Normoglycemic,Stage 2 HTN,Very High
20-39,Female,Non-Smoker,Normoglycemic,Elevated,Desirable
20-39,Female,Non-Smoker,Normoglycemic,Normal,Desirable
60-79,Female,Non-Smoker,Diabetic,Stage 1 HTN,High
20-39,Female,Non-Smoker,Diabetic,Stage 2 HTN,Borderline High
60-79,Female,Non-Smoker,Normoglycemic,Stage 2 HTN,High
20-39,Male,Current Smoker,Diabetic,Stage 2 HTN,Borderline High
40-59,Female,Current Smoker,Normoglycemic,Normal,Desirable
60-79,Male,Current Smoker,Normoglycemic,Normal,High
80+,Male,Current Smoker,Normoglycemic,Normal,High
20-39,Male,Current Smoker,Normoglycemic,Stage 1 HTN,Borderline High
20-39,Male,Non-Smoker,Normoglycemic,Stage 2 HTN,Borderline High
20-39,Female,Non-Smoker,Normoglycemic,Normal,Desirable
40-59,Male,Non-Smoker,Diabetic,Stage 2 HTN,Borderline High
60-79,Female,Non-Smoker,Normoglycemic,Elevated,High
40-59,Male,Non-Smoker,Normoglycemic,Normal,Desirable
60-79,Male,Non-Smoker,Normoglycemic,Elevated,Desirable
20-39,Male,Non-Smoker,Normoglycemic,Normal,Desirable
40-59,Female,Non-Smoker,Normoglycemic,Stage 2 HTN,Desirable
40-59,Female,Non-Smoker,Diabetic,Stage 2 HTN,High
60-79,Female,Non-Smoker,Diabetic,Stage 2 HTN,Very High
60-79,Female,Non-Smoker,Diabetic,Stage 2 HTN,Desirable
40-59,Male,Non-Smoker,Normoglycemic,Normal,Very High
20-39,Male,Non-Smoker,Normoglycemic,Normal,Desirable
60-79,Female,Non-Smoker,Normoglycemic,Normal,Borderline High
20-39,Male,Non-Smoker,Normoglycemic,Normal,Borderline High
60-79,Female,Non-Smoker,Normoglycemic,Elevated,High
60-79,Male,Non-Smoker,Diabetic,Stage 1 HTN,Very High
20-39,Female,Current Smoker,Normoglycemic,Normal,Desirable
40-59,Female,Non-Smoker,Normoglycemic,Elevated,Borderline High
40-59,Male,Current Smoker,Diabetic,Stage 2 HTN,High
40-59,Male,Non-Smoker,Normoglycemic,Stage 1 HTN,High
20-39,Male,Current Smoker,Normoglycemic,Normal,Desirable
40-59,Female,Non-Smoker,Normoglycemic,Elevated,Borderline High
80+,Male,Current Smoker,Diabetic,Stage 1 HTN,High
80+,Female,Non-Smoker,Normoglycemic,Elevated,Borderline High
20-39,Male,Current Smoker,Normoglycemic,Elevated,Borderline High
20-39,Male,Non-Smoker,Normoglycemic,Normal,Borderline High
20-39,Female,Current Smoker,Normoglycemic,Stage 2 HTN,Desirable
60-79,Male,Non-Smoker,Normoglycemic,Normal,Desirable
40-59,Male,Non-Smoker,Normoglycemic,Stage 1 HTN,Very High
20-39,Female,Non-Smoker,Normoglycemic,Normal,Desirable
40-59,Male,Non-Smoker,Normoglycemic,Stage 1 HTN,Desirable
40-59,Male,Current Smoker,Normoglycemic,Stage 1 HTN,Desirable
60-79,Female,Non-Smoker,Normoglycemic,Normal,Desirable
60-79,Female,Non-Smoker,Normoglycemic,Normal,High
20-39,Male,Non-Smoker,Normoglycemic,Normal,Desirable
20-39,Female,Non-Smoker,Normoglycemic,Normal,Borderline High
20-39,Male,Current Smoker,Normoglycemic,Normal,Desirable
40-59,Female,Non-Smoker,Diabetic,Stage 1 HTN,High
60-79,Female,Non-Smoker,Diabetic,Stage 1 HTN,Very High
40-59,Male,Non-Smoker,Normoglycemic,Normal,Borderline High
20-39,Male,Current Smoker,Diabetic,Stage 1 HTN,Very High
40-59,Female,Non-Smoker,Normoglycemic,Stage 1 HTN,Borderline High
20-39,Male,Non-Smoker,Normoglycemic,Normal,Borderline High
20-39,Male,Non-Smoker,Normoglycemic,Normal,Borderline High
40-59,Male,Non-Smoker,Normoglycemic,Stage 2 HTN,High
80+,Female,Non-Smoker,Normoglycemic,Stage 1 HTN,Desirable
40-59,Female,Non-Smoker,Normoglycemic,Elevated,High
60-79,Male,Non-Smoker,Diabetic,Elevated,Desirable
60-79,Male,Non-Smoker,Normoglycemic,Normal,Desirable
40-59,Male,Non-Smoker,Normoglycemic,Normal,High
80+,Female,Non-Smoker,Normoglycemic,Normal,Borderline High
60-79,Female,Non-Smoker,Diabetic,Stage 1 HTN,Very High
40-59,Male,Non-Smoker,Normoglycemic,Stage 2 HTN,Desirable
40-59,Female,Non-Smoker,Normoglycemic,Normal,Borderline High
20-39,Female,Non-Smoker,Diabetic,Stage 2 HTN,Very High
20-39,Male,Non-Smoker,Diabetic,Stage 2 HTN,High
40-59,Female,Non-Smoker,Normoglycemic,Stage 1 HTN,Desirable
20-39,Male,Non-Smoker,Normoglycemic,Normal,Desirable
60-79,Male,Non-Smoker,Diabetic,Stage 1 HTN,High
40-59,Male,Non-Smoker,Normoglycemic,Normal,Desirable
60-79,Female,Non-Smoker,Normoglycemic,Stage 1 HTN,Borderline High
40-59,Male,Non-Smoker,Normoglycemic,Normal,High
20-39,Male,Non-Smoker,Diabetic,Stage 2 HTN,Desirable
20-39,Female,Non-Smoker,Normoglycemic,Normal,Desirable
40-59,Male,Non-Smoker,Diabetic,Stage 2 HTN,Very High
20-39,Female,Current Smoker,Normoglycemic,Elevated,Desirable
20-39,Male,Current Smoker,Normoglycemic,Normal,Desirable
40-59,Female,Non-Smoker,Normoglycemic,Normal,Desirable
80+,Male,Non-Smoker,Normoglycemic,Normal,Desirable
40-59,Male,Non-Smoker,Normoglycemic,Normal,Very High
20-39,Male,Non-Smoker,Normoglycemic,Normal,Desirable
60-79,Male,Current Smoker,Diabetic,Stage 1 HTN,High
80+,Male,Non-Smoker,Diabetic,Stage 2 HTN,Very High
80+,Female,Non-Smoker,Normoglycemic,Normal,High
20-39,Male,Non-Smoker,Normoglycemic,Normal,Desirable
40-59,Male,Non-Smoker,Normoglycemic,Elevated,High
80+,Female,Current Smoker,Diabetic,Stage 2 HTN,Very High
40-59,Female,Non-Smoker,Diabetic,Stage 1 HTN,High
40-59,Female,Non-Smoker,Diabetic,Stage 1 HTN,Desirable
40-59,Male,Non-Smoker,Diabetic,Stage 1 HTN,High
60-79,Female,Non-Smoker,Diabetic,Elevated,High
20-39,Female,Non-Smoker,Normoglycemic,Elevated,High
20-39,Male,Current Smoker,Normoglycemic,Normal,Very High
60-79,Female,Current Smoker,Diabetic,Stage 2 HTN,Borderline High
40-59,Female,Non-Smoker,Normoglycemic,Normal,Desirable
40-59,Male,Non-Smoker,Normoglycemic,Elevated,Desirable
40-59,Male,Non-Smoker,Diabetic,Stage 1 HTN,High
40-59,Female,Non-Smoker,Normoglycemic,Normal,Desirable
20-39,Male,Non-Smoker,Normoglycemic,Normal,Borderline High
40-59,Male,Current Smoker,Normoglycemic,Normal,Very High
40-59,Female,Non-Smoker,Diabetic,Stage 1 HTN,High
40-59,Male,Non-Smoker,Diabetic,Elevated,High
40-59,Female,Non-Smoker,Normoglycemic,Stage 1 HTN,Desirable
40-59,Male,Current Smoker,Normoglycemic,Normal,Desirable
20-39,Male,Current Smoker,Normoglycemic,Normal,Desirable
20-39,Male,Non-Smoker,Diabetic,Stage 1 HTN,Borderline High
40-59,Male,Non-Smoker,Normoglycemic,Normal,Desirable
20-39,Female,Non-Smoker,Normoglycemic,Normal,High
20-39,Male,Non-Smoker,Normoglycemic,Normal,High
20-39,Female,Non-Smoker,Normoglycemic,Normal,Borderline High
20-39,Female,Non-Smoker,Normoglycemic,Normal,Desirable
60-79,Female,Non-Smoker,Normoglycemic,Normal,Desirable
40-59,Male,Non-Smoker,Normoglycemic,Normal,Desirable
20-39,Male,Non-Smoker,Normoglycemic,Normal,Desirable
20-39,Male,Current Smoker,Normoglycemic,Stage 1 HTN,Desirable
20-39,Male,Non-Smoker,Normoglycemic,Normal,Desirable
20-39,Male,Non-Smoker,Normoglycemic,Normal,Desirable
60-79,Female,Non-Smoker,Normoglycemic,Normal,Borderline High
60-79,Female,Non-Smoker,Normoglycemic,Normal,Very High
60-79,Male,Non-Smoker,Diabetic,Stage 2 HTN,Very High
20-39,Female,Non-Smoker,Diabetic,Stage 2 HTN,High
60-79,Female,Current Smoker,Normoglycemic,Elevated,Desirable
20-39,Male,Current Smoker,Normoglycemic,Normal,High
40-59,Female,Non-Smoker,Normoglycemic,Normal,Desirable
20-39,Male,Current Smoker,Normoglycemic,Normal,Borderline High
40-59,Male,Non-Smoker,Diabetic,Stage 1 HTN,High
40-59,Female,Current Smoker,Diabetic,Stage 2 HTN,High
20-39,Male,Current Smoker,Normoglycemic,Normal,High
60-79,Male,Non-Smoker,Normoglycemic,Normal,High
60-79,Male,Non-Smoker,Normoglycemic,Normal,High
60-79,Male,Non-Smoker,Diabetic,Stage 1 HTN,High
20-39,Female,Non-Smoker,Normoglycemic,Elevated,Very High
60-79,Female,Non-Smoker,Diabetic,Stage 2 HTN,High
20-39,Male,Non-Smoker,Diabetic,Stage 2 HTN,Very High
20-39,Female,Non-Smoker,Diabetic,Stage 2 HTN,Desirable
60-79,Female,Non-Smoker,Normoglycemic,Normal,Desirable
20-39,Male,Current Smoker,Normoglycemic,Normal,Desirable
20-39,Male,Current Smoker,Normoglycemic,Normal,Borderline High
20-39,Female,Non-Smoker,Normoglycemic,Elevated,Borderline High
20-39,Female,Non-Smoker,Normoglycemic,Elevated,High
80+,Female,Non-Smoker,Normoglycemic,Normal,High
80+,Female,Non-Smoker,Normoglycemic,Normal,Desirable
20-39,Male,Non-Smoker,Normoglycemic,Normal,High
80+,Male,Current Smoker,Diabetic,Stage 2 HTN,Desirable
40-59,Male,Non-Smoker,Normoglycemic,Normal,Desirable
60-79,Male,Non-Smoker,Diabetic,Stage 2 HTN,Very High
60-79,Female,Non-Smoker,Normoglycemic,Normal,Desirable
40-59,Female,Non-Smoker,Normoglycemic,Normal,Desirable
80+,Female,Non-Smoker,Normoglycemic,Normal,Desirable
40-59,Female,Non-Smoker,Normoglycemic,Elevated,Desirable
20-39,Male,Non-Smoker,Diabetic,Stage 2 HTN,High
20-39,Female,Non-Smoker,Normoglycemic,Elevated,Borderline High
20-39,Female,Non-Smoker,Normoglycemic,Elevated,Desirable
20-39,Female,Non-Smoker,Diabetic,Elevated,Very High
60-79,Female,Non-Smoker,Normoglycemic,Stage 1 HTN,Borderline High
20-39,Male,Non-Smoker,Normoglycemic,Normal,Desirable
60-79,Female,Non-Smoker,Normoglycemic,Normal,High
60-79,Male,Non-Smoker,Normoglycemic,Elevated,Borderline High
40-59,Male,Non-Smoker,Normoglycemic,Elevated,Borderline High
60-79,Male,Non-Smoker,Diabetic,Stage 2 HTN,High
20-39,Female,Non-Smoker,Normoglycemic,Elevated,Desirable
80+,Female,Non-Smoker,Normoglycemic,Elevated,Desirable
40-59,Female,Non-Smoker,Normoglycemic,Normal,Very High
20-39,Female,Non-Smoker,Normoglycemic,Elevated,Borderline High
60-79,Male,Non-Smoker,Diabetic,Stage 2 HTN,Very High
20-39,Female,Current Smoker,Normoglycemic,Normal,Borderline High
40-59,Female,Non-Smoker,Normoglycemic,Elevated,Very High
20-39,Female,Non-Smoker,Normoglycemic,Stage 1 HTN,High
20-39,Female,Non-Smoker,Normoglycemic,Normal,Very High
80+,Female,Current Smoker,Normoglycemic,Stage 1 HTN,Desirable
60-79,Female,Non-Smoker,Diabetic,Stage 2 HTN,Very High
40-59,Male,Current Smoker,Normoglycemic,Normal,Desirable
60-79,Male,Current Smoker,Normoglycemic,Normal,Desirable
40-59,Male,Non-Smoker,Normoglycemic,Elevated,High
20-39,Female,Non-Smoker,Normoglycemic,Normal,Desirable
20-39,Male,Non-Smoker,Normoglycemic,Normal,Desirable
60-79,Female,Current Smoker,Diabetic,Stage 2 HTN,High
20-39,Male,Non-Smoker,Normoglycemic,Normal,Desirable
60-79,Male,Non-Smoker,Normoglycemic,Normal,High
60-79,Female,Non-Smoker,Diabetic,Stage 2 HTN,Borderline High
40-59,Female,Non-Smoker,Diabetic,Stage 2 HTN,High
20-39,Female,Non-Smoker,Diabetic,Stage 1 HTN,High
20-39,Male,Current Smoker,Normoglycemic,Elevated,Desirable
20-39,Female,Non-Smoker,Normoglycemic,Normal,Desirable
60-79,Male,Non-Smoker,Normoglycemic,Elevated,Desirable
40-59,Female,Non-Smoker,Normoglycemic,Normal,High
40-59,Male,Non-Smoker,Normoglycemic,Normal,High
40-59,Female,Current Smoker,Normoglycemic,Normal,Desirable
40-59,Female,Non-Smoker,Diabetic,Stage 2 HTN,High
20-39,Female,Non-Smoker,Normoglycemic,Normal,Desirable
40-59,Male,Non-Smoker,Normoglycemic,Normal,Borderline High
60-79,Female,Current Smoker,Normoglycemic,Normal,Very High
40-59,Male,Current Smoker,Normoglycemic,Normal,Borderline High
80+,Female,Non-Smoker,Normoglycemic,Normal,Borderline High
60-79,Male,Non-Smoker,Diabetic,Stage 2 HTN,High
20-39,Male,Non-Smoker,Diabetic,Stage 2 HTN,Borderline High
40-59,Female,Non-Smoker,Normoglycemic,Elevated,Desirable
40-59,Male,Non-Smoker,Normoglycemic,Normal,High
40-59,Male,Non-Smoker,Normoglycemic,Normal,High
40-59,Male,Non-Smoker,Diabetic,Stage 1 HTN,Borderline High
40-59,Male,Non-Smoker,Normoglycemic,Normal,Desirable
40-59,Female,Non-Smoker,Normoglycemic,Elevated,Desirable
60-79,Female,Non-Smoker,Diabetic,Stage 2 HTN,Very High
20-39,Male,Non-Smoker,Normoglycemic,Stage 1 HTN,Borderline High
20-39,Male,Non-Smoker,Normoglycemic,Normal,Very High
40-59,Female,Non-Smoker,Normoglycemic,Stage 1 HTN,Desirable
60-79,Male,Non-Smoker,Diabetic,Elevated,High
40-59,Female,Non-Smoker,Normoglycemic,Normal,Very High
60-79,Female,Non-Smoker,Diabetic,Stage 2 HTN,Borderline High
20-39,Male,Non-Smoker,Normoglycemic,Normal,Borderline High
60-79,Male,Current Smoker,Diabetic,Stage 2 HTN,Desirable
60-79,Male,Current Smoker,Normoglycemic,Normal,Borderline High
40-59,Male,Non-Smoker,Normoglycemic,Normal,Desirable
40-59,Male,Current Smoker,Normoglycemic,Normal,Borderline High
60-79,Female,Current Smoker,Diabetic,Stage 2 HTN,Desirable
40-59,Female,Non-Smoker,Diabetic,Stage 1 HTN,Very High
60-79,Male,Current Smoker,Diabetic,Stage 2 HTN,Very High
40-59,Female,Non-Smoker,Diabetic,Stage 2 HTN,Very High
20-39,Male,Non-Smoker,Normoglycemic,Normal,Borderline High
40-59,Female,Non-Smoker,Normoglycemic,Elevated,High
20-39,Male,Non-Smoker,Normoglycemic,Normal,Desirable
20-39,Female,Current Smoker,Diabetic,Stage 2 HTN,Borderline High
20-39,Female,Non-Smoker,Normoglycemic,Elevated,Desirable
20-39,Male,Non-Smoker,Normoglycemic,Normal,Desirable
40-59,Female,Non-Smoker,Normoglycemic,Stage 1 HTN,High
60-79,Male,Non-Smoker,Normoglycemic,Normal,Borderline High
20-39,Female,Non-Smoker,Normoglycemic,Normal,Desirable
20-39,Male,Current Smoker,Normoglycemic,Elevated,Desirable
40-59,Female,Non-Smoker,Diabetic,Stage 2 HTN,High
80+,Male,Current Smoker,Diabetic,Stage 2 HTN,Very High
20-39,Female,Non-Smoker,Normoglycemic,Normal,Borderline High
20-39,Female,Non-Smoker,Normoglycemic,Normal,Borderline High
40-59,Male,Non-Smoker,Diabetic,Stage 2 HTN,High
20-39,Female,Non-Smoker,Normoglycemic,Normal,Very High
20-39,Male,Non-Smoker,Normoglycemic,Normal,Desirable
40-59,Male,Non-Smoker,Normoglycemic,Normal,Desirable
40-59,Male,Non-Smoker,Normoglycemic,Normal,Desirable
20-39,Male,Current Smoker,Normoglycemic,Normal,Borderline High
20-39,Male,Non-Smoker,Normoglycemic,Normal,Borderline High
40-59,Male,Non-Smoker,Normoglycemic,Normal,Desirable
40-59,Female,Non-Smoker,Normoglycemic,Normal,Desirable
40-59,Male,Non-Smoker,Normoglycemic,Normal,Desirable
20-39,Male,Non-Smoker,Normoglycemic,Elevated,Borderline High
60-79,Female,Current Smoker,Normoglycemic,Normal,Borderline High
20-39,Male,Non-Smoker,Normoglycemic,Normal,Desirable
20-39,Female,Non-Smoker,Normoglycemic,Normal,Desirable
60-79,Male,Current Smoker,Normoglycemic,Stage 1 HTN,Desirable
60-79,Female,Non-Smoker,Diabetic,Stage 2 HTN,High
40-59,Male,Non-Smoker,Normoglycemic,Normal,High
20-39,Male,Non-Smoker,Normoglycemic,Normal,High
20-39,Male,Current Smoker,Normoglycemic,Normal,Desirable
60-79,Female,Non-Smoker,Normoglycemic,Normal,High
60-79,Male,Non-Smoker,Normoglycemic,Normal,Desirable
40-59,Female,Non-Smoker,Normoglycemic,Elevated,Very High
60-79,Female,Non-Smoker,Normoglycemic,Elevated,Borderline High
60-79,Male,Non-Smoker,Diabetic,Stage 1 HTN,Very High
40-59,Male,Non-Smoker,Normoglycemic,Stage 1 HTN,High
80+,Female,Non-Smoker,Normoglycemic,Normal,Borderline High
60-79,Male,Non-Smoker,Diabetic,Stage 2 HTN,Desirable
60-79,Female,Non-Smoker,Normoglycemic,Normal,Desirable
20-39,Male,Non-Smoker,Normoglycemic,Normal,Desirable
20-39,Male,Non-Smoker,Normoglycemic,Elevated,Borderline High
60-79,Male,Non-Smoker,Diabetic,Stage 1 HTN,High
60-79,Male,Current Smoker,Diabetic,Stage 1 HTN,High
60-79,Male,Non-Smoker,Diabetic,Stage 2 HTN,Borderline High
20-39,Male,Non-Smoker,Diabetic,Stage 2 HTN,Very High
60-79,Male,Non-Smoker,Normoglycemic,Elevated,Borderline High
80+,Male,Current Smoker,Normoglycemic,Elevated,Desirable
20-39,Female,Non-Smoker,Diabetic,Stage 2 HTN,Borderline High
60-79,Female,Non-Smoker,Diabetic,Stage 2 HTN,Borderline High
40-59,Male,Non-Smoker,Normoglycemic,Stage 1 HTN,Very High
40-59,Male,Non-Smoker,Diabetic,Stage 2 HTN,High
40-59,Female,Current Smoker,Normoglycemic,Stage 1 HTN,Borderline High
20-39,Male,Non-Smoker,Normoglycemic,Stage 1 HTN,Desirable
40-59,Female,Non-Smoker,Diabetic,Stage 2 HTN,Borderline High
20-39,Male,Current Smoker,Normoglycemic,Normal,Desirable
60-79,Male,Non-Smoker,Normoglycemic,Elevated,Borderline High
60-79,Male,Non-Smoker,Normoglycemic,Normal,High
20-39,Female,Non-Smoker,Normoglycemic,Elevated,High
60-79,Female,Non-Smoker,Normoglycemic,Elevated,Desirable
20-39,Female,Non-Smoker,Normoglycemic,Stage 1 HTN,Desirable
20-39,Female,Non-Smoker,Normoglycemic,Normal,Desirable
80+,Female,Non-Smoker,Diabetic,Stage 2 HTN,Very High
40-59,Female,Non-Smoker,Normoglycemic,Normal,Desirable
40-59,Female,Non-Smoker,Normoglycemic,Normal,Desirable
20-39,Female,Non-Smoker,Normoglycemic,Stage 1 HTN,Borderline High
20-39,Male,Non-Smoker,Normoglycemic,Normal,Borderline High
20-39,Male,Non-Smoker,Normoglycemic,Stage 1 HTN,Very High
60-79,Female,Non-Smoker,Diabetic,Stage 1 HTN,Very High
40-59,Male,Current Smoker,Diabetic,Stage 2 HTN,High
40-59,Female,Current Smoker,Normoglycemic,Normal,High
20-39,Female,Non-Smoker,Normoglycemic,Elevated,Borderline High
40-59,Female,Non-Smoker,Diabetic,Stage 2 HTN,Very High
20-39,Female,Non-Smoker,Diabetic,Stage 1 HTN,Borderline High
60-79,Male,Current Smoker,Diabetic,Stage 2 HTN,High
60-79,Male,Non-Smoker,Diabetic,Stage 2 HTN,Very High
20-39,Female,Non-Smoker,Normoglycemic,Normal,Desirable
20-39,Male,Current Smoker,Diabetic,Stage 1 HTN,Very High
40-59,Male,Non-Smoker,Diabetic,Stage 2 HTN,High
20-39,Female,Non-Smoker,Normoglycemic,Normal,Borderline High
80+,Female,Current Smoker,Diabetic,Stage 2 HTN,Very High
60-79,Male,Current Smoker,Diabetic,Stage 2 HTN,Borderline High
60-79,Female,Non-Smoker,Diabetic,Stage 2 HTN,High
60-79,Female,Non-Smoker,Normoglycemic,Elevated,Very High
20-39,Female,Non-Smoker,Normoglycemic,Elevated,Desirable
20-39,Male,Non-Smoker,Normoglycemic,Normal,Desirable
40-59,Female,Non-Smoker,Normoglycemic,Elevated,Desirable
20-39,Female,Current Smoker,Normoglycemic,Elevated,Desirable
20-39,Female,Non-Smoker,Normoglycemic,Elevated,Desirable
20-39,Male,Non-Smoker,Normoglycemic,Normal,Borderline High
60-79,Female,Current Smoker,Normoglycemic,Normal,Borderline High
80+,Female,Non-Smoker,Diabetic,Stage 2 HTN,High
60-79,Female,Non-Smoker,Normoglycemic,Normal,Desirable
60-79,Female,Current Smoker,Diabetic,Stage 2 HTN,High
20-39,Male,Non-Smoker,Normoglycemic,Stage 1 HTN,High
20-39,Female,Non-Smoker,Normoglycemic,Stage 1 HTN,Desirable
40-59,Male,Non-Smoker,Normoglycemic,Normal,Borderline High
80+,Female,Non-Smoker,Diabetic,Stage 2 HTN,High
40-59,Female,Non-Smoker,Normoglycemic,Elevated,Borderline High
40-59,Male,Non-Smoker,Normoglycemic,Normal,Desirable
40-59,Male,Non-Smoker,Diabetic,Stage 2 HTN,Very High
60-79,Female,Non-Smoker,Diabetic,Stage 2 HTN,Borderline High
20-39,Female,Non-Smoker,Normoglycemic,Stage 2 HTN,High
60-79,Female,Current Smoker,Diabetic,Stage 1 HTN,Very High
80+,Female,Non-Smoker,Normoglycemic,Normal,Desirable
20-39,Male,Current Smoker,Normoglycemic,Normal,Very High
20-39,Female,Current Smoker,Normoglycemic,Normal,High
60-79,Female,Current Smoker,Normoglycemic,Stage 1 HTN,Desirable
40-59,Female,Non-Smoker,Diabetic,Elevated,Borderline High
40-59,Male,Current Smoker,Normoglycemic,Normal,High
20-39,Female,Non-Smoker,Normoglycemic,Normal,High
20-39,Female,Current Smoker,Normoglycemic,Stage 1 HTN,High
40-59,Female,Non-Smoker,Normoglycemic,Normal,Borderline High
20-39,Female,Non-Smoker,Normoglycemic,Normal,Desirable
60-79,Male,Non-Smoker,Normoglycemic,Normal,Borderline High
20-39,Female,Current Smoker,Normoglycemic,Normal,High
40-59,Female,Non-Smoker,Normoglycemic,Normal,Desirable
20-39,Female,Non-Smoker,Normoglycemic,Elevated,Very High
20-39,Male,Non-Smoker,Normoglycemic,Normal,Borderline High
20-39,Male,Current Smoker,Diabetic,Stage 2 HTN,Very High
40-59,Male,Non-Smoker,Diabetic,Stage 2 HTN,High
80+,Male,Non-Smoker,Normoglycemic,Normal,High
60-79,Female,Non-Smoker,Normoglycemic,Normal,Very High
40-59,Female,Non-Smoker,Normoglycemic,Stage 1 HTN,Desirable
40-59,Male,Current Smoker,Normoglycemic,Stage 1 HTN,Borderline High
60-79,Female,Non-Smoker,Diabetic,Stage 1 HTN,High
20-39,Male,Non-Smoker,Normoglycemic,Elevated,Desirable
40-59,Male,Current Smoker,Normoglycemic,Stage 1 HTN,Desirable
60-79,Female,Current Smoker,Normoglycemic,Normal,Desirable
20-39,Female,Non-Smoker,Normoglycemic,Elevated,Desirable
40-59,Male,Current Smoker,Normoglycemic,Normal,Desirable
40-59,Female,Current Smoker,Normoglycemic,Normal,Desirable
40-59,Female,Non-Smoker,Normoglycemic,Elevated,Very High
20-39,Female,Non-Smoker,Diabetic,Stage 2 HTN,Very High
40-59,Male,Non-Smoker,Normoglycemic,Elevated,Borderline High
60-79,Male,Non-Smoker,Diabetic,Stage 2 HTN,Borderline High
20-39,Male,Current Smoker,Normoglycemic,Normal,Desirable
40-59,Female,Non-Smoker,Normoglycemic,Normal,Borderline High
20-39,Female,Non-Smoker,Normoglycemic,Normal,Desirable
20-39,Male,Non-Smoker,Normoglycemic,Normal,Desirable
40-59,Male,Non-Smoker,Normoglycemic,Elevated,Desirable
20-39,Male,Current Smoker,Normoglycemic,Normal,Borderline High
20-39,Female,Current Smoker,Normoglycemic,Stage 2 HTN,Desirable
20-39,Female,Non-Smoker,Normoglycemic,Normal,Desirable
20-39,Female,Non-Smoker,Normoglycemic,Normal,Desirable
20-39,Male,Non-Smoker,Normoglycemic,Normal,High
20-39,Female,Non-Smoker,Normoglycemic,Stage 1 HTN,High
60-79,Male,Non-Smoker,Normoglycemic,Elevated,Borderline High
40-59,Female,Non-Smoker,Normoglycemic,Normal,Borderline High
20-39,Male,Current Smoker,Normoglycemic,Normal,High
20-39,Male,Current Smoker,Normoglycemic,Stage 2 HTN,Desirable
40-59,Female,Non-Smoker,Normoglycemic,Normal,Desirable
60-79,Male,Non-Smoker,Normoglycemic,Normal,Desirable
60-79,Female,Non-Smoker,Normoglycemic,Normal,High
60-79,Female,Non-Smoker,Diabetic,Stage 2 HTN,Borderline High
40-59,Male,Current Smoker,Normoglycemic,Elevated,Desirable
40-59,Female,Non-Smoker,Diabetic,Stage 2 HTN,Very High
40-59,Male,Current Smoker,Normoglycemic,Normal,Desirable
60-79,Female,Non-Smoker,Diabetic,Stage 2 HTN,High
40-59,Female,Non-Smoker,Normoglycemic,Normal,Desirable
20-39,Male,Non-Smoker,Diabetic,Stage 2 HTN,High
20-39,Male,Non-Smoker,Normoglycemic,Normal,Desirable
40-59,Male,Current Smoker,Normoglycemic,Normal,Desirable
20-39,Female,Current Smoker,Normoglycemic,Elevated,Borderline High
40-59,Male,Non-Smoker,Normoglycemic,Normal,Desirable
40-59,Female,Current Smoker,Diabetic,Stage 2 HTN,Borderline High
20-39,Male,Non-Smoker,Normoglycemic,Elevated,Borderline High
40-59,Female,Non-Smoker,Normoglycemic,Normal,High
40-59,Female,Non-Smoker,Normoglycemic,Elevated,Desirable
20-39,Female,Current Smoker,Diabetic,Stage 1 HTN,High
20-39,Female,Non-Smoker,Diabetic,Stage 2 HTN,High
20-39,Male,Non-Smoker,Normoglycemic,Elevated,Very High
20-39,Male,Current Smoker,Normoglycemic,Normal,High
40-59,Female,Non-Smoker,Diabetic,Stage 1 HTN,Borderline High
40-59,Female,Non-Smoker,Normoglycemic,Normal,Desirable
40-59,Male,Non-Smoker,Diabetic,Stage 2 HTN,Borderline High
40-59,Female,Current Smoker,Diabetic,Stage 1 HTN,High
20-39,Female,Non-Smoker,Normoglycemic,Normal,High
20-39,Male,Current Smoker,Normoglycemic,Normal,Desirable
20-39,Female,Non-Smoker,Normoglycemic,Elevated,Borderline High
20-39,Female,Current Smoker,Normoglycemic,Normal,Borderline High
20-39,Female,Current Smoker,Normoglycemic,Stage 1 HTN,Desirable
80+,Male,Non-Smoker,Normoglycemic,Normal,Borderline High
80+,Female,Current Smoker,Normoglycemic,Stage 1 HTN,Desirable
60-79,Male,Non-Smoker,Normoglycemic,Normal,Desirable
60-79,Female,Non-Smoker,Normoglycemic,Stage 1 HTN,Very High
20-39,Female,Non-Smoker,Normoglycemic,Elevated,Desirable
40-59,Male,Current Smoker,Normoglycemic,Normal,Desirable
20-39,Male,Non-Smoker,Diabetic,Stage 2 HTN,Very High
60-79,Female,Non-Smoker,Normoglycemic,Normal,Desirable
20-39,Male,Current Smoker,Normoglycemic,Normal,Very High
20-39,Male,Non-Smoker,Normoglycemic,Normal,Borderline High
20-39,Male,Non-Smoker,Diabetic,Stage 2 HTN,Very High
80+,Female,Non-Smoker,Normoglycemic,Normal,Desirable
40-59,Male,Current Smoker,Normoglycemic,Elevated,Desirable
20-39,Female,Non-Smoker,Normoglycemic,Elevated,Very High
60-79,Female,Non-Smoker,Normoglycemic,Normal,Desirable
40-59,Female,Non-Smoker,Normoglycemic,Normal,Borderline High
60-79,Male,Non-Smoker,Diabetic,Stage 2 HTN,Borderline High
40-59,Female,Non-Smoker,Normoglycemic,Elevated,Desirable
20-39,Female,Current Smoker,Diabetic,Stage 2 HTN,Borderline High
60-79,Female,Non-Smoker,Diabetic,Stage 2 HTN,High
80+,Female,Non-Smoker,Diabetic,Stage 2 HTN,High
40-59,Female,Non-Smoker,Normoglycemic,Elevated,Very High
60-79,Female,Non-Smoker,Diabetic,Stage 2 HTN,High
20-39,Female,Non-Smoker,Normoglycemic,Normal,Desirable
60-79,Male,Current Smoker,Normoglycemic,Normal,Very High
20-39,Male,Current Smoker,Normoglycemic,Elevated,High
40-59,Male,Non-Smoker,Normoglycemic,Elevated,Borderline High
60-79,Female,Current Smoker,Diabetic,Stage 2 HTN,High
40-59,Male,Non-Smoker,Normoglycemic,Elevated,Borderline High
20-39,Male,Non-Smoker,Normoglycemic,Elevated,Borderline High
60-79,Female,Non-Smoker,Normoglycemic,Normal,Desirable
60-79,Male,Non-Smoker,Diabetic,Stage 2 HTN,Borderline High
40-59,Female,Non-Smoker,Normoglycemic,Normal,Borderline High
60-79,Male,Non-Smoker,Normoglycemic,Stage 1 HTN,High
20-39,Female,Non-Smoker,Normoglycemic,Normal,Desirable
60-79,Male,Current Smoker,Diabetic,Stage 2 HTN,Borderline High
20-39,Male,Non-Smoker,Normoglycemic,Elevated,Desirable
40-59,Female,Non-Smoker,Normoglycemic,Stage 1 HTN,Desirable
20-39,Female,Non-Smoker,Diabetic,Stage 2 HTN,Very High
40-59,Female,Non-Smoker,Normoglycemic,Normal,Desirable
20-39,Male,Current Smoker,Diabetic,Stage 2 HTN,High
60-79,Female,Non-Smoker,Diabetic,Stage 1 HTN,Borderline High
20-39,Male,Current Smoker,Normoglycemic,Stage 2 HTN,Desirable
40-59,Female,Non-Smoker,Normoglycemic,Normal,Very High
20-39,Male,Non-Smoker,Normoglycemic,Elevated,Desirable
20-39,Male,Non-Smoker,Normoglycemic,Normal,Desirable
20-39,Female,Non-Smoker,Normoglycemic,Normal,Desirable
40-59,Male,Current Smoker,Diabetic,Stage 2 HTN,Very High
60-79,Female,Current Smoker,Normoglycemic,Normal,High
20-39,Female,Non-Smoker,Normoglycemic,Normal,Desirable
20-39,Female,Non-Smoker,Normoglycemic,Normal,Borderline High
60-79,Male,Non-Smoker,Diabetic,Stage 1 HTN,High
80+,Female,Non-Smoker,Normoglycemic,Normal,Desirable
40-59,Male,Non-Smoker,Normoglycemic,Normal,Borderline High
20-39,Male,Current Smoker,Diabetic,Stage 2 HTN,High
60-79,Male,Non-Smoker,Diabetic,Stage 2 HTN,Very High
40-59,Female,Non-Smoker,Normoglycemic,Normal,Desirable
60-79,Male,Non-Smoker,Diabetic,Stage 2 HTN,Very High
40-59,Female,Non-Smoker,Normoglycemic,Elevated,Desirable
20-39,Female,Non-Smoker,Normoglycemic,Normal,Desirable
20-39,Female,Non-Smoker,Diabetic,Stage 2 HTN,High
60-79,Male,Non-Smoker,Diabetic,Stage 2 HTN,High
20-39,Male,Non-Smoker,Normoglycemic,Normal,Desirable
60-79,Female,Non-Smoker,Normoglycemic,Elevated,Borderline High
40-59,Female,Non-Smoker,Normoglycemic,Normal,Borderline High
40-59,Male,Non-Smoker,Normoglycemic,Normal,High
20-39,Male,Non-Smoker,Normoglycemic,Normal,Desirable
40-59,Female,Non-Smoker,Normoglycemic,Elevated,Borderline High
60-79,Female,Current Smoker,Diabetic,Stage 1 HTN,Desirable
20-39,Male,Non-Smoker,Normoglycemic,Elevated,Desirable
20-39,Female,Non-Smoker,Normoglycemic,Normal,Desirable
40-59,Male,Non-Smoker,Normoglycemic,Elevated,Borderline High
20-39,Male,Current Smoker,Normoglycemic,Elevated,Borderline High
60-79,Female,Non-Smoker,Diabetic,Stage 2 HTN,Very High
20-39,Male,Current Smoker,Normoglycemic,Stage 1 HTN,Desirable
60-79,Female,Current Smoker,Diabetic,Elevated,High
20-39,Male,Current Smoker,Diabetic,Stage 2 HTN,High
20-39,Male,Current Smoker,Diabetic,Stage 2 HTN,High
20-39,Female,Non-Smoker,Normoglycemic,Elevated,Desirable
40-59,Female,Non-Smoker,Diabetic,Elevated,High
60-79,Male,Non-Smoker,Diabetic,Elevated,Very High
60-79,Female,Non-Smoker,Diabetic,Stage 2 HTN,Very High
20-39,Female,Non-Smoker,Normoglycemic,Normal,Very High
20-39,Male,Current Smoker,Normoglycemic,Stage 1 HTN,Borderline High
60-79,Male,Non-Smoker,Diabetic,Stage 2 HTN,High
20-39,Male,Non-Smoker,Normoglycemic,Normal,Desirable
20-39,Female,Current Smoker,Normoglycemic,Normal,Very High
40-59,Male,Non-Smoker,Normoglycemic,Normal,Borderline High
40-59,Female,Non-Smoker,Diabetic,Stage 2 HTN,Borderline High
40-59,Female,Non-Smoker,Normoglycemic,Normal,Desirable
20-39,Male,Non-Smoker,Normoglycemic,Normal,High
40-59,Male,Non-Smoker,Normoglycemic,Elevated,Desirable
20-39,Female,Non-Smoker,Normoglycemic,Stage 1 HTN,Borderline High
20-39,Male,Non-Smoker,Normoglycemic,Elevated,Desirable
40-59,Female,Non-Smoker,Normoglycemic,Normal,Borderline High
20-39,Male,Non-Smoker,Normoglycemic,Stage 1 HTN,Desirable
40-59,Male,Non-Smoker,Diabetic,Stage 2 HTN,High
40-59,Female,Non-Smoker,Normoglycemic,Elevated,Desirable
40-59,Female,Non-Smoker,Normoglycemic,Elevated,Very High
80+,Male,Current Smoker,Normoglycemic,Normal,Borderline High
40-59,Female,Non-Smoker,Diabetic,Stage 2 HTN,Very High
20-39,Female,Current Smoker,Normoglycemic,Elevated,Borderline High
60-79,Male,Current Smoker,Diabetic,Stage 2 HTN,High
80+,Female,Non-Smoker,Normoglycemic,Elevated,Desirable
20-39,Female,Non-Smoker,Normoglycemic,Normal,Desirable
60-79,Female,Current Smoker,Normoglycemic,Normal,Borderline High
40-59,Male,Non-Smoker,Normoglycemic,Elevated,Borderline High
40-59,Male,Non-Smoker,Normoglycemic,Normal,Desirable
20-39,Male,Non-Smoker,Normoglycemic,Normal,Desirable
40-59,Male,Non-Smoker,Normoglycemic,Elevated,Borderline High
40-59,Male,Non-Smoker,Normoglycemic,Elevated,Borderline High
20-39,Female,Non-Smoker,Normoglycemic,Normal,Very High
60-79,Male,Current Smoker,Diabetic,Stage 1 HTN,Borderline High
40-59,Female,Non-Smoker,Normoglycemic,Normal,Desirable
40-59,Male,Current Smoker,Diabetic,Stage 2 HTN,High
20-39,Female,Non-Smoker,Normoglycemic,Normal,Desirable
40-59,Male,Current Smoker,Normoglycemic,Elevated,Borderline High
20-39,Female,Non-Smoker,Normoglycemic,Stage 2 HTN,Borderline High
20-39,Male,Non-Smoker,Normoglycemic,Normal,Desirable
40-59,Female,Non-Smoker,Diabetic,Stage 1 HTN,High
20-39,Female,Non-Smoker,Normoglycemic,Normal,Borderline High
40-59,Male,Current Smoker,Diabetic,Elevated,Very High
40-59,Female,Non-Smoker,Normoglycemic,Normal,High
80+,Male,Current Smoker,Diabetic,Stage 2 HTN,Very High
20-39,Female,Non-Smoker,Normoglycemic,Normal,Desirable
80+,Female,Non-Smoker,Diabetic,Stage 1 HTN,High
40-59,Male,Non-Smoker,Diabetic,Stage 2 HTN,Borderline High
40-59,Female,Non-Smoker,Normoglycemic,Elevated,Very High
60-79,Female,Non-Smoker,Normoglycemic,Elevated,Borderline High
20-39,Female,Non-Smoker,Normoglycemic,Normal,Desirable
40-59,Male,Non-Smoker,Diabetic,Stage 2 HTN,Very High
40-59,Female,Non-Smoker,Normoglycemic,Stage 2 HTN,High
20-39,Female,Non-Smoker,Diabetic,Stage 2 HTN,Desirable
40-59,Male,Non-Smoker,Normoglycemic,Elevated,Desirable
20-39,Female,Non-Smoker,Diabetic,Stage 2 HTN,Borderline High
40-59,Female,Non-Smoker,Normoglycemic,Normal,Desirable
80+,Male,Non-Smoker,Diabetic,Stage 1 HTN,Very High
40-59,Male,Non-Smoker,Normoglycemic,Normal,Borderline High
20-39,Male,Current Smoker,Normoglycemic,Normal,Desirable
40-59,Female,Non-Smoker,Normoglycemic,Normal,Desirable
20-39,Female,Non-Smoker,Diabetic,Stage 2 HTN,High
60-79,Female,Non-Smoker,Diabetic,Stage 2 HTN,High
20-39,Female,Non-Smoker,Normoglycemic,Normal,High
20-39,Male,Non-Smoker,Normoglycemic,Elevated,Desirable
40-59,Female,Non-Smoker,Normoglycemic,Normal,Borderline High
60-79,Male,Non-Smoker,Normoglycemic,Normal,Desirable
20-39,Male,Current Smoker,Diabetic,Stage 1 HTN,High
20-39,Female,Non-Smoker,Normoglycemic,Normal,Desirable
40-59,Male,Non-Smoker,Normoglycemic,Elevated,Desirable
60-79,Male,Non-Smoker,Normoglycemic,Normal,Borderline High
20-39,Male,Non-Smoker,Normoglycemic,Normal,High
40-59,Male,Non-Smoker,Normoglycemic,Normal,Desirable
40-59,Female,Current Smoker,Normoglycemic,Elevated,High
60-79,Male,Non-Smoker,Diabetic,Stage 1 HTN,High
40-59,Female,Non-Smoker,Diabetic,Stage 2 HTN,High
20-39,Male,Current Smoker,Normoglycemic,Normal,Desirable
60-79,Male,Non-Smoker,Normoglycemic,Elevated,Desirable
40-59,Male,Current Smoker,Normoglycemic,Elevated,Desirable
20-39,Female,Non-Smoker,Normoglycemic,Normal,Desirable
40-59,Male,Non-Smoker,Normoglycemic,Normal,Very High
40-59,Female,Non-Smoker,Normoglycemic,Stage 1 HTN,Borderline High
20-39,Female,Non-Smoker,Diabetic,Stage 2 HTN,Very High
40-59,Male,Current Smoker,Normoglycemic,Stage 2 HTN,Desirable
60-79,Male,Current Smoker,Normoglycemic,Normal,Desirable
40-59,Female,Non-Smoker,Diabetic,Elevated,Very High
60-79,Female,Current Smoker,Diabetic,Stage 1 HTN,Very High
20-39,Female,Non-Smoker,Normoglycemic,Elevated,Desirable
40-59,Male,Non-Smoker,Normoglycemic,Stage 1 HTN,Borderline High
40-59,Female,Non-Smoker,Normoglycemic,Normal,Desirable
60-79,Male,Current Smoker,Normoglycemic,Elevated,Borderline High
40-59,Female,Non-Smoker,Normoglycemic,Normal,Desirable
40-59,Male,Current Smoker,Normoglycemic,Normal,Desirable
60-79,Male,Non-Smoker,Normoglycemic,Normal,Borderline High
20-39,Male,Current Smoker,Normoglycemic,Elevated,Borderline High
40-59,Male,Non-Smoker,Normoglycemic,Normal,High
40-59,Male,Non-Smoker,Normoglycemic,Normal,Desirable
20-39,Male,Non-Smoker,Normoglycemic,Normal,Borderline High
60-79,Female,Non-Smoker,Normoglycemic,Elevated,High
20-39,Female,Non-Smoker,Normoglycemic,Elevated,High
20-39,Female,Non-Smoker,Normoglycemic,Normal,Desirable
40-59,Male,Non-Smoker,Normoglycemic,Stage 2 HTN,Borderline High
60-79,Female,Non-Smoker,Diabetic,Stage 1 HTN,Borderline High
40-59,Male,Non-Smoker,Normoglycemic,Normal,High
20-39,Male,Non-Smoker,Normoglycemic,Elevated,Desirable
80+,Female,Non-Smoker,Diabetic,Stage 2 HTN,High
40-59,Male,Current Smoker,Diabetic,Elevated,Borderline High
20-39,Male,Non-Smoker,Normoglycemic,Normal,Borderline High
60-79,Female,Non-Smoker,Diabetic,Stage 2 HTN,High
40-59,Male,Non-Smoker,Normoglycemic,Normal,High
60-79,Female,Non-Smoker,Normoglycemic,Normal,Desirable
40-59,Female,Current Smoker,Normoglycemic,Normal,Desirable
80+,Male,Non-Smoker,Diabetic,Stage 1 HTN,Borderline High
40-59,Female,Non-Smoker,Normoglycemic,Normal,Desirable
40-59,Male,Non-Smoker,Normoglycemic,Elevated,Borderline High
20-39,Male,Non-Smoker,Normoglycemic,Elevated,Desirable
80+,Female,Non-Smoker,Diabetic,Stage 2 HTN,Very High
60-79,Male,Non-Smoker,Diabetic,Stage 2 HTN,Borderline High
20-39,Female,Non-Smoker,Normoglycemic,Elevated,Desirable
40-59,Male,Non-Smoker,Normoglycemic,Normal,Desirable
20-39,Male,Non-Smoker,Normoglycemic,Normal,Desirable
20-39,Male,Non-Smoker,Normoglycemic,Stage 1 HTN,Desirable
20-39,Male,Current Smoker,Normoglycemic,Elevated,High
80+,Male,Current Smoker,Diabetic,Stage 2 HTN,High
20-39,Female,Non-Smoker,Normoglycemic,Normal,High
20-39,Female,Non-Smoker,Normoglycemic,Normal,Borderline High
80+,Female,Non-Smoker,Diabetic,Stage 1 HTN,Very High
60-79,Male,Non-Smoker,Diabetic,Stage 2 HTN,Very High
60-79,Male,Current Smoker,Diabetic,Stage 2 HTN,High
20-39,Female,Non-Smoker,Normoglycemic,Normal,Desirable
20-39,Female,Non-Smoker,Normoglycemic,Elevated,Borderline High
40-59,Male,Current Smoker,Diabetic,Stage 2 HTN,High
20-39,Female,Current Smoker,Normoglycemic,Normal,Borderline High
40-59,Female,Non-Smoker,Normoglycemic,Normal,High
60-79,Male,Non-Smoker,Diabetic,Stage 2 HTN,Very High
40-59,Male,Non-Smoker,Diabetic,Stage 2 HTN,High
60-79,Female,Non-Smoker,Normoglycemic,Stage 1 HTN,Borderline High
40-59,Male,Current Smoker,Normoglycemic,Elevated,Desirable
20-39,Female,Non-Smoker,Normoglycemic,Normal,Desirable
20-39,Female,Non-Smoker,Normoglycemic,Normal,Desirable
20-39,Male,Non-Smoker,Normoglycemic,Normal,High
40-59,Male,Non-Smoker,Normoglycemic,Normal,Desirable
20-39,Female,Non-Smoker,Normoglycemic,Normal,High
20-39,Female,Non-Smoker,Diabetic,Stage 2 HTN,Very High
40-59,Male,Non-Smoker,Diabetic,Stage 1 HTN,Very High
20-39,Female,Non-Smoker,Diabetic,Stage 2 HTN,High
20-39,Female,Non-Smoker,Normoglycemic,Normal,Desirable
20-39,Male,Non-Smoker,Normoglycemic,Normal,Desirable
20-39,Male,Non-Smoker,Normoglycemic,Elevated,High
20-39,Female,Current Smoker,Normoglycemic,Normal,Borderline High
60-79,Female,Non-Smoker,Diabetic,Stage 2 HTN,Borderline High
20-39,Female,Non-Smoker,Diabetic,Stage 1 HTN,High
40-59,Male,Non-Smoker,Diabetic,Stage 2 HTN,High
20-39,Female,Non-Smoker,Normoglycemic,Normal,Desirable
20-39,Male,Non-Smoker,Normoglycemic,Normal,Desirable
40-59,Female,Non-Smoker,Normoglycemic,Normal,Very High
40-59,Male,Non-Smoker,Diabetic,Stage 1 HTN,Very High
60-79,Male,Non-Smoker,Diabetic,Stage 2 HTN,High
40-59,Female,Non-Smoker,Diabetic,Stage 1 HTN,High
60-79,Male,Non-Smoker,Normoglycemic,Elevated,Desirable
40-59,Male,Current Smoker,Diabetic,Stage 1 HTN,High
60-79,Female,Current Smoker,Diabetic,Stage 2 HTN,High
20-39,Male,Non-Smoker,Normoglycemic,Elevated,High
80+,Male,Current Smoker,Normoglycemic,Elevated,Desirable
20-39,Male,Non-Smoker,Normoglycemic,Normal,Borderline High
40-59,Female,Non-Smoker,Diabetic,Stage 2 HTN,High
20-39,Female,Non-Smoker,Normoglycemic,Stage 2 HTN,Desirable
40-59,Female,Non-Smoker,Normoglycemic,Stage 2 HTN,Desirable
40-59,Female,Current Smoker,Normoglycemic,Normal,Desirable
20-39,Female,Non-Smoker,Normoglycemic,Normal,Borderline High
40-59,Male,Non-Smoker,Normoglycemic,Normal,Desirable
20-39,Male,Non-Smoker,Normoglycemic,Normal,Desirable
60-79,Female,Non-Smoker,Diabetic,Stage 2 HTN,High
60-79,Female,Non-Smoker,Diabetic,Stage 2 HTN,High
20-39,Female,Non-Smoker,Normoglycemic,Normal,Desirable
60-79,Female,Non-Smoker,Diabetic,Stage 2 HTN,Very High
60-79,Female,Current Smoker,Diabetic,Elevated,Very High
40-59,Male,Current Smoker,Normoglycemic,Elevated,Desirable
20-39,Male,Current Smoker,Diabetic,Stage 2 HTN,Very High
20-39,Male,Non-Smoker,Diabetic,Stage 2 HTN,High
20-39,Female,Non-Smoker,Normoglycemic,Stage 2 HTN,High
40-59,Male,Non-Smoker,Normoglycemic,Normal,Desirable
40-59,Female,Non-Smoker,Normoglycemic,Normal,Desirable
40-59,Female,Non-Smoker,Diabetic,Stage 2 HTN,High
60-79,Male,Non-Smoker,Diabetic,Stage 2 HTN,Borderline High
60-79,Male,Non-Smoker,Normoglycemic,Normal,Borderline High
80+,Male,Current Smoker,Normoglycemic,Elevated,Borderline High
20-39,Female,Current Smoker,Diabetic,Stage 2 HTN,High
20-39,Female,Non-Smoker,Diabetic,Stage 1 HTN,Very High
40-59,Male,Non-Smoker,Diabetic,Stage 2 HTN,High
40-59,Male,Current Smoker,Normoglycemic,Normal,High
20-39,Female,Current Smoker,Normoglycemic,Stage 1 HTN,High
40-59,Male,Non-Smoker,Normoglycemic,Normal,Desirable
60-79,Female,Non-Smoker,Diabetic,Stage 1 HTN,Very High
80+,Male,Non-Smoker,Normoglycemic,Normal,Borderline High
80+,Male,Non-Smoker,Diabetic,Stage 1 HTN,Borderline High
40-59,Male,Non-Smoker,Normoglycemic,Normal,Desirable
60-79,Female,Non-Smoker,Normoglycemic,Elevated,Desirable
40-59,Male,Non-Smoker,Normoglycemic,Normal,Desirable
60-79,Male,Non-Smoker,Normoglycemic,Elevated,Desirable
20-39,Male,Non-Smoker,Normoglycemic,Normal,Very High
60-79,Female,Non-Smoker,Normoglycemic,Stage 1 HTN,Desirable
60-79,Female,Non-Smoker,Diabetic,Stage 2 HTN,High
80+,Female,Non-Smoker,Diabetic,Stage 1 HTN,Very High
40-59,Male,Non-Smoker,Diabetic,Stage 2 HTN,Desirable
60-79,Male,Non-Smoker,Normoglycemic,Normal,High
20-39,Male,Current Smoker,Normoglycemic,Normal,Desirable
20-39,Male,Non-Smoker,Diabetic,Stage 2 HTN,High
40-59,Male,Non-Smoker,Normoglycemic,Elevated,High
40-59,Male,Non-Smoker,Normoglycemic,Stage 1 HTN,Desirable
60-79,Female,Current Smoker,Normoglycemic,Stage 1 HTN,Desirable
60-79,Male,Non-Smoker,Normoglycemic,Normal,Desirable
20-39,Male,Current Smoker,Normoglycemic,Elevated,Very High
80+,Male,Current Smoker,Normoglycemic,Normal,Desirable
40-59,Female,Non-Smoker,Normoglycemic,Elevated,High
40-59,Male,Current Smoker,Normoglycemic,Normal,Very High
40-59,Male,Non-Smoker,Normoglycemic,Stage 1 HTN,Desirable
60-79,Male,Non-Smoker,Diabetic,Stage 2 HTN,Borderline High
80+,Female,Non-Smoker,Diabetic,Stage 2 HTN,High
60-79,Female,Non-Smoker,Normoglycemic,Normal,Desirable
60-79,Male,Non-Smoker,Diabetic,Stage 2 HTN,High
20-39,Female,Non-Smoker,Normoglycemic,Elevated,Desirable
20-39,Female,Non-Smoker,Normoglycemic,Stage 1 HTN,High
60-79,Male,Current Smoker,Normoglycemic,Elevated,Desirable
20-39,Male,Current Smoker,Normoglycemic,Normal,Borderline High
40-59,Female,Non-Smoker,Normoglycemic,Stage 1 HTN,Very High
40-59,Female,Non-Smoker,Normoglycemic,Normal,Desirable
40-59,Male,Non-Smoker,Diabetic,Stage 2 HTN,High
20-39,Male,Non-Smoker,Normoglycemic,Normal,Very High
20-39,Male,Non-Smoker,Normoglycemic,Normal,High
60-79,Male,Current Smoker,Normoglycemic,Normal,Very High
20-39,Female,Non-Smoker,Normoglycemic,Normal,High
80+,Female,Current Smoker,Diabetic,Stage 1 HTN,Desirable
40-59,Female,Non-Smoker,Normoglycemic,Normal,High
40-59,Male,Non-Smoker,Normoglycemic,Normal,High
40-59,Male,Non-Smoker,Normoglycemic,Normal,Borderline High
20-39,Male,Non-Smoker,Normoglycemic,Elevated,Desirable
60-79,Female,Current Smoker,Normoglycemic,Stage 1 HTN,Desirable
60-79,Male,Current Smoker,Normoglycemic,Elevated,Desirable
20-39,Male,Non-Smoker,Normoglycemic,Normal,Borderline High
40-59,Female,Non-Smoker,Diabetic,Elevated,Borderline High
60-79,Male,Non-Smoker,Normoglycemic,Stage 1 HTN,Desirable
60-79,Male,Non-Smoker,Normoglycemic,Normal,Borderline High
80+,Female,Non-Smoker,Diabetic,Stage 2 HTN,High
80+,Female,Non-Smoker,Diabetic,Stage 1 HTN,Very High
20-39,Female,Non-Smoker,Normoglycemic,Stage 1 HTN,High
40-59,Female,Current Smoker,Diabetic,Stage 1 HTN,Desirable
40-59,Male,Non-Smoker,Normoglycemic,Elevated,Desirable
60-79,Male,Non-Smoker,Diabetic,Stage 1 HTN,Very High
40-59,Male,Current Smoker,Normoglycemic,Normal,Borderline High
20-39,Female,Non-Smoker,Normoglycemic,Normal,Borderline High
40-59,Female,Non-Smoker,Diabetic,Stage 2 HTN,Very High
40-59,Male,Current Smoker,Normoglycemic,Normal,Desirable
20-39,Male,Non-Smoker,Normoglycemic,Stage 1 HTN,Very High
80+,Male,Non-Smoker,Normoglycemic,Normal,Very High
20-39,Male,Non-Smoker,Diabetic,Stage 2 HTN,Very High
20-39,Female,Non-Smoker,Normoglycemic,Normal,Desirable
80+,Female,Non-Smoker,Normoglycemic,Stage 1 HTN,Very High
40-59,Male,Current Smoker,Normoglycemic,Normal,High
80+,Male,Non-Smoker,Normoglycemic,Normal,Desirable
20-39,Female,Non-Smoker,Normoglycemic,Normal,Desirable
20-39,Male,Non-Smoker,Normoglycemic,Stage 2 HTN,Very High
60-79,Male,Non-Smoker,Normoglycemic,Elevated,Desirable
20-39,Male,Current Smoker,Diabetic,Stage 1 HTN,Borderline High
20-39,Female,Non-Smoker,Normoglycemic,Elevated,High
40-59,Female,Non-Smoker,Diabetic,Stage 1 HTN,Very High
60-79,Male,Non-Smoker,Normoglycemic,Stage 2 HTN,Borderline High
40-59,Male,Current Smoker,Normoglycemic,Normal,Borderline High
60-79,Male,Non-Smoker,Normoglycemic,Normal,Desirable
60-79,Male,Non-Smoker,Normoglycemic,Normal,Borderline High
20-39,Male,Current Smoker,Normoglycemic,Normal,Desirable
60-79,Male,Non-Smoker,Normoglycemic,Normal,Desirable
20-39,Male,Current Smoker,Diabetic,Stage 2 HTN,Very High
20-39,Male,Current Smoker,Normoglycemic,Elevated,Desirable
40-59,Female,Non-Smoker,Normoglycemic,Stage 1 HTN,Very High
40-59,Male,Non-Smoker,Normoglycemic,Normal,Desirable
20-39,Male,Non-Smoker,Normoglycemic,Normal,Desirable
40-59,Male,Non-Smoker,Normoglycemic,Elevated,Desirable
20-39,Male,Current Smoker,Normoglycemic,Elevated,Desirable
20-39,Male,Non-Smoker,Diabetic,Stage 2 HTN,Very High
40-59,Male,Non-Smoker,Normoglycemic,Elevated,Desirable
40-59,Female,Non-Smoker,Normoglycemic,Elevated,Borderline High
20-39,Male,Non-Smoker,Normoglycemic,Elevated,Desirable
20-39,Male,Non-Smoker,Normoglycemic,Normal,Desirable
40-59,Male,Non-Smoker,Diabetic,Stage 2 HTN,High
40-59,Male,Non-Smoker,Normoglycemic,Normal,Desirable
20-39,Male,Current Smoker,Normoglycemic,Normal,Desirable
20-39,Female,Non-Smoker,Normoglycemic,Normal,Desirable
40-59,Male,Current Smoker,Diabetic,Stage 2 HTN,High
60-79,Female,Current Smoker,Normoglycemic,Stage 1 HTN,Borderline High
40-59,Female,Non-Smoker,Normoglycemic,Normal,Very High
60-79,Male,Non-Smoker,Diabetic,Stage 2 HTN,Very High
40-59,Female,Non-Smoker,Diabetic,Stage 1 HTN,Very High
20-39,Male,Current Smoker,Normoglycemic,Stage 1 HTN,Borderline High
20-39,Female,Non-Smoker,Normoglycemic,Normal,Borderline High
20-39,Male,Current Smoker,Normoglycemic,Normal,Desirable
40-59,Male,Non-Smoker,Normoglycemic,Normal,Desirable
40-59,Female,Non-Smoker,Diabetic,Stage 2 HTN,Very High
40-59,Female,Non-Smoker,Normoglycemic,Normal,Desirable
80+,Male,Current Smoker,Normoglycemic,Normal,Borderline High
20-39,Male,Non-Smoker,Normoglycemic,Elevated,Desirable
40-59,Female,Non-Smoker,Normoglycemic,Normal,Borderline High
40-59,Male,Non-Smoker,Diabetic,Stage 2 HTN,Borderline High
60-79,Male,Non-Smoker,Normoglycemic,Elevated,Desirable
20-39,Female,Non-Smoker,Normoglycemic,Normal,Desirable
60-79,Female,Non-Smoker,Diabetic,Stage 2 HTN,Borderline High
20-39,Male,Current Smoker,Normoglycemic,Normal,Desirable
40-59,Female,Non-Smoker,Diabetic,Stage 2 HTN,High
40-59,Male,Non-Smoker,Normoglycemic,Normal,Desirable
20-39,Male,Non-Smoker,Normoglycemic,Normal,Borderline High
60-79,Male,Current Smoker,Diabetic,Stage 1 HTN,Borderline High
40-59,Female,Current Smoker,Normoglycemic,Normal,Desirable
60-79,Male,Non-Smoker,Normoglycemic,Normal,Borderline High
60-79,Female,Current Smoker,Normoglycemic,Normal,High
40-59,Female,Non-Smoker,Normoglycemic,Elevated,Desirable
20-39,Female,Non-Smoker,Normoglycemic,Stage 1 HTN,Desirable
20-39,Male,Non-Smoker,Normoglycemic,Normal,Desirable
20-39,Male,Non-Smoker,Normoglycemic,Normal,High
20-39,Male,Non-Smoker,Normoglycemic,Normal,Very High
20-39,Female,Current Smoker,Normoglycemic,Normal,Desirable
60-79,Male,Current Smoker,Normoglycemic,Elevated,Very High
60-79,Male,Non-Smoker,Normoglycemic,Stage 1 HTN,Desirable
40-59,Female,Non-Smoker,Diabetic,Stage 2 HTN,High
40-59,Female,Non-Smoker,Diabetic,Stage 1 HTN,High
60-79,Female,Current Smoker,Diabetic,Stage 1 HTN,Very High
40-59,Male,Current Smoker,Normoglycemic,Normal,Very High
20-39,Female,Non-Smoker,Normoglycemic,Elevated,Desirable
40-59,Female,Non-Smoker,Normoglycemic,Normal,Desirable
40-59,Female,Current Smoker,Normoglycemic,Stage 1 HTN,Desirable
20-39,Female,Non-Smoker,Diabetic,Stage 2 HTN,Very High
80+,Male,Non-Smoker,Diabetic,Stage 2 HTN,High
60-79,Female,Current Smoker,Normoglycemic,Normal,Desirable
20-39,Female,Non-Smoker,Normoglycemic,Normal,Borderline High
40-59,Female,Non-Smoker,Normoglycemic,Elevated,Desirable
40-59,Female,Non-Smoker,Normoglycemic,Normal,Desirable
20-39,Male,Non-Smoker,Normoglycemic,Elevated,High
80+,Male,Non-Smoker,Normoglycemic,Normal,Desirable
40-59,Female,Current Smoker,Diabetic,Stage 2 HTN,Very High
40-59,Male,Non-Smoker,Normoglycemic,Elevated,Very High
40-59,Female,Non-Smoker,Normoglycemic,Normal,Desirable
20-39,Female,Non-Smoker,Normoglycemic,Stage 1 HTN,High
40-59,Male,Non-Smoker,Diabetic,Stage 2 HTN,High
20-39,Male,Non-Smoker,Normoglycemic,Normal,High
20-39,Female,Non-Smoker,Normoglycemic,Stage 2 HTN,Very High
20-39,Male,Current Smoker,Normoglycemic,Normal,Desirable
60-79,Male,Non-Smoker,Diabetic,Stage 2 HTN,High
40-59,Male,Non-Smoker,Diabetic,Stage 2 HTN,High
40-59,Female,Non-Smoker,Diabetic,Stage 2 HTN,Very High
20-39,Female,Non-Smoker,Normoglycemic,Elevated,Desirable
20-39,Male,Non-Smoker,Normoglycemic,Normal,Very High
60-79,Female,Non-Smoker,Diabetic,Stage 2 HTN,High
60-79,Female,Non-Smoker,Normoglycemic,Stage 1 HTN,Desirable
20-39,Male,Non-Smoker,Normoglycemic,Normal,Desirable
40-59,Female,Non-Smoker,Normoglycemic,Normal,Borderline High
40-59,Female,Non-Smoker,Normoglycemic,Normal,Desirable
20-39,Male,Non-Smoker,Normoglycemic,Elevated,Desirable
60-79,Male,Non-Smoker,Diabetic,Stage 2 HTN,High
80+,Female,Current Smoker,Normoglycemic,Stage 1 HTN,Desirable
20-39,Male,Current Smoker,Normoglycemic,Stage 2 HTN,Borderline High
20-39,Male,Non-Smoker,Normoglycemic,Elevated,Desirable
40-59,Male,Non-Smoker,Diabetic,Stage 1 HTN,High
40-59,Male,Non-Smoker,Normoglycemic,Normal,Borderline High
60-79,Female,Non-Smoker,Diabetic,Stage 2 HTN,Borderline High
40-59,Male,Non-Smoker,Diabetic,Stage 2 HTN,High
20-39,Female,Non-Smoker,Normoglycemic,Stage 1 HTN,Desirable
20-39,Male,Current Smoker,Normoglycemic,Elevated,High
40-59,Male,Non-Smoker,Normoglycemic,Normal,Desirable
40-59,Female,Non-Smoker,Normoglycemic,Normal,Desirable
40-59,Female,Non-Smoker,Normoglycemic,Normal,Desirable
20-39,Male,Current Smoker,Normoglycemic,Stage 1 HTN,Desirable
20-39,Female,Non-Smoker,Normoglycemic,Normal,Borderline High
60-79,Female,Non-Smoker,Diabetic,Stage 2 HTN,High
20-39,Female,Non-Smoker,Normoglycemic,Normal,Desirable
20-39,Female,Non-Smoker,Normoglycemic,Elevated,Desirable
80+,Male,Non-Smoker,Diabetic,Stage 2 HTN,Very High
20-39,Female,Non-Smoker,Normoglycemic,Normal,Desirable
20-39,Male,Current Smoker,Normoglycemic,Elevated,Desirable
20-39,Male,Current Smoker,Diabetic,Stage 2 HTN,Very High
40-59,Male,Non-Smoker,Diabetic,Stage 1 HTN,Very High
40-59,Female,Non-Smoker,Normoglycemic,Normal,Borderline High
40-59,Female,Non-Smoker,Normoglycemic,Stage 1 HTN,Desirable
40-59,Female,Non-Smoker,Normoglycemic,Stage 1 HTN,Desirable
60-79,Male,Non-Smoker,Normoglycemic,Normal,Borderline High
40-59,Female,Non-Smoker,Diabetic,Stage 1 HTN,High
60-79,Female,Non-Smoker,Diabetic,Stage 2 HTN,Very High
20-39,Female,Current Smoker,Normoglycemic,Elevated,Borderline High
20-39,Male,Current Smoker,Diabetic,Stage 2 HTN,High
40-59,Female,Non-Smoker,Normoglycemic,Elevated,Very High
40-59,Male,Non-Smoker,Normoglycemic,Stage 1 HTN,Borderline High
20-39,Male,Non-Smoker,Normoglycemic,Elevated,High
60-79,Male,Non-Smoker,Normoglycemic,Normal,Borderline High
20-39,Male,Non-Smoker,Normoglycemic,Normal,Desirable
20-39,Male,Current Smoker,Normoglycemic,Elevated,Borderline High
20-39,Female,Current Smoker,Normoglycemic,Stage 1 HTN,Desirable
20-39,Male,Current Smoker,Diabetic,Stage 1 HTN,High
40-59,Male,Current Smoker,Normoglycemic,Normal,Borderline High
20-39,Female,Non-Smoker,Normoglycemic,Elevated,Desirable
20-39,Male,Non-Smoker,Normoglycemic,Normal,Desirable
60-79,Male,Current Smoker,Normoglycemic,Normal,Desirable
80+,Female,Non-Smoker,Diabetic,Stage 2 HTN,High
40-59,Male,Non-Smoker,Diabetic,Stage 2 HTN,Borderline High
40-59,Female,Non-Smoker,Diabetic,Stage 2 HTN,High
60-79,Male,Non-Smoker,Diabetic,Stage 2 HTN,Very High
40-59,Female,Current Smoker,Normoglycemic,Normal,Very High
20-39,Male,Non-Smoker,Diabetic,Stage 2 HTN,Very High
40-59,Male,Non-Smoker,Normoglycemic,Normal,High
20-39,Female,Non-Smoker,Normoglycemic,Stage 2 HTN,Borderline High
20-39,Female,Current Smoker,Normoglycemic,Elevated,High
80+,Female,Non-Smoker,Diabetic,Stage 2 HTN,High
40-59,Male,Non-Smoker,Normoglycemic,Normal,Desirable
20-39,Male,Non-Smoker,Diabetic,Stage 2 HTN,Very High
40-59,Male,Non-Smoker,Normoglycemic,Elevated,High
20-39,Female,Non-Smoker,Normoglycemic,Normal,Borderline High
20-39,Female,Current Smoker,Normoglycemic,Normal,Borderline High
80+,Male,Current Smoker,Normoglycemic,Normal,Borderline High
60-79,Female,Non-Smoker,Diabetic,Stage 1 HTN,High
20-39,Male,Current Smoker,Normoglycemic,Normal,Borderline High
40-59,Male,Non-Smoker,Normoglycemic,Normal,Borderline High
60-79,Male,Current Smoker,Diabetic,Stage 2 HTN,High
60-79,Male,Non-Smoker,Diabetic,Stage 2 HTN,Borderline High
20-39,Female,Current Smoker,Normoglycemic,Normal,Desirable
40-59,Male,Non-Smoker,Normoglycemic,Elevated,Very High
20-39,Male,Current Smoker,Normoglycemic,Elevated,Desirable
20-39,Male,Current Smoker,Normoglycemic,Normal,Desirable
40-59,Male,Current Smoker,Diabetic,Stage 1 HTN,High
40-59,Female,Non-Smoker,Normoglycemic,Normal,Desirable
40-59,Male,Current Smoker,Normoglycemic,Elevated,Borderline High
20-39,Female,Non-Smoker,Normoglycemic,Elevated,Desirable
40-59,Female,Current Smoker,Normoglycemic,Normal,Desirable
60-79,Male,Current Smoker,Normoglycemic,Normal,Desirable
40-59,Male,Non-Smoker,Normoglycemic,Stage 1 HTN,Desirable
20-39,Male,Current Smoker,Diabetic,Stage 1 HTN,Very High
20-39,Female,Non-Smoker,Normoglycemic,Elevated,Desirable
60-79,Female,Non-Smoker,Normoglycemic,Stage 2 HTN,Desirable
40-59,Male,Non-Smoker,Normoglycemic,Normal,Borderline High
40-59,Male,Non-Smoker,Normoglycemic,Normal,Desirable
20-39,Male,Current Smoker,Normoglycemic,Stage 2 HTN,Borderline High
40-59,Female,Non-Smoker,Diabetic,Stage 2 HTN,Very High
40-59,Female,Current Smoker,Normoglycemic,Stage 2 HTN,Desirable
60-79,Female,Non-Smoker,Diabetic,Stage 1 HTN,Very High
40-59,Male,Current Smoker,Diabetic,Stage 2 HTN,Very High
20-39,Female,Non-Smoker,Normoglycemic,Elevated,Borderline High
80+,Male,Current Smoker,Normoglycemic,Normal,Borderline High
20-39,Male,Non-Smoker,Normoglycemic,Elevated,Desirable
20-39,Male,Current Smoker,Normoglycemic,Normal,Borderline High
20-39,Female,Non-Smoker,Normoglycemic,Normal,Desirable
40-59,Male,Current Smoker,Normoglycemic,Elevated,Desirable
60-79,Female,Non-Smoker,Diabetic,Stage 2 HTN,Borderline High
20-39,Male,Current Smoker,Normoglycemic,Stage 2 HTN,Desirable
20-39,Female,Non-Smoker,Normoglycemic,Normal,Borderline High
40-59,Male,Non-Smoker,Diabetic,Stage 2 HTN,Very High
20-39,Female,Non-Smoker,Diabetic,Stage 2 HTN,High
20-39,Female,Non-Smoker,Normoglycemic,Normal,Desirable
40-59,Male,Non-Smoker,Normoglycemic,Normal,Borderline High
40-59,Female,Non-Smoker,Normoglycemic,Normal,Borderline High
40-59,Female,Current Smoker,Normoglycemic,Stage 1 HTN,Desirable
40-59,Female,Non-Smoker,Diabetic,Stage 2 HTN,Very High
60-79,Male,Current Smoker,Diabetic,Stage 2 HTN,Borderline High
40-59,Female,Non-Smoker,Normoglycemic,Normal,High
20-39,Male,Current Smoker,Normoglycemic,Normal,Desirable
20-39,Female,Non-Smoker,Normoglycemic,Elevated,Desirable
40-59,Female,Non-Smoker,Diabetic,Stage 2 HTN,Borderline High
40-59,Female,Non-Smoker,Normoglycemic,Elevated,High
20-39,Male,Non-Smoker,Normoglycemic,Elevated,High
40-59,Female,Non-Smoker,Normoglycemic,Stage 2 HTN,Desirable
40-59,Male,Current Smoker,Normoglycemic,Normal,High
40-59,Female,Non-Smoker,Normoglycemic,Normal,Borderline High
40-59,Male,Non-Smoker,Normoglycemic,Normal,Very High
60-79,Female,Non-Smoker,Normoglycemic,Normal,Desirable
40-59,Male,Current Smoker,Normoglycemic,Normal,Very High
80+,Female,Non-Smoker,Diabetic,Stage 2 HTN,Very High
20-39,Female,Non-Smoker,Normoglycemic,Normal,High
40-59,Male,Non-Smoker,Normoglycemic,Elevated,Desirable
20-39,Female,Non-Smoker,Diabetic,Stage 2 HTN,Very High
60-79,Female,Current Smoker,Diabetic,Stage 2 HTN,High
60-79,Female,Non-Smoker,Normoglycemic,Stage 2 HTN,Desirable
60-79,Male,Current Smoker,Diabetic,Stage 2 HTN,Borderline High
80+,Female,Non-Smoker,Normoglycemic,Normal,Borderline High
40-59,Male,Non-Smoker,Normoglycemic,Normal,Desirable
60-79,Female,Non-Smoker,Diabetic,Stage 1 HTN,Very High
60-79,Female,Non-Smoker,Normoglycemic,Normal,High
40-59,Female,Non-Smoker,Normoglycemic,Stage 1 HTN,Desirable
60-79,Female,Non-Smoker,Normoglycemic,Elevated,High
60-79,Female,Non-Smoker,Normoglycemic,Normal,Borderline High
60-79,Female,Non-Smoker,Diabetic,Stage 1 HTN,High
20-39,Male,Current Smoker,Normoglycemic,Normal,Borderline High
20-39,Male,Non-Smoker,Diabetic,Stage 1 HTN,Very High
40-59,Female,Current Smoker,Normoglycemic,Normal,Borderline High
40-59,Male,Non-Smoker,Normoglycemic,Normal,Desirable
20-39,Female,Current Smoker,Normoglycemic,Normal,Borderline High
60-79,Female,Non-Smoker,Normoglycemic,Normal,Borderline High
40-59,Male,Non-Smoker,Diabetic,Stage 2 HTN,Borderline High
40-59,Female,Non-Smoker,Normoglycemic,Elevated,Desirable
20-39,Male,Current Smoker,Diabetic,Stage 2 HTN,Very High
20-39,Female,Non-Smoker,Diabetic,Stage 1 HTN,High
60-79,Female,Non-Smoker,Diabetic,Stage 2 HTN,Very High
40-59,Male,Non-Smoker,Diabetic,Stage 2 HTN,High
20-39,Male,Non-Smoker,Normoglycemic,Stage 1 HTN,High
20-39,Male,Non-Smoker,Normoglycemic,Normal,Borderline High
20-39,Male,Non-Smoker,Diabetic,Stage 1 HTN,Very High
40-59,Male,Current Smoker,Diabetic,Elevated,High
80+,Male,Current Smoker,Diabetic,Stage 1 HTN,Desirable
40-59,Female,Non-Smoker,Normoglycemic,Normal,Desirable
20-39,Female,Non-Smoker,Normoglycemic,Normal,Borderline High
40-59,Female,Non-Smoker,Diabetic,Stage 2 HTN,High
20-39,Male,Non-Smoker,Normoglycemic,Elevated,High
40-59,Male,Non-Smoker,Normoglycemic,Normal,Borderline High
40-59,Male,Non-Smoker,Diabetic,Stage 2 HTN,Very High
60-79,Male,Non-Smoker,Normoglycemic,Normal,High
80+,Female,Non-Smoker,Normoglycemic,Normal,High
20-39,Female,Non-Smoker,Normoglycemic,Normal,Desirable
20-39,Male,Non-Smoker,Normoglycemic,Normal,High
80+,Female,Non-Smoker,Normoglycemic,Normal,Desirable
20-39,Female,Non-Smoker,Diabetic,Stage 2 HTN,Very High
20-39,Male,Non-Smoker,Normoglycemic,Elevated,Desirable
20-39,Male,Non-Smoker,Normoglycemic,Stage 1 HTN,Borderline High
40-59,Male,Non-Smoker,Diabetic,Stage 2 HTN,Borderline High
40-59,Male,Non-Smoker,Normoglycemic,Elevated,Desirable
20-39,Male,Non-Smoker,Diabetic,Stage 2 HTN,Very High
40-59,Female,Non-Smoker,Normoglycemic,Normal,High
20-39,Female,Current Smoker,Normoglycemic,Normal,Desirable
40-59,Male,Non-Smoker,Normoglycemic,Normal,Desirable
60-79,Male,Non-Smoker,Diabetic,Stage 2 HTN,High
20-39,Male,Non-Smoker,Normoglycemic,Normal,Very High
40-59,Male,Non-Smoker,Diabetic,Stage 1 HTN,Borderline High
20-39,Female,Current Smoker,Normoglycemic,Normal,High
20-39,Male,Non-Smoker,Normoglycemic,Normal,Desirable
40-59,Male,Non-Smoker,Normoglycemic,Normal,Desirable
40-59,Male,Non-Smoker,Diabetic,Stage 2 HTN,Borderline High
40-59,Female,Non-Smoker,Normoglycemic,Normal,Desirable
20-39,Female,Non-Smoker,Diabetic,Stage 2 HTN,High
60-79,Female,Current Smoker,Normoglycemic,Normal,Desirable
40-59,Female,Non-Smoker,Normoglycemic,Normal,Desirable
80+,Male,Non-Smoker,Normoglycemic,Elevated,Borderline High
20-39,Male,Non-Smoker,Normoglycemic,Normal,Desirable
60-79,Male,Non-Smoker,Diabetic,Elevated,High
60-79,Female,Non-Smoker,Normoglycemic,Normal,Desirable
20-39,Female,Non-Smoker,Normoglycemic,Elevated,High
40-59,Female,Non-Smoker,Diabetic,Stage 1 HTN,High
40-59,Female,Non-Smoker,Normoglycemic,Stage 1 HTN,Borderline High
60-79,Female,Current Smoker,Diabetic,Stage 2 HTN,High
40-59,Male,Non-Smoker,Normoglycemic,Normal,Desirable
40-59,Male,Current Smoker,Diabetic,Stage 2 HTN,High
60-79,Male,Current Smoker,Normoglycemic,Normal,High
60-79,Male,Non-Smoker,Normoglycemic,Stage 1 HTN,High
20-39,Male,Non-Smoker,Normoglycemic,Stage 2 HTN,High
40-59,Female,Non-Smoker,Normoglycemic,Normal,Desirable
40-59,Male,Current Smoker,Normoglycemic,Elevated,Desirable
40-59,Male,Non-Smoker,Diabetic,Stage 2 HTN,High
40-59,Female,Non-Smoker,Normoglycemic,Stage 1 HTN,Desirable
60-79,Female,Non-Smoker,Diabetic,Stage 1 HTN,Very High
20-39,Female,Non-Smoker,Normoglycemic,Elevated,Desirable
40-59,Male,Current Smoker,Normoglycemic,Normal,Borderline High
40-59,Male,Current Smoker,Normoglycemic,Elevated,High
40-59,Female,Non-Smoker,Normoglycemic,Normal,Very High
20-39,Male,Non-Smoker,Diabetic,Stage 2 HTN,High
40-59,Female,Non-Smoker,Diabetic,Stage 1 HTN,High
60-79,Female,Non-Smoker,Diabetic,Stage 2 HTN,Very High
80+,Female,Non-Smoker,Diabetic,Stage 2 HTN,Desirable
20-39,Female,Non-Smoker,Normoglycemic,Normal,Desirable
20-39,Male,Current Smoker,Normoglycemic,Normal,Desirable
20-39,Male,Non-Smoker,Normoglycemic,Normal,Desirable
20-39,Female,Non-Smoker,Normoglycemic,Elevated,Desirable
20-39,Female,Non-Smoker,Normoglycemic,Normal,Borderline High
40-59,Female,Non-Smoker,Normoglycemic,Stage 1 HTN,Borderline High
40-59,Female,Non-Smoker,Normoglycemic,Normal,Desirable
80+,Female,Non-Smoker,Diabetic,Stage 2 HTN,High
20-39,Male,Non-Smoker,Diabetic,Stage 2 HTN,High
40-59,Female,Non-Smoker,Normoglycemic,Normal,Desirable
20-39,Female,Non-Smoker,Diabetic,Stage 1 HTN,High
40-59,Female,Non-Smoker,Normoglycemic,Normal,Borderline High
40-59,Male,Non-Smoker,Diabetic,Stage 2 HTN,Desirable
60-79,Male,Non-Smoker,Normoglycemic,Normal,Borderline High
60-79,Male,Non-Smoker,Diabetic,Stage 2 HTN,High
20-39,Female,Non-Smoker,Normoglycemic,Elevated,Desirable
40-59,Male,Non-Smoker,Normoglycemic,Normal,Borderline High
20-39,Male,Non-Smoker,Normoglycemic,Elevated,Very High
40-59,Female,Non-Smoker,Normoglycemic,Elevated,High
40-59,Male,Current Smoker,Normoglycemic,Stage 1 HTN,Desirable
80+,Female,Non-Smoker,Normoglycemic,Normal,Borderline High
80+,Female,Non-Smoker,Normoglycemic,Stage 1 HTN,Desirable
40-59,Female,Non-Smoker,Normoglycemic,Stage 1 HTN,Desirable
40-59,Female,Non-Smoker,Diabetic,Elevated,Very High
40-59,Male,Non-Smoker,Normoglycemic,Normal,Borderline High
40-59,Female,Current Smoker,Diabetic,Stage 1 HTN,High
40-59,Male,Current Smoker,Normoglycemic,Normal,Desirable
80+,Male,Non-Smoker,Normoglycemic,Normal,Desirable
20-39,Male,Current Smoker,Diabetic,Stage 2 HTN,Borderline High
80+,Female,Current Smoker,Diabetic,Stage 2 HTN,Very High
40-59,Female,Non-Smoker,Normoglycemic,Stage 1 HTN,Borderline High
60-79,Male,Non-Smoker,Normoglycemic,Normal,Desirable
20-39,Female,Non-Smoker,Normoglycemic,Normal,Desirable
20-39,Male,Non-Smoker,Normoglycemic,Elevated,High
20-39,Male,Non-Smoker,Diabetic,Stage 2 HTN,Very High
40-59,Male,Current Smoker,Normoglycemic,Elevated,Borderline High
60-79,Male,Non-Smoker,Diabetic,Stage 2 HTN,High
40-59,Male,Non-Smoker,Normoglycemic,Stage 1 HTN,High
40-59,Male,Non-Smoker,Diabetic,Stage 1 HTN,High
40-59,Male,Non-Smoker,Normoglycemic,Normal,High
40-59,Male,Non-Smoker,Normoglycemic,Stage 2 HTN,Borderline High
60-79,Female,Non-Smoker,Normoglycemic,Elevated,Borderline High
40-59,Female,Non-Smoker,Diabetic,Stage 1 HTN,High
60-79,Female,Non-Smoker,Diabetic,Stage 2 HTN,Very High
40-59,Female,Current Smoker,Normoglycemic,Normal,Desirable
40-59,Female,Non-Smoker,Normoglycemic,Elevated,Desirable
20-39,Male,Non-Smoker,Normoglycemic,Normal,Borderline High
40-59,Male,Current Smoker,Normoglycemic,Normal,Borderline High
40-59,Male,Current Smoker,Normoglycemic,Elevated,Desirable
40-59,Female,Non-Smoker,Normoglycemic,Normal,Borderline High
20-39,Male,Non-Smoker,Normoglycemic,Stage 1 HTN,High
60-79,Female,Non-Smoker,Diabetic,Stage 2 HTN,Borderline High
20-39,Male,Current Smoker,Normoglycemic,Normal,Desirable
40-59,Male,Non-Smoker,Normoglycemic,Elevated,High
40-59,Female,Non-Smoker,Normoglycemic,Normal,High
20-39,Female,Non-Smoker,Normoglycemic,Normal,Borderline High
20-39,Male,Current Smoker,Diabetic,Stage 2 HTN,High
40-59,Female,Non-Smoker,Diabetic,Stage 2 HTN,High
40-59,Male,Non-Smoker,Normoglycemic,Normal,Desirable
20-39,Male,Non-Smoker,Normoglycemic,Normal,Borderline High
40-59,Female,Current Smoker,Diabetic,Stage 1 HTN,High
40-59,Female,Non-Smoker,Normoglycemic,Elevated,Borderline High
60-79,Female,Current Smoker,Diabetic,Stage 2 HTN,Borderline High
20-39,Male,Current Smoker,Normoglycemic,Normal,Desirable
20-39,Male,Non-Smoker,Diabetic,Stage 1 HTN,Desirable
20-39,Male,Non-Smoker,Diabetic,Stage 2 HTN,Borderline High
80+,Male,Non-Smoker,Diabetic,Stage 2 HTN,High
20-39,Female,Non-Smoker,Diabetic,Stage 1 HTN,Very High
60-79,Female,Non-Smoker,Diabetic,Stage 2 HTN,High
20-39,Male,Current Smoker,Diabetic,Stage 2 HTN,High
40-59,Female,Non-Smoker,Diabetic,Stage 2 HTN,High
60-79,Female,Non-Smoker,Diabetic,Stage 2 HTN,Very High
20-39,Male,Non-Smoker,Normoglycemic,Normal,High
60-79,Male,Non-Smoker,Diabetic,Stage 2 HTN,High
40-59,Male,Non-Smoker,Normoglycemic,Elevated,Desirable
20-39,Female,Non-Smoker,Normoglycemic,Normal,Desirable
40-59,Female,Non-Smoker,Diabetic,Stage 2 HTN,High
20-39,Female,Current Smoker,Diabetic,Stage 1 HTN,High
20-39,Male,Non-Smoker,Normoglycemic,Normal,Borderline High
20-39,Male,Non-Smoker,Normoglycemic,Normal,Desirable
20-39,Female,Non-Smoker,Normoglycemic,Stage 2 HTN,Very High
20-39,Female,Non-Smoker,Normoglycemic,Normal,Borderline High
20-39,Female,Current Smoker,Normoglycemic,Normal,Borderline High
80+,Male,Current Smoker,Normoglycemic,Elevated,Desirable
80+,Female,Non-Smoker,Normoglycemic,Elevated,Desirable
20-39,Female,Current Smoker,Normoglycemic,Elevated,High
20-39,Female,Non-Smoker,Normoglycemic,Normal,Borderline High
40-59,Female,Non-Smoker,Diabetic,Stage 1 HTN,High
60-79,Male,Non-Smoker,Diabetic,Stage 2 HTN,High
20-39,Female,Non-Smoker,Normoglycemic,Normal,High
20-39,Male,Non-Smoker,Normoglycemic,Normal,Desirable
40-59,Male,Non-Smoker,Normoglycemic,Normal,Very High
20-39,Male,Non-Smoker,Normoglycemic,Normal,Very High
20-39,Female,Non-Smoker,Normoglycemic,Elevated,Desirable
20-39,Male,Non-Smoker,Normoglycemic,Elevated,Desirable
80+,Female,Non-Smoker,Normoglycemic,Normal,Borderline High
20-39,Female,Current Smoker,Normoglycemic,Normal,Desirable
60-79,Female,Non-Smoker,Diabetic,Stage 2 HTN,Borderline High
40-59,Male,Non-Smoker,Normoglycemic,Normal,Desirable
40-59,Male,Non-Smoker,Normoglycemic,Normal,High
40-59,Male,Current Smoker,Normoglycemic,Elevated,Very High
60-79,Female,Current Smoker,Diabetic,Stage 2 HTN,Very High
40-59,Male,Non-Smoker,Normoglycemic,Normal,Desirable
20-39,Female,Non-Smoker,Normoglycemic,Normal,High
20-39,Male,Current Smoker,Normoglycemic,Normal,Desirable
80+,Male,Non-Smoker,Normoglycemic,Stage 1 HTN,Borderline High
40-59,Male,Non-Smoker,Diabetic,Stage 2 HTN,Very High
20-39,Male,Current Smoker,Normoglycemic,Normal,Desirable
60-79,Male,Current Smoker,Diabetic,Elevated,Very High
60-79,Male,Non-Smoker,Normoglycemic,Normal,Desirable
40-59,Female,Current Smoker,Normoglycemic,Normal,Desirable
20-39,Male,Non-Smoker,Normoglycemic,Normal,High
20-39,Male,Non-Smoker,Normoglycemic,Elevated,Desirable
20-39,Male,Non-Smoker,Diabetic,Stage 2 HTN,Borderline High
40-59,Male,Current Smoker,Diabetic,Stage 1 HTN,Very High
20-39,Male,Non-Smoker,Normoglycemic,Normal,High
40-59,Male,Current Smoker,Normoglycemic,Elevated,Very High
40-59,Male,Non-Smoker,Diabetic,Stage 2 HTN,High
60-79,Female,Non-Smoker,Diabetic,Elevated,Desirable
40-59,Female,Non-Smoker,Normoglycemic,Normal,Borderline High
60-79,Female,Non-Smoker,Diabetic,Stage 2 HTN,Very High
40-59,Male,Non-Smoker,Normoglycemic,Stage 1 HTN,Desirable
20-39,Male,Non-Smoker,Normoglycemic,Stage 1 HTN,Very High
60-79,Male,Non-Smoker,Diabetic,Stage 2 HTN,High
20-39,Female,Current Smoker,Diabetic,Stage 2 HTN,High
40-59,Male,Non-Smoker,Normoglycemic,Normal,High
40-59,Male,Non-Smoker,Diabetic,Stage 2 HTN,High
20-39,Female,Non-Smoker,Normoglycemic,Elevated,High
40-59,Male,Non-Smoker,Normoglycemic,Stage 1 HTN,Very High
60-79,Male,Non-Smoker,Normoglycemic,Normal,Borderline High
40-59,Male,Current Smoker,Normoglycemic,Elevated,Desirable
80+,Male,Non-Smoker,Normoglycemic,Stage 2 HTN,Borderline High
20-39,Female,Non-Smoker,Normoglycemic,Normal,High
20-39,Male,Non-Smoker,Normoglycemic,Stage 2 HTN,Desirable
20-39,Male,Non-Smoker,Normoglycemic,Normal,High
40-59,Female,Non-Smoker,Diabetic,Stage 2 HTN,Very High
20-39,Male,Non-Smoker,Normoglycemic,Normal,Desirable
20-39,Male,Current Smoker,Normoglycemic,Elevated,Desirable
20-39,Male,Non-Smoker,Normoglycemic,Normal,Desirable
40-59,Male,Non-Smoker,Normoglycemic,Elevated,Borderline High
20-39,Female,Current Smoker,Normoglycemic,Elevated,Very High
20-39,Female,Current Smoker,Normoglycemic,Stage 2 HTN,Borderline High
60-79,Male,Current Smoker,Normoglycemic,Elevated,Borderline High
60-79,Female,Non-Smoker,Diabetic,Stage 2 HTN,High
40-59,Male,Current Smoker,Normoglycemic,Normal,Borderline High
20-39,Male,Current Smoker,Normoglycemic,Normal,Borderline High
60-79,Male,Current Smoker,Normoglycemic,Stage 2 HTN,High
80+,Male,Non-Smoker,Diabetic,Stage 1 HTN,Very High
60-79,Female,Current Smoker,Normoglycemic,Elevated,Desirable
20-39,Female,Non-Smoker,Normoglycemic,Normal,Desirable
60-79,Female,Non-Smoker,Normoglycemic,Elevated,Desirable
40-59,Male,Non-Smoker,Normoglycemic,Normal,Desirable
20-39,Male,Non-Smoker,Normoglycemic,Normal,Desirable
80+,Male,Current Smoker,Diabetic,Stage 2 HTN,Very High
60-79,Female,Non-Smoker,Diabetic,Elevated,High
20-39,Male,Current Smoker,Normoglycemic,Normal,Desirable
20-39,Male,Non-Smoker,Normoglycemic,Elevated,Borderline High
40-59,Male,Non-Smoker,Diabetic,Stage 2 HTN,Borderline High
20-39,Male,Non-Smoker,Normoglycemic,Elevated,Desirable
60-79,Male,Non-Smoker,Diabetic,Stage 2 HTN,High
20-39,Female,Non-Smoker,Normoglycemic,Stage 2 HTN,Desirable
40-59,Male,Non-Smoker,Normoglycemic,Normal,Desirable
40-59,Female,Non-Smoker,Normoglycemic,Normal,High
20-39,Male,Non-Smoker,Diabetic,Stage 2 HTN,Very High
60-79,Female,Non-Smoker,Normoglycemic,Stage 2 HTN,Very High
60-79,Male,Current Smoker,Normoglycemic,Normal,Borderline High
40-59,Female,Non-Smoker,Normoglycemic,Elevated,Desirable
20-39,Female,Non-Smoker,Normoglycemic,Elevated,High
60-79,Female,Non-Smoker,Diabetic,Elevated,Very High
60-79,Male,Current Smoker,Normoglycemic,Stage 1 HTN,Desirable
60-79,Male,Non-Smoker,Normoglycemic,Elevated,Desirable
20-39,Male,Non-Smoker,Normoglycemic,Normal,Desirable
40-59,Female,Non-Smoker,Normoglycemic,Elevated,Desirable
80+,Male,Current Smoker,Normoglycemic,Normal,Desirable
60-79,Male,Non-Smoker,Diabetic,Stage 1 HTN,Very High
20-39,Male,Current Smoker,Normoglycemic,Stage 1 HTN,Borderline High
20-39,Male,Current Smoker,Normoglycemic,Normal,Borderline High
60-79,Male,Non-Smoker,Diabetic,Stage 2 HTN,Desirable
20-39,Male,Non-Smoker,Normoglycemic,Stage 2 HTN,Borderline High
40-59,Female,Current Smoker,Normoglycemic,Normal,Desirable
60-79,Male,Non-Smoker,Normoglycemic,Normal,Borderline High
40-59,Female,Non-Smoker,Diabetic,Stage 1 HTN,Very High
60-79,Female,Non-Smoker,Normoglycemic,Normal,Desirable
20-39,Male,Current Smoker,Normoglycemic,Stage 2 HTN,Desirable
60-79,Female,Non-Smoker,Diabetic,Stage 2 HTN,Very High
40-59,Male,Non-Smoker,Normoglycemic,Elevated,Very High
40-59,Male,Non-Smoker,Normoglycemic,Normal,Desirable
60-79,Female,Non-Smoker,Normoglycemic,Normal,Very High
80+,Female,Current Smoker,Diabetic,Stage 2 HTN,High
40-59,Male,Non-Smoker,Normoglycemic,Normal,Desirable
40-59,Male,Non-Smoker,Normoglycemic,Normal,Borderline High
60-79,Male,Current Smoker,Diabetic,Stage 2 HTN,High
20-39,Female,Non-Smoker,Normoglycemic,Normal,Desirable
40-59,Male,Non-Smoker,Normoglycemic,Stage 2 HTN,Desirable
40-59,Female,Non-Smoker,Diabetic,Stage 2 HTN,Borderline High
40-59,Female,Non-Smoker,Diabetic,Stage 2 HTN,Borderline High
40-59,Female,Non-Smoker,Normoglycemic,Elevated,Very High
40-59,Female,Non-Smoker,Normoglycemic,Normal,Borderline High
40-59,Male,Non-Smoker,Diabetic,Stage 2 HTN,High
40-59,Female,Non-Smoker,Diabetic,Elevated,Borderline High
20-39,Male,Non-Smoker,Normoglycemic,Normal,High
20-39,Male,Non-Smoker,Diabetic,Stage 2 HTN,Very High
40-59,Female,Non-Smoker,Normoglycemic,Stage 1 HTN,Very High
40-59,Female,Current Smoker,Normoglycemic,Normal,Borderline High
60-79,Female,Non-Smoker,Diabetic,Stage 1 HTN,Borderline High
20-39,Female,Current Smoker,Normoglycemic,Normal,Desirable
40-59,Female,Non-Smoker,Normoglycemic,Normal,Very High
20-39,Male,Non-Smoker,Normoglycemic,Normal,Desirable
40-59,Male,Current Smoker,Normoglycemic,Elevated,Borderline High
40-59,Male,Current Smoker,Diabetic,Stage 1 HTN,High
80+,Male,Non-Smoker,Diabetic,Elevated,Very High
20-39,Female,Non-Smoker,Normoglycemic,Stage 1 HTN,Borderline High
60-79,Male,Non-Smoker,Diabetic,Stage 1 HTN,Very High
40-59,Female,Non-Smoker,Diabetic,Stage 2 HTN,Very High
20-39,Female,Non-Smoker,Normoglycemic,Stage 2 HTN,Desirable
20-39,Female,Non-Smoker,Normoglycemic,Elevated,Desirable
40-59,Male,Non-Smoker,Normoglycemic,Normal,Very High
60-79,Female,Non-Smoker,Diabetic,Elevated,Borderline High
80+,Female,Current Smoker,Normoglycemic,Stage 2 HTN,Borderline High
60-79,Male,Non-Smoker,Diabetic,Elevated,Borderline High
60-79,Female,Current Smoker,Diabetic,Stage 2 HTN,High
40-59,Male,Current Smoker,Diabetic,Stage 2 HTN,High
20-39,Female,Non-Smoker,Normoglycemic,Normal,Desirable
40-59,Female,Non-Smoker,Normoglycemic,Normal,Desirable
40-59,Male,Non-Smoker,Normoglycemic,Normal,Desirable
40-59,Male,Current Smoker,Normoglycemic,Elevated,Desirable
40-59,Female,Non-Smoker,Normoglycemic,Normal,Desirable
60-79,Female,Non-Smoker,Diabetic,Stage 2 HTN,Very High
40-59,Female,Non-Smoker,Normoglycemic,Normal,Desirable
60-79,Male,Non-Smoker,Normoglycemic,Elevated,Desirable
40-59,Male,Non-Smoker,Diabetic,Stage 2 HTN,Borderline High
40-59,Male,Current Smoker,Normoglycemic,Normal,Borderline High
20-39,Male,Non-Smoker,Diabetic,Stage 2 HTN,High
20-39,Male,Current Smoker,Normoglycemic,Normal,Desirable
20-39,Female,Current Smoker,Normoglycemic,Stage 1 HTN,Borderline High
20-39,Male,Current Smoker,Normoglycemic,Normal,High
40-59,Female,Non-Smoker,Normoglycemic,Normal,Borderline High
20-39,Female,Non-Smoker,Normoglycemic,Stage 2 HTN,Desirable
20-39,Male,Current Smoker,Diabetic,Stage 2 HTN,High
40-59,Male,Non-Smoker,Normoglycemic,Normal,Borderline High
20-39,Male,Current Smoker,Normoglycemic,Normal,Desirable
40-59,Female,Non-Smoker,Normoglycemic,Normal,Borderline High
80+,Female,Non-Smoker,Diabetic,Stage 2 HTN,Very High
40-59,Female,Non-Smoker,Normoglycemic,Stage 1 HTN,Desirable
40-59,Female,Non-Smoker,Diabetic,Stage 2 HTN,Very High
80+,Male,Current Smoker,Diabetic,Stage 1 HTN,Very High
40-59,Male,Non-Smoker,Normoglycemic,Elevated,High
40-59,Male,Non-Smoker,Normoglycemic,Elevated,Desirable
60-79,Male,Non-Smoker,Diabetic,Stage 2 HTN,High
40-59,Female,Non-Smoker,Normoglycemic,Normal,Desirable
20-39,Female,Non-Smoker,Normoglycemic,Normal,Borderline High
60-79,Female,Non-Smoker,Normoglycemic,Stage 1 HTN,High
60-79,Male,Current Smoker,Diabetic,Stage 2 HTN,Borderline High
60-79,Male,Non-Smoker,Diabetic,Stage 2 HTN,High
20-39,Female,Non-Smoker,Diabetic,Stage 2 HTN,Desirable
40-59,Female,Non-Smoker,Normoglycemic,Elevated,Desirable
60-79,Male,Non-Smoker,Normoglycemic,Normal,Borderline High
40-59,Male,Non-Smoker,Normoglycemic,Normal,Desirable
20-39,Male,Current Smoker,Diabetic,Stage 1 HTN,Very High
40-59,Male,Non-Smoker,Normoglycemic,Normal,Borderline High
40-59,Female,Non-Smoker,Diabetic,Elevated,Very High
40-59,Male,Non-Smoker,Diabetic,Stage 2 HTN,Very High
20-39,Female,Non-Smoker,Normoglycemic,Normal,Desirable
20-39,Female,Non-Smoker,Normoglycemic,Normal,Borderline High
40-59,Male,Current Smoker,Diabetic,Stage 2 HTN,High
20-39,Male,Current Smoker,Normoglycemic,Normal,Borderline High
20-39,Male,Non-Smoker,Normoglycemic,Stage 1 HTN,Desirable
20-39,Female,Non-Smoker,Normoglycemic,Elevated,Desirable
40-59,Female,Non-Smoker,Diabetic,Elevated,Very High
20-39,Male,Current Smoker,Normoglycemic,Normal,Desirable
80+,Male,Non-Smoker,Normoglycemic,Normal,High
80+,Female,Non-Smoker,Normoglycemic,Stage 2 HTN,Borderline High
20-39,Male,Non-Smoker,Normoglycemic,Elevated,Borderline High
20-39,Male,Current Smoker,Normoglycemic,Stage 2 HTN,Borderline High
60-79,Female,Current Smoker,Normoglycemic,Normal,Desirable
40-59,Male,Non-Smoker,Normoglycemic,Normal,Desirable
40-59,Male,Non-Smoker,Normoglycemic,Stage 2 HTN,Desirable
80+,Female,Non-Smoker,Diabetic,Elevated,Very High
40-59,Male,Current Smoker,Normoglycemic,Normal,Desirable
40-59,Male,Current Smoker,Normoglycemic,Stage 1 HTN,Very High
40-59,Male,Current Smoker,Normoglycemic,Normal,High
60-79,Male,Non-Smoker,Normoglycemic,Normal,Desirable
40-59,Male,Non-Smoker,Normoglycemic,Normal,Very High
60-79,Male,Non-Smoker,Normoglycemic,Normal,Desirable
40-59,Female,Non-Smoker,Diabetic,Stage 2 HTN,High
60-79,Male,Non-Smoker,Normoglycemic,Normal,Desirable
40-59,Female,Current Smoker,Diabetic,Stage 1 HTN,Desirable
40-59,Female,Current Smoker,Diabetic,Stage 1 HTN,High
40-59,Female,Non-Smoker,Normoglycemic,Normal,Desirable
20-39,Male,Non-Smoker,Normoglycemic,Elevated,Desirable
20-39,Male,Non-Smoker,Normoglycemic,Normal,Desirable
60-79,Female,Non-Smoker,Normoglycemic,Normal,Desirable
60-79,Male,Current Smoker,Normoglycemic,Stage 2 HTN,Desirable
60-79,Male,Non-Smoker,Diabetic,Stage 2 HTN,Borderline High
60-79,Male,Non-Smoker,Normoglycemic,Normal,Desirable
60-79,Male,Non-Smoker,Normoglycemic,Normal,Very High
40-59,Female,Current Smoker,Diabetic,Stage 2 HTN,High
40-59,Male,Non-Smoker,Normoglycemic,Normal,Very High
60-79,Female,Non-Smoker,Normoglycemic,Elevated,Borderline High
20-39,Female,Non-Smoker,Normoglycemic,Normal,High
60-79,Female,Non-Smoker,Diabetic,Stage 2 HTN,High
20-39,Male,Non-Smoker,Normoglycemic,Stage 1 HTN,Desirable
20-39,Male,Current Smoker,Normoglycemic,Stage 1 HTN,Borderline High
40-59,Female,Current Smoker,Diabetic,Stage 2 HTN,Very High
20-39,Male,Non-Smoker,Normoglycemic,Normal,Borderline High
20-39,Male,Non-Smoker,Diabetic,Stage 2 HTN,High
60-79,Male,Non-Smoker,Normoglycemic,Normal,Borderline High
20-39,Male,Current Smoker,Normoglycemic,Normal,Desirable
40-59,Female,Non-Smoker,Normoglycemic,Normal,Borderline High
40-59,Female,Non-Smoker,Normoglycemic,Stage 2 HTN,Desirable
40-59,Male,Current Smoker,Normoglycemic,Elevated,Very High
60-79,Male,Current Smoker,Diabetic,Stage 2 HTN,High
20-39,Female,Non-Smoker,Normoglycemic,Normal,High
40-59,Male,Non-Smoker,Normoglycemic,Normal,Borderline High
80+,Male,Non-Smoker,Normoglycemic,Elevated,Desirable
40-59,Female,Non-Smoker,Diabetic,Stage 1 HTN,High
20-39,Male,Non-Smoker,Normoglycemic,Normal,Desirable
20-39,Female,Non-Smoker,Normoglycemic,Stage 1 HTN,Borderline High
60-79,Male,Non-Smoker,Diabetic,Stage 2 HTN,Borderline High
40-59,Male,Non-Smoker,Normoglycemic,Normal,High
20-39,Female,Non-Smoker,Normoglycemic,Normal,Borderline High
60-79,Male,Non-Smoker,Normoglycemic,Normal,Borderline High
40-59,Female,Non-Smoker,Diabetic,Stage 2 HTN,High
20-39,Male,Non-Smoker,Diabetic,Elevated,Borderline High
40-59,Female,Non-Smoker,Diabetic,Stage 2 HTN,High
40-59,Male,Current Smoker,Normoglycemic,Stage 1 HTN,High
60-79,Female,Current Smoker,Normoglycemic,Normal,Borderline High
40-59,Female,Non-Smoker,Diabetic,Stage 2 HTN,High
40-59,Female,Non-Smoker,Normoglycemic,Elevated,Borderline High
80+,Female,Non-Smoker,Normoglycemic,Elevated,High
40-59,Male,Non-Smoker,Normoglycemic,Normal,High
20-39,Male,Non-Smoker,Normoglycemic,Stage 1 HTN,Borderline High
40-59,Male,Current Smoker,Diabetic,Stage 2 HTN,Very High
40-59,Male,Current Smoker,Normoglycemic,Stage 1 HTN,Desirable
20-39,Female,Non-Smoker,Normoglycemic,Normal,Desirable
80+,Female,Non-Smoker,Diabetic,Stage 2 HTN,Very High
40-59,Male,Non-Smoker,Normoglycemic,Elevated,Desirable
40-59,Male,Non-Smoker,Diabetic,Stage 1 HTN,High
80+,Male,Non-Smoker,Diabetic,Stage 1 HTN,High
20-39,Male,Non-Smoker,Normoglycemic,Normal,High
20-39,Male,Non-Smoker,Normoglycemic,Normal,Borderline High
20-39,Female,Current Smoker,Normoglycemic,Normal,High
80+,Male,Current Smoker,Normoglycemic,Elevated,Borderline High
20-39,Male,Current Smoker,Normoglycemic,Normal,Very High
40-59,Male,Current Smoker,Normoglycemic,Stage 1 HTN,Desirable
20-39,Male,Non-Smoker,Normoglycemic,Normal,Borderline High
60-79,Male,Non-Smoker,Normoglycemic,Elevated,Very High
20-39,Male,Current Smoker,Diabetic,Elevated,High
80+,Male,Non-Smoker,Normoglycemic,Normal,Borderline High
60-79,Female,Non-Smoker,Diabetic,Stage 2 HTN,High
20-39,Female,Current Smoker,Normoglycemic,Normal,Desirable
60-79,Male,Non-Smoker,Normoglycemic,Normal,Desirable
40-59,Male,Current Smoker,Normoglycemic,Normal,Desirable
20-39,Female,Current Smoker,Normoglycemic,Elevated,Desirable
20-39,Female,Current Smoker,Normoglycemic,Normal,Borderline High
60-79,Male,Non-Smoker,Normoglycemic,Normal,Borderline High
40-59,Female,Non-Smoker,Normoglycemic,Normal,Desirable
40-59,Male,Non-Smoker,Normoglycemic,Normal,High
20-39,Female,Non-Smoker,Normoglycemic,Elevated,High
20-39,Male,Non-Smoker,Normoglycemic,Stage 1 HTN,Very High
40-59,Female,Non-Smoker,Diabetic,Stage 2 HTN,Very High
20-39,Female,Non-Smoker,Normoglycemic,Normal,Borderline High
20-39,Male,Current Smoker,Normoglycemic,Elevated,Desirable
80+,Male,Non-Smoker,Normoglycemic,Normal,Desirable
60-79,Female,Non-Smoker,Normoglycemic,Stage 2 HTN,High
60-79,Male,Non-Smoker,Diabetic,Stage 1 HTN,Very High
60-79,Male,Current Smoker,Normoglycemic,Normal,Desirable
20-39,Male,Non-Smoker,Normoglycemic,Normal,Very High
20-39,Female,Non-Smoker,Normoglycemic,Normal,Desirable
40-59,Female,Non-Smoker,Normoglycemic,Normal,Desirable
20-39,Male,Non-Smoker,Normoglycemic,Normal,Very High
60-79,Male,Non-Smoker,Normoglycemic,Normal,Borderline High
40-59,Male,Non-Smoker,Normoglycemic,Stage 1 HTN,High
40-59,Female,Non-Smoker,Normoglycemic,Normal,High
60-79,Male,Non-Smoker,Diabetic,Stage 2 HTN,High
20-39,Female,Non-Smoker,Diabetic,Stage 1 HTN,Very High
40-59,Female,Non-Smoker,Normoglycemic,Normal,Desirable
20-39,Male,Non-Smoker,Normoglycemic,Elevated,Desirable
40-59,Male,Non-Smoker,Diabetic,Stage 1 HTN,Very High
20-39,Male,Current Smoker,Diabetic,Elevated,High
40-59,Male,Non-Smoker,Normoglycemic,Normal,Borderline High
40-59,Female,Non-Smoker,Normoglycemic,Elevated,Desirable
40-59,Male,Non-Smoker,Normoglycemic,Normal,Desirable
40-59,Male,Current Smoker,Normoglycemic,Normal,Borderline High
60-79,Female,Non-Smoker,Diabetic,Elevated,Desirable
20-39,Male,Current Smoker,Normoglycemic,Elevated,Borderline High
40-59,Female,Non-Smoker,Normoglycemic,Normal,Desirable
60-79,Male,Non-Smoker,Diabetic,Stage 2 HTN,Very High
20-39,Male,Non-Smoker,Diabetic,Stage 1 HTN,High
20-39,Female,Non-Smoker,Diabetic,Normal,Very High
20-39,Male,Current Smoker,Normoglycemic,Normal,High
80+,Male,Non-Smoker,Normoglycemic,Stage 1 HTN,High
20-39,Male,Current Smoker,Normoglycemic,Normal,Desirable
60-79,Female,Non-Smoker,Diabetic,Stage 2 HTN,Very High
60-79,Male,Non-Smoker,Normoglycemic,Normal,Desirable
60-79,Male,Non-Smoker,Normoglycemic,Stage 1 HTN,Desirable
20-39,Male,Non-Smoker,Normoglycemic,Stage 1 HTN,Desirable
20-39,Male,Non-Smoker,Normoglycemic,Stage 2 HTN,Desirable
40-59,Male,Non-Smoker,Normoglycemic,Stage 1 HTN,Desirable
40-59,Male,Non-Smoker,Normoglycemic,Normal,Borderline High
20-39,Female,Non-Smoker,Normoglycemic,Normal,Desirable
40-59,Female,Non-Smoker,Normoglycemic,Stage 1 HTN,Very High
80+,Female,Non-Smoker,Normoglycemic,Normal,Borderline High
20-39,Male,Current Smoker,Normoglycemic,Normal,High
60-79,Female,Non-Smoker,Diabetic,Stage 2 HTN,High
20-39,Female,Non-Smoker,Normoglycemic,Normal,Desirable
40-59,Male,Non-Smoker,Normoglycemic,Normal,Desirable
60-79,Male,Current Smoker,Diabetic,Stage 1 HTN,Very High
60-79,Female,Current Smoker,Diabetic,Elevated,Very High
80+,Female,Non-Smoker,Diabetic,Stage 2 HTN,Very High
80+,Female,Non-Smoker,Normoglycemic,Stage 1 HTN,Borderline High
80+,Male,Current Smoker,Normoglycemic,Normal,Borderline High
20-39,Male,Non-Smoker,Normoglycemic,Normal,Borderline High
60-79,Female,Current Smoker,Normoglycemic,Normal,High
40-59,Male,Non-Smoker,Normoglycemic,Normal,Desirable
20-39,Male,Non-Smoker,Normoglycemic,Normal,Very High
40-59,Female,Non-Smoker,Normoglycemic,Normal,Desirable
60-79,Female,Non-Smoker,Normoglycemic,Normal,Borderline High
20-39,Male,Non-Smoker,Diabetic,Stage 2 HTN,High
20-39,Male,Current Smoker,Normoglycemic,Normal,Very High
60-79,Male,Current Smoker,Normoglycemic,Elevated,Desirable
40-59,Male,Non-Smoker,Normoglycemic,Normal,Very High
40-59,Female,Current Smoker,Normoglycemic,Normal,Borderline High
60-79,Female,Non-Smoker,Normoglycemic,Stage 1 HTN,Desirable
60-79,Male,Non-Smoker,Normoglycemic,Stage 1 HTN,Very High
40-59,Male,Non-Smoker,Diabetic,Stage 2 HTN,Very High
20-39,Female,Non-Smoker,Diabetic,Stage 2 HTN,High
20-39,Female,Non-Smoker,Normoglycemic,Elevated,Desirable
20-39,Male,Non-Smoker,Normoglycemic,Elevated,Desirable
60-79,Male,Non-Smoker,Normoglycemic,Normal,Very High
80+,Male,Current Smoker,Normoglycemic,Normal,Desirable
40-59,Female,Non-Smoker,Normoglycemic,Stage 1 HTN,Borderline High
20-39,Female,Non-Smoker,Normoglycemic,Normal,Borderline High
20-39,Male,Current Smoker,Normoglycemic,Stage 2 HTN,Desirable
20-39,Female,Non-Smoker,Normoglycemic,Stage 1 HTN,Desirable
20-39,Female,Non-Smoker,Normoglycemic,Normal,High
40-59,Female,Non-Smoker,Normoglycemic,Normal,High
20-39,Female,Non-Smoker,Normoglycemic,Elevated,Desirable
40-59,Female,Non-Smoker,Normoglycemic,Normal,Desirable
20-39,Male,Non-Smoker,Normoglycemic,Normal,Desirable
80+,Male,Non-Smoker,Normoglycemic,Normal,Borderline High
20-39,Male,Non-Smoker,Normoglycemic,Normal,High
20-39,Female,Non-Smoker,Normoglycemic,Elevated,Borderline High
40-59,Female,Current Smoker,Normoglycemic,Elevated,High
80+,Female,Non-Smoker,Diabetic,Stage 2 HTN,High
40-59,Male,Non-Smoker,Normoglycemic,Normal,Very High
20-39,Male,Current Smoker,Normoglycemic,Stage 2 HTN,High
40-59,Male,Non-Smoker,Normoglycemic,Elevated,Desirable
20-39,Female,Non-Smoker,Normoglycemic,Normal,Very High
40-59,Female,Non-Smoker,Normoglycemic,Normal,Desirable
80+,Male,Non-Smoker,Normoglycemic,Elevated,Borderline High
20-39,Male,Non-Smoker,Normoglycemic,Normal,High
20-39,Male,Current Smoker,Normoglycemic,Normal,Very High
60-79,Male,Non-Smoker,Normoglycemic,Stage 2 HTN,Borderline High
20-39,Female,Non-Smoker,Normoglycemic,Normal,Very High
60-79,Male,Current Smoker,Diabetic,Stage 1 HTN,High
40-59,Male,Current Smoker,Normoglycemic,Stage 2 HTN,High
40-59,Male,Non-Smoker,Normoglycemic,Normal,High
40-59,Male,Non-Smoker,Normoglycemic,Elevated,Borderline High
20-39,Female,Current Smoker,Normoglycemic,Normal,Desirable
60-79,Female,Non-Smoker,Diabetic,Stage 2 HTN,High
80+,Male,Current Smoker,Normoglycemic,Normal,High
40-59,Female,Non-Smoker,Diabetic,Elevated,Very High
60-79,Female,Non-Smoker,Normoglycemic,Normal,Desirable
60-79,Male,Non-Smoker,Diabetic,Stage 1 HTN,Very High
40-59,Female,Non-Smoker,Normoglycemic,Normal,High
20-39,Male,Current Smoker,Diabetic,Stage 2 HTN,High
80+,Female,Current Smoker,Diabetic,Stage 2 HTN,Very High
80+,Male,Non-Smoker,Normoglycemic,Normal,Desirable
20-39,Female,Non-Smoker,Normoglycemic,Normal,Desirable
80+,Female,Non-Smoker,Diabetic,Stage 1 HTN,Very High
40-59,Female,Non-Smoker,Normoglycemic,Elevated,Desirable
20-39,Female,Non-Smoker,Normoglycemic,Elevated,Borderline High
40-59,Male,Non-Smoker,Diabetic,Stage 2 HTN,Very High
20-39,Female,Current Smoker,Normoglycemic,Normal,Desirable
20-39,Male,Current Smoker,Normoglycemic,Stage 1 HTN,Borderline High
40-59,Male,Non-Smoker,Normoglycemic,Normal,Borderline High
40-59,Female,Non-Smoker,Normoglycemic,Elevated,High
40-59,Female,Current Smoker,Normoglycemic,Elevated,Desirable
40-59,Female,Current Smoker,Normoglycemic,Normal,Desirable
20-39,Female,Non-Smoker,Diabetic,Stage 1 HTN,Very High
20-39,Female,Non-Smoker,Normoglycemic,Normal,Desirable
60-79,Male,Non-Smoker,Normoglycemic,Normal,Borderline High
40-59,Male,Current Smoker,Normoglycemic,Elevated,Borderline High
40-59,Male,Current Smoker,Normoglycemic,Stage 2 HTN,Desirable
20-39,Female,Non-Smoker,Normoglycemic,Normal,Desirable
60-79,Female,Non-Smoker,Normoglycemic,Normal,Desirable
60-79,Female,Current Smoker,Normoglycemic,Elevated,Borderline High
40-59,Male,Non-Smoker,Diabetic,Stage 2 HTN,Very High
60-79,Female,Non-Smoker,Diabetic,Stage 2 HTN,Very High
60-79,Female,Current Smoker,Diabetic,Stage 2 HTN,High
40-59,Female,Current Smoker,Normoglycemic,Normal,Borderline High
20-39,Female,Current Smoker,Normoglycemic,Normal,Desirable
40-59,Male,Current Smoker,Normoglycemic,Elevated,Very High
80+,Male,Current Smoker,Normoglycemic,Elevated,Desirable
40-59,Male,Non-Smoker,Diabetic,Stage 2 HTN,High
60-79,Female,Non-Smoker,Normoglycemic,Normal,Borderline High
20-39,Male,Current Smoker,Normoglycemic,Stage 1 HTN,Borderline High
20-39,Male,Current Smoker,Normoglycemic,Normal,Borderline High
20-39,Male,Current Smoker,Normoglycemic,Stage 2 HTN,Desirable
20-39,Female,Current Smoker,Normoglycemic,Stage 2 HTN,Borderline High
40-59,Male,Non-Smoker,Diabetic,Stage 2 HTN,Very High
60-79,Male,Non-Smoker,Diabetic,Stage 2 HTN,Very High
20-39,Female,Current Smoker,Normoglycemic,Stage 1 HTN,Borderline High
80+,Female,Non-Smoker,Normoglycemic,Normal,Desirable
40-59,Male,Non-Smoker,Normoglycemic,Stage 2 HTN,Borderline High
80+,Female,Non-Smoker,Normoglycemic,Normal,Very High
20-39,Female,Non-Smoker,Normoglycemic,Normal,Desirable
60-79,Male,Non-Smoker,Normoglycemic,Normal,Desirable
40-59,Female,Non-Smoker,Normoglycemic,Normal,Borderline High
20-39,Female,Non-Smoker,Normoglycemic,Normal,High
40-59,Female,Non-Smoker,Normoglycemic,Normal,Desirable
20-39,Female,Non-Smoker,Diabetic,Stage 2 HTN,Borderline High
40-59,Female,Non-Smoker,Normoglycemic,Elevated,Desirable
40-59,Female,Non-Smoker,Normoglycemic,Elevated,Desirable
20-39,Male,Non-Smoker,Normoglycemic,Stage 1 HTN,Desirable
20-39,Male,Current Smoker,Normoglycemic,Normal,Desirable
60-79,Male,Non-Smoker,Diabetic,Stage 2 HTN,Desirable
60-79,Male,Non-Smoker,Diabetic,Normal,Borderline High
20-39,Female,Non-Smoker,Diabetic,Stage 1 HTN,High
40-59,Male,Non-Smoker,Normoglycemic,Normal,Borderline High
20-39,Male,Non-Smoker,Diabetic,Stage 2 HTN,Very High
40-59,Female,Non-Smoker,Normoglycemic,Stage 2 HTN,Desirable
20-39,Male,Non-Smoker,Normoglycemic,Stage 1 HTN,High
20-39,Female,Current Smoker,Diabetic,Stage 1 HTN,High
40-59,Male,Non-Smoker,Diabetic,Stage 2 HTN,High
80+,Female,Non-Smoker,Normoglycemic,Normal,Borderline High
20-39,Female,Non-Smoker,Normoglycemic,Stage 1 HTN,Desirable
40-59,Male,Current Smoker,Normoglycemic,Elevated,Desirable
20-39,Male,Non-Smoker,Normoglycemic,Stage 2 HTN,Desirable
20-39,Female,Non-Smoker,Normoglycemic,Normal,Desirable
40-59,Female,Non-Smoker,Diabetic,Stage 2 HTN,Very High
20-39,Female,Non-Smoker,Normoglycemic,Normal,Borderline High
20-39,Male,Non-Smoker,Normoglycemic,Normal,Very High
20-39,Male,Non-Smoker,Normoglycemic,Stage 2 HTN,Desirable
40-59,Male,Non-Smoker,Normoglycemic,Normal,Desirable
20-39,Male,Non-Smoker,Normoglycemic,Stage 1 HTN,Desirable
20-39,Female,Non-Smoker,Normoglycemic,Normal,Desirable
20-39,Female,Non-Smoker,Diabetic,Stage 2 HTN,Very High
20-39,Female,Non-Smoker,Normoglycemic,Normal,Very High
20-39,Female,Current Smoker,Normoglycemic,Stage 1 HTN,Desirable
40-59,Female,Non-Smoker,Diabetic,Stage 2 HTN,High
40-59,Male,Non-Smoker,Normoglycemic,Elevated,Borderline High
80+,Female,Non-Smoker,Diabetic,Stage 2 HTN,High
60-79,Male,Non-Smoker,Normoglycemic,Normal,Desirable
20-39,Female,Non-Smoker,Normoglycemic,Normal,Borderline High
20-39,Male,Non-Smoker,Normoglycemic,Normal,High
20-39,Male,Current Smoker,Normoglycemic,Stage 2 HTN,Borderline High
20-39,Female,Current Smoker,Normoglycemic,Elevated,Desirable
20-39,Male,Non-Smoker,Normoglycemic,Stage 1 HTN,Desirable
20-39,Female,Non-Smoker,Normoglycemic,Elevated,High
20-39,Male,Non-Smoker,Normoglycemic,Normal,Borderline High
60-79,Male,Non-Smoker,Diabetic,Stage 2 HTN,Desirable
20-39,Male,Non-Smoker,Normoglycemic,Elevated,Desirable
20-39,Male,Current Smoker,Normoglycemic,Normal,Desirable
40-59,Male,Non-Smoker,Diabetic,Stage 2 HTN,High
40-59,Male,Non-Smoker,Diabetic,Stage 2 HTN,High
20-39,Male,Non-Smoker,Diabetic,Stage 2 HTN,High
20-39,Female,Non-Smoker,Diabetic,Stage 1 HTN,Borderline High
80+,Female,Non-Smoker,Normoglycemic,Stage 1 HTN,Very High
60-79,Female,Current Smoker,Normoglycemic,Stage 1 HTN,Borderline High
20-39,Male,Current Smoker,Diabetic,Stage 2 HTN,High
40-59,Male,Current Smoker,Normoglycemic,Stage 1 HTN,Very High
40-59,Male,Non-Smoker,Diabetic,Stage 2 HTN,High
20-39,Male,Non-Smoker,Normoglycemic,Normal,Desirable
40-59,Male,Non-Smoker,Normoglycemic,Normal,Desirable
60-79,Female,Non-Smoker,Diabetic,Stage 2 HTN,High
40-59,Male,Non-Smoker,Normoglycemic,Stage 1 HTN,Borderline High
40-59,Female,Non-Smoker,Normoglycemic,Normal,Borderline High
40-59,Male,Current Smoker,Normoglycemic,Elevated,Desirable
60-79,Male,Non-Smoker,Diabetic,Stage 2 HTN,High
20-39,Female,Current Smoker,Diabetic,Stage 2 HTN,Borderline High
80+,Male,Non-Smoker,Normoglycemic,Normal,Desirable
40-59,Female,Non-Smoker,Normoglycemic,Normal,Borderline High
60-79,Female,Non-Smoker,Normoglycemic,Normal,High
60-79,Female,Non-Smoker,Diabetic,Stage 2 HTN,Borderline High
60-79,Male,Current Smoker,Normoglycemic,Normal,High
60-79,Female,Current Smoker,Normoglycemic,Normal,Borderline High
20-39,Male,Non-Smoker,Normoglycemic,Normal,Desirable
40-59,Female,Non-Smoker,Normoglycemic,Normal,Borderline High
40-59,Male,Non-Smoker,Normoglycemic,Normal,Desirable
20-39,Male,Non-Smoker,Normoglycemic,Elevated,High
60-79,Female,Non-Smoker,Normoglycemic,Elevated,High
20-39,Male,Current Smoker,Normoglycemic,Stage 2 HTN,Desirable
40-59,Male,Non-Smoker,Diabetic,Stage 2 HTN,Borderline High
20-39,Male,Non-Smoker,Normoglycemic,Normal,Borderline High
40-59,Female,Non-Smoker,Normoglycemic,Normal,Desirable
40-59,Male,Current Smoker,Normoglycemic,Normal,Desirable
40-59,Female,Non-Smoker,Diabetic,Stage 2 HTN,High
40-59,Female,Non-Smoker,Normoglycemic,Normal,High
20-39,Male,Non-Smoker,Normoglycemic,Normal,Desirable
20-39,Male,Non-Smoker,Normoglycemic,Normal,Desirable
40-59,Female,Non-Smoker,Normoglycemic,Normal,Desirable
40-59,Male,Non-Smoker,Normoglycemic,Normal,High
20-39,Female,Non-Smoker,Normoglycemic,Stage 1 HTN,Very High
20-39,Male,Current Smoker,Normoglycemic,Normal,Borderline High
60-79,Male,Non-Smoker,Diabetic,Stage 2 HTN,Borderline High
20-39,Female,Non-Smoker,Normoglycemic,Elevated,Desirable
60-79,Male,Non-Smoker,Normoglycemic,Elevated,High
80+,Male,Current Smoker,Diabetic,Stage 1 HTN,Very High
40-59,Male,Non-Smoker,Normoglycemic,Normal,Desirable
60-79,Male,Non-Smoker,Diabetic,Stage 2 HTN,High
20-39,Male,Non-Smoker,Normoglycemic,Elevated,Desirable
40-59,Female,Non-Smoker,Normoglycemic,Stage 1 HTN,High
20-39,Male,Non-Smoker,Normoglycemic,Normal,Desirable
40-59,Male,Non-Smoker,Normoglycemic,Normal,Desirable
20-39,Female,Non-Smoker,Normoglycemic,Elevated,Desirable
20-39,Female,Current Smoker,Diabetic,Stage 2 HTN,High
60-79,Male,Current Smoker,Diabetic,Stage 2 HTN,Borderline High
60-79,Female,Non-Smoker,Normoglycemic,Normal,Borderline High
40-59,Male,Non-Smoker,Normoglycemic,Stage 1 HTN,Very High
40-59,Female,Non-Smoker,Normoglycemic,Stage 1 HTN,Desirable
80+,Male,Current Smoker,Normoglycemic,Normal,Desirable
20-39,Male,Non-Smoker,Normoglycemic,Elevated,Desirable
40-59,Female,Non-Smoker,Diabetic,Stage 1 HTN,Desirable
60-79,Male,Non-Smoker,Diabetic,Stage 2 HTN,High
40-59,Female,Non-Smoker,Diabetic,Stage 2 HTN,Very High
60-79,Male,Non-Smoker,Diabetic,Stage 2 HTN,Very High
60-79,Male,Non-Smoker,Normoglycemic,Normal,High
40-59,Female,Non-Smoker,Normoglycemic,Normal,High
80+,Male,Non-Smoker,Normoglycemic,Normal,Desirable
40-59,Male,Current Smoker,Normoglycemic,Elevated,Desirable
40-59,Female,Non-Smoker,Diabetic,Elevated,Borderline High
20-39,Male,Current Smoker,Normoglycemic,Stage 1 HTN,Desirable
20-39,Female,Current Smoker,Normoglycemic,Elevated,Borderline High
20-39,Male,Non-Smoker,Normoglycemic,Normal,Desirable
40-59,Female,Non-Smoker,Normoglycemic,Normal,Very High
40-59,Female,Current Smoker,Normoglycemic,Normal,High
40-59,Male,Non-Smoker,Normoglycemic,Stage 1 HTN,High
40-59,Female,Non-Smoker,Normoglycemic,Elevated,Desirable
20-39,Male,Non-Smoker,Normoglycemic,Normal,Borderline High
60-79,Male,Non-Smoker,Diabetic,Stage 2 HTN,Borderline High
40-59,Female,Non-Smoker,Normoglycemic,Normal,Desirable
40-59,Female,Non-Smoker,Normoglycemic,Normal,Very High
60-79,Female,Non-Smoker,Normoglycemic,Elevated,Desirable
20-39,Male,Non-Smoker,Normoglycemic,Normal,Desirable
40-59,Female,Non-Smoker,Normoglycemic,Normal,Desirable
60-79,Female,Non-Smoker,Diabetic,Stage 2 HTN,High
60-79,Male,Non-Smoker,Normoglycemic,Normal,High
20-39,Male,Non-Smoker,Normoglycemic,Normal,Desirable
40-59,Male,Current Smoker,Normoglycemic,Normal,Desirable
80+,Female,Current Smoker,Normoglycemic,Normal,Borderline High
20-39,Male,Current Smoker,Diabetic,Stage 2 HTN,High
40-59,Female,Non-Smoker,Diabetic,Stage 2 HTN,Very High
20-39,Female,Non-Smoker,Normoglycemic,Normal,Borderline High
40-59,Female,Current Smoker,Normoglycemic,Normal,Very High
60-79,Male,Current Smoker,Diabetic,Stage 2 HTN,Borderline High
40-59,Female,Non-Smoker,Normoglycemic,Normal,High
20-39,Female,Current Smoker,Normoglycemic,Normal,High
20-39,Male,Current Smoker,Normoglycemic,Normal,Desirable
40-59,Female,Non-Smoker,Normoglycemic,Stage 2 HTN,Desirable
20-39,Male,Non-Smoker,Normoglycemic,Elevated,Desirable
40-59,Male,Current Smoker,Diabetic,Stage 2 HTN,High
20-39,Female,Non-Smoker,Normoglycemic,Stage 1 HTN,Very High
40-59,Female,Non-Smoker,Normoglycemic,Normal,Borderline High
40-59,Female,Non-Smoker,Normoglycemic,Stage 1 HTN,High
20-39,Male,Non-Smoker,Normoglycemic,Normal,Desirable
40-59,Female,Non-Smoker,Normoglycemic,Normal,Desirable
40-59,Male,Current Smoker,Normoglycemic,Elevated,Desirable
20-39,Male,Non-Smoker,Normoglycemic,Normal,High
40-59,Male,Non-Smoker,Normoglycemic,Normal,Desirable
40-59,Female,Non-Smoker,Normoglycemic,Normal,Desirable
60-79,Female,Non-Smoker,Normoglycemic,Normal,Borderline High
80+,Female,Current Smoker,Normoglycemic,Normal,Desirable
80+,Female,Non-Smoker,Diabetic,Stage 2 HTN,Very High
20-39,Male,Non-Smoker,Normoglycemic,Normal,Desirable
60-79,Male,Non-Smoker,Normoglycemic,Elevated,High
20-39,Female,Non-Smoker,Normoglycemic,Normal,High
40-59,Female,Non-Smoker,Normoglycemic,Normal,Borderline High
20-39,Male,Non-Smoker,Normoglycemic,Normal,High
20-39,Male,Non-Smoker,Normoglycemic,Normal,Desirable
40-59,Male,Non-Smoker,Normoglycemic,Elevated,Desirable
80+,Male,Current Smoker,Diabetic,Stage 2 HTN,High
40-59,Male,Non-Smoker,Diabetic,Stage 1 HTN,High
40-59,Female,Non-Smoker,Normoglycemic,Elevated,Desirable
60-79,Female,Non-Smoker,Normoglycemic,Normal,Borderline High
40-59,Female,Non-Smoker,Normoglycemic,Elevated,Desirable
80+,Male,Non-Smoker,Normoglycemic,Normal,Very High
20-39,Male,Non-Smoker,Normoglycemic,Normal,Desirable
80+,Female,Non-Smoker,Normoglycemic,Normal,Very High
40-59,Female,Non-Smoker,Normoglycemic,Elevated,Desirable
20-39,Female,Current Smoker,Normoglycemic,Stage 2 HTN,High
20-39,Female,Non-Smoker,Normoglycemic,Normal,Desirable
20-39,Male,Current Smoker,Normoglycemic,Elevated,Desirable
20-39,Male,Non-Smoker,Normoglycemic,Normal,Borderline High
60-79,Female,Current Smoker,Normoglycemic,Elevated,High
20-39,Male,Current Smoker,Normoglycemic,Normal,Desirable
40-59,Female,Current Smoker,Diabetic,Stage 2 HTN,Very High
20-39,Female,Non-Smoker,Normoglycemic,Stage 2 HTN,Borderline High
40-59,Male,Non-Smoker,Diabetic,Stage 2 HTN,High
20-39,Male,Non-Smoker,Normoglycemic,Normal,Desirable
40-59,Male,Non-Smoker,Diabetic,Stage 2 HTN,Borderline High
20-39,Female,Current Smoker,Diabetic,Stage 1 HTN,High
20-39,Female,Non-Smoker,Diabetic,Stage 1 HTN,High
40-59,Female,Non-Smoker,Normoglycemic,Normal,Desirable
20-39,Male,Current Smoker,Normoglycemic,Normal,Borderline High
40-59,Male,Non-Smoker,Normoglycemic,Normal,Desirable
20-39,Male,Non-Smoker,Normoglycemic,Elevated,Borderline High
20-39,Male,Current Smoker,Normoglycemic,Normal,Desirable
20-39,Female,Non-Smoker,Normoglycemic,Normal,Desirable
40-59,Female,Non-Smoker,Diabetic,Stage 2 HTN,High
20-39,Male,Non-Smoker,Diabetic,Stage 2 HTN,High
20-39,Male,Current Smoker,Normoglycemic,Normal,Borderline High
20-39,Female,Non-Smoker,Normoglycemic,Stage 2 HTN,Borderline High
20-39,Female,Non-Smoker,Diabetic,Stage 1 HTN,Borderline High
60-79,Female,Non-Smoker,Normoglycemic,Normal,Borderline High
20-39,Female,Non-Smoker,Normoglycemic,Stage 1 HTN,Desirable
20-39,Female,Non-Smoker,Normoglycemic,Normal,Borderline High
20-39,Female,Non-Smoker,Normoglycemic,Normal,Desirable
40-59,Male,Current Smoker,Normoglycemic,Normal,Desirable
40-59,Male,Non-Smoker,Normoglycemic,Normal,Desirable
40-59,Male,Non-Smoker,Normoglycemic,Normal,Desirable
40-59,Female,Non-Smoker,Normoglycemic,Normal,Borderline High
60-79,Female,Non-Smoker,Diabetic,Stage 1 HTN,Very High
40-59,Male,Non-Smoker,Normoglycemic,Normal,Desirable
40-59,Male,Current Smoker,Normoglycemic,Normal,High
20-39,Female,Non-Smoker,Normoglycemic,Normal,Desirable
20-39,Female,Non-Smoker,Normoglycemic,Normal,Borderline High
60-79,Male,Current Smoker,Normoglycemic,Elevated,Desirable
20-39,Male,Current Smoker,Diabetic,Stage 1 HTN,High
60-79,Male,Non-Smoker,Diabetic,Stage 2 HTN,High
20-39,Female,Non-Smoker,Normoglycemic,Normal,High
60-79,Male,Non-Smoker,Normoglycemic,Normal,High
60-79,Male,Current Smoker,Diabetic,Stage 1 HTN,High
40-59,Female,Non-Smoker,Normoglycemic,Stage 2 HTN,Desirable
60-79,Male,Non-Smoker,Normoglycemic,Elevated,Desirable
20-39,Female,Non-Smoker,Diabetic,Stage 2 HTN,Very High
20-39,Male,Non-Smoker,Normoglycemic,Stage 2 HTN,Desirable
60-79,Female,Non-Smoker,Diabetic,Stage 1 HTN,Very High
40-59,Female,Non-Smoker,Normoglycemic,Normal,Borderline High
20-39,Female,Non-Smoker,Diabetic,Stage 2 HTN,High
20-39,Male,Non-Smoker,Diabetic,Stage 1 HTN,Borderline High
20-39,Male,Non-Smoker,Diabetic,Stage 1 HTN,Very High
20-39,Male,Non-Smoker,Normoglycemic,Normal,Desirable
20-39,Female,Non-Smoker,Diabetic,Stage 2 HTN,Borderline High
20-39,Male,Non-Smoker,Normoglycemic,Normal,Desirable
20-39,Male,Non-Smoker,Normoglycemic,Normal,Desirable
20-39,Female,Non-Smoker,Normoglycemic,Normal,Desirable
40-59,Male,Non-Smoker,Normoglycemic,Normal,Desirable
40-59,Female,Non-Smoker,Normoglycemic,Normal,Desirable
20-39,Male,Current Smoker,Normoglycemic,Normal,Desirable
20-39,Female,Non-Smoker,Normoglycemic,Normal,Desirable
20-39,Male,Non-Smoker,Normoglycemic,Normal,High
60-79,Female,Non-Smoker,Diabetic,Stage 2 HTN,Very High
60-79,Female,Current Smoker,Diabetic,Stage 2 HTN,High
40-59,Male,Current Smoker,Diabetic,Stage 1 HTN,High
20-39,Female,Non-Smoker,Normoglycemic,Normal,Desirable
80+,Female,Non-Smoker,Diabetic,Stage 2 HTN,Borderline High
60-79,Male,Non-Smoker,Diabetic,Stage 2 HTN,High
20-39,Male,Current Smoker,Diabetic,Stage 2 HTN,High
80+,Male,Non-Smoker,Diabetic,Stage 2 HTN,Very High
40-59,Female,Non-Smoker,Normoglycemic,Normal,High
60-79,Female,Current Smoker,Diabetic,Stage 2 HTN,High
20-39,Male,Non-Smoker,Diabetic,Stage 1 HTN,Very High
20-39,Female,Non-Smoker,Normoglycemic,Normal,Desirable
20-39,Female,Current Smoker,Normoglycemic,Normal,High
80+,Female,Non-Smoker,Normoglycemic,Elevated,Borderline High
20-39,Female,Non-Smoker,Normoglycemic,Normal,Desirable
40-59,Female,Non-Smoker,Normoglycemic,Normal,Borderline High
60-79,Male,Non-Smoker,Diabetic,Stage 1 HTN,High
20-39,Male,Current Smoker,Normoglycemic,Stage 1 HTN,Borderline High
20-39,Female,Non-Smoker,Normoglycemic,Elevated,Desirable
60-79,Female,Current Smoker,Normoglycemic,Normal,High
60-79,Male,Non-Smoker,Normoglycemic,Normal,High
60-79,Female,Non-Smoker,Normoglycemic,Normal,Desirable
20-39,Male,Current Smoker,Normoglycemic,Stage 1 HTN,Borderline High
20-39,Male,Non-Smoker,Normoglycemic,Elevated,Desirable
20-39,Male,Non-Smoker,Normoglycemic,Normal,Very High
40-59,Female,Current Smoker,Normoglycemic,Elevated,Borderline High
40-59,Female,Non-Smoker,Normoglycemic,Stage 1 HTN,Desirable
20-39,Female,Non-Smoker,Normoglycemic,Normal,Borderline High
20-39,Male,Non-Smoker,Normoglycemic,Normal,Desirable
40-59,Male,Non-Smoker,Diabetic,Stage 2 HTN,High
60-79,Male,Current Smoker,Diabetic,Stage 2 HTN,Desirable
40-59,Male,Current Smoker,Diabetic,Stage 2 HTN,High
20-39,Male,Current Smoker,Normoglycemic,Normal,Desirable
60-79,Male,Non-Smoker,Diabetic,Stage 2 HTN,Borderline High
20-39,Male,Current Smoker,Normoglycemic,Stage 1 HTN,Borderline High
20-39,Female,Current Smoker,Normoglycemic,Normal,High
40-59,Male,Current Smoker,Normoglycemic,Normal,Desirable
60-79,Female,Non-Smoker,Diabetic,Stage 1 HTN,High
20-39,Female,Non-Smoker,Diabetic,Stage 1 HTN,High
60-79,Male,Non-Smoker,Normoglycemic,Normal,Borderline High
60-79,Male,Current Smoker,Diabetic,Stage 1 HTN,High
60-79,Male,Current Smoker,Diabetic,Stage 2 HTN,High
60-79,Female,Non-Smoker,Normoglycemic,Normal,Desirable
40-59,Male,Non-Smoker,Diabetic,Stage 2 HTN,Very High
20-39,Male,Non-Smoker,Normoglycemic,Elevated,Borderline High
40-59,Male,Non-Smoker,Normoglycemic,Normal,Desirable
40-59,Male,Non-Smoker,Diabetic,Stage 2 HTN,Borderline High
40-59,Female,Current Smoker,Normoglycemic,Normal,Desirable
60-79,Male,Non-Smoker,Normoglycemic,Normal,High
40-59,Male,Non-Smoker,Normoglycemic,Normal,Desirable
40-59,Female,Current Smoker,Normoglycemic,Normal,Desirable
40-59,Female,Current Smoker,Diabetic,Stage 1 HTN,High
20-39,Male,Non-Smoker,Normoglycemic,Normal,Desirable
60-79,Female,Non-Smoker,Diabetic,Stage 1 HTN,Desirable
60-79,Male,Non-Smoker,Normoglycemic,Normal,Borderline High
60-79,Female,Non-Smoker,Normoglycemic,Stage 2 HTN,Borderline High
40-59,Female,Non-Smoker,Normoglycemic,Normal,High
40-59,Female,Non-Smoker,Normoglycemic,Normal,High
20-39,Female,Non-Smoker,Normoglycemic,Normal,Borderline High
40-59,Male,Current Smoker,Normoglycemic,Elevated,Borderline High
20-39,Female,Current Smoker,Diabetic,Stage 1 HTN,High
60-79,Male,Non-Smoker,Diabetic,Stage 2 HTN,High
20-39,Female,Non-Smoker,Normoglycemic,Elevated,Desirable
80+,Female,Non-Smoker,Normoglycemic,Normal,Desirable
80+,Female,Non-Smoker,Normoglycemic,Normal,High
40-59,Female,Non-Smoker,Normoglycemic,Elevated,Borderline High
60-79,Female,Non-Smoker,Normoglycemic,Normal,Borderline High
20-39,Female,Current Smoker,Diabetic,Stage 1 HTN,High
40-59,Male,Current Smoker,Normoglycemic,Normal,High
40-59,Female,Non-Smoker,Diabetic,Stage 2 HTN,Desirable
20-39,Male,Non-Smoker,Normoglycemic,Normal,Borderline High
40-59,Male,Non-Smoker,Diabetic,Stage 2 HTN,Very High
20-39,Male,Non-Smoker,Normoglycemic,Elevated,Borderline High
40-59,Female,Non-Smoker,Normoglycemic,Normal,Borderline High
60-79,Female,Non-Smoker,Diabetic,Stage 1 HTN,Borderline High
40-59,Female,Non-Smoker,Normoglycemic,Elevated,Borderline High
20-39,Male,Non-Smoker,Normoglycemic,Normal,High
40-59,Male,Non-Smoker,Normoglycemic,Elevated,Desirable
60-79,Female,Non-Smoker,Diabetic,Stage 2 HTN,Very High
20-39,Male,Non-Smoker,Normoglycemic,Elevated,Borderline High
40-59,Female,Current Smoker,Normoglycemic,Stage 1 HTN,Desirable
20-39,Female,Non-Smoker,Normoglycemic,Normal,Desirable
20-39,Male,Non-Smoker,Normoglycemic,Elevated,Borderline High
60-79,Male,Non-Smoker,Normoglycemic,Normal,Borderline High
20-39,Female,Non-Smoker,Normoglycemic,Normal,Borderline High
40-59,Female,Non-Smoker,Normoglycemic,Stage 1 HTN,High
20-39,Male,Non-Smoker,Diabetic,Stage 2 HTN,High
40-59,Female,Non-Smoker,Normoglycemic,Normal,High
40-59,Female,Non-Smoker,Diabetic,Stage 2 HTN,High
80+,Male,Non-Smoker,Normoglycemic,Normal,Desirable
20-39,Male,Current Smoker,Normoglycemic,Normal,High
20-39,Male,Non-Smoker,Normoglycemic,Normal,Desirable
60-79,Male,Non-Smoker,Diabetic,Stage 2 HTN,High
60-79,Male,Non-Smoker,Diabetic,Stage 2 HTN,Borderline High
60-79,Female,Non-Smoker,Normoglycemic,Elevated,Borderline High
40-59,Male,Non-Smoker,Normoglycemic,Normal,Desirable
20-39,Male,Non-Smoker,Normoglycemic,Normal,Borderline High
20-39,Male,Non-Smoker,Normoglycemic,Normal,High
60-79,Female,Non-Smoker,Diabetic,Stage 2 HTN,Very High
20-39,Male,Non-Smoker,Normoglycemic,Stage 1 HTN,Desirable
40-59,Female,Non-Smoker,Normoglycemic,Normal,Desirable
20-39,Male,Current Smoker,Diabetic,Elevated,High
60-79,Male,Non-Smoker,Normoglycemic,Normal,Borderline High
40-59,Female,Non-Smoker,Diabetic,Stage 2 HTN,Borderline High
20-39,Male,Non-Smoker,Normoglycemic,Elevated,Borderline High
20-39,Male,Non-Smoker,Normoglycemic,Normal,Borderline High
20-39,Female,Non-Smoker,Normoglycemic,Normal,Borderline High
20-39,Male,Non-Smoker,Normoglycemic,Elevated,Very High
80+,Male,Current Smoker,Normoglycemic,Normal,Borderline High
60-79,Female,Non-Smoker,Diabetic,Stage 2 HTN,High
20-39,Male,Current Smoker,Diabetic,Stage 1 HTN,Very High
80+,Female,Current Smoker,Diabetic,Stage 2 HTN,High
20-39,Female,Non-Smoker,Normoglycemic,Stage 1 HTN,Borderline High
60-79,Male,Current Smoker,Normoglycemic,Elevated,Desirable
60-79,Female,Current Smoker,Normoglycemic,Elevated,Borderline High
80+,Female,Non-Smoker,Diabetic,Stage 2 HTN,Very High
40-59,Male,Non-Smoker,Normoglycemic,Normal,Borderline High
80+,Female,Non-Smoker,Diabetic,Stage 2 HTN,High
40-59,Female,Non-Smoker,Normoglycemic,Elevated,Desirable
20-39,Male,Current Smoker,Normoglycemic,Elevated,Desirable
40-59,Female,Non-Smoker,Diabetic,Stage 2 HTN,Very High
20-39,Female,Non-Smoker,Normoglycemic,Normal,Borderline High
60-79,Male,Non-Smoker,Diabetic,Stage 1 HTN,Borderline High
20-39,Male,Non-Smoker,Normoglycemic,Normal,Desirable
20-39,Female,Non-Smoker,Normoglycemic,Stage 1 HTN,High
40-59,Male,Non-Smoker,Normoglycemic,Normal,High
20-39,Male,Current Smoker,Normoglycemic,Normal,Borderline High
40-59,Female,Current Smoker,Normoglycemic,Elevated,High
60-79,Female,Non-Smoker,Diabetic,Stage 1 HTN,Very High
20-39,Male,Non-Smoker,Normoglycemic,Elevated,Desirable
40-59,Female,Non-Smoker,Normoglycemic,Stage 1 HTN,High
40-59,Female,Non-Smoker,Normoglycemic,Normal,Borderline High
20-39,Female,Current Smoker,Normoglycemic,Stage 1 HTN,Borderline High
60-79,Female,Non-Smoker,Normoglycemic,Stage 1 HTN,Borderline High
20-39,Male,Current Smoker,Normoglycemic,Normal,Desirable
40-59,Male,Non-Smoker,Normoglycemic,Elevated,Borderline High
40-59,Female,Non-Smoker,Diabetic,Stage 2 HTN,Very High
40-59,Female,Non-Smoker,Diabetic,Stage 2 HTN,High
20-39,Male,Current Smoker,Normoglycemic,Normal,Desirable
20-39,Male,Current Smoker,Normoglycemic,Normal,High
40-59,Male,Current Smoker,Normoglycemic,Elevated,Desirable
60-79,Male,Current Smoker,Normoglycemic,Elevated,Desirable
40-59,Male,Current Smoker,Normoglycemic,Elevated,Very High
40-59,Female,Non-Smoker,Diabetic,Stage 2 HTN,Borderline High
40-59,Male,Non-Smoker,Diabetic,Stage 1 HTN,High
40-59,Female,Current Smoker,Diabetic,Elevated,Borderline High
20-39,Male,Non-Smoker,Normoglycemic,Normal,Desirable
40-59,Female,Non-Smoker,Diabetic,Stage 1 HTN,High
60-79,Female,Current Smoker,Normoglycemic,Normal,Borderline High
40-59,Female,Non-Smoker,Normoglycemic,Normal,Desirable
20-39,Male,Non-Smoker,Normoglycemic,Normal,Desirable
40-59,Female,Non-Smoker,Normoglycemic,Elevated,High
20-39,Female,Non-Smoker,Diabetic,Stage 1 HTN,Borderline High
20-39,Female,Non-Smoker,Normoglycemic,Normal,Desirable
80+,Male,Non-Smoker,Normoglycemic,Normal,Desirable
20-39,Female,Current Smoker,Normoglycemic,Normal,Desirable
20-39,Male,Non-Smoker,Diabetic,Stage 2 HTN,Borderline High
60-79,Female,Non-Smoker,Normoglycemic,Normal,Desirable
40-59,Male,Non-Smoker,Normoglycemic,Normal,Desirable
20-39,Male,Current Smoker,Normoglycemic,Normal,Borderline High
40-59,Male,Non-Smoker,Normoglycemic,Stage 1 HTN,Desirable
20-39,Female,Current Smoker,Normoglycemic,Stage 1 HTN,Borderline High
20-39,Male,Non-Smoker,Normoglycemic,Elevated,Desirable
40-59,Male,Non-Smoker,Normoglycemic,Stage 1 HTN,Borderline High
20-39,Female,Non-Smoker,Normoglycemic,Normal,Desirable
20-39,Male,Current Smoker,Normoglycemic,Elevated,Borderline High
60-79,Female,Non-Smoker,Diabetic,Stage 1 HTN,Very High
40-59,Male,Non-Smoker,Normoglycemic,Normal,Desirable
20-39,Male,Non-Smoker,Normoglycemic,Normal,Desirable
20-39,Male,Non-Smoker,Diabetic,Stage 2 HTN,High
20-39,Male,Non-Smoker,Normoglycemic,Elevated,Desirable
20-39,Female,Non-Smoker,Normoglycemic,Elevated,High
20-39,Male,Non-Smoker,Normoglycemic,Normal,Desirable
20-39,Female,Non-Smoker,Normoglycemic,Normal,Borderline High
20-39,Female,Non-Smoker,Normoglycemic,Normal,Desirable
60-79,Male,Current Smoker,Diabetic,Stage 2 HTN,Borderline High
60-79,Female,Current Smoker,Normoglycemic,Elevated,Borderline High
60-79,Female,Non-Smoker,Diabetic,Stage 1 HTN,High
40-59,Female,Non-Smoker,Diabetic,Stage 2 HTN,Very High
60-79,Male,Non-Smoker,Normoglycemic,Elevated,Borderline High
20-39,Female,Non-Smoker,Normoglycemic,Normal,High
20-39,Female,Non-Smoker,Normoglycemic,Elevated,Desirable
20-39,Male,Non-Smoker,Normoglycemic,Normal,Desirable
20-39,Male,Current Smoker,Normoglycemic,Normal,Borderline High
40-59,Female,Non-Smoker,Diabetic,Stage 1 HTN,High
20-39,Female,Non-Smoker,Normoglycemic,Normal,Desirable
40-59,Female,Current Smoker,Diabetic,Stage 1 HTN,Very High
40-59,Male,Non-Smoker,Diabetic,Stage 2 HTN,Very High
60-79,Female,Non-Smoker,Normoglycemic,Stage 1 HTN,High
40-59,Male,Non-Smoker,Diabetic,Stage 1 HTN,Very High
40-59,Male,Non-Smoker,Normoglycemic,Normal,Desirable
20-39,Male,Non-Smoker,Normoglycemic,Elevated,Desirable
40-59,Male,Non-Smoker,Normoglycemic,Elevated,High
20-39,Male,Non-Smoker,Normoglycemic,Normal,Borderline High
60-79,Female,Non-Smoker,Diabetic,Stage 2 HTN,Very High
20-39,Male,Non-Smoker,Normoglycemic,Normal,Borderline High
40-59,Male,Non-Smoker,Diabetic,Stage 2 HTN,Desirable
40-59,Male,Non-Smoker,Diabetic,Stage 2 HTN,High
20-39,Female,Non-Smoker,Normoglycemic,Normal,Borderline High
80+,Female,Non-Smoker,Diabetic,Stage 1 HTN,High
60-79,Female,Non-Smoker,Normoglycemic,Normal,Very High
40-59,Female,Non-Smoker,Normoglycemic,Normal,Borderline High
80+,Female,Non-Smoker,Normoglycemic,Normal,Desirable
40-59,Male,Current Smoker,Diabetic,Stage 2 HTN,Very High
40-59,Male,Non-Smoker,Diabetic,Stage 2 HTN,Very High
20-39,Male,Current Smoker,Normoglycemic,Normal,Borderline High
20-39,Female,Non-Smoker,Normoglycemic,Normal,Borderline High
20-39,Female,Non-Smoker,Normoglycemic,Normal,High
40-59,Female,Non-Smoker,Normoglycemic,Normal,Desirable
20-39,Male,Current Smoker,Normoglycemic,Normal,High
40-59,Female,Current Smoker,Normoglycemic,Elevated,Borderline High
20-39,Male,Non-Smoker,Normoglycemic,Elevated,Desirable
20-39,Male,Non-Smoker,Diabetic,Stage 2 HTN,Very High
40-59,Female,Non-Smoker,Normoglycemic,Stage 1 HTN,Very High
60-79,Male,Non-Smoker,Normoglycemic,Stage 1 HTN,Borderline High
40-59,Male,Non-Smoker,Normoglycemic,Normal,Desirable
20-39,Female,Current Smoker,Normoglycemic,Stage 1 HTN,High
20-39,Female,Non-Smoker,Normoglycemic,Normal,High
60-79,Male,Non-Smoker,Diabetic,Stage 2 HTN,Borderline High
60-79,Female,Non-Smoker,Diabetic,Stage 2 HTN,High
20-39,Female,Non-Smoker,Diabetic,Stage 2 HTN,Very High
20-39,Female,Non-Smoker,Normoglycemic,Stage 1 HTN,Borderline High
20-39,Male,Non-Smoker,Normoglycemic,Elevated,Borderline High
20-39,Female,Non-Smoker,Normoglycemic,Normal,Desirable
40-59,Male,Current Smoker,Normoglycemic,Normal,Desirable
20-39,Male,Current Smoker,Normoglycemic,Normal,Desirable
40-59,Male,Current Smoker,Normoglycemic,Stage 1 HTN,High
20-39,Male,Non-Smoker,Normoglycemic,Normal,Desirable
40-59,Female,Non-Smoker,Normoglycemic,Stage 1 HTN,Desirable
40-59,Male,Non-Smoker,Normoglycemic,Normal,Desirable
40-59,Female,Non-Smoker,Diabetic,Stage 2 HTN,High
40-59,Male,Non-Smoker,Diabetic,Stage 2 HTN,Very High
40-59,Female,Non-Smoker,Normoglycemic,Elevated,Borderline High
40-59,Female,Non-Smoker,Normoglycemic,Normal,Desirable
20-39,Female,Non-Smoker,Normoglycemic,Normal,Borderline High
20-39,Male,Current Smoker,Normoglycemic,Elevated,High
40-59,Male,Non-Smoker,Normoglycemic,Elevated,Borderline High
20-39,Female,Current Smoker,Diabetic,Stage 1 HTN,High
40-59,Male,Current Smoker,Normoglycemic,Stage 1 HTN,High
20-39,Female,Non-Smoker,Normoglycemic,Normal,Borderline High
80+,Female,Current Smoker,Normoglycemic,Stage 2 HTN,Desirable
40-59,Male,Non-Smoker,Diabetic,Stage 2 HTN,High
20-39,Female,Current Smoker,Normoglycemic,Stage 1 HTN,Borderline High
40-59,Female,Current Smoker,Diabetic,Stage 2 HTN,High
20-39,Male,Non-Smoker,Normoglycemic,Elevated,Desirable
40-59,Male,Non-Smoker,Normoglycemic,Normal,Borderline High
20-39,Female,Non-Smoker,Normoglycemic,Normal,Borderline High
20-39,Female,Non-Smoker,Normoglycemic,Normal,Desirable
20-39,Female,Non-Smoker,Normoglycemic,Stage 2 HTN,Borderline High
40-59,Female,Non-Smoker,Normoglycemic,Normal,Desirable
80+,Female,Current Smoker,Normoglycemic,Normal,Borderline High
40-59,Male,Current Smoker,Diabetic,Stage 2 HTN,Very High
60-79,Male,Non-Smoker,Diabetic,Stage 2 HTN,Borderline High
60-79,Male,Non-Smoker,Normoglycemic,Normal,Desirable
80+,Female,Non-Smoker,Normoglycemic,Normal,Desirable
20-39,Female,Non-Smoker,Normoglycemic,Normal,Desirable
40-59,Male,Non-Smoker,Normoglycemic,Stage 1 HTN,High
40-59,Female,Non-Smoker,Diabetic,Stage 2 HTN,Very High
60-79,Female,Non-Smoker,Diabetic,Stage 2 HTN,Very High
40-59,Female,Non-Smoker,Normoglycemic,Normal,Very High
60-79,Female,Non-Smoker,Diabetic,Stage 1 HTN,Very High
20-39,Male,Non-Smoker,Diabetic,Stage 2 HTN,High
40-59,Male,Current Smoker,Normoglycemic,Stage 1 HTN,High
40-59,Male,Non-Smoker,Diabetic,Stage 2 HTN,High
20-39,Female,Current Smoker,Normoglycemic,Normal,Desirable
40-59,Male,Current Smoker,Normoglycemic,Elevated,Desirable
20-39,Male,Non-Smoker,Normoglycemic,Normal,Desirable
20-39,Male,Non-Smoker,Normoglycemic,Normal,Very High
20-39,Male,Non-Smoker,Diabetic,Stage 2 HTN,Very High
20-39,Male,Current Smoker,Normoglycemic,Stage 1 HTN,Desirable
40-59,Male,Non-Smoker,Normoglycemic,Normal,Very High
40-59,Female,Non-Smoker,Diabetic,Stage 2 HTN,High
60-79,Female,Non-Smoker,Diabetic,Elevated,Borderline High
60-79,Male,Non-Smoker,Normoglycemic,Elevated,Desirable
20-39,Female,Non-Smoker,Normoglycemic,Normal,High
40-59,Female,Non-Smoker,Normoglycemic,Normal,Desirable
40-59,Male,Current Smoker,Normoglycemic,Stage 1 HTN,Very High
20-39,Female,Non-Smoker,Diabetic,Stage 2 HTN,High
60-79,Male,Non-Smoker,Normoglycemic,Normal,Desirable
40-59,Female,Non-Smoker,Normoglycemic,Elevated,Desirable
80+,Female,Non-Smoker,Normoglycemic,Normal,Desirable
20-39,Male,Non-Smoker,Normoglycemic,Normal,Very High
60-79,Male,Current Smoker,Diabetic,Stage 1 HTN,Borderline High
40-59,Female,Current Smoker,Normoglycemic,Normal,Desirable
40-59,Female,Non-Smoker,Diabetic,Stage 2 HTN,High
60-79,Female,Current Smoker,Normoglycemic,Normal,Desirable
40-59,Male,Non-Smoker,Diabetic,Stage 1 HTN,Very High
40-59,Male,Non-Smoker,Diabetic,Stage 2 HTN,Very High
80+,Male,Non-Smoker,Normoglycemic,Normal,Borderline High
20-39,Female,Non-Smoker,Normoglycemic,Elevated,Borderline High
40-59,Female,Current Smoker,Diabetic,Stage 2 HTN,Very High
80+,Male,Non-Smoker,Normoglycemic,Stage 2 HTN,Borderline High
20-39,Male,Non-Smoker,Normoglycemic,Normal,Desirable
60-79,Male,Non-Smoker,Normoglycemic,Stage 1 HTN,Borderline High
40-59,Male,Non-Smoker,Diabetic,Stage 1 HTN,Very High
20-39,Male,Current Smoker,Normoglycemic,Normal,Borderline High
40-59,Female,Non-Smoker,Normoglycemic,Normal,Borderline High
60-79,Female,Non-Smoker,Normoglycemic,Normal,Desirable
40-59,Male,Current Smoker,Normoglycemic,Normal,Desirable
20-39,Female,Non-Smoker,Normoglycemic,Normal,Desirable
20-39,Male,Non-Smoker,Normoglycemic,Stage 1 HTN,Desirable
40-59,Female,Non-Smoker,Normoglycemic,Normal,Borderline High
20-39,Female,Non-Smoker,Normoglycemic,Normal,Desirable
60-79,Female,Current Smoker,Normoglycemic,Normal,Borderline High
60-79,Female,Current Smoker,Diabetic,Stage 2 HTN,Very High
20-39,Male,Non-Smoker,Normoglycemic,Normal,High
20-39,Male,Non-Smoker,Normoglycemic,Elevated,Desirable
60-79,Male,Current Smoker,Normoglycemic,Normal,Desirable
20-39,Female,Current Smoker,Normoglycemic,Stage 1 HTN,High
40-59,Male,Non-Smoker,Normoglycemic,Normal,Desirable
60-79,Female,Current Smoker,Diabetic,Stage 1 HTN,Very High
80+,Female,Non-Smoker,Normoglycemic,Elevated,Borderline High
20-39,Female,Non-Smoker,Normoglycemic,Normal,Desirable
60-79,Male,Non-Smoker,Normoglycemic,Normal,High
40-59,Female,Non-Smoker,Normoglycemic,Normal,Desirable
60-79,Female,Non-Smoker,Diabetic,Stage 2 HTN,High
80+,Female,Current Smoker,Normoglycemic,Stage 1 HTN,Borderline High
80+,Female,Non-Smoker,Diabetic,Stage 1 HTN,High
40-59,Male,Non-Smoker,Diabetic,Stage 2 HTN,High
20-39,Male,Non-Smoker,Normoglycemic,Normal,Desirable
40-59,Female,Current Smoker,Normoglycemic,Normal,Desirable
40-59,Male,Non-Smoker,Normoglycemic,Normal,Desirable
20-39,Male,Current Smoker,Normoglycemic,Normal,High
60-79,Female,Non-Smoker,Diabetic,Stage 2 HTN,High
20-39,Male,Non-Smoker,Normoglycemic,Normal,Borderline High
20-39,Male,Non-Smoker,Normoglycemic,Elevated,Borderline High
60-79,Male,Non-Smoker,Diabetic,Stage 2 HTN,Borderline High
40-59,Male,Non-Smoker,Normoglycemic,Normal,Desirable
80+,Female,Non-Smoker,Normoglycemic,Normal,High
20-39,Female,Non-Smoker,Normoglycemic,Normal,Very High
20-39,Male,Current Smoker,Diabetic,Elevated,High
40-59,Female,Current Smoker,Diabetic,Stage 2 HTN,High
40-59,Female,Non-Smoker,Diabetic,Stage 2 HTN,High
20-39,Male,Non-Smoker,Normoglycemic,Normal,Desirable
40-59,Male,Current Smoker,Normoglycemic,Stage 1 HTN,High
20-39,Female,Non-Smoker,Normoglycemic,Elevated,Desirable
40-59,Female,Non-Smoker,Normoglycemic,Stage 2 HTN,Desirable
40-59,Male,Non-Smoker,Normoglycemic,Normal,Very High
60-79,Male,Non-Smoker,Diabetic,Stage 1 HTN,High
40-59,Female,Non-Smoker,Diabetic,Stage 2 HTN,Very High
80+,Female,Non-Smoker,Normoglycemic,Normal,High
40-59,Male,Non-Smoker,Normoglycemic,Stage 1 HTN,Desirable
60-79,Male,Non-Smoker,Normoglycemic,Normal,Borderline High
60-79,Female,Non-Smoker,Normoglycemic,Elevated,High
40-59,Female,Non-Smoker,Normoglycemic,Elevated,Desirable
20-39,Male,Non-Smoker,Diabetic,Stage 2 HTN,Very High
40-59,Female,Non-Smoker,Normoglycemic,Normal,Borderline High
40-59,Male,Non-Smoker,Diabetic,Stage 2 HTN,High
80+,Female,Non-Smoker,Diabetic,Stage 2 HTN,Very High
40-59,Male,Current Smoker,Normoglycemic,Stage 2 HTN,High
20-39,Male,Non-Smoker,Normoglycemic,Stage 2 HTN,Borderline High
60-79,Female,Current Smoker,Normoglycemic,Normal,Desirable
20-39,Male,Non-Smoker,Normoglycemic,Elevated,Desirable
80+,Female,Non-Smoker,Normoglycemic,Stage 2 HTN,Borderline High
20-39,Female,Current Smoker,Normoglycemic,Stage 1 HTN,High
20-39,Female,Non-Smoker,Normoglycemic,Elevated,Desirable
40-59,Male,Non-Smoker,Normoglycemic,Stage 2 HTN,High
40-59,Male,Non-Smoker,Normoglycemic,Normal,High
60-79,Male,Current Smoker,Normoglycemic,Normal,Desirable
20-39,Female,Non-Smoker,Normoglycemic,Elevated,Borderline High
60-79,Male,Non-Smoker,Normoglycemic,Stage 1 HTN,High
40-59,Female,Non-Smoker,Diabetic,Stage 1 HTN,Very High
40-59,Male,Non-Smoker,Diabetic,Stage 1 HTN,High
20-39,Male,Current Smoker,Normoglycemic,Normal,Desirable
80+,Male,Current Smoker,Normoglycemic,Normal,High
40-59,Male,Current Smoker,Diabetic,Stage 2 HTN,Very High
20-39,Male,Non-Smoker,Diabetic,Stage 2 HTN,Borderline High
20-39,Female,Non-Smoker,Normoglycemic,Stage 1 HTN,High
40-59,Female,Non-Smoker,Diabetic,Stage 2 HTN,Very High
60-79,Male,Current Smoker,Diabetic,Stage 2 HTN,Desirable
20-39,Female,Non-Smoker,Normoglycemic,Normal,Borderline High
60-79,Male,Non-Smoker,Normoglycemic,Normal,High
60-79,Male,Current Smoker,Diabetic,Stage 2 HTN,High
40-59,Female,Non-Smoker,Normoglycemic,Elevated,Desirable
60-79,Male,Non-Smoker,Diabetic,Stage 2 HTN,Desirable
20-39,Male,Current Smoker,Normoglycemic,Normal,Desirable
20-39,Female,Non-Smoker,Normoglycemic,Normal,Desirable
60-79,Female,Current Smoker,Normoglycemic,Normal,Very High
40-59,Male,Non-Smoker,Normoglycemic,Elevated,High
60-79,Male,Current Smoker,Normoglycemic,Stage 1 HTN,Desirable
40-59,Male,Non-Smoker,Normoglycemic,Normal,Desirable
20-39,Male,Non-Smoker,Normoglycemic,Elevated,Desirable
20-39,Female,Non-Smoker,Normoglycemic,Normal,Desirable
20-39,Male,Non-Smoker,Normoglycemic,Normal,Borderline High
40-59,Male,Non-Smoker,Normoglycemic,Elevated,Borderline High
60-79,Female,Current Smoker,Normoglycemic,Normal,Borderline High
40-59,Female,Non-Smoker,Diabetic,Elevated,High
60-79,Male,Non-Smoker,Normoglycemic,Normal,Desirable
40-59,Female,Non-Smoker,Diabetic,Stage 2 HTN,Desirable
60-79,Male,Non-Smoker,Normoglycemic,Elevated,Desirable
60-79,Female,Non-Smoker,Diabetic,Stage 2 HTN,Borderline High
20-39,Female,Non-Smoker,Normoglycemic,Normal,Desirable
20-39,Female,Non-Smoker,Normoglycemic,Normal,Borderline High
40-59,Male,Current Smoker,Normoglycemic,Normal,Desirable
20-39,Female,Non-Smoker,Diabetic,Stage 2 HTN,High
60-79,Female,Non-Smoker,Diabetic,Stage 2 HTN,Very High
20-39,Female,Non-Smoker,Normoglycemic,Normal,Borderline High
80+,Male,Non-Smoker,Diabetic,Stage 2 HTN,Very High
60-79,Male,Non-Smoker,Diabetic,Stage 1 HTN,Borderline High
20-39,Female,Non-Smoker,Normoglycemic,Stage 1 HTN,High
20-39,Female,Non-Smoker,Normoglycemic,Normal,Borderline High
20-39,Female,Non-Smoker,Normoglycemic,Normal,Desirable
20-39,Female,Current Smoker,Normoglycemic,Stage 1 HTN,Borderline High
60-79,Male,Non-Smoker,Diabetic,Stage 2 HTN,High
40-59,Male,Current Smoker,Diabetic,Stage 2 HTN,Borderline High
40-59,Male,Non-Smoker,Normoglycemic,Normal,Borderline High
20-39,Male,Non-Smoker,Normoglycemic,Normal,Desirable
20-39,Female,Non-Smoker,Normoglycemic,Normal,Desirable
20-39,Female,Non-Smoker,Normoglycemic,Stage 1 HTN,High
60-79,Male,Current Smoker,Normoglycemic,Stage 1 HTN,Desirable
40-59,Male,Non-Smoker,Diabetic,Stage 2 HTN,High
20-39,Female,Current Smoker,Diabetic,Stage 2 HTN,High
40-59,Male,Non-Smoker,Normoglycemic,Stage 1 HTN,Borderline High
80+,Female,Non-Smoker,Diabetic,Stage 1 HTN,High
20-39,Female,Current Smoker,Normoglycemic,Normal,Desirable
20-39,Female,Non-Smoker,Normoglycemic,Normal,Desirable
60-79,Male,Non-Smoker,Diabetic,Stage 2 HTN,High
40-59,Male,Non-Smoker,Diabetic,Stage 1 HTN,Borderline High
20-39,Male,Non-Smoker,Normoglycemic,Elevated,Desirable
20-39,Male,Non-Smoker,Normoglycemic,Stage 1 HTN,High
40-59,Male,Non-Smoker,Normoglycemic,Normal,Desirable
40-59,Female,Non-Smoker,Normoglycemic,Elevated,Desirable
60-79,Female,Non-Smoker,Diabetic,Stage 2 HTN,High
40-59,Female,Non-Smoker,Normoglycemic,Elevated,Very High
60-79,Female,Non-Smoker,Normoglycemic,Elevated,Very High
60-79,Female,Non-Smoker,Normoglycemic,Normal,High
60-79,Male,Non-Smoker,Diabetic,Stage 2 HTN,High
40-59,Male,Current Smoker,Normoglycemic,Normal,Borderline High
20-39,Female,Non-Smoker,Normoglycemic,Elevated,High
20-39,Female,Non-Smoker,Normoglycemic,Normal,Borderline High
20-39,Female,Current Smoker,Normoglycemic,Stage 2 HTN,Borderline High
20-39,Male,Non-Smoker,Normoglycemic,Normal,Very High
40-59,Female,Current Smoker,Normoglycemic,Elevated,Desirable
40-59,Female,Non-Smoker,Normoglycemic,Normal,Borderline High
20-39,Male,Current Smoker,Diabetic,Stage 2 HTN,Very High
20-39,Male,Non-Smoker,Normoglycemic,Elevated,Very High
20-39,Male,Non-Smoker,Normoglycemic,Normal,High
80+,Male,Non-Smoker,Diabetic,Stage 2 HTN,Very High
20-39,Female,Current Smoker,Normoglycemic,Normal,Desirable
40-59,Female,Non-Smoker,Normoglycemic,Elevated,High
60-79,Female,Non-Smoker,Diabetic,Stage 2 HTN,Very High
20-39,Female,Non-Smoker,Normoglycemic,Normal,Desirable
20-39,Male,Non-Smoker,Normoglycemic,Normal,High
40-59,Male,Current Smoker,Normoglycemic,Stage 1 HTN,Desirable
40-59,Male,Non-Smoker,Normoglycemic,Normal,Borderline High
60-79,Male,Non-Smoker,Diabetic,Stage 2 HTN,High
80+,Male,Non-Smoker,Normoglycemic,Normal,Borderline High
40-59,Male,Non-Smoker,Normoglycemic,Stage 2 HTN,Desirable
20-39,Female,Non-Smoker,Normoglycemic,Normal,Borderline High
80+,Female,Non-Smoker,Normoglycemic,Normal,High
20-39,Male,Non-Smoker,Normoglycemic,Normal,High
60-79,Male,Current Smoker,Normoglycemic,Normal,Borderline High
80+,Female,Non-Smoker,Normoglycemic,Normal,Desirable
80+,Female,Non-Smoker,Normoglycemic,Normal,Desirable
20-39,Male,Non-Smoker,Normoglycemic,Normal,High
40-59,Female,Non-Smoker,Normoglycemic,Normal,Desirable
60-79,Female,Non-Smoker,Normoglycemic,Normal,Borderline High
40-59,Female,Non-Smoker,Normoglycemic,Stage 2 HTN,Desirable
40-59,Female,Non-Smoker,Normoglycemic,Normal,Desirable
40-59,Male,Non-Smoker,Diabetic,Stage 2 HTN,Very High
20-39,Female,Current Smoker,Normoglycemic,Normal,Desirable
40-59,Male,Non-Smoker,Normoglycemic,Normal,Borderline High
40-59,Male,Non-Smoker,Normoglycemic,Normal,Very High
20-39,Male,Current Smoker,Normoglycemic,Stage 1 HTN,Desirable
40-59,Male,Non-Smoker,Normoglycemic,Normal,Desirable
40-59,Male,Non-Smoker,Diabetic,Stage 2 HTN,High
20-39,Female,Non-Smoker,Normoglycemic,Normal,Very High
60-79,Male,Non-Smoker,Normoglycemic,Normal,Very High
80+,Male,Current Smoker,Diabetic,Elevated,High
60-79,Male,Current Smoker,Normoglycemic,Normal,Borderline High
80+,Female,Current Smoker,Diabetic,Stage 2 HTN,High
40-59,Female,Non-Smoker,Diabetic,Stage 2 HTN,Very High
20-39,Male,Non-Smoker,Normoglycemic,Elevated,Desirable
20-39,Male,Current Smoker,Normoglycemic,Normal,High
60-79,Male,Non-Smoker,Diabetic,Elevated,Very High
20-39,Male,Current Smoker,Normoglycemic,Elevated,Desirable
40-59,Female,Current Smoker,Diabetic,Stage 2 HTN,High
60-79,Male,Non-Smoker,Diabetic,Stage 2 HTN,Very High
20-39,Male,Non-Smoker,Normoglycemic,Stage 1 HTN,Very High
40-59,Male,Current Smoker,Diabetic,Stage 1 HTN,High
40-59,Female,Non-Smoker,Diabetic,Stage 2 HTN,Very High
20-39,Male,Non-Smoker,Normoglycemic,Normal,Desirable
40-59,Male,Non-Smoker,Diabetic,Stage 2 HTN,High
40-59,Male,Current Smoker,Diabetic,Stage 2 HTN,High
60-79,Female,Current Smoker,Diabetic,Stage 2 HTN,High
40-59,Male,Non-Smoker,Normoglycemic,Normal,Desirable
20-39,Female,Non-Smoker,Normoglycemic,Normal,High
20-39,Male,Non-Smoker,Normoglycemic,Normal,Borderline High
60-79,Male,Non-Smoker,Normoglycemic,Normal,Borderline High
60-79,Female,Non-Smoker,Normoglycemic,Stage 2 HTN,Very High
40-59,Female,Non-Smoker,Normoglycemic,Normal,Borderline High
20-39,Female,Non-Smoker,Normoglycemic,Normal,Desirable
20-39,Male,Current Smoker,Normoglycemic,Elevated,Borderline High
20-39,Female,Non-Smoker,Diabetic,Stage 1 HTN,Borderline High
60-79,Female,Current Smoker,Normoglycemic,Normal,Desirable
40-59,Female,Non-Smoker,Normoglycemic,Normal,High
80+,Male,Current Smoker,Diabetic,Stage 1 HTN,High
60-79,Male,Non-Smoker,Diabetic,Stage 1 HTN,High
80+,Male,Current Smoker,Normoglycemic,Normal,Very High
60-79,Male,Non-Smoker,Normoglycemic,Stage 2 HTN,Borderline High
20-39,Male,Current Smoker,Normoglycemic,Elevated,Desirable
20-39,Female,Non-Smoker,Normoglycemic,Elevated,High
20-39,Female,Non-Smoker,Normoglycemic,Elevated,Desirable
20-39,Male,Non-Smoker,Normoglycemic,Normal,Desirable
20-39,Male,Non-Smoker,Normoglycemic,Stage 2 HTN,Desirable
20-39,Male,Non-Smoker,Normoglycemic,Normal,Desirable
40-59,Male,Non-Smoker,Normoglycemic,Normal,Desirable
40-59,Male,Non-Smoker,Normoglycemic,Normal,Desirable
20-39,Male,Non-Smoker,Diabetic,Stage 1 HTN,High
20-39,Female,Non-Smoker,Normoglycemic,Stage 1 HTN,Desirable
40-59,Male,Non-Smoker,Normoglycemic,Normal,High
20-39,Male,Non-Smoker,Normoglycemic,Elevated,Desirable
20-39,Female,Non-Smoker,Diabetic,Stage 2 HTN,High
20-39,Female,Non-Smoker,Normoglycemic,Normal,Desirable
40-59,Male,Non-Smoker,Normoglycemic,Normal,Desirable
20-39,Female,Non-Smoker,Normoglycemic,Normal,Very High
40-59,Male,Non-Smoker,Diabetic,Stage 2 HTN,Borderline High
20-39,Male,Current Smoker,Normoglycemic,Elevated,Desirable
20-39,Female,Non-Smoker,Normoglycemic,Normal,Desirable
60-79,Male,Non-Smoker,Diabetic,Stage 1 HTN,Borderline High
60-79,Female,Non-Smoker,Normoglycemic,Normal,Borderline High
20-39,Female,Non-Smoker,Normoglycemic,Normal,Borderline High
40-59,Male,Non-Smoker,Normoglycemic,Normal,Borderline High
40-59,Female,Non-Smoker,Normoglycemic,Normal,Borderline High
20-39,Female,Non-Smoker,Diabetic,Stage 2 HTN,Very High
20-39,Female,Non-Smoker,Normoglycemic,Normal,Desirable
80+,Female,Non-Smoker,Normoglycemic,Normal,Desirable
20-39,Male,Current Smoker,Diabetic,Stage 2 HTN,High
20-39,Female,Non-Smoker,Normoglycemic,Normal,Desirable
40-59,Female,Current Smoker,Normoglycemic,Normal,Desirable
60-79,Male,Non-Smoker,Normoglycemic,Elevated,Desirable
40-59,Male,Current Smoker,Normoglycemic,Normal,Borderline High
20-39,Male,Non-Smoker,Normoglycemic,Elevated,Borderline High
20-39,Female,Non-Smoker,Normoglycemic,Stage 1 HTN,Borderline High
40-59,Male,Non-Smoker,Diabetic,Stage 2 HTN,High
40-59,Male,Non-Smoker,Normoglycemic,Normal,Borderline High
40-59,Male,Non-Smoker,Normoglycemic,Normal,Borderline High
20-39,Male,Current Smoker,Normoglycemic,Normal,Desirable
20-39,Male,Current Smoker,Normoglycemic,Normal,Desirable
60-79,Female,Current Smoker,Normoglycemic,Normal,High
60-79,Male,Non-Smoker,Normoglycemic,Elevated,Desirable
40-59,Male,Non-Smoker,Normoglycemic,Normal,High
60-79,Female,Non-Smoker,Diabetic,Stage 1 HTN,Borderline High
40-59,Female,Non-Smoker,Normoglycemic,Normal,Borderline High
20-39,Male,Current Smoker,Normoglycemic,Elevated,Desirable
60-79,Male,Non-Smoker,Normoglycemic,Normal,High
60-79,Male,Non-Smoker,Diabetic,Stage 2 HTN,Desirable
20-39,Male,Non-Smoker,Normoglycemic,Normal,High
60-79,Male,Non-Smoker,Normoglycemic,Normal,Borderline High
40-59,Female,Non-Smoker,Diabetic,Stage 1 HTN,High
20-39,Male,Current Smoker,Normoglycemic,Elevated,Borderline High
20-39,Male,Non-Smoker,Normoglycemic,Elevated,High
60-79,Male,Non-Smoker,Normoglycemic,Elevated,Desirable
40-59,Male,Non-Smoker,Normoglycemic,Elevated,Desirable
40-59,Female,Non-Smoker,Normoglycemic,Normal,High
60-79,Female,Current Smoker,Normoglycemic,Elevated,Borderline High
20-39,Male,Non-Smoker,Normoglycemic,Elevated,Desirable
60-79,Female,Non-Smoker,Diabetic,Stage 2 HTN,Very High
20-39,Male,Non-Smoker,Normoglycemic,Stage 2 HTN,Borderline High
40-59,Female,Non-Smoker,Normoglycemic,Normal,Desirable
40-59,Female,Non-Smoker,Normoglycemic,Normal,Borderline High
20-39,Male,Current Smoker,Diabetic,Stage 2 HTN,High
40-59,Male,Current Smoker,Diabetic,Elevated,Very High
40-59,Male,Non-Smoker,Normoglycemic,Elevated,High
40-59,Male,Current Smoker,Diabetic,Stage 2 HTN,High
20-39,Male,Non-Smoker,Normoglycemic,Elevated,Desirable
20-39,Female,Non-Smoker,Normoglycemic,Normal,Borderline High
60-79,Female,Non-Smoker,Diabetic,Elevated,Very High
60-79,Male,Current Smoker,Diabetic,Stage 2 HTN,Very High
20-39,Male,Current Smoker,Normoglycemic,Elevated,Borderline High
20-39,Male,Non-Smoker,Normoglycemic,Normal,Desirable
60-79,Male,Non-Smoker,Diabetic,Stage 1 HTN,Very High
60-79,Female,Non-Smoker,Normoglycemic,Elevated,Very High
60-79,Male,Non-Smoker,Diabetic,Stage 2 HTN,High
20-39,Male,Non-Smoker,Normoglycemic,Normal,Desirable
20-39,Male,Non-Smoker,Normoglycemic,Normal,Desirable
20-39,Female,Current Smoker,Normoglycemic,Normal,High
60-79,Male,Non-Smoker,Diabetic,Stage 2 HTN,Very High
40-59,Female,Non-Smoker,Normoglycemic,Normal,Very High
80+,Male,Non-Smoker,Diabetic,Stage 2 HTN,High
20-39,Female,Current Smoker,Diabetic,Stage 2 HTN,High
20-39,Female,Current Smoker,Normoglycemic,Normal,Desirable
20-39,Male,Non-Smoker,Normoglycemic,Normal,Borderline High
20-39,Male,Non-Smoker,Normoglycemic,Normal,Borderline High
80+,Female,Non-Smoker,Normoglycemic,Elevated,Desirable
20-39,Female,Non-Smoker,Normoglycemic,Normal,Desirable
40-59,Female,Non-Smoker,Normoglycemic,Stage 1 HTN,Desirable
20-39,Male,Current Smoker,Normoglycemic,Normal,Borderline High
20-39,Female,Non-Smoker,Normoglycemic,Normal,High
40-59,Female,Non-Smoker,Normoglycemic,Normal,Desirable
20-39,Female,Non-Smoker,Normoglycemic,Normal,Borderline High
20-39,Male,Current Smoker,Normoglycemic,Normal,Desirable
20-39,Female,Current Smoker,Normoglycemic,Normal,Borderline High
40-59,Male,Non-Smoker,Normoglycemic,Normal,Desirable
20-39,Male,Non-Smoker,Normoglycemic,Normal,Desirable
20-39,Male,Current Smoker,Normoglycemic,Normal,Very High
40-59,Male,Current Smoker,Normoglycemic,Normal,Borderline High
40-59,Female,Non-Smoker,Diabetic,Stage 2 HTN,High
20-39,Female,Non-Smoker,Diabetic,Stage 2 HTN,Borderline High
60-79,Female,Non-Smoker,Normoglycemic,Normal,Desirable
60-79,Female,Non-Smoker,Diabetic,Stage 1 HTN,Borderline High
60-79,Male,Non-Smoker,Normoglycemic,Normal,Desirable
40-59,Male,Non-Smoker,Normoglycemic,Normal,Desirable
80+,Female,Non-Smoker,Normoglycemic,Stage 2 HTN,Desirable
40-59,Female,Non-Smoker,Normoglycemic,Elevated,Desirable
40-59,Female,Non-Smoker,Normoglycemic,Normal,Borderline High
20-39,Male,Current Smoker,Normoglycemic,Normal,Borderline High
40-59,Female,Non-Smoker,Normoglycemic,Normal,High
60-79,Male,Non-Smoker,Diabetic,Stage 2 HTN,Very High
40-59,Female,Non-Smoker,Diabetic,Stage 2 HTN,High
20-39,Female,Non-Smoker,Normoglycemic,Normal,Borderline High
80+,Female,Current Smoker,Normoglycemic,Normal,Borderline High
20-39,Male,Non-Smoker,Normoglycemic,Normal,High
20-39,Female,Non-Smoker,Normoglycemic,Normal,Borderline High
20-39,Male,Current Smoker,Normoglycemic,Stage 1 HTN,Desirable
60-79,Male,Non-Smoker,Diabetic,Stage 2 HTN,Very High
20-39,Male,Non-Smoker,Diabetic,Stage 1 HTN,Very High
20-39,Female,Current Smoker,Normoglycemic,Normal,Desirable
20-39,Female,Non-Smoker,Normoglycemic,Normal,Desirable
40-59,Male,Non-Smoker,Normoglycemic,Normal,High
20-39,Male,Non-Smoker,Diabetic,Stage 1 HTN,High
20-39,Male,Non-Smoker,Diabetic,Stage 2 HTN,Borderline High
60-79,Female,Current Smoker,Diabetic,Stage 2 HTN,Borderline High
80+,Male,Current Smoker,Normoglycemic,Elevated,Desirable
20-39,Female,Non-Smoker,Normoglycemic,Elevated,Borderline High
80+,Male,Non-Smoker,Diabetic,Stage 2 HTN,Desirable
40-59,Male,Non-Smoker,Normoglycemic,Elevated,High
40-59,Female,Non-Smoker,Normoglycemic,Normal,Borderline High
20-39,Female,Non-Smoker,Normoglycemic,Normal,Borderline High
80+,Male,Non-Smoker,Normoglycemic,Normal,Borderline High
60-79,Female,Non-Smoker,Diabetic,Stage 2 HTN,Very High
40-59,Male,Current Smoker,Normoglycemic,Elevated,Very High
20-39,Male,Current Smoker,Normoglycemic,Elevated,Desirable
20-39,Female,Non-Smoker,Diabetic,Stage 2 HTN,High
60-79,Male,Current Smoker,Normoglycemic,Normal,Desirable
40-59,Male,Non-Smoker,Normoglycemic,Normal,Borderline High
20-39,Female,Non-Smoker,Normoglycemic,Elevated,Desirable
40-59,Male,Current Smoker,Normoglycemic,Normal,Borderline High
40-59,Female,Non-Smoker,Normoglycemic,Normal,Very High
80+,Female,Non-Smoker,Normoglycemic,Normal,Borderline High
20-39,Male,Current Smoker,Normoglycemic,Normal,Very High
40-59,Female,Non-Smoker,Normoglycemic,Normal,Desirable
20-39,Male,Current Smoker,Normoglycemic,Normal,Desirable
40-59,Female,Non-Smoker,Normoglycemic,Normal,Desirable
60-79,Male,Non-Smoker,Normoglycemic,Elevated,Desirable
40-59,Male,Current Smoker,Normoglycemic,Elevated,Desirable
20-39,Female,Non-Smoker,Normoglycemic,Stage 1 HTN,Desirable
20-39,Female,Non-Smoker,Normoglycemic,Normal,Desirable
80+,Male,Non-Smoker,Diabetic,Stage 1 HTN,Very High
60-79,Female,Non-Smoker,Normoglycemic,Normal,Desirable
60-79,Female,Non-Smoker,Normoglycemic,Normal,Borderline High
20-39,Male,Non-Smoker,Diabetic,Normal,High
40-59,Female,Non-Smoker,Normoglycemic,Normal,High
20-39,Male,Non-Smoker,Normoglycemic,Normal,High
40-59,Female,Current Smoker,Normoglycemic,Elevated,Desirable
60-79,Male,Current Smoker,Diabetic,Stage 2 HTN,High
80+,Male,Non-Smoker,Normoglycemic,Normal,Desirable
20-39,Male,Non-Smoker,Normoglycemic,Stage 2 HTN,Desirable
60-79,Female,Non-Smoker,Normoglycemic,Normal,Borderline High
20-39,Female,Non-Smoker,Normoglycemic,Normal,High
20-39,Female,Non-Smoker,Normoglycemic,Stage 1 HTN,Desirable
40-59,Male,Non-Smoker,Normoglycemic,Normal,Very High
40-59,Male,Non-Smoker,Normoglycemic,Elevated,High
40-59,Female,Non-Smoker,Normoglycemic,Normal,Borderline High
40-59,Female,Non-Smoker,Normoglycemic,Stage 1 HTN,Desirable
20-39,Female,Non-Smoker,Diabetic,Stage 2 HTN,Very High
80+,Female,Non-Smoker,Diabetic,Stage 2 HTN,High
60-79,Male,Non-Smoker,Normoglycemic,Stage 1 HTN,Borderline High
20-39,Male,Current Smoker,Diabetic,Stage 2 HTN,Borderline High
20-39,Female,Current Smoker,Diabetic,Stage 2 HTN,High
60-79,Male,Non-Smoker,Normoglycemic,Stage 1 HTN,Very High
20-39,Female,Current Smoker,Normoglycemic,Stage 1 HTN,Desirable
20-39,Male,Current Smoker,Normoglycemic,Normal,High
20-39,Female,Non-Smoker,Normoglycemic,Stage 1 HTN,Desirable
60-79,Male,Current Smoker,Diabetic,Stage 2 HTN,Borderline High
60-79,Male,Non-Smoker,Diabetic,Stage 2 HTN,Very High
20-39,Female,Non-Smoker,Normoglycemic,Elevated,Borderline High
20-39,Female,Non-Smoker,Normoglycemic,Normal,Desirable
60-79,Male,Non-Smoker,Normoglycemic,Stage 1 HTN,Desirable
60-79,Male,Non-Smoker,Normoglycemic,Elevated,Borderline High
20-39,Female,Non-Smoker,Normoglycemic,Normal,Desirable
20-39,Male,Non-Smoker,Diabetic,Stage 1 HTN,Very High
40-59,Male,Non-Smoker,Normoglycemic,Stage 1 HTN,High
40-59,Male,Current Smoker,Diabetic,Stage 2 HTN,High
40-59,Male,Non-Smoker,Diabetic,Stage 2 HTN,High
20-39,Female,Non-Smoker,Normoglycemic,Normal,High
80+,Female,Non-Smoker,Diabetic,Elevated,Borderline High
20-39,Female,Current Smoker,Normoglycemic,Normal,High
80+,Female,Non-Smoker,Diabetic,Stage 1 HTN,High
40-59,Male,Current Smoker,Normoglycemic,Stage 1 HTN,Desirable
20-39,Male,Current Smoker,Diabetic,Stage 1 HTN,Borderline High
20-39,Male,Current Smoker,Normoglycemic,Elevated,Borderline High
20-39,Female,Non-Smoker,Normoglycemic,Elevated,Borderline High
80+,Female,Current Smoker,Normoglycemic,Normal,Borderline High
80+,Male,Non-Smoker,Diabetic,Stage 1 HTN,Very High
80+,Female,Non-Smoker,Diabetic,Stage 1 HTN,High
40-59,Male,Non-Smoker,Normoglycemic,Normal,Desirable
40-59,Female,Current Smoker,Diabetic,Stage 1 HTN,Very High
80+,Male,Non-Smoker,Normoglycemic,Normal,Very High
40-59,Male,Current Smoker,Normoglycemic,Normal,Desirable
20-39,Male,Non-Smoker,Normoglycemic,Stage 1 HTN,Borderline High
40-59,Male,Current Smoker,Normoglycemic,Normal,Desirable
20-39,Male,Non-Smoker,Normoglycemic,Normal,High
40-59,Male,Non-Smoker,Normoglycemic,Normal,Borderline High
40-59,Male,Non-Smoker,Normoglycemic,Normal,Desirable
20-39,Male,Non-Smoker,Normoglycemic,Normal,High
60-79,Male,Non-Smoker,Normoglycemic,Normal,High
40-59,Male,Current Smoker,Normoglycemic,Elevated,High
60-79,Female,Non-Smoker,Normoglycemic,Normal,Desirable
40-59,Male,Non-Smoker,Diabetic,Stage 1 HTN,Borderline High
40-59,Male,Current Smoker,Normoglycemic,Normal,Very High
60-79,Male,Non-Smoker,Diabetic,Stage 2 HTN,Very High
40-59,Male,Current Smoker,Normoglycemic,Normal,High
20-39,Female,Current Smoker,Normoglycemic,Stage 1 HTN,Borderline High
60-79,Male,Non-Smoker,Diabetic,Stage 1 HTN,High
60-79,Female,Current Smoker,Diabetic,Stage 2 HTN,Borderline High
60-79,Male,Current Smoker,Normoglycemic,Elevated,Desirable
40-59,Male,Non-Smoker,Normoglycemic,Normal,Desirable
20-39,Male,Non-Smoker,Diabetic,Stage 2 HTN,High
20-39,Female,Non-Smoker,Normoglycemic,Normal,Borderline High
40-59,Male,Non-Smoker,Normoglycemic,Normal,High
80+,Female,Non-Smoker,Diabetic,Stage 2 HTN,Very High
20-39,Male,Non-Smoker,Normoglycemic,Elevated,High
20-39,Male,Current Smoker,Diabetic,Stage 2 HTN,High
40-59,Female,Non-Smoker,Diabetic,Stage 1 HTN,High
40-59,Male,Non-Smoker,Normoglycemic,Elevated,Desirable
20-39,Male,Non-Smoker,Normoglycemic,Elevated,High
20-39,Female,Current Smoker,Diabetic,Stage 1 HTN,High
60-79,Female,Non-Smoker,Diabetic,Stage 2 HTN,Very High
20-39,Female,Non-Smoker,Normoglycemic,Normal,High
20-39,Female,Non-Smoker,Normoglycemic,Normal,Borderline High
40-59,Female,Non-Smoker,Normoglycemic,Elevated,Very High
40-59,Male,Current Smoker,Normoglycemic,Stage 1 HTN,Desirable
20-39,Male,Non-Smoker,Normoglycemic,Elevated,Borderline High
20-39,Male,Current Smoker,Normoglycemic,Elevated,Very High
40-59,Male,Non-Smoker,Normoglycemic,Normal,Desirable
20-39,Female,Current Smoker,Normoglycemic,Elevated,Desirable
40-59,Male,Non-Smoker,Normoglycemic,Stage 1 HTN,High
20-39,Female,Non-Smoker,Normoglycemic,Normal,Borderline High
40-59,Female,Non-Smoker,Normoglycemic,Stage 1 HTN,High
20-39,Male,Non-Smoker,Normoglycemic,Normal,Borderline High
20-39,Male,Non-Smoker,Normoglycemic,Normal,Desirable
40-59,Male,Non-Smoker,Normoglycemic,Elevated,Desirable
20-39,Male,Non-Smoker,Diabetic,Stage 1 HTN,Very High
80+,Female,Non-Smoker,Normoglycemic,Elevated,Desirable
60-79,Male,Non-Smoker,Normoglycemic,Stage 2 HTN,Borderline High
60-79,Male,Current Smoker,Normoglycemic,Elevated,Borderline High
40-59,Female,Non-Smoker,Normoglycemic,Elevated,Desirable
40-59,Male,Non-Smoker,Diabetic,Stage 2 HTN,High
60-79,Female,Non-Smoker,Normoglycemic,Normal,Borderline High
20-39,Male,Current Smoker,Normoglycemic,Elevated,Borderline High
60-79,Male,Current Smoker,Normoglycemic,Normal,Desirable
40-59,Female,Non-Smoker,Normoglycemic,Elevated,Desirable
60-79,Male,Non-Smoker,Diabetic,Stage 2 HTN,High
40-59,Male,Current Smoker,Normoglycemic,Normal,Desirable
60-79,Female,Current Smoker,Diabetic,Stage 2 HTN,Very High
20-39,Male,Non-Smoker,Normoglycemic,Elevated,Desirable
20-39,Female,Non-Smoker,Normoglycemic,Elevated,Borderline High
40-59,Male,Non-Smoker,Normoglycemic,Stage 1 HTN,High
40-59,Male,Non-Smoker,Diabetic,Stage 2 HTN,High
20-39,Male,Non-Smoker,Diabetic,Stage 1 HTN,Very High
40-59,Male,Current Smoker,Normoglycemic,Normal,High
40-59,Male,Non-Smoker,Normoglycemic,Normal,High
60-79,Male,Non-Smoker,Normoglycemic,Normal,High
20-39,Male,Non-Smoker,Normoglycemic,Normal,Desirable
20-39,Male,Non-Smoker,Normoglycemic,Stage 2 HTN,Desirable
60-79,Female,Non-Smoker,Normoglycemic,Normal,Borderline High
80+,Male,Non-Smoker,Normoglycemic,Normal,Borderline High
40-59,Male,Non-Smoker,Normoglycemic,Normal,High
20-39,Male,Current Smoker,Normoglycemic,Normal,High
40-59,Male,Non-Smoker,Normoglycemic,Elevated,Very High
40-59,Female,Non-Smoker,Diabetic,Stage 1 HTN,Very High
40-59,Male,Non-Smoker,Normoglycemic,Normal,Desirable
20-39,Male,Non-Smoker,Normoglycemic,Elevated,Desirable
40-59,Male,Current Smoker,Normoglycemic,Stage 2 HTN,Desirable
40-59,Male,Non-Smoker,Normoglycemic,Normal,High
40-59,Female,Non-Smoker,Normoglycemic,Elevated,Borderline High
20-39,Female,Non-Smoker,Diabetic,Stage 2 HTN,Borderline High
40-59,Male,Non-Smoker,Normoglycemic,Elevated,Desirable
20-39,Female,Non-Smoker,Normoglycemic,Normal,High
40-59,Female,Non-Smoker,Normoglycemic,Normal,Desirable
20-39,Male,Non-Smoker,Normoglycemic,Normal,Borderline High
40-59,Male,Non-Smoker,Diabetic,Stage 1 HTN,High
40-59,Male,Non-Smoker,Normoglycemic,Normal,Very High
20-39,Female,Non-Smoker,Normoglycemic,Normal,Desirable
80+,Male,Non-Smoker,Diabetic,Elevated,Very High
60-79,Female,Non-Smoker,Diabetic,Stage 1 HTN,High
60-79,Female,Non-Smoker,Diabetic,Stage 2 HTN,Very High
60-79,Female,Non-Smoker,Diabetic,Stage 2 HTN,High
20-39,Male,Current Smoker,Normoglycemic,Elevated,Borderline High
40-59,Female,Non-Smoker,Diabetic,Stage 2 HTN,Desirable
40-59,Female,Non-Smoker,Normoglycemic,Normal,Borderline High
60-79,Male,Non-Smoker,Normoglycemic,Normal,Desirable
60-79,Male,Non-Smoker,Diabetic,Stage 2 HTN,Desirable
60-79,Female,Non-Smoker,Normoglycemic,Normal,Borderline High
20-39,Female,Non-Smoker,Diabetic,Stage 2 HTN,Very High
20-39,Female,Non-Smoker,Normoglycemic,Normal,Borderline High
20-39,Female,Current Smoker,Normoglycemic,Normal,Borderline High
40-59,Female,Non-Smoker,Diabetic,Stage 2 HTN,High
40-59,Female,Non-Smoker,Normoglycemic,Normal,Desirable
40-59,Male,Non-Smoker,Normoglycemic,Stage 1 HTN,Borderline High
20-39,Male,Non-Smoker,Normoglycemic,Elevated,Borderline High
20-39,Male,Current Smoker,Normoglycemic,Normal,Desirable
60-79,Female,Non-Smoker,Normoglycemic,Normal,Desirable
80+,Male,Current Smoker,Normoglycemic,Normal,Borderline High
20-39,Male,Non-Smoker,Normoglycemic,Elevated,Desirable
20-39,Female,Current Smoker,Diabetic,Stage 2 HTN,Very High
60-79,Female,Non-Smoker,Diabetic,Stage 2 HTN,High
20-39,Male,Non-Smoker,Diabetic,Stage 1 HTN,Desirable
20-39,Male,Non-Smoker,Normoglycemic,Normal,Borderline High
20-39,Female,Non-Smoker,Diabetic,Stage 2 HTN,Very High
60-79,Male,Non-Smoker,Normoglycemic,Elevated,High
40-59,Male,Non-Smoker,Normoglycemic,Normal,Borderline High
80+,Male,Current Smoker,Diabetic,Stage 1 HTN,Very High
60-79,Male,Non-Smoker,Diabetic,Stage 1 HTN,Borderline High
60-79,Female,Non-Smoker,Normoglycemic,Normal,Desirable
60-79,Male,Current Smoker,Diabetic,Stage 1 HTN,High
40-59,Male,Non-Smoker,Normoglycemic,Normal,Very High
60-79,Male,Non-Smoker,Diabetic,Stage 2 HTN,High
60-79,Male,Non-Smoker,Normoglycemic,Elevated,High
80+,Female,Non-Smoker,Diabetic,Stage 1 HTN,High
20-39,Female,Non-Smoker,Normoglycemic,Normal,Desirable
40-59,Female,Non-Smoker,Normoglycemic,Normal,Desirable
20-39,Female,Non-Smoker,Normoglycemic,Normal,Desirable
20-39,Female,Non-Smoker,Normoglycemic,Normal,Desirable
40-59,Male,Non-Smoker,Normoglycemic,Normal,Borderline High
40-59,Female,Current Smoker,Normoglycemic,Normal,Desirable
80+,Male,Non-Smoker,Normoglycemic,Normal,Borderline High
20-39,Male,Non-Smoker,Normoglycemic,Elevated,High
60-79,Female,Current Smoker,Normoglycemic,Normal,Very High
40-59,Male,Non-Smoker,Normoglycemic,Normal,High
40-59,Male,Non-Smoker,Diabetic,Stage 2 HTN,Very High
20-39,Female,Current Smoker,Normoglycemic,Normal,Desirable
20-39,Female,Non-Smoker,Normoglycemic,Stage 2 HTN,Borderline High
60-79,Male,Non-Smoker,Normoglycemic,Normal,Desirable
60-79,Male,Current Smoker,Normoglycemic,Elevated,Very High
40-59,Female,Non-Smoker,Normoglycemic,Normal,Borderline High
60-79,Female,Non-Smoker,Normoglycemic,Normal,Very High
40-59,Male,Non-Smoker,Normoglycemic,Normal,Desirable
60-79,Female,Non-Smoker,Normoglycemic,Elevated,Very High
40-59,Male,Non-Smoker,Normoglycemic,Normal,High
60-79,Female,Current Smoker,Normoglycemic,Elevated,Desirable
40-59,Female,Current Smoker,Normoglycemic,Normal,Desirable
20-39,Female,Non-Smoker,Normoglycemic,Normal,Desirable
40-59,Female,Non-Smoker,Diabetic,Stage 1 HTN,High
40-59,Female,Non-Smoker,Normoglycemic,Normal,Desirable
60-79,Male,Non-Smoker,Diabetic,Stage 1 HTN,Very High
20-39,Male,Non-Smoker,Normoglycemic,Elevated,Desirable
40-59,Male,Non-Smoker,Diabetic,Stage 2 HTN,Very High
80+,Male,Non-Smoker,Diabetic,Stage 2 HTN,Desirable
60-79,Male,Non-Smoker,Normoglycemic,Stage 2 HTN,Desirable
80+,Male,Non-Smoker,Normoglycemic,Elevated,Desirable
20-39,Male,Non-Smoker,Normoglycemic,Stage 1 HTN,Borderline High
20-39,Female,Non-Smoker,Diabetic,Stage 1 HTN,High
20-39,Female,Non-Smoker,Normoglycemic,Normal,Borderline High
40-59,Female,Non-Smoker,Normoglycemic,Normal,Borderline High
80+,Female,Non-Smoker,Diabetic,Stage 1 HTN,High
40-59,Female,Current Smoker,Normoglycemic,Normal,High
20-39,Female,Non-Smoker,Normoglycemic,Elevated,Very High
40-59,Female,Non-Smoker,Normoglycemic,Elevated,Desirable
80+,Female,Non-Smoker,Normoglycemic,Elevated,Desirable
40-59,Male,Non-Smoker,Diabetic,Stage 2 HTN,Very High
20-39,Female,Non-Smoker,Normoglycemic,Normal,Desirable
20-39,Male,Non-Smoker,Normoglycemic,Normal,Desirable
40-59,Male,Non-Smoker,Normoglycemic,Normal,Desirable
20-39,Female,Non-Smoker,Normoglycemic,Normal,High
20-39,Male,Current Smoker,Normoglycemic,Elevated,Borderline High
20-39,Male,Current Smoker,Normoglycemic,Normal,Borderline High
40-59,Male,Non-Smoker,Normoglycemic,Normal,Desirable
20-39,Female,Non-Smoker,Normoglycemic,Elevated,Very High
20-39,Male,Current Smoker,Normoglycemic,Elevated,High
20-39,Male,Current Smoker,Normoglycemic,Stage 1 HTN,Borderline High
20-39,Female,Non-Smoker,Normoglycemic,Stage 1 HTN,Borderline High
20-39,Male,Non-Smoker,Normoglycemic,Normal,Borderline High
40-59,Male,Non-Smoker,Diabetic,Stage 2 HTN,Very High
60-79,Male,Non-Smoker,Diabetic,Stage 1 HTN,Very High
20-39,Male,Non-Smoker,Normoglycemic,Normal,Desirable
40-59,Male,Current Smoker,Diabetic,Elevated,High
40-59,Male,Non-Smoker,Normoglycemic,Elevated,Desirable
40-59,Female,Non-Smoker,Normoglycemic,Normal,Very High
20-39,Male,Current Smoker,Normoglycemic,Normal,Borderline High
20-39,Female,Non-Smoker,Normoglycemic,Normal,High
40-59,Male,Non-Smoker,Normoglycemic,Normal,High
80+,Female,Current Smoker,Normoglycemic,Normal,Desirable
80+,Male,Current Smoker,Diabetic,Stage 2 HTN,Very High
40-59,Male,Non-Smoker,Normoglycemic,Stage 2 HTN,Borderline High
40-59,Female,Non-Smoker,Normoglycemic,Normal,High
40-59,Male,Non-Smoker,Normoglycemic,Stage 1 HTN,Desirable
60-79,Male,Non-Smoker,Normoglycemic,Stage 1 HTN,High
40-59,Female,Non-Smoker,Diabetic,Stage 2 HTN,Very High
80+,Female,Non-Smoker,Normoglycemic,Normal,Desirable
20-39,Male,Current Smoker,Diabetic,Stage 2 HTN,Very High
40-59,Male,Non-Smoker,Normoglycemic,Normal,Borderline High
60-79,Male,Non-Smoker,Normoglycemic,Stage 2 HTN,Desirable
80+,Male,Non-Smoker,Normoglycemic,Stage 1 HTN,Borderline High
40-59,Male,Non-Smoker,Normoglycemic,Normal,High
20-39,Male,Current Smoker,Normoglycemic,Normal,Borderline High
60-79,Male,Non-Smoker,Normoglycemic,Normal,High
40-59,Male,Non-Smoker,Diabetic,Stage 2 HTN,High
40-59,Female,Non-Smoker,Diabetic,Stage 2 HTN,High
40-59,Male,Non-Smoker,Normoglycemic,Elevated,High
60-79,Male,Current Smoker,Normoglycemic,Normal,Borderline High
40-59,Male,Non-Smoker,Diabetic,Stage 1 HTN,High
60-79,Female,Current Smoker,Normoglycemic,Normal,Desirable
60-79,Female,Non-Smoker,Normoglycemic,Normal,Desirable
20-39,Female,Non-Smoker,Normoglycemic,Elevated,Borderline High
40-59,Female,Non-Smoker,Normoglycemic,Stage 1 HTN,High
40-59,Female,Non-Smoker,Diabetic,Stage 1 HTN,Borderline High
20-39,Male,Non-Smoker,Normoglycemic,Elevated,Desirable
60-79,Female,Non-Smoker,Diabetic,Stage 1 HTN,High
20-39,Male,Current Smoker,Normoglycemic,Elevated,Desirable
60-79,Female,Non-Smoker,Normoglycemic,Elevated,Borderline High
60-79,Female,Non-Smoker,Normoglycemic,Elevated,Desirable
40-59,Male,Non-Smoker,Normoglycemic,Normal,Desirable
40-59,Female,Non-Smoker,Normoglycemic,Stage 1 HTN,Desirable
20-39,Male,Current Smoker,Normoglycemic,Stage 1 HTN,Desirable
60-79,Female,Non-Smoker,Normoglycemic,Normal,Borderline High
20-39,Male,Non-Smoker,Normoglycemic,Normal,Desirable
60-79,Female,Current Smoker,Diabetic,Stage 2 HTN,Very High
20-39,Female,Current Smoker,Normoglycemic,Normal,Borderline High
80+,Male,Non-Smoker,Normoglycemic,Normal,Desirable
60-79,Male,Non-Smoker,Diabetic,Stage 2 HTN,High
20-39,Male,Current Smoker,Normoglycemic,Normal,Borderline High
20-39,Female,Current Smoker,Normoglycemic,Normal,Desirable
20-39,Female,Non-Smoker,Normoglycemic,Normal,Desirable
40-59,Male,Current Smoker,Diabetic,Stage 2 HTN,Very High
20-39,Female,Current Smoker,Normoglycemic,Elevated,Very High
60-79,Male,Non-Smoker,Normoglycemic,Normal,Borderline High
20-39,Male,Non-Smoker,Diabetic,Stage 2 HTN,High
40-59,Male,Current Smoker,Normoglycemic,Elevated,Borderline High
40-59,Male,Non-Smoker,Diabetic,Stage 1 HTN,High
40-59,Female,Non-Smoker,Normoglycemic,Normal,Desirable
60-79,Male,Non-Smoker,Diabetic,Stage 2 HTN,High
60-79,Female,Current Smoker,Diabetic,Elevated,High
40-59,Female,Non-Smoker,Normoglycemic,Normal,Very High
60-79,Female,Non-Smoker,Normoglycemic,Elevated,Borderline High
60-79,Male,Non-Smoker,Normoglycemic,Elevated,Desirable
60-79,Female,Non-Smoker,Diabetic,Stage 2 HTN,High
20-39,Male,Non-Smoker,Diabetic,Stage 2 HTN,High
20-39,Female,Current Smoker,Normoglycemic,Normal,Desirable
40-59,Male,Current Smoker,Normoglycemic,Elevated,Desirable
40-59,Female,Non-Smoker,Normoglycemic,Stage 1 HTN,Desirable
40-59,Male,Non-Smoker,Normoglycemic,Normal,Borderline High
40-59,Male,Non-Smoker,Normoglycemic,Normal,Desirable
40-59,Female,Non-Smoker,Normoglycemic,Elevated,Borderline High
20-39,Male,Non-Smoker,Normoglycemic,Normal,Borderline High
40-59,Female,Non-Smoker,Normoglycemic,Stage 1 HTN,Borderline High
40-59,Female,Non-Smoker,Normoglycemic,Normal,Desirable
80+,Female,Non-Smoker,Normoglycemic,Normal,Borderline High
40-59,Male,Current Smoker,Normoglycemic,Normal,High
20-39,Male,Current Smoker,Normoglycemic,Elevated,Borderline High
20-39,Female,Non-Smoker,Normoglycemic,Normal,High
40-59,Male,Non-Smoker,Normoglycemic,Elevated,Desirable
40-59,Male,Non-Smoker,Normoglycemic,Normal,Very High
60-79,Male,Non-Smoker,Normoglycemic,Elevated,Very High
40-59,Male,Non-Smoker,Diabetic,Stage 2 HTN,Very High
20-39,Male,Non-Smoker,Diabetic,Stage 2 HTN,Very High
20-39,Male,Non-Smoker,Diabetic,Stage 1 HTN,Very High
20-39,Female,Non-Smoker,Normoglycemic,Normal,Borderline High
40-59,Male,Non-Smoker,Normoglycemic,Normal,Borderline High
60-79,Female,Non-Smoker,Diabetic,Stage 2 HTN,High
20-39,Male,Non-Smoker,Normoglycemic,Normal,Desirable
80+,Male,Non-Smoker,Normoglycemic,Normal,Desirable
40-59,Male,Non-Smoker,Normoglycemic,Normal,High
20-39,Female,Current Smoker,Normoglycemic,Normal,Desirable
20-39,Female,Non-Smoker,Normoglycemic,Normal,Desirable
20-39,Male,Non-Smoker,Normoglycemic,Normal,High
60-79,Female,Current Smoker,Diabetic,Stage 1 HTN,Very High
80+,Male,Current Smoker,Diabetic,Stage 2 HTN,High
60-79,Male,Non-Smoker,Diabetic,Stage 2 HTN,Borderline High
40-59,Female,Non-Smoker,Normoglycemic,Normal,Desirable
20-39,Female,Non-Smoker,Normoglycemic,Elevated,Desirable
20-39,Female,Non-Smoker,Diabetic,Stage 1 HTN,Very High
60-79,Female,Non-Smoker,Normoglycemic,Stage 2 HTN,High
40-59,Female,Non-Smoker,Normoglycemic,Elevated,Desirable
40-59,Female,Non-Smoker,Normoglycemic,Normal,Borderline High
20-39,Male,Current Smoker,Normoglycemic,Normal,Borderline High
60-79,Male,Non-Smoker,Normoglycemic,Stage 1 HTN,Borderline High
80+,Male,Current Smoker,Diabetic,Stage 1 HTN,High
20-39,Male,Current Smoker,Normoglycemic,Normal,High
40-59,Female,Non-Smoker,Diabetic,Stage 1 HTN,High
40-59,Female,Non-Smoker,Normoglycemic,Normal,High
40-59,Male,Non-Smoker,Normoglycemic,Elevated,Desirable
60-79,Male,Current Smoker,Diabetic,Stage 2 HTN,High
40-59,Male,Non-Smoker,Normoglycemic,Normal,Desirable
20-39,Male,Current Smoker,Normoglycemic,Normal,High
80+,Female,Non-Smoker,Normoglycemic,Normal,High
20-39,Female,Non-Smoker,Diabetic,Stage 1 HTN,Borderline High
20-39,Male,Non-Smoker,Normoglycemic,Normal,Very High
20-39,Female,Non-Smoker,Normoglycemic,Normal,Desirable
20-39,Male,Non-Smoker,Normoglycemic,Elevated,Borderline High
20-39,Female,Non-Smoker,Normoglycemic,Normal,Desirable
40-59,Female,Current Smoker,Diabetic,Stage 2 HTN,High
60-79,Female,Non-Smoker,Diabetic,Stage 2 HTN,High
60-79,Male,Non-Smoker,Diabetic,Stage 2 HTN,High
40-59,Female,Non-Smoker,Normoglycemic,Elevated,Desirable
60-79,Male,Non-Smoker,Diabetic,Stage 2 HTN,Very High
20-39,Male,Non-Smoker,Normoglycemic,Normal,Desirable
40-59,Male,Current Smoker,Normoglycemic,Normal,Desirable
60-79,Female,Current Smoker,Normoglycemic,Normal,Desirable
40-59,Male,Non-Smoker,Normoglycemic,Elevated,Borderline High
40-59,Male,Non-Smoker,Normoglycemic,Stage 1 HTN,Very High
60-79,Male,Non-Smoker,Diabetic,Stage 2 HTN,High
20-39,Male,Non-Smoker,Normoglycemic,Normal,Desirable
40-59,Female,Current Smoker,Diabetic,Stage 1 HTN,High
60-79,Male,Non-Smoker,Normoglycemic,Normal,Borderline High
40-59,Male,Non-Smoker,Diabetic,Stage 2 HTN,High
60-79,Male,Non-Smoker,Normoglycemic,Stage 2 HTN,Desirable
20-39,Female,Non-Smoker,Normoglycemic,Normal,Borderline High
40-59,Female,Non-Smoker,Normoglycemic,Elevated,High
60-79,Female,Current Smoker,Diabetic,Stage 2 HTN,High
60-79,Female,Non-Smoker,Diabetic,Stage 2 HTN,High
40-59,Male,Non-Smoker,Normoglycemic,Elevated,Borderline High
40-59,Male,Current Smoker,Normoglycemic,Stage 1 HTN,Desirable
20-39,Female,Non-Smoker,Normoglycemic,Normal,Desirable
20-39,Male,Current Smoker,Normoglycemic,Normal,Borderline High
40-59,Female,Non-Smoker,Diabetic,Stage 2 HTN,High
60-79,Male,Non-Smoker,Diabetic,Stage 1 HTN,Borderline High
20-39,Male,Non-Smoker,Normoglycemic,Elevated,Desirable
60-79,Female,Non-Smoker,Normoglycemic,Stage 1 HTN,Desirable
60-79,Male,Current Smoker,Diabetic,Stage 2 HTN,Borderline High
60-79,Male,Non-Smoker,Normoglycemic,Normal,Desirable
80+,Female,Current Smoker,Normoglycemic,Normal,Desirable
20-39,Male,Non-Smoker,Normoglycemic,Elevated,Borderline High
60-79,Male,Current Smoker,Normoglycemic,Normal,Borderline High
20-39,Male,Non-Smoker,Diabetic,Normal,Borderline High
40-59,Female,Non-Smoker,Normoglycemic,Normal,Desirable
40-59,Male,Non-Smoker,Normoglycemic,Stage 1 HTN,High
20-39,Female,Non-Smoker,Diabetic,Stage 2 HTN,High
40-59,Female,Current Smoker,Normoglycemic,Elevated,Borderline High
60-79,Male,Non-Smoker,Diabetic,Stage 2 HTN,Very High
20-39,Male,Non-Smoker,Normoglycemic,Stage 1 HTN,Desirable
80+,Female,Non-Smoker,Normoglycemic,Normal,Very High
40-59,Male,Current Smoker,Normoglycemic,Normal,Borderline High
40-59,Male,Non-Smoker,Normoglycemic,Stage 2 HTN,Desirable
60-79,Male,Non-Smoker,Normoglycemic,Normal,High
20-39,Female,Current Smoker,Normoglycemic,Normal,Borderline High
80+,Female,Current Smoker,Normoglycemic,Stage 2 HTN,Desirable
40-59,Male,Current Smoker,Normoglycemic,Normal,Very High
40-59,Female,Non-Smoker,Normoglycemic,Elevated,High
20-39,Male,Non-Smoker,Normoglycemic,Normal,High
20-39,Female,Non-Smoker,Normoglycemic,Normal,Borderline High
20-39,Female,Non-Smoker,Normoglycemic,Normal,Desirable
40-59,Male,Non-Smoker,Normoglycemic,Normal,Desirable
20-39,Male,Non-Smoker,Normoglycemic,Elevated,Desirable
80+,Male,Current Smoker,Diabetic,Stage 1 HTN,Very High
40-59,Male,Current Smoker,Normoglycemic,Normal,Desirable
20-39,Male,Non-Smoker,Diabetic,Stage 1 HTN,Very High
40-59,Male,Non-Smoker,Normoglycemic,Normal,Desirable
20-39,Male,Non-Smoker,Normoglycemic,Stage 2 HTN,Desirable
20-39,Male,Non-Smoker,Normoglycemic,Normal,Desirable
40-59,Female,Current Smoker,Normoglycemic,Elevated,Borderline High
20-39,Female,Non-Smoker,Normoglycemic,Normal,Borderline High
40-59,Female,Non-Smoker,Diabetic,Stage 1 HTN,Very High
80+,Male,Non-Smoker,Normoglycemic,Normal,Very High
20-39,Male,Non-Smoker,Normoglycemic,Elevated,High
20-39,Male,Current Smoker,Normoglycemic,Normal,High
60-79,Female,Non-Smoker,Diabetic,Stage 1 HTN,Very High
20-39,Female,Current Smoker,Normoglycemic,Normal,Desirable
60-79,Male,Current Smoker,Normoglycemic,Normal,Borderline High
40-59,Male,Non-Smoker,Normoglycemic,Normal,High
40-59,Female,Current Smoker,Normoglycemic,Normal,Desirable
40-59,Male,Current Smoker,Normoglycemic,Normal,Desirable
20-39,Male,Non-Smoker,Normoglycemic,Stage 1 HTN,Desirable
20-39,Male,Non-Smoker,Normoglycemic,Normal,High
20-39,Male,Non-Smoker,Normoglycemic,Normal,Desirable
40-59,Female,Non-Smoker,Diabetic,Stage 2 HTN,High
40-59,Male,Current Smoker,Diabetic,Stage 2 HTN,Very High
20-39,Male,Non-Smoker,Normoglycemic,Normal,High
20-39,Female,Non-Smoker,Normoglycemic,Elevated,High
20-39,Male,Non-Smoker,Normoglycemic,Stage 1 HTN,Desirable
20-39,Male,Non-Smoker,Normoglycemic,Normal,Desirable
20-39,Female,Non-Smoker,Normoglycemic,Normal,Desirable
80+,Male,Non-Smoker,Normoglycemic,Normal,Borderline High
20-39,Male,Non-Smoker,Normoglycemic,Normal,Borderline High
40-59,Female,Non-Smoker,Diabetic,Stage 2 HTN,Desirable
40-59,Male,Current Smoker,Diabetic,Stage 2 HTN,Very High
40-59,Male,Current Smoker,Normoglycemic,Normal,Desirable
60-79,Male,Non-Smoker,Normoglycemic,Normal,Desirable
20-39,Female,Non-Smoker,Normoglycemic,Normal,Very High
60-79,Male,Non-Smoker,Normoglycemic,Elevated,Borderline High
20-39,Male,Non-Smoker,Diabetic,Stage 1 HTN,High
40-59,Female,Non-Smoker,Normoglycemic,Elevated,Borderline High
20-39,Female,Non-Smoker,Normoglycemic,Elevated,Very High
20-39,Female,Current Smoker,Normoglycemic,Stage 2 HTN,Desirable
40-59,Female,Non-Smoker,Normoglycemic,Normal,Desirable
40-59,Female,Non-Smoker,Normoglycemic,Stage 2 HTN,Borderline High
60-79,Male,Non-Smoker,Diabetic,Normal,High
20-39,Male,Current Smoker,Normoglycemic,Normal,Borderline High
60-79,Male,Non-Smoker,Normoglycemic,Normal,Desirable
40-59,Female,Non-Smoker,Normoglycemic,Normal,Desirable
20-39,Female,Non-Smoker,Normoglycemic,Stage 1 HTN,High
60-79,Female,Non-Smoker,Normoglycemic,Elevated,Desirable
20-39,Female,Non-Smoker,Normoglycemic,Normal,Very High
20-39,Male,Non-Smoker,Normoglycemic,Stage 1 HTN,Very High
20-39,Female,Non-Smoker,Normoglycemic,Elevated,Very High
20-39,Female,Non-Smoker,Normoglycemic,Normal,Desirable
20-39,Female,Non-Smoker,Normoglycemic,Elevated,Very High
60-79,Male,Current Smoker,Diabetic,Stage 2 HTN,Very High
40-59,Female,Non-Smoker,Diabetic,Stage 2 HTN,High
20-39,Female,Non-Smoker,Normoglycemic,Normal,Desirable
80+,Male,Non-Smoker,Normoglycemic,Stage 1 HTN,Very High
60-79,Male,Current Smoker,Normoglycemic,Normal,Desirable
20-39,Female,Non-Smoker,Diabetic,Stage 2 HTN,Very High
20-39,Female,Non-Smoker,Normoglycemic,Stage 1 HTN,Very High
20-39,Male,Non-Smoker,Normoglycemic,Elevated,High
20-39,Female,Non-Smoker,Diabetic,Stage 2 HTN,High
20-39,Female,Non-Smoker,Normoglycemic,Stage 1 HTN,High
80+,Female,Non-Smoker,Diabetic,Stage 1 HTN,High
20-39,Female,Non-Smoker,Normoglycemic,Normal,Desirable
40-59,Female,Current Smoker,Normoglycemic,Normal,High
60-79,Female,Non-Smoker,Normoglycemic,Normal,Desirable
20-39,Male,Current Smoker,Normoglycemic,Normal,High
40-59,Female,Non-Smoker,Diabetic,Elevated,Very High
40-59,Female,Non-Smoker,Normoglycemic,Normal,High
80+,Male,Non-Smoker,Normoglycemic,Elevated,High
20-39,Male,Non-Smoker,Normoglycemic,Normal,High
40-59,Female,Non-Smoker,Diabetic,Stage 2 HTN,Very High
40-59,Male,Current Smoker,Normoglycemic,Normal,High
40-59,Female,Non-Smoker,Normoglycemic,Normal,Borderline High
20-39,Male,Non-Smoker,Normoglycemic,Normal,High
20-39,Female,Non-Smoker,Normoglycemic,Elevated,Borderline High
40-59,Female,Non-Smoker,Diabetic,Stage 1 HTN,High
20-39,Male,Current Smoker,Normoglycemic,Elevated,Very High
60-79,Male,Non-Smoker,Diabetic,Stage 2 HTN,High
60-79,Male,Current Smoker,Normoglycemic,Stage 1 HTN,Desirable
20-39,Male,Current Smoker,Normoglycemic,Elevated,Borderline High
60-79,Female,Non-Smoker,Diabetic,Stage 2 HTN,Borderline High
40-59,Male,Non-Smoker,Diabetic,Stage 1 HTN,High
20-39,Male,Current Smoker,Normoglycemic,Elevated,Borderline High
60-79,Male,Non-Smoker,Normoglycemic,Elevated,Desirable
40-59,Female,Non-Smoker,Normoglycemic,Normal,Borderline High
80+,Female,Non-Smoker,Diabetic,Stage 1 HTN,High
60-79,Female,Current Smoker,Normoglycemic,Normal,High
40-59,Female,Current Smoker,Normoglycemic,Normal,Desirable
20-39,Female,Non-Smoker,Normoglycemic,Normal,Borderline High
60-79,Male,Non-Smoker,Diabetic,Stage 2 HTN,Very High
20-39,Female,Non-Smoker,Normoglycemic,Elevated,Borderline High
40-59,Female,Non-Smoker,Normoglycemic,Stage 1 HTN,Desirable
20-39,Female,Current Smoker,Normoglycemic,Normal,Desirable
20-39,Female,Non-Smoker,Normoglycemic,Normal,Desirable
40-59,Male,Non-Smoker,Diabetic,Stage 2 HTN,High
40-59,Male,Non-Smoker,Diabetic,Stage 2 HTN,High
40-59,Female,Non-Smoker,Normoglycemic,Normal,Desirable
40-59,Male,Current Smoker,Normoglycemic,Normal,Desirable
20-39,Male,Non-Smoker,Normoglycemic,Normal,High
20-39,Male,Current Smoker,Normoglycemic,Elevated,High
20-39,Female,Non-Smoker,Normoglycemic,Normal,High
40-59,Male,Non-Smoker,Normoglycemic,Elevated,Desirable
60-79,Male,Non-Smoker,Normoglycemic,Elevated,Desirable
80+,Male,Non-Smoker,Normoglycemic,Normal,Borderline High
60-79,Male,Non-Smoker,Normoglycemic,Normal,Desirable
80+,Female,Non-Smoker,Normoglycemic,Stage 1 HTN,Borderline High
20-39,Female,Non-Smoker,Normoglycemic,Elevated,Very High
40-59,Male,Non-Smoker,Normoglycemic,Normal,Desirable
20-39,Male,Non-Smoker,Normoglycemic,Elevated,Desirable
20-39,Male,Non-Smoker,Normoglycemic,Normal,High
20-39,Female,Non-Smoker,Normoglycemic,Stage 1 HTN,Desirable
60-79,Female,Non-Smoker,Normoglycemic,Stage 1 HTN,Borderline High
40-59,Male,Non-Smoker,Diabetic,Stage 1 HTN,High
20-39,Female,Non-Smoker,Normoglycemic,Normal,Borderline High
20-39,Female,Non-Smoker,Diabetic,Stage 2 HTN,Very High
80+,Male,Current Smoker,Diabetic,Stage 1 HTN,Desirable
40-59,Male,Non-Smoker,Normoglycemic,Elevated,Borderline High
20-39,Male,Non-Smoker,Normoglycemic,Elevated,Borderline High
20-39,Female,Non-Smoker,Normoglycemic,Elevated,Borderline High
20-39,Male,Non-Smoker,Normoglycemic,Normal,Desirable
20-39,Female,Non-Smoker,Normoglycemic,Elevated,Borderline High
80+,Male,Non-Smoker,Diabetic,Stage 2 HTN,Very High
40-59,Female,Non-Smoker,Normoglycemic,Normal,Borderline High
40-59,Female,Non-Smoker,Normoglycemic,Normal,Desirable
60-79,Male,Non-Smoker,Normoglycemic,Stage 1 HTN,Borderline High
40-59,Female,Non-Smoker,Diabetic,Stage 2 HTN,High
20-39,Male,Current Smoker,Normoglycemic,Elevated,High
20-39,Male,Non-Smoker,Normoglycemic,Elevated,Very High
20-39,Female,Non-Smoker,Normoglycemic,Normal,High
20-39,Male,Current Smoker,Normoglycemic,Stage 1 HTN,Desirable
40-59,Male,Non-Smoker,Normoglycemic,Stage 1 HTN,Borderline High
20-39,Male,Non-Smoker,Normoglycemic,Normal,Desirable
40-59,Male,Non-Smoker,Diabetic,Stage 2 HTN,Very High
40-59,Male,Non-Smoker,Normoglycemic,Normal,Desirable
20-39,Male,Non-Smoker,Normoglycemic,Normal,Borderline High
20-39,Male,Non-Smoker,Normoglycemic,Normal,Desirable
40-59,Male,Non-Smoker,Normoglycemic,Elevated,Desirable
40-59,Female,Non-Smoker,Diabetic,Stage 2 HTN,High
20-39,Male,Current Smoker,Diabetic,Stage 2 HTN,Desirable
40-59,Male,Non-Smoker,Normoglycemic,Normal,High
60-79,Female,Non-Smoker,Normoglycemic,Normal,Desirable
20-39,Female,Non-Smoker,Normoglycemic,Normal,Desirable
20-39,Female,Non-Smoker,Normoglycemic,Normal,Very High
20-39,Male,Non-Smoker,Normoglycemic,Normal,High
20-39,Male,Non-Smoker,Normoglycemic,Stage 2 HTN,Desirable
20-39,Male,Non-Smoker,Diabetic,Stage 1 HTN,Very High
60-79,Female,Current Smoker,Normoglycemic,Elevated,Borderline High
20-39,Female,Non-Smoker,Normoglycemic,Normal,Desirable
20-39,Male,Non-Smoker,Normoglycemic,Stage 1 HTN,Borderline High
20-39,Male,Non-Smoker,Normoglycemic,Normal,Borderline High
60-79,Female,Non-Smoker,Diabetic,Stage 1 HTN,High
60-79,Male,Non-Smoker,Diabetic,Stage 2 HTN,Desirable
60-79,Female,Current Smoker,Diabetic,Stage 1 HTN,Desirable
20-39,Female,Non-Smoker,Normoglycemic,Stage 2 HTN,Borderline High
40-59,Female,Non-Smoker,Diabetic,Stage 2 HTN,Borderline High
20-39,Female,Non-Smoker,Normoglycemic,Normal,Borderline High
40-59,Female,Non-Smoker,Normoglycemic,Elevated,Desirable
40-59,Male,Non-Smoker,Normoglycemic,Normal,Desirable
40-59,Female,Non-Smoker,Normoglycemic,Elevated,Desirable
40-59,Male,Current Smoker,Normoglycemic,Elevated,High
20-39,Male,Current Smoker,Normoglycemic,Stage 2 HTN,Desirable
60-79,Male,Non-Smoker,Diabetic,Stage 2 HTN,High
40-59,Female,Current Smoker,Normoglycemic,Normal,Desirable
20-39,Female,Non-Smoker,Normoglycemic,Normal,High
40-59,Male,Non-Smoker,Normoglycemic,Stage 1 HTN,Desirable
60-79,Female,Non-Smoker,Diabetic,Stage 1 HTN,Borderline High
60-79,Female,Current Smoker,Normoglycemic,Normal,Desirable
40-59,Female,Non-Smoker,Normoglycemic,Normal,Desirable
40-59,Male,Non-Smoker,Diabetic,Stage 2 HTN,High
80+,Female,Non-Smoker,Diabetic,Stage 1 HTN,Borderline High
20-39,Female,Non-Smoker,Diabetic,Stage 2 HTN,High
40-59,Female,Non-Smoker,Diabetic,Stage 1 HTN,Desirable
20-39,Female,Non-Smoker,Normoglycemic,Elevated,Borderline High
80+,Female,Current Smoker,Diabetic,Stage 1 HTN,Very High
60-79,Female,Non-Smoker,Diabetic,Stage 2 HTN,Borderline High
60-79,Male,Non-Smoker,Diabetic,Stage 2 HTN,Borderline High
40-59,Male,Current Smoker,Diabetic,Stage 2 HTN,Very High
80+,Female,Non-Smoker,Diabetic,Stage 1 HTN,Borderline High
20-39,Male,Non-Smoker,Normoglycemic,Stage 1 HTN,Borderline High
20-39,Male,Non-Smoker,Diabetic,Stage 2 HTN,Very High
20-39,Female,Non-Smoker,Normoglycemic,Normal,Borderline High
20-39,Female,Non-Smoker,Normoglycemic,Normal,Borderline High
60-79,Female,Non-Smoker,Diabetic,Stage 2 HTN,Very High
40-59,Female,Non-Smoker,Normoglycemic,Stage 1 HTN,Desirable
60-79,Female,Non-Smoker,Normoglycemic,Normal,Borderline High
20-39,Female,Non-Smoker,Normoglycemic,Elevated,Borderline High
60-79,Male,Non-Smoker,Normoglycemic,Normal,Borderline High
40-59,Male,Non-Smoker,Diabetic,Stage 2 HTN,High
20-39,Female,Non-Smoker,Normoglycemic,Elevated,Borderline High
40-59,Male,Non-Smoker,Normoglycemic,Normal,Desirable
40-59,Male,Non-Smoker,Normoglycemic,Normal,Desirable
40-59,Male,Non-Smoker,Normoglycemic,Normal,Desirable
20-39,Male,Non-Smoker,Normoglycemic,Elevated,High
60-79,Female,Non-Smoker,Diabetic,Stage 2 HTN,Borderline High
60-79,Female,Non-Smoker,Normoglycemic,Stage 1 HTN,Desirable
40-59,Male,Non-Smoker,Normoglycemic,Normal,Desirable
40-59,Female,Current Smoker,Diabetic,Stage 2 HTN,High
40-59,Male,Non-Smoker,Normoglycemic,Normal,High
60-79,Female,Non-Smoker,Normoglycemic,Normal,Desirable
80+,Female,Non-Smoker,Diabetic,Stage 2 HTN,High
40-59,Male,Non-Smoker,Normoglycemic,Elevated,Desirable
80+,Female,Non-Smoker,Normoglycemic,Normal,Borderline High
40-59,Male,Current Smoker,Diabetic,Stage 2 HTN,High
20-39,Female,Current Smoker,Normoglycemic,Normal,Borderline High
20-39,Male,Non-Smoker,Normoglycemic,Normal,Desirable
20-39,Female,Non-Smoker,Normoglycemic,Elevated,Desirable
60-79,Female,Current Smoker,Diabetic,Stage 2 HTN,Borderline High
20-39,Female,Non-Smoker,Diabetic,Stage 1 HTN,High
20-39,Female,Non-Smoker,Normoglycemic,Normal,Very High
20-39,Male,Non-Smoker,Normoglycemic,Normal,Borderline High
20-39,Male,Non-Smoker,Normoglycemic,Normal,Very High
40-59,Male,Non-Smoker,Diabetic,Elevated,Very High
40-59,Female,Non-Smoker,Normoglycemic,Normal,Borderline High
20-39,Female,Non-Smoker,Normoglycemic,Normal,Desirable
40-59,Male,Current Smoker,Normoglycemic,Normal,High
40-59,Male,Non-Smoker,Normoglycemic,Normal,Desirable
20-39,Female,Non-Smoker,Normoglycemic,Elevated,High
40-59,Female,Current Smoker,Normoglycemic,Normal,Desirable
60-79,Female,Non-Smoker,Diabetic,Stage 2 HTN,Very High
80+,Male,Current Smoker,Diabetic,Stage 2 HTN,High
60-79,Female,Non-Smoker,Diabetic,Stage 2 HTN,High
60-79,Male,Current Smoker,Diabetic,Stage 2 HTN,Very High
60-79,Female,Non-Smoker,Normoglycemic,Normal,Borderline High
40-59,Male,Non-Smoker,Normoglycemic,Normal,Borderline High
40-59,Female,Non-Smoker,Normoglycemic,Stage 1 HTN,Borderline High
40-59,Female,Current Smoker,Diabetic,Stage 1 HTN,High
80+,Female,Non-Smoker,Normoglycemic,Normal,Desirable
40-59,Female,Non-Smoker,Normoglycemic,Normal,Desirable
20-39,Male,Current Smoker,Diabetic,Stage 1 HTN,Borderline High
40-59,Female,Non-Smoker,Normoglycemic,Normal,Desirable
40-59,Female,Non-Smoker,Normoglycemic,Normal,Borderline High
60-79,Male,Current Smoker,Diabetic,Elevated,High
20-39,Male,Current Smoker,Normoglycemic,Normal,Desirable
60-79,Female,Current Smoker,Diabetic,Stage 2 HTN,Desirable
80+,Female,Non-Smoker,Normoglycemic,Stage 1 HTN,Desirable
40-59,Female,Non-Smoker,Normoglycemic,Normal,Desirable
40-59,Female,Current Smoker,Normoglycemic,Normal,Desirable
40-59,Male,Current Smoker,Diabetic,Stage 1 HTN,High
40-59,Female,Non-Smoker,Normoglycemic,Normal,Desirable
40-59,Male,Non-Smoker,Normoglycemic,Elevated,Desirable
20-39,Female,Non-Smoker,Normoglycemic,Elevated,Desirable
40-59,Male,Current Smoker,Diabetic,Stage 2 HTN,Very High
60-79,Female,Non-Smoker,Normoglycemic,Elevated,Desirable
40-59,Female,Non-Smoker,Normoglycemic,Elevated,High
20-39,Female,Non-Smoker,Normoglycemic,Normal,High
60-79,Female,Non-Smoker,Diabetic,Stage 2 HTN,Borderline High
20-39,Male,Non-Smoker,Diabetic,Stage 2 HTN,High
40-59,Male,Non-Smoker,Normoglycemic,Elevated,Borderline High
20-39,Male,Non-Smoker,Normoglycemic,Normal,Desirable
40-59,Male,Non-Smoker,Normoglycemic,Stage 1 HTN,Very High
60-79,Female,Non-Smoker,Diabetic,Stage 2 HTN,Very High
80+,Female,Non-Smoker,Normoglycemic,Normal,Desirable
20-39,Male,Non-Smoker,Normoglycemic,Normal,High
20-39,Male,Non-Smoker,Normoglycemic,Normal,High
60-79,Male,Non-Smoker,Normoglycemic,Stage 2 HTN,Desirable
60-79,Male,Non-Smoker,Normoglycemic,Stage 1 HTN,Desirable
20-39,Male,Non-Smoker,Normoglycemic,Stage 2 HTN,High
20-39,Female,Non-Smoker,Diabetic,Stage 2 HTN,Very High
20-39,Male,Current Smoker,Normoglycemic,Elevated,Borderline High
80+,Female,Non-Smoker,Normoglycemic,Elevated,Desirable
40-59,Male,Non-Smoker,Diabetic,Stage 2 HTN,Borderline High
20-39,Female,Current Smoker,Normoglycemic,Normal,Desirable
20-39,Male,Non-Smoker,Normoglycemic,Normal,Desirable
20-39,Female,Non-Smoker,Diabetic,Stage 2 HTN,Very High
20-39,Female,Non-Smoker,Normoglycemic,Normal,Borderline High
60-79,Male,Non-Smoker,Normoglycemic,Elevated,Borderline High
40-59,Male,Current Smoker,Diabetic,Stage 2 HTN,High
40-59,Male,Non-Smoker,Normoglycemic,Elevated,Desirable
40-59,Female,Non-Smoker,Normoglycemic,Stage 2 HTN,High
20-39,Female,Non-Smoker,Normoglycemic,Normal,Desirable
20-39,Male,Non-Smoker,Normoglycemic,Normal,Desirable
40-59,Female,Non-Smoker,Normoglycemic,Normal,Desirable
80+,Male,Non-Smoker,Normoglycemic,Stage 2 HTN,Borderline High
40-59,Male,Non-Smoker,Normoglycemic,Normal,Borderline High
20-39,Male,Non-Smoker,Normoglycemic,Normal,Desirable
20-39,Female,Current Smoker,Normoglycemic,Normal,Very High
60-79,Male,Current Smoker,Diabetic,Normal,Very High
40-59,Male,Current Smoker,Diabetic,Stage 2 HTN,Very High
40-59,Male,Non-Smoker,Normoglycemic,Normal,Borderline High
60-79,Male,Non-Smoker,Diabetic,Stage 2 HTN,High
40-59,Male,Non-Smoker,Normoglycemic,Elevated,Borderline High
40-59,Female,Current Smoker,Normoglycemic,Elevated,High
60-79,Female,Non-Smoker,Normoglycemic,Normal,Desirable
20-39,Female,Non-Smoker,Diabetic,Stage 1 HTN,High
20-39,Male,Current Smoker,Diabetic,Stage 1 HTN,Very High
20-39,Male,Non-Smoker,Normoglycemic,Elevated,Desirable
20-39,Female,Non-Smoker,Normoglycemic,Stage 1 HTN,High
20-39,Female,Current Smoker,Normoglycemic,Elevated,Desirable
40-59,Male,Non-Smoker,Normoglycemic,Normal,High
40-59,Female,Current Smoker,Diabetic,Stage 2 HTN,Borderline High
20-39,Male,Current Smoker,Diabetic,Stage 1 HTN,Very High
60-79,Male,Current Smoker,Normoglycemic,Normal,Desirable
40-59,Female,Non-Smoker,Diabetic,Stage 2 HTN,Very High
40-59,Female,Non-Smoker,Normoglycemic,Elevated,Very High
20-39,Female,Non-Smoker,Normoglycemic,Normal,Borderline High
40-59,Female,Non-Smoker,Normoglycemic,Normal,Borderline High
20-39,Female,Non-Smoker,Normoglycemic,Stage 1 HTN,High
40-59,Male,Non-Smoker,Normoglycemic,Normal,Desirable
40-59,Female,Non-Smoker,Normoglycemic,Normal,Desirable
40-59,Female,Non-Smoker,Normoglycemic,Elevated,High
40-59,Male,Non-Smoker,Diabetic,Stage 2 HTN,High
60-79,Female,Non-Smoker,Normoglycemic,Stage 1 HTN,Desirable
40-59,Male,Non-Smoker,Normoglycemic,Normal,High
40-59,Male,Current Smoker,Normoglycemic,Stage 1 HTN,Desirable
40-59,Female,Current Smoker,Normoglycemic,Normal,Desirable
40-59,Male,Non-Smoker,Normoglycemic,Normal,Very High
20-39,Male,Non-Smoker,Normoglycemic,Elevated,Desirable
40-59,Female,Non-Smoker,Normoglycemic,Normal,Borderline High
60-79,Male,Non-Smoker,Diabetic,Stage 2 HTN,Borderline High
60-79,Male,Non-Smoker,Diabetic,Stage 2 HTN,High
20-39,Male,Non-Smoker,Normoglycemic,Elevated,High
40-59,Female,Current Smoker,Normoglycemic,Normal,Very High
20-39,Male,Current Smoker,Normoglycemic,Stage 1 HTN,Desirable
60-79,Male,Current Smoker,Diabetic,Stage 1 HTN,Borderline High
80+,Female,Non-Smoker,Diabetic,Stage 2 HTN,Very High
40-59,Male,Current Smoker,Normoglycemic,Normal,Desirable
20-39,Male,Non-Smoker,Normoglycemic,Normal,High
40-59,Male,Non-Smoker,Normoglycemic,Normal,High
40-59,Male,Current Smoker,Normoglycemic,Normal,High
20-39,Female,Non-Smoker,Normoglycemic,Normal,Very High
40-59,Female,Non-Smoker,Diabetic,Stage 2 HTN,Desirable
60-79,Female,Non-Smoker,Diabetic,Stage 2 HTN,High
40-59,Male,Non-Smoker,Diabetic,Stage 1 HTN,Very High
60-79,Female,Non-Smoker,Normoglycemic,Stage 1 HTN,Borderline High
20-39,Male,Current Smoker,Normoglycemic,Stage 1 HTN,Desirable
40-59,Female,Non-Smoker,Diabetic,Stage 2 HTN,High
40-59,Male,Current Smoker,Normoglycemic,Normal,Desirable
20-39,Male,Non-Smoker,Normoglycemic,Elevated,Desirable
20-39,Female,Non-Smoker,Diabetic,Normal,Very High
40-59,Female,Non-Smoker,Normoglycemic,Normal,Desirable
20-39,Female,Non-Smoker,Normoglycemic,Stage 2 HTN,Desirable
20-39,Male,Current Smoker,Diabetic,Elevated,High
20-39,Female,Non-Smoker,Normoglycemic,Elevated,Borderline High
20-39,Female,Non-Smoker,Normoglycemic,Normal,Borderline High
60-79,Male,Non-Smoker,Normoglycemic,Normal,Desirable
20-39,Female,Non-Smoker,Diabetic,Stage 2 HTN,Very High
60-79,Female,Non-Smoker,Normoglycemic,Elevated,Borderline High
20-39,Male,Non-Smoker,Normoglycemic,Normal,Borderline High
40-59,Male,Current Smoker,Normoglycemic,Normal,Borderline High
80+,Female,Current Smoker,Normoglycemic,Normal,Desirable
60-79,Female,Current Smoker,Diabetic,Stage 2 HTN,Borderline High
40-59,Male,Non-Smoker,Normoglycemic,Stage 1 HTN,Desirable
40-59,Female,Non-Smoker,Normoglycemic,Normal,Desirable
80+,Female,Non-Smoker,Diabetic,Stage 1 HTN,Very High
20-39,Male,Current Smoker,Normoglycemic,Normal,Desirable
40-59,Male,Non-Smoker,Diabetic,Stage 1 HTN,Very High
20-39,Male,Non-Smoker,Normoglycemic,Elevated,Desirable
20-39,Male,Non-Smoker,Normoglycemic,Normal,High
40-59,Female,Non-Smoker,Normoglycemic,Normal,Desirable
40-59,Male,Current Smoker,Normoglycemic,Elevated,Very High
40-59,Female,Non-Smoker,Normoglycemic,Elevated,Borderline High
80+,Male,Non-Smoker,Diabetic,Stage 2 HTN,Desirable
60-79,Male,Non-Smoker,Normoglycemic,Stage 2 HTN,Very High
60-79,Male,Non-Smoker,Normoglycemic,Normal,Borderline High
80+,Male,Non-Smoker,Normoglycemic,Elevated,Desirable
40-59,Female,Current Smoker,Normoglycemic,Normal,High
60-79,Female,Current Smoker,Diabetic,Stage 2 HTN,Very High
20-39,Female,Current Smoker,Normoglycemic,Normal,High
60-79,Female,Non-Smoker,Diabetic,Stage 2 HTN,Borderline High
40-59,Male,Non-Smoker,Normoglycemic,Stage 2 HTN,High
20-39,Female,Non-Smoker,Normoglycemic,Normal,Very High
20-39,Female,Non-Smoker,Normoglycemic,Normal,High
40-59,Male,Current Smoker,Normoglycemic,Normal,High
20-39,Male,Non-Smoker,Normoglycemic,Normal,Desirable
20-39,Female,Non-Smoker,Diabetic,Stage 1 HTN,High
60-79,Female,Non-Smoker,Normoglycemic,Normal,Borderline High
20-39,Male,Non-Smoker,Normoglycemic,Elevated,High
60-79,Female,Current Smoker,Diabetic,Stage 1 HTN,Borderline High
20-39,Male,Non-Smoker,Normoglycemic,Elevated,Borderline High
40-59,Female,Non-Smoker,Normoglycemic,Elevated,Desirable
20-39,Male,Non-Smoker,Normoglycemic,Elevated,Desirable
20-39,Male,Non-Smoker,Normoglycemic,Normal,Very High
40-59,Male,Non-Smoker,Diabetic,Stage 2 HTN,Very High
60-79,Male,Current Smoker,Diabetic,Stage 1 HTN,High
60-79,Female,Non-Smoker,Normoglycemic,Normal,Desirable
60-79,Female,Non-Smoker,Normoglycemic,Normal,High
20-39,Male,Current Smoker,Normoglycemic,Normal,Desirable
20-39,Female,Current Smoker,Normoglycemic,Normal,Borderline High
60-79,Male,Non-Smoker,Diabetic,Stage 1 HTN,Very High
40-59,Male,Current Smoker,Normoglycemic,Elevated,Borderline High
20-39,Female,Non-Smoker,Normoglycemic,Normal,Desirable
40-59,Male,Non-Smoker,Normoglycemic,Normal,Desirable
20-39,Female,Current Smoker,Normoglycemic,Elevated,Desirable
80+,Male,Non-Smoker,Normoglycemic,Elevated,Borderline High
20-39,Male,Non-Smoker,Normoglycemic,Normal,High
20-39,Male,Current Smoker,Normoglycemic,Elevated,Borderline High
60-79,Male,Non-Smoker,Normoglycemic,Normal,Desirable
40-59,Male,Non-Smoker,Diabetic,Elevated,High
20-39,Male,Non-Smoker,Normoglycemic,Elevated,Desirable
20-39,Male,Non-Smoker,Normoglycemic,Elevated,Desirable
40-59,Female,Non-Smoker,Normoglycemic,Elevated,High
20-39,Male,Non-Smoker,Normoglycemic,Normal,Borderline High
60-79,Male,Non-Smoker,Diabetic,Stage 2 HTN,High
80+,Male,Non-Smoker,Normoglycemic,Normal,Desirable
40-59,Male,Non-Smoker,Normoglycemic,Stage 1 HTN,Desirable
40-59,Female,Non-Smoker,Normoglycemic,Elevated,High
40-59,Female,Current Smoker,Normoglycemic,Normal,Borderline High
20-39,Female,Non-Smoker,Diabetic,Stage 2 HTN,Borderline High
40-59,Female,Non-Smoker,Normoglycemic,Normal,High
20-39,Male,Current Smoker,Diabetic,Elevated,High
80+,Female,Current Smoker,Normoglycemic,Normal,Borderline High
40-59,Male,Current Smoker,Normoglycemic,Normal,Borderline High
40-59,Male,Non-Smoker,Normoglycemic,Normal,Desirable
60-79,Female,Current Smoker,Normoglycemic,Normal,Borderline High
40-59,Female,Non-Smoker,Normoglycemic,Normal,High
60-79,Female,Non-Smoker,Diabetic,Stage 2 HTN,High
60-79,Male,Non-Smoker,Normoglycemic,Elevated,Desirable
40-59,Female,Non-Smoker,Normoglycemic,Normal,Desirable
40-59,Male,Non-Smoker,Normoglycemic,Normal,Desirable
60-79,Female,Non-Smoker,Diabetic,Stage 2 HTN,High
40-59,Male,Non-Smoker,Normoglycemic,Normal,Desirable
20-39,Male,Non-Smoker,Normoglycemic,Normal,Borderline High
20-39,Male,Non-Smoker,Normoglycemic,Elevated,High
80+,Male,Non-Smoker,Normoglycemic,Normal,Desirable
40-59,Female,Non-Smoker,Normoglycemic,Stage 1 HTN,Desirable
80+,Male,Non-Smoker,Diabetic,Stage 2 HTN,Very High
60-79,Female,Non-Smoker,Normoglycemic,Normal,Desirable
40-59,Male,Current Smoker,Diabetic,Stage 2 HTN,Very High
20-39,Male,Non-Smoker,Normoglycemic,Elevated,Desirable
40-59,Male,Non-Smoker,Normoglycemic,Stage 1 HTN,Desirable
40-59,Male,Current Smoker,Normoglycemic,Elevated,Desirable
40-59,Female,Non-Smoker,Normoglycemic,Stage 1 HTN,Very High
40-59,Female,Non-Smoker,Diabetic,Stage 2 HTN,Borderline High
40-59,Male,Non-Smoker,Diabetic,Stage 2 HTN,Very High
20-39,Female,Non-Smoker,Normoglycemic,Normal,Very High
20-39,Female,Non-Smoker,Normoglycemic,Normal,Very High
60-79,Male,Non-Smoker,Normoglycemic,Stage 1 HTN,Desirable
20-39,Female,Non-Smoker,Diabetic,Stage 2 HTN,Very High
20-39,Female,Non-Smoker,Normoglycemic,Normal,Desirable
60-79,Male,Current Smoker,Normoglycemic,Stage 2 HTN,Desirable
40-59,Male,Non-Smoker,Diabetic,Stage 2 HTN,High
60-79,Male,Non-Smoker,Diabetic,Stage 2 HTN,Borderline High
20-39,Male,Non-Smoker,Normoglycemic,Normal,Desirable
40-59,Male,Current Smoker,Diabetic,Elevated,Very High
20-39,Male,Non-Smoker,Diabetic,Stage 2 HTN,Very High
40-59,Female,Non-Smoker,Diabetic,Stage 1 HTN,Very High
40-59,Male,Non-Smoker,Diabetic,Stage 2 HTN,High
60-79,Male,Non-Smoker,Normoglycemic,Normal,High
40-59,Male,Current Smoker,Normoglycemic,Normal,Borderline High
40-59,Female,Current Smoker,Normoglycemic,Normal,High
40-59,Female,Non-Smoker,Normoglycemic,Elevated,Borderline High
40-59,Female,Current Smoker,Normoglycemic,Elevated,Desirable
20-39,Male,Non-Smoker,Diabetic,Stage 2 HTN,High
60-79,Male,Non-Smoker,Diabetic,Stage 2 HTN,Desirable
20-39,Female,Non-Smoker,Normoglycemic,Normal,Desirable
20-39,Female,Non-Smoker,Normoglycemic,Elevated,Desirable
40-59,Female,Current Smoker,Normoglycemic,Normal,Desirable
60-79,Female,Non-Smoker,Normoglycemic,Elevated,Desirable
40-59,Male,Non-Smoker,Diabetic,Stage 2 HTN,High
20-39,Female,Non-Smoker,Normoglycemic,Normal,Desirable
20-39,Male,Non-Smoker,Normoglycemic,Normal,Desirable
60-79,Male,Non-Smoker,Diabetic,Stage 2 HTN,Borderline High
20-39,Male,Non-Smoker,Diabetic,Stage 2 HTN,High
80+,Male,Non-Smoker,Diabetic,Stage 2 HTN,Very High
20-39,Male,Non-Smoker,Normoglycemic,Normal,High
40-59,Male,Non-Smoker,Normoglycemic,Normal,Desirable
40-59,Male,Non-Smoker,Normoglycemic,Normal,Desirable
20-39,Female,Non-Smoker,Normoglycemic,Normal,Desirable
20-39,Male,Current Smoker,Normoglycemic,Normal,Desirable
40-59,Female,Non-Smoker,Normoglycemic,Stage 1 HTN,Desirable
80+,Female,Non-Smoker,Normoglycemic,Normal,Very High
20-39,Male,Non-Smoker,Normoglycemic,Normal,Borderline High
20-39,Male,Non-Smoker,Normoglycemic,Stage 2 HTN,Desirable
60-79,Female,Non-Smoker,Normoglycemic,Elevated,Desirable
40-59,Female,Non-Smoker,Normoglycemic,Normal,Desirable
60-79,Female,Non-Smoker,Diabetic,Stage 1 HTN,Borderline High
20-39,Male,Non-Smoker,Normoglycemic,Stage 1 HTN,Borderline High
20-39,Male,Non-Smoker,Normoglycemic,Stage 1 HTN,High
20-39,Male,Non-Smoker,Normoglycemic,Normal,High
20-39,Female,Current Smoker,Normoglycemic,Normal,Very High
20-39,Male,Non-Smoker,Normoglycemic,Stage 2 HTN,High
20-39,Female,Non-Smoker,Diabetic,Stage 1 HTN,Very High
20-39,Male,Non-Smoker,Normoglycemic,Normal,Very High
20-39,Female,Non-Smoker,Diabetic,Stage 2 HTN,Very High
20-39,Female,Current Smoker,Normoglycemic,Elevated,Desirable
20-39,Male,Non-Smoker,Normoglycemic,Normal,Desirable
20-39,Female,Non-Smoker,Normoglycemic,Normal,Desirable
20-39,Male,Non-Smoker,Normoglycemic,Normal,High
60-79,Female,Non-Smoker,Diabetic,Stage 2 HTN,Borderline High
40-59,Female,Non-Smoker,Diabetic,Stage 2 HTN,Very High
20-39,Female,Non-Smoker,Normoglycemic,Elevated,Borderline High
20-39,Male,Non-Smoker,Normoglycemic,Elevated,Desirable
20-39,Female,Non-Smoker,Diabetic,Stage 2 HTN,Very High
40-59,Female,Non-Smoker,Normoglycemic,Normal,Desirable
40-59,Female,Non-Smoker,Normoglycemic,Normal,Borderline High
20-39,Male,Non-Smoker,Diabetic,Stage 1 HTN,High
20-39,Female,Current Smoker,Normoglycemic,Normal,Borderline High
20-39,Male,Non-Smoker,Normoglycemic,Normal,Desirable
20-39,Male,Non-Smoker,Diabetic,Stage 2 HTN,Very High
20-39,Female,Non-Smoker,Normoglycemic,Normal,Desirable
20-39,Female,Current Smoker,Normoglycemic,Elevated,Desirable
40-59,Female,Non-Smoker,Diabetic,Stage 2 HTN,High
40-59,Female,Current Smoker,Diabetic,Stage 2 HTN,High
20-39,Female,Non-Smoker,Normoglycemic,Normal,Desirable
20-39,Male,Non-Smoker,Normoglycemic,Elevated,High
60-79,Female,Non-Smoker,Diabetic,Stage 1 HTN,Very High
60-79,Male,Non-Smoker,Diabetic,Stage 2 HTN,Desirable
20-39,Female,Non-Smoker,Normoglycemic,Elevated,Desirable
20-39,Male,Non-Smoker,Normoglycemic,Elevated,Desirable
80+,Female,Non-Smoker,Normoglycemic,Elevated,Desirable
60-79,Female,Non-Smoker,Normoglycemic,Elevated,Borderline High
60-79,Male,Non-Smoker,Normoglycemic,Normal,High
60-79,Female,Non-Smoker,Normoglycemic,Elevated,Very High
20-39,Female,Current Smoker,Normoglycemic,Normal,Desirable
80+,Female,Current Smoker,Diabetic,Stage 1 HTN,Very High
80+,Male,Current Smoker,Normoglycemic,Normal,Very High
60-79,Male,Current Smoker,Diabetic,Stage 1 HTN,High
60-79,Female,Non-Smoker,Normoglycemic,Normal,Borderline High
40-59,Male,Non-Smoker,Normoglycemic,Stage 1 HTN,High
40-59,Male,Current Smoker,Normoglycemic,Elevated,Desirable
40-59,Male,Current Smoker,Diabetic,Stage 2 HTN,High
20-39,Male,Current Smoker,Normoglycemic,Normal,High
40-59,Male,Current Smoker,Diabetic,Stage 1 HTN,Borderline High
40-59,Female,Non-Smoker,Normoglycemic,Stage 1 HTN,Borderline High
20-39,Male,Current Smoker,Normoglycemic,Normal,Very High
40-59,Male,Non-Smoker,Diabetic,Stage 2 HTN,High
40-59,Female,Non-Smoker,Normoglycemic,Normal,High
80+,Male,Current Smoker,Normoglycemic,Elevated,Desirable
40-59,Female,Non-Smoker,Normoglycemic,Normal,Desirable
40-59,Female,Non-Smoker,Normoglycemic,Normal,Desirable
60-79,Female,Current Smoker,Diabetic,Stage 2 HTN,Borderline High
80+,Female,Non-Smoker,Normoglycemic,Elevated,Desirable
40-59,Female,Current Smoker,Normoglycemic,Stage 1 HTN,Borderline High
20-39,Male,Current Smoker,Diabetic,Stage 1 HTN,High
20-39,Female,Non-Smoker,Diabetic,Stage 2 HTN,High
40-59,Female,Non-Smoker,Normoglycemic,Normal,Borderline High
60-79,Male,Non-Smoker,Normoglycemic,Stage 2 HTN,Borderline High
40-59,Female,Non-Smoker,Diabetic,Stage 2 HTN,High
20-39,Female,Non-Smoker,Normoglycemic,Elevated,Borderline High
40-59,Male,Non-Smoker,Diabetic,Stage 2 HTN,High
60-79,Male,Current Smoker,Diabetic,Elevated,High
20-39,Female,Current Smoker,Normoglycemic,Elevated,Very High
40-59,Male,Non-Smoker,Normoglycemic,Normal,High
20-39,Male,Non-Smoker,Normoglycemic,Normal,Desirable
40-59,Male,Current Smoker,Normoglycemic,Normal,Desirable
60-79,Female,Non-Smoker,Diabetic,Stage 1 HTN,Borderline High
80+,Female,Non-Smoker,Diabetic,Stage 2 HTN,Borderline High
60-79,Female,Non-Smoker,Normoglycemic,Stage 1 HTN,Borderline High
40-59,Male,Non-Smoker,Diabetic,Stage 2 HTN,High
40-59,Female,Non-Smoker,Normoglycemic,Normal,Borderline High
40-59,Male,Current Smoker,Diabetic,Stage 2 HTN,High
40-59,Female,Non-Smoker,Normoglycemic,Normal,Borderline High
40-59,Male,Current Smoker,Normoglycemic,Stage 2 HTN,High
40-59,Female,Non-Smoker,Diabetic,Stage 2 HTN,High
40-59,Male,Non-Smoker,Diabetic,Elevated,Borderline High
40-59,Male,Non-Smoker,Normoglycemic,Elevated,Desirable
20-39,Female,Non-Smoker,Normoglycemic,Normal,Desirable
40-59,Female,Non-Smoker,Normoglycemic,Elevated,Very High
20-39,Female,Non-Smoker,Normoglycemic,Elevated,Desirable
80+,Male,Non-Smoker,Normoglycemic,Elevated,Desirable
40-59,Male,Non-Smoker,Normoglycemic,Elevated,High
20-39,Male,Non-Smoker,Normoglycemic,Stage 1 HTN,Desirable
80+,Male,Non-Smoker,Normoglycemic,Normal,Very High
40-59,Female,Non-Smoker,Diabetic,Stage 2 HTN,High
20-39,Female,Current Smoker,Normoglycemic,Elevated,Desirable
40-59,Female,Non-Smoker,Diabetic,Stage 2 HTN,High
40-59,Female,Current Smoker,Normoglycemic,Stage 1 HTN,High
20-39,Female,Non-Smoker,Normoglycemic,Elevated,High
60-79,Female,Current Smoker,Diabetic,Stage 2 HTN,High
20-39,Male,Non-Smoker,Normoglycemic,Normal,High
20-39,Male,Current Smoker,Normoglycemic,Normal,Desirable
40-59,Male,Non-Smoker,Normoglycemic,Stage 1 HTN,Very High
40-59,Female,Non-Smoker,Normoglycemic,Stage 2 HTN,Borderline High
20-39,Female,Non-Smoker,Normoglycemic,Normal,Desirable
40-59,Male,Current Smoker,Diabetic,Stage 2 HTN,Very High
40-59,Male,Non-Smoker,Normoglycemic,Normal,Desirable
20-39,Male,Non-Smoker,Normoglycemic,Normal,High
60-79,Male,Non-Smoker,Diabetic,Stage 2 HTN,High
60-79,Male,Non-Smoker,Diabetic,Stage 2 HTN,Very High
20-39,Male,Non-Smoker,Normoglycemic,Normal,Desirable
40-59,Male,Current Smoker,Normoglycemic,Normal,Borderline High
80+,Female,Non-Smoker,Diabetic,Stage 1 HTN,High
20-39,Female,Non-Smoker,Normoglycemic,Normal,Desirable
60-79,Female,Non-Smoker,Normoglycemic,Normal,Borderline High
20-39,Male,Non-Smoker,Normoglycemic,Normal,High
40-59,Male,Non-Smoker,Normoglycemic,Normal,Desirable
80+,Female,Non-Smoker,Diabetic,Stage 1 HTN,Very High
60-79,Female,Non-Smoker,Normoglycemic,Elevated,Desirable
80+,Male,Non-Smoker,Diabetic,Stage 2 HTN,High
20-39,Female,Non-Smoker,Normoglycemic,Elevated,Desirable
40-59,Female,Non-Smoker,Normoglycemic,Stage 2 HTN,Desirable
20-39,Male,Non-Smoker,Normoglycemic,Normal,High
80+,Female,Non-Smoker,Diabetic,Stage 1 HTN,Very High
40-59,Female,Non-Smoker,Diabetic,Stage 2 HTN,Desirable
20-39,Female,Non-Smoker,Diabetic,Stage 1 HTN,Very High
20-39,Male,Non-Smoker,Diabetic,Stage 1 HTN,Borderline High
20-39,Female,Non-Smoker,Normoglycemic,Normal,Desirable
20-39,Male,Non-Smoker,Normoglycemic,Elevated,High
60-79,Male,Current Smoker,Normoglycemic,Stage 1 HTN,Desirable
20-39,Female,Non-Smoker,Normoglycemic,Elevated,High
20-39,Male,Non-Smoker,Normoglycemic,Normal,Desirable
40-59,Male,Current Smoker,Normoglycemic,Elevated,Very High
80+,Female,Current Smoker,Diabetic,Stage 2 HTN,Very High
60-79,Female,Current Smoker,Diabetic,Stage 2 HTN,High
60-79,Male,Non-Smoker,Normoglycemic,Stage 2 HTN,Desirable
60-79,Female,Non-Smoker,Diabetic,Stage 2 HTN,High
60-79,Female,Non-Smoker,Diabetic,Stage 2 HTN,Borderline High
60-79,Female,Non-Smoker,Diabetic,Stage 2 HTN,Borderline High
60-79,Female,Non-Smoker,Diabetic,Stage 1 HTN,High
40-59,Male,Non-Smoker,Diabetic,Stage 2 HTN,Very High
40-59,Male,Non-Smoker,Diabetic,Stage 2 HTN,High
20-39,Female,Non-Smoker,Normoglycemic,Stage 1 HTN,Desirable
80+,Male,Current Smoker,Diabetic,Stage 1 HTN,Very High
40-59,Male,Non-Smoker,Normoglycemic,Normal,Desirable
40-59,Female,Non-Smoker,Normoglycemic,Elevated,Desirable
20-39,Male,Non-Smoker,Normoglycemic,Normal,Desirable
40-59,Male,Current Smoker,Normoglycemic,Elevated,Desirable
40-59,Male,Non-Smoker,Diabetic,Elevated,High
60-79,Female,Current Smoker,Normoglycemic,Normal,Borderline High
20-39,Male,Non-Smoker,Normoglycemic,Normal,Borderline High
20-39,Male,Current Smoker,Normoglycemic,Normal,Desirable
20-39,Male,Current Smoker,Normoglycemic,Elevated,High
20-39,Female,Non-Smoker,Normoglycemic,Normal,Very High
60-79,Male,Non-Smoker,Diabetic,Stage 2 HTN,High
20-39,Male,Current Smoker,Normoglycemic,Stage 2 HTN,Borderline High
40-59,Female,Current Smoker,Normoglycemic,Elevated,Desirable
60-79,Male,Non-Smoker,Diabetic,Normal,High
40-59,Female,Non-Smoker,Diabetic,Stage 2 HTN,High
60-79,Male,Current Smoker,Diabetic,Stage 1 HTN,Very High
20-39,Male,Current Smoker,Normoglycemic,Normal,Desirable
20-39,Male,Non-Smoker,Normoglycemic,Normal,High
40-59,Female,Non-Smoker,Diabetic,Stage 2 HTN,High
20-39,Male,Current Smoker,Normoglycemic,Normal,Borderline High
20-39,Male,Current Smoker,Diabetic,Elevated,High
40-59,Male,Non-Smoker,Normoglycemic,Normal,Desirable
60-79,Male,Non-Smoker,Diabetic,Stage 2 HTN,High
60-79,Male,Non-Smoker,Diabetic,Stage 2 HTN,High
20-39,Female,Non-Smoker,Normoglycemic,Elevated,Borderline High
20-39,Female,Non-Smoker,Diabetic,Stage 1 HTN,Very High
40-59,Female,Non-Smoker,Normoglycemic,Stage 1 HTN,Desirable
20-39,Male,Current Smoker,Normoglycemic,Normal,High
20-39,Male,Non-Smoker,Normoglycemic,Normal,High
20-39,Female,Non-Smoker,Diabetic,Stage 1 HTN,Very High
20-39,Female,Non-Smoker,Normoglycemic,Normal,Borderline High
60-79,Male,Non-Smoker,Diabetic,Stage 2 HTN,Very High
40-59,Female,Non-Smoker,Diabetic,Stage 2 HTN,Borderline High
20-39,Male,Non-Smoker,Normoglycemic,Normal,Desirable
20-39,Male,Non-Smoker,Normoglycemic,Normal,Borderline High
60-79,Male,Non-Smoker,Diabetic,Stage 1 HTN,High
80+,Male,Non-Smoker,Normoglycemic,Elevated,High
40-59,Male,Current Smoker,Normoglycemic,Normal,Desirable
20-39,Female,Non-Smoker,Normoglycemic,Normal,Desirable
20-39,Male,Non-Smoker,Normoglycemic,Elevated,High
20-39,Male,Current Smoker,Normoglycemic,Normal,Desirable
40-59,Male,Non-Smoker,Normoglycemic,Normal,Desirable
40-59,Male,Non-Smoker,Normoglycemic,Normal,Desirable
40-59,Female,Current Smoker,Diabetic,Stage 1 HTN,High
60-79,Female,Non-Smoker,Normoglycemic,Normal,Desirable
60-79,Male,Non-Smoker,Normoglycemic,Stage 1 HTN,High
40-59,Female,Non-Smoker,Normoglycemic,Stage 1 HTN,Desirable
60-79,Male,Non-Smoker,Normoglycemic,Normal,Desirable
60-79,Female,Non-Smoker,Diabetic,Stage 2 HTN,Very High
20-39,Female,Non-Smoker,Normoglycemic,Elevated,Borderline High
40-59,Male,Non-Smoker,Diabetic,Stage 1 HTN,Desirable
60-79,Male,Non-Smoker,Diabetic,Stage 2 HTN,High
40-59,Female,Non-Smoker,Normoglycemic,Elevated,Desirable
20-39,Male,Current Smoker,Normoglycemic,Elevated,High
60-79,Male,Non-Smoker,Normoglycemic,Normal,High
40-59,Female,Non-Smoker,Diabetic,Stage 1 HTN,Very High
40-59,Male,Non-Smoker,Normoglycemic,Elevated,Borderline High
20-39,Male,Non-Smoker,Normoglycemic,Normal,High
60-79,Female,Non-Smoker,Diabetic,Stage 2 HTN,Very High
20-39,Male,Current Smoker,Normoglycemic,Normal,Desirable
20-39,Female,Non-Smoker,Normoglycemic,Normal,Desirable
40-59,Female,Current Smoker,Normoglycemic,Stage 2 HTN,Desirable
60-79,Female,Non-Smoker,Normoglycemic,Elevated,Desirable
20-39,Male,Non-Smoker,Normoglycemic,Elevated,Desirable
20-39,Male,Current Smoker,Normoglycemic,Normal,Borderline High
20-39,Male,Current Smoker,Normoglycemic,Normal,Desirable
40-59,Female,Non-Smoker,Normoglycemic,Elevated,High
40-59,Male,Current Smoker,Normoglycemic,Elevated,Borderline High
60-79,Female,Non-Smoker,Normoglycemic,Elevated,Desirable
40-59,Male,Non-Smoker,Normoglycemic,Stage 1 HTN,Very High
40-59,Female,Non-Smoker,Normoglycemic,Normal,Borderline High
20-39,Male,Non-Smoker,Normoglycemic,Stage 1 HTN,Desirable
60-79,Female,Non-Smoker,Normoglycemic,Stage 1 HTN,Desirable
20-39,Female,Non-Smoker,Normoglycemic,Normal,Desirable
60-79,Male,Non-Smoker,Diabetic,Stage 1 HTN,Very High
40-59,Female,Non-Smoker,Normoglycemic,Elevated,Borderline High
20-39,Female,Current Smoker,Normoglycemic,Stage 2 HTN,Borderline High
60-79,Male,Non-Smoker,Normoglycemic,Normal,Borderline High
20-39,Female,Non-Smoker,Diabetic,Stage 2 HTN,Very High
20-39,Female,Non-Smoker,Normoglycemic,Normal,Desirable
40-59,Male,Non-Smoker,Normoglycemic,Stage 2 HTN,Borderline High
20-39,Male,Current Smoker,Normoglycemic,Normal,Borderline High
40-59,Male,Non-Smoker,Normoglycemic,Normal,Borderline High
60-79,Female,Non-Smoker,Normoglycemic,Elevated,Desirable
40-59,Male,Non-Smoker,Diabetic,Stage 2 HTN,High
20-39,Male,Non-Smoker,Normoglycemic,Normal,High
20-39,Male,Current Smoker,Normoglycemic,Stage 1 HTN,Borderline High
60-79,Male,Current Smoker,Normoglycemic,Normal,High
60-79,Female,Non-Smoker,Normoglycemic,Normal,High
20-39,Male,Non-Smoker,Diabetic,Stage 2 HTN,Very High
20-39,Female,Non-Smoker,Normoglycemic,Normal,Borderline High
40-59,Male,Current Smoker,Normoglycemic,Stage 1 HTN,Desirable
40-59,Male,Non-Smoker,Normoglycemic,Normal,Borderline High
20-39,Male,Non-Smoker,Normoglycemic,Normal,Borderline High
60-79,Female,Non-Smoker,Diabetic,Stage 2 HTN,High
40-59,Female,Non-Smoker,Normoglycemic,Elevated,Borderline High
40-59,Female,Non-Smoker,Diabetic,Stage 1 HTN,High
40-59,Female,Non-Smoker,Normoglycemic,Normal,Desirable
60-79,Female,Current Smoker,Diabetic,Stage 2 HTN,High
60-79,Male,Non-Smoker,Diabetic,Stage 2 HTN,High
20-39,Female,Non-Smoker,Normoglycemic,Normal,Borderline High
40-59,Female,Non-Smoker,Normoglycemic,Normal,Desirable
40-59,Male,Current Smoker,Normoglycemic,Stage 1 HTN,Desirable
60-79,Female,Current Smoker,Normoglycemic,Normal,Desirable
60-79,Male,Non-Smoker,Normoglycemic,Normal,Desirable
60-79,Female,Non-Smoker,Diabetic,Stage 2 HTN,Very High
20-39,Female,Non-Smoker,Normoglycemic,Normal,Desirable
40-59,Female,Non-Smoker,Normoglycemic,Normal,Desirable
20-39,Male,Non-Smoker,Normoglycemic,Normal,Borderline High
60-79,Male,Non-Smoker,Normoglycemic,Stage 1 HTN,High
40-59,Male,Current Smoker,Normoglycemic,Elevated,Desirable
20-39,Male,Non-Smoker,Normoglycemic,Normal,Borderline High
20-39,Male,Non-Smoker,Normoglycemic,Normal,Borderline High
40-59,Female,Non-Smoker,Normoglycemic,Stage 1 HTN,Borderline High
20-39,Male,Non-Smoker,Normoglycemic,Normal,Borderline High
20-39,Female,Non-Smoker,Normoglycemic,Stage 1 HTN,High
80+,Female,Non-Smoker,Normoglycemic,Normal,Borderline High
40-59,Male,Current Smoker,Normoglycemic,Stage 1 HTN,Desirable
20-39,Male,Current Smoker,Normoglycemic,Normal,Desirable
40-59,Male,Non-Smoker,Normoglycemic,Elevated,Borderline High
80+,Male,Non-Smoker,Normoglycemic,Stage 1 HTN,Borderline High
60-79,Female,Non-Smoker,Normoglycemic,Elevated,Borderline High
20-39,Female,Non-Smoker,Normoglycemic,Normal,Desirable
40-59,Female,Non-Smoker,Normoglycemic,Normal,Borderline High
40-59,Female,Non-Smoker,Normoglycemic,Normal,Desirable
60-79,Male,Current Smoker,Normoglycemic,Normal,Desirable
80+,Male,Non-Smoker,Diabetic,Stage 1 HTN,Very High
20-39,Female,Non-Smoker,Normoglycemic,Normal,Desirable
40-59,Female,Non-Smoker,Diabetic,Stage 2 HTN,Very High
60-79,Male,Non-Smoker,Diabetic,Stage 1 HTN,Borderline High
40-59,Female,Non-Smoker,Diabetic,Stage 2 HTN,Very High
60-79,Female,Current Smoker,Normoglycemic,Elevated,Borderline High
20-39,Female,Non-Smoker,Normoglycemic,Elevated,Desirable
20-39,Male,Non-Smoker,Normoglycemic,Normal,Desirable
20-39,Male,Current Smoker,Normoglycemic,Normal,High
40-59,Female,Non-Smoker,Normoglycemic,Normal,Desirable
20-39,Female,Non-Smoker,Normoglycemic,Normal,High
40-59,Female,Non-Smoker,Normoglycemic,Normal,Desirable
20-39,Female,Non-Smoker,Normoglycemic,Normal,Desirable
40-59,Female,Non-Smoker,Normoglycemic,Stage 2 HTN,Desirable
60-79,Male,Non-Smoker,Normoglycemic,Normal,Borderline High
40-59,Female,Non-Smoker,Normoglycemic,Normal,Desirable
20-39,Male,Non-Smoker,Normoglycemic,Normal,Desirable
40-59,Female,Non-Smoker,Normoglycemic,Elevated,Desirable
80+,Female,Non-Smoker,Diabetic,Stage 2 HTN,Very High
20-39,Female,Non-Smoker,Normoglycemic,Elevated,Desirable
40-59,Male,Current Smoker,Normoglycemic,Normal,Desirable
40-59,Male,Non-Smoker,Normoglycemic,Elevated,Borderline High
40-59,Female,Non-Smoker,Normoglycemic,Elevated,Desirable
40-59,Female,Non-Smoker,Diabetic,Stage 2 HTN,Very High
20-39,Male,Non-Smoker,Normoglycemic,Normal,High
20-39,Female,Non-Smoker,Normoglycemic,Normal,Borderline High
40-59,Female,Non-Smoker,Diabetic,Stage 2 HTN,Very High
20-39,Male,Non-Smoker,Normoglycemic,Normal,Desirable
20-39,Female,Non-Smoker,Normoglycemic,Normal,Borderline High
40-59,Male,Non-Smoker,Normoglycemic,Normal,Desirable
20-39,Female,Non-Smoker,Normoglycemic,Normal,Desirable
20-39,Male,Non-Smoker,Normoglycemic,Elevated,Borderline High
20-39,Male,Current Smoker,Diabetic,Stage 2 HTN,High
20-39,Female,Non-Smoker,Normoglycemic,Normal,Desirable
40-59,Female,Non-Smoker,Diabetic,Elevated,High
40-59,Male,Non-Smoker,Normoglycemic,Stage 1 HTN,Desirable
60-79,Female,Non-Smoker,Diabetic,Stage 2 HTN,High
40-59,Female,Current Smoker,Normoglycemic,Elevated,High
20-39,Male,Non-Smoker,Normoglycemic,Normal,Desirable
40-59,Female,Current Smoker,Normoglycemic,Normal,Borderline High
80+,Male,Non-Smoker,Diabetic,Stage 2 HTN,Borderline High
40-59,Male,Current Smoker,Diabetic,Stage 2 HTN,High
40-59,Male,Non-Smoker,Diabetic,Stage 1 HTN,Very High
20-39,Male,Non-Smoker,Normoglycemic,Stage 2 HTN,Desirable
20-39,Female,Non-Smoker,Normoglycemic,Normal,Desirable
20-39,Female,Non-Smoker,Diabetic,Stage 2 HTN,Borderline High
20-39,Female,Non-Smoker,Normoglycemic,Normal,Borderline High
60-79,Female,Current Smoker,Diabetic,Elevated,Very High
20-39,Male,Non-Smoker,Normoglycemic,Elevated,Desirable
20-39,Male,Non-Smoker,Diabetic,Stage 2 HTN,Desirable
40-59,Male,Current Smoker,Normoglycemic,Elevated,Desirable
80+,Male,Non-Smoker,Normoglycemic,Normal,High
40-59,Male,Non-Smoker,Normoglycemic,Elevated,Very High
20-39,Male,Non-Smoker,Normoglycemic,Normal,Desirable
20-39,Male,Non-Smoker,Normoglycemic,Normal,Borderline High
60-79,Female,Non-Smoker,Diabetic,Stage 2 HTN,High
20-39,Male,Current Smoker,Normoglycemic,Stage 1 HTN,Desirable
40-59,Male,Non-Smoker,Diabetic,Stage 2 HTN,Very High
60-79,Female,Non-Smoker,Diabetic,Stage 2 HTN,Borderline High
20-39,Female,Current Smoker,Normoglycemic,Normal,Borderline High
40-59,Female,Current Smoker,Normoglycemic,Normal,Borderline High
40-59,Male,Non-Smoker,Normoglycemic,Elevated,Desirable
20-39,Female,Current Smoker,Normoglycemic,Normal,Desirable
40-59,Male,Current Smoker,Normoglycemic,Stage 1 HTN,Desirable
60-79,Female,Non-Smoker,Normoglycemic,Normal,Borderline High
20-39,Male,Current Smoker,Normoglycemic,Elevated,Desirable
20-39,Female,Non-Smoker,Normoglycemic,Stage 2 HTN,Borderline High
40-59,Female,Non-Smoker,Normoglycemic,Stage 1 HTN,Desirable
20-39,Male,Current Smoker,Normoglycemic,Elevated,Borderline High
60-79,Male,Non-Smoker,Normoglycemic,Elevated,Borderline High
40-59,Female,Current Smoker,Normoglycemic,Elevated,Very High
20-39,Male,Current Smoker,Diabetic,Stage 2 HTN,High
20-39,Female,Non-Smoker,Normoglycemic,Normal,Desirable
60-79,Female,Current Smoker,Diabetic,Stage 1 HTN,Very High
20-39,Male,Non-Smoker,Diabetic,Stage 1 HTN,High
20-39,Male,Non-Smoker,Normoglycemic,Normal,Borderline High
80+,Male,Non-Smoker,Diabetic,Stage 2 HTN,High
60-79,Female,Non-Smoker,Normoglycemic,Stage 1 HTN,High
40-59,Male,Current Smoker,Normoglycemic,Elevated,Desirable
20-39,Female,Non-Smoker,Normoglycemic,Normal,Borderline High
40-59,Male,Current Smoker,Diabetic,Stage 2 HTN,Very High
20-39,Male,Non-Smoker,Normoglycemic,Elevated,Borderline High
20-39,Female,Non-Smoker,Diabetic,Stage 1 HTN,High
60-79,Male,Non-Smoker,Diabetic,Stage 1 HTN,Borderline High
80+,Male,Non-Smoker,Normoglycemic,Normal,High
20-39,Female,Non-Smoker,Normoglycemic,Normal,Borderline High
20-39,Female,Current Smoker,Normoglycemic,Normal,Desirable
40-59,Male,Non-Smoker,Normoglycemic,Normal,Desirable
60-79,Female,Non-Smoker,Normoglycemic,Normal,High
40-59,Female,Current Smoker,Normoglycemic,Normal,Desirable
20-39,Male,Non-Smoker,Normoglycemic,Normal,Borderline High
40-59,Female,Current Smoker,Normoglycemic,Stage 2 HTN,Desirable
40-59,Female,Current Smoker,Normoglycemic,Normal,Very High
20-39,Male,Non-Smoker,Normoglycemic,Normal,Desirable
40-59,Male,Non-Smoker,Normoglycemic,Normal,Desirable
60-79,Female,Non-Smoker,Normoglycemic,Normal,Desirable
20-39,Female,Non-Smoker,Diabetic,Stage 1 HTN,Very High
20-39,Male,Non-Smoker,Normoglycemic,Normal,High
60-79,Female,Non-Smoker,Normoglycemic,Normal,Desirable
40-59,Male,Non-Smoker,Normoglycemic,Stage 1 HTN,Borderline High
20-39,Male,Non-Smoker,Normoglycemic,Normal,Desirable
80+,Female,Non-Smoker,Diabetic,Stage 2 HTN,High
40-59,Female,Non-Smoker,Normoglycemic,Stage 2 HTN,High
60-79,Male,Non-Smoker,Normoglycemic,Normal,Desirable
60-79,Female,Non-Smoker,Diabetic,Stage 2 HTN,High
40-59,Male,Current Smoker,Normoglycemic,Stage 1 HTN,Desirable
40-59,Female,Non-Smoker,Normoglycemic,Normal,Borderline High
60-79,Male,Non-Smoker,Diabetic,Stage 2 HTN,Borderline High
40-59,Female,Current Smoker,Normoglycemic,Elevated,Desirable
40-59,Female,Non-Smoker,Diabetic,Stage 2 HTN,High
40-59,Male,Current Smoker,Diabetic,Stage 1 HTN,High
20-39,Female,Non-Smoker,Diabetic,Stage 1 HTN,High
20-39,Female,Current Smoker,Normoglycemic,Stage 1 HTN,Desirable
20-39,Male,Non-Smoker,Normoglycemic,Normal,High
40-59,Female,Non-Smoker,Diabetic,Stage 2 HTN,High
60-79,Male,Non-Smoker,Diabetic,Stage 2 HTN,Very High
40-59,Male,Current Smoker,Diabetic,Stage 2 HTN,High
60-79,Male,Non-Smoker,Normoglycemic,Normal,High
20-39,Male,Non-Smoker,Normoglycemic,Elevated,High
20-39,Female,Non-Smoker,Normoglycemic,Normal,Borderline High
20-39,Male,Non-Smoker,Normoglycemic,Elevated,Desirable
80+,Male,Current Smoker,Normoglycemic,Normal,High
80+,Male,Current Smoker,Diabetic,Stage 2 HTN,High
40-59,Male,Non-Smoker,Normoglycemic,Normal,Desirable
20-39,Male,Current Smoker,Normoglycemic,Normal,High
40-59,Male,Non-Smoker,Normoglycemic,Normal,Borderline High
20-39,Male,Non-Smoker,Normoglycemic,Stage 2 HTN,High
60-79,Female,Non-Smoker,Diabetic,Elevated,High
60-79,Male,Non-Smoker,Normoglycemic,Elevated,Borderline High
60-79,Male,Non-Smoker,Diabetic,Stage 1 HTN,Borderline High
80+,Male,Current Smoker,Normoglycemic,Elevated,Desirable
20-39,Female,Non-Smoker,Normoglycemic,Normal,Borderline High
60-79,Female,Current Smoker,Diabetic,Stage 2 HTN,Borderline High
60-79,Male,Non-Smoker,Diabetic,Stage 2 HTN,Very High
40-59,Male,Non-Smoker,Normoglycemic,Stage 2 HTN,High
20-39,Female,Non-Smoker,Normoglycemic,Normal,Desirable
60-79,Female,Current Smoker,Normoglycemic,Stage 1 HTN,Desirable
40-59,Male,Non-Smoker,Diabetic,Stage 2 HTN,High
20-39,Female,Non-Smoker,Normoglycemic,Normal,High
40-59,Female,Non-Smoker,Normoglycemic,Normal,Desirable
40-59,Male,Non-Smoker,Normoglycemic,Normal,Desirable
20-39,Male,Non-Smoker,Normoglycemic,Stage 2 HTN,Desirable
20-39,Male,Non-Smoker,Diabetic,Stage 2 HTN,Very High
60-79,Female,Non-Smoker,Diabetic,Stage 2 HTN,High
40-59,Male,Non-Smoker,Normoglycemic,Normal,Borderline High
20-39,Female,Non-Smoker,Normoglycemic,Normal,Borderline High
40-59,Male,Current Smoker,Normoglycemic,Elevated,Borderline High
20-39,Male,Non-Smoker,Normoglycemic,Normal,Desirable
40-59,Female,Non-Smoker,Normoglycemic,Elevated,Desirable
20-39,Female,Non-Smoker,Normoglycemic,Normal,Very High
20-39,Male,Non-Smoker,Normoglycemic,Elevated,Very High
20-39,Male,Current Smoker,Normoglycemic,Normal,Desirable
40-59,Male,Current Smoker,Normoglycemic,Stage 2 HTN,High
40-59,Male,Current Smoker,Normoglycemic,Stage 1 HTN,Desirable
80+,Male,Current Smoker,Normoglycemic,Elevated,Borderline High
20-39,Female,Non-Smoker,Normoglycemic,Normal,Desirable
60-79,Female,Non-Smoker,Diabetic,Stage 2 HTN,Very High
40-59,Male,Current Smoker,Normoglycemic,Elevated,Borderline High
60-79,Female,Current Smoker,Normoglycemic,Normal,Desirable
20-39,Female,Non-Smoker,Diabetic,Stage 2 HTN,Very High
20-39,Male,Current Smoker,Normoglycemic,Normal,High
40-59,Female,Non-Smoker,Normoglycemic,Stage 2 HTN,High
20-39,Female,Current Smoker,Normoglycemic,Stage 1 HTN,Desirable
20-39,Female,Non-Smoker,Normoglycemic,Normal,Desirable
20-39,Female,Non-Smoker,Normoglycemic,Normal,Desirable
20-39,Male,Non-Smoker,Normoglycemic,Normal,Desirable
80+,Female,Non-Smoker,Diabetic,Stage 2 HTN,High
60-79,Female,Non-Smoker,Diabetic,Stage 2 HTN,Borderline High
40-59,Female,Current Smoker,Diabetic,Stage 2 HTN,High
80+,Female,Non-Smoker,Normoglycemic,Normal,High
40-59,Female,Non-Smoker,Normoglycemic,Normal,Desirable
20-39,Male,Non-Smoker,Normoglycemic,Elevated,Very High
20-39,Female,Non-Smoker,Normoglycemic,Stage 2 HTN,High
20-39,Male,Current Smoker,Diabetic,Stage 2 HTN,High
20-39,Female,Non-Smoker,Normoglycemic,Stage 1 HTN,High
40-59,Male,Current Smoker,Normoglycemic,Elevated,Desirable
60-79,Male,Non-Smoker,Normoglycemic,Normal,Borderline High
20-39,Male,Non-Smoker,Normoglycemic,Stage 1 HTN,Desirable
40-59,Male,Current Smoker,Normoglycemic,Elevated,Desirable
60-79,Female,Current Smoker,Diabetic,Stage 2 HTN,High
20-39,Male,Non-Smoker,Diabetic,Stage 2 HTN,Very High
40-59,Female,Non-Smoker,Diabetic,Stage 2 HTN,Desirable
60-79,Female,Non-Smoker,Diabetic,Stage 2 HTN,High
20-39,Male,Non-Smoker,Normoglycemic,Stage 1 HTN,Desirable
80+,Female,Non-Smoker,Normoglycemic,Normal,Desirable
20-39,Male,Non-Smoker,Normoglycemic,Normal,Borderline High
20-39,Male,Non-Smoker,Diabetic,Stage 1 HTN,High
20-39,Male,Current Smoker,Normoglycemic,Elevated,Desirable
80+,Female,Current Smoker,Normoglycemic,Normal,Borderline High
20-39,Female,Non-Smoker,Normoglycemic,Normal,Desirable
60-79,Female,Non-Smoker,Normoglycemic,Elevated,Borderline High
60-79,Male,Non-Smoker,Diabetic,Stage 2 HTN,Very High
40-59,Female,Non-Smoker,Diabetic,Elevated,Very High
40-59,Male,Current Smoker,Normoglycemic,Normal,Desirable
80+,Female,Non-Smoker,Diabetic,Stage 2 HTN,High
40-59,Female,Non-Smoker,Normoglycemic,Normal,Desirable
40-59,Male,Non-Smoker,Diabetic,Stage 2 HTN,High
60-79,Female,Non-Smoker,Normoglycemic,Normal,Desirable
40-59,Male,Non-Smoker,Normoglycemic,Normal,Desirable
20-39,Female,Non-Smoker,Diabetic,Stage 2 HTN,Borderline High
40-59,Male,Non-Smoker,Diabetic,Stage 2 HTN,Very High
20-39,Female,Non-Smoker,Normoglycemic,Normal,High
40-59,Female,Non-Smoker,Diabetic,Elevated,High
20-39,Male,Current Smoker,Diabetic,Stage 2 HTN,Very High
20-39,Male,Non-Smoker,Diabetic,Stage 2 HTN,Borderline High
80+,Female,Current Smoker,Diabetic,Stage 1 HTN,High
40-59,Male,Non-Smoker,Normoglycemic,Elevated,High
60-79,Male,Non-Smoker,Diabetic,Stage 1 HTN,High
40-59,Male,Non-Smoker,Normoglycemic,Normal,Desirable
20-39,Female,Non-Smoker,Normoglycemic,Stage 1 HTN,Desirable
40-59,Female,Current Smoker,Normoglycemic,Normal,Desirable
40-59,Female,Non-Smoker,Normoglycemic,Normal,Desirable
20-39,Female,Non-Smoker,Diabetic,Stage 2 HTN,Very High
20-39,Female,Non-Smoker,Normoglycemic,Normal,Desirable
20-39,Female,Non-Smoker,Normoglycemic,Elevated,Desirable
20-39,Female,Non-Smoker,Normoglycemic,Normal,High
40-59,Female,Non-Smoker,Diabetic,Stage 1 HTN,Very High
80+,Female,Non-Smoker,Normoglycemic,Elevated,Desirable
80+,Male,Non-Smoker,Normoglycemic,Normal,Borderline High
80+,Female,Non-Smoker,Diabetic,Stage 2 HTN,High
20-39,Female,Non-Smoker,Diabetic,Stage 2 HTN,Very High
20-39,Male,Non-Smoker,Diabetic,Stage 1 HTN,High
20-39,Male,Non-Smoker,Normoglycemic,Normal,Very High
60-79,Male,Non-Smoker,Diabetic,Stage 2 HTN,High
20-39,Female,Non-Smoker,Normoglycemic,Elevated,Desirable
60-79,Male,Non-Smoker,Normoglycemic,Elevated,Borderline High
40-59,Male,Non-Smoker,Normoglycemic,Elevated,Desirable
20-39,Male,Non-Smoker,Normoglycemic,Normal,Desirable
20-39,Male,Non-Smoker,Normoglycemic,Normal,Desirable
20-39,Male,Non-Smoker,Normoglycemic,Normal,Very High
20-39,Female,Non-Smoker,Normoglycemic,Normal,Desirable
40-59,Male,Non-Smoker,Normoglycemic,Normal,Desirable
40-59,Male,Non-Smoker,Normoglycemic,Normal,High
20-39,Male,Non-Smoker,Normoglycemic,Normal,Desirable
20-39,Female,Non-Smoker,Normoglycemic,Normal,Borderline High
20-39,Female,Current Smoker,Diabetic,Stage 1 HTN,Borderline High
20-39,Male,Non-Smoker,Normoglycemic,Normal,Borderline High
60-79,Male,Non-Smoker,Normoglycemic,Stage 1 HTN,Desirable
40-59,Female,Non-Smoker,Diabetic,Stage 2 HTN,Very High
20-39,Male,Current Smoker,Diabetic,Stage 2 HTN,High
60-79,Male,Non-Smoker,Normoglycemic,Normal,Very High
20-39,Male,Current Smoker,Normoglycemic,Stage 2 HTN,High
40-59,Male,Non-Smoker,Normoglycemic,Elevated,Desirable
60-79,Female,Non-Smoker,Normoglycemic,Stage 1 HTN,Desirable
60-79,Male,Non-Smoker,Normoglycemic,Normal,High
60-79,Female,Non-Smoker,Normoglycemic,Normal,Very High
20-39,Male,Non-Smoker,Normoglycemic,Elevated,Borderline High
40-59,Female,Current Smoker,Normoglycemic,Normal,Borderline High
20-39,Female,Current Smoker,Normoglycemic,Stage 1 HTN,Borderline High
60-79,Male,Current Smoker,Diabetic,Stage 1 HTN,Very High
60-79,Female,Non-Smoker,Normoglycemic,Normal,High
80+,Female,Non-Smoker,Normoglycemic,Stage 2 HTN,Desirable
40-59,Male,Non-Smoker,Normoglycemic,Elevated,Borderline High
40-59,Male,Current Smoker,Diabetic,Elevated,High
20-39,Male,Non-Smoker,Normoglycemic,Normal,High
20-39,Female,Non-Smoker,Normoglycemic,Normal,Borderline High
20-39,Female,Non-Smoker,Normoglycemic,Elevated,Borderline High
60-79,Male,Non-Smoker,Diabetic,Stage 2 HTN,Borderline High
60-79,Female,Non-Smoker,Diabetic,Elevated,Very High
40-59,Male,Non-Smoker,Normoglycemic,Normal,Desirable
80+,Female,Current Smoker,Diabetic,Stage 2 HTN,High
40-59,Female,Non-Smoker,Normoglycemic,Stage 2 HTN,Desirable
20-39,Male,Non-Smoker,Diabetic,Stage 1 HTN,High
40-59,Female,Non-Smoker,Diabetic,Stage 1 HTN,High
20-39,Male,Current Smoker,Normoglycemic,Normal,Borderline High
40-59,Female,Non-Smoker,Normoglycemic,Normal,Borderline High
20-39,Female,Current Smoker,Normoglycemic,Normal,Borderline High
40-59,Male,Current Smoker,Diabetic,Stage 2 HTN,Borderline High
20-39,Male,Non-Smoker,Normoglycemic,Normal,Borderline High
60-79,Female,Non-Smoker,Diabetic,Stage 2 HTN,Very High
20-39,Male,Non-Smoker,Normoglycemic,Normal,Desirable
20-39,Male,Non-Smoker,Normoglycemic,Normal,Desirable
40-59,Male,Non-Smoker,Normoglycemic,Normal,Desirable
40-59,Male,Non-Smoker,Normoglycemic,Normal,Desirable
60-79,Male,Non-Smoker,Normoglycemic,Normal,Desirable
40-59,Male,Non-Smoker,Normoglycemic,Normal,Very High
60-79,Female,Current Smoker,Normoglycemic,Normal,Borderline High
40-59,Female,Non-Smoker,Normoglycemic,Elevated,Very High
60-79,Male,Current Smoker,Normoglycemic,Normal,Desirable
20-39,Female,Current Smoker,Normoglycemic,Stage 1 HTN,Borderline High
60-79,Male,Current Smoker,Normoglycemic,Normal,Desirable
80+,Male,Non-Smoker,Diabetic,Elevated,Very High
80+,Male,Non-Smoker,Normoglycemic,Stage 2 HTN,Very High
40-59,Male,Current Smoker,Normoglycemic,Elevated,Desirable
60-79,Female,Non-Smoker,Normoglycemic,Elevated,Desirable
60-79,Female,Non-Smoker,Normoglycemic,Stage 1 HTN,Desirable
20-39,Female,Non-Smoker,Normoglycemic,Normal,Desirable
40-59,Male,Non-Smoker,Normoglycemic,Elevated,Desirable
40-59,Female,Non-Smoker,Normoglycemic,Normal,Desirable
40-59,Female,Non-Smoker,Normoglycemic,Normal,Desirable
60-79,Female,Non-Smoker,Normoglycemic,Normal,Desirable
60-79,Male,Non-Smoker,Normoglycemic,Stage 1 HTN,High
40-59,Female,Non-Smoker,Diabetic,Elevated,High
60-79,Male,Current Smoker,Diabetic,Elevated,High
20-39,Male,Current Smoker,Normoglycemic,Normal,Desirable
60-79,Female,Current Smoker,Normoglycemic,Normal,Desirable
40-59,Female,Non-Smoker,Normoglycemic,Normal,Desirable
60-79,Male,Current Smoker,Diabetic,Stage 1 HTN,High
60-79,Female,Non-Smoker,Diabetic,Stage 1 HTN,Borderline High
40-59,Male,Current Smoker,Diabetic,Stage 2 HTN,Borderline High
20-39,Female,Non-Smoker,Diabetic,Stage 1 HTN,Very High
40-59,Male,Non-Smoker,Normoglycemic,Normal,Borderline High
80+,Female,Non-Smoker,Normoglycemic,Normal,Desirable
20-39,Female,Non-Smoker,Diabetic,Stage 1 HTN,Very High
20-39,Female,Non-Smoker,Normoglycemic,Normal,Borderline High
40-59,Male,Non-Smoker,Normoglycemic,Stage 1 HTN,Desirable
40-59,Male,Non-Smoker,Normoglycemic,Normal,Desirable
20-39,Male,Non-Smoker,Normoglycemic,Elevated,Desirable
40-59,Female,Current Smoker,Normoglycemic,Stage 1 HTN,Desirable
40-59,Male,Current Smoker,Diabetic,Stage 1 HTN,High
60-79,Female,Current Smoker,Normoglycemic,Elevated,Desirable
40-59,Male,Non-Smoker,Normoglycemic,Normal,Desirable
20-39,Female,Non-Smoker,Normoglycemic,Normal,Desirable
60-79,Female,Current Smoker,Normoglycemic,Normal,High
60-79,Female,Non-Smoker,Diabetic,Elevated,High
40-59,Male,Non-Smoker,Normoglycemic,Normal,Borderline High
40-59,Female,Non-Smoker,Normoglycemic,Normal,Desirable
20-39,Male,Current Smoker,Normoglycemic,Normal,Borderline High
20-39,Male,Non-Smoker,Normoglycemic,Normal,High
20-39,Female,Current Smoker,Normoglycemic,Stage 2 HTN,Borderline High
40-59,Female,Non-Smoker,Normoglycemic,Normal,Desirable
20-39,Female,Non-Smoker,Diabetic,Stage 1 HTN,High
20-39,Female,Non-Smoker,Normoglycemic,Elevated,High
80+,Male,Non-Smoker,Normoglycemic,Normal,Desirable
20-39,Female,Non-Smoker,Normoglycemic,Normal,Desirable
20-39,Male,Non-Smoker,Normoglycemic,Normal,Desirable
20-39,Female,Non-Smoker,Normoglycemic,Normal,Very High
60-79,Female,Non-Smoker,Diabetic,Stage 2 HTN,High
60-79,Male,Current Smoker,Normoglycemic,Normal,Very High
20-39,Male,Non-Smoker,Diabetic,Stage 1 HTN,Very High
20-39,Male,Non-Smoker,Normoglycemic,Normal,Desirable
20-39,Male,Non-Smoker,Normoglycemic,Elevated,Borderline High
60-79,Male,Non-Smoker,Diabetic,Stage 2 HTN,High
40-59,Male,Non-Smoker,Normoglycemic,Elevated,Desirable
80+,Female,Non-Smoker,Normoglycemic,Normal,Borderline High
60-79,Female,Non-Smoker,Normoglycemic,Normal,Borderline High
80+,Male,Current Smoker,Normoglycemic,Normal,Desirable
40-59,Male,Non-Smoker,Diabetic,Stage 2 HTN,High
40-59,Male,Current Smoker,Diabetic,Stage 2 HTN,Borderline High
20-39,Male,Non-Smoker,Diabetic,Stage 2 HTN,Very High
20-39,Male,Non-Smoker,Normoglycemic,Normal,Desirable
40-59,Male,Current Smoker,Normoglycemic,Normal,Borderline High
40-59,Female,Current Smoker,Normoglycemic,Stage 2 HTN,Very High
80+,Male,Non-Smoker,Normoglycemic,Stage 2 HTN,Borderline High
40-59,Male,Non-Smoker,Normoglycemic,Normal,Borderline High
20-39,Female,Current Smoker,Diabetic,Stage 1 HTN,Borderline High
80+,Male,Current Smoker,Normoglycemic,Normal,Desirable
40-59,Female,Non-Smoker,Normoglycemic,Normal,Desirable
40-59,Female,Current Smoker,Normoglycemic,Normal,Desirable
40-59,Male,Non-Smoker,Diabetic,Stage 1 HTN,Borderline High
20-39,Male,Non-Smoker,Diabetic,Stage 1 HTN,Borderline High
80+,Female,Non-Smoker,Normoglycemic,Normal,Desirable
60-79,Male,Current Smoker,Normoglycemic,Elevated,Desirable
40-59,Female,Non-Smoker,Normoglycemic,Normal,Desirable
40-59,Female,Non-Smoker,Diabetic,Elevated,High
60-79,Female,Non-Smoker,Diabetic,Stage 2 HTN,Very High
20-39,Female,Non-Smoker,Normoglycemic,Normal,Desirable
40-59,Female,Current Smoker,Normoglycemic,Normal,Desirable
40-59,Male,Non-Smoker,Normoglycemic,Elevated,Desirable
60-79,Female,Current Smoker,Diabetic,Stage 1 HTN,Borderline High
20-39,Female,Non-Smoker,Normoglycemic,Normal,Very High
60-79,Female,Non-Smoker,Normoglycemic,Normal,Borderline High
60-79,Female,Non-Smoker,Normoglycemic,Stage 1 HTN,Desirable
60-79,Male,Non-Smoker,Normoglycemic,Normal,Desirable
40-59,Male,Current Smoker,Normoglycemic,Stage 1 HTN,High
80+,Female,Non-Smoker,Diabetic,Stage 2 HTN,Borderline High
40-59,Male,Non-Smoker,Normoglycemic,Normal,Desirable
20-39,Female,Non-Smoker,Normoglycemic,Normal,Desirable
20-39,Female,Current Smoker,Normoglycemic,Stage 1 HTN,Borderline High
40-59,Male,Non-Smoker,Diabetic,Stage 2 HTN,High
40-59,Female,Non-Smoker,Normoglycemic,Normal,Desirable
40-59,Male,Non-Smoker,Normoglycemic,Normal,Desirable
40-59,Female,Non-Smoker,Normoglycemic,Normal,Desirable
40-59,Female,Non-Smoker,Normoglycemic,Elevated,Desirable
40-59,Male,Non-Smoker,Normoglycemic,Normal,High
60-79,Female,Non-Smoker,Normoglycemic,Normal,High
60-79,Male,Non-Smoker,Normoglycemic,Normal,Desirable
40-59,Female,Non-Smoker,Normoglycemic,Stage 1 HTN,High
20-39,Male,Non-Smoker,Diabetic,Stage 2 HTN,High
80+,Male,Current Smoker,Normoglycemic,Elevated,Desirable
40-59,Male,Current Smoker,Diabetic,Stage 2 HTN,High
20-39,Female,Current Smoker,Diabetic,Stage 2 HTN,Borderline High
40-59,Female,Current Smoker,Diabetic,Stage 1 HTN,Desirable
60-79,Female,Non-Smoker,Normoglycemic,Elevated,Borderline High
80+,Female,Non-Smoker,Diabetic,Stage 1 HTN,High
60-79,Female,Non-Smoker,Diabetic,Stage 2 HTN,Very High
40-59,Male,Non-Smoker,Diabetic,Elevated,High
20-39,Female,Non-Smoker,Normoglycemic,Normal,Borderline High
20-39,Male,Current Smoker,Normoglycemic,Elevated,Borderline High
20-39,Male,Non-Smoker,Normoglycemic,Elevated,High
40-59,Female,Non-Smoker,Normoglycemic,Stage 1 HTN,Desirable
40-59,Female,Non-Smoker,Normoglycemic,Elevated,Desirable
80+,Male,Non-Smoker,Diabetic,Stage 2 HTN,Borderline High
20-39,Female,Non-Smoker,Normoglycemic,Elevated,Desirable
40-59,Male,Current Smoker,Normoglycemic,Elevated,Very High
60-79,Female,Non-Smoker,Normoglycemic,Normal,Desirable
20-39,Female,Non-Smoker,Normoglycemic,Normal,Desirable
40-59,Male,Non-Smoker,Normoglycemic,Normal,Desirable
60-79,Male,Current Smoker,Diabetic,Stage 2 HTN,High
40-59,Female,Non-Smoker,Normoglycemic,Stage 1 HTN,Borderline High
20-39,Male,Current Smoker,Normoglycemic,Normal,Desirable
20-39,Male,Non-Smoker,Normoglycemic,Stage 1 HTN,Desirable
60-79,Male,Current Smoker,Normoglycemic,Normal,Desirable
60-79,Female,Current Smoker,Normoglycemic,Normal,High
60-79,Male,Non-Smoker,Diabetic,Stage 2 HTN,Borderline High
20-39,Female,Non-Smoker,Diabetic,Stage 1 HTN,High
20-39,Female,Current Smoker,Normoglycemic,Elevated,Desirable
40-59,Male,Non-Smoker,Normoglycemic,Elevated,Borderline High
40-59,Male,Non-Smoker,Normoglycemic,Stage 1 HTN,Desirable
40-59,Male,Non-Smoker,Diabetic,Stage 2 HTN,High
40-59,Male,Current Smoker,Normoglycemic,Stage 1 HTN,Desirable
20-39,Female,Current Smoker,Normoglycemic,Elevated,Desirable
40-59,Female,Non-Smoker,Normoglycemic,Normal,Borderline High
60-79,Male,Current Smoker,Normoglycemic,Normal,Very High
40-59,Female,Current Smoker,Normoglycemic,Normal,Desirable
40-59,Male,Non-Smoker,Normoglycemic,Normal,Desirable
20-39,Female,Non-Smoker,Normoglycemic,Normal,Desirable
60-79,Male,Current Smoker,Diabetic,Stage 1 HTN,High
20-39,Male,Non-Smoker,Normoglycemic,Normal,Desirable
40-59,Female,Non-Smoker,Normoglycemic,Elevated,Desirable
60-79,Female,Non-Smoker,Normoglycemic,Normal,High
20-39,Female,Non-Smoker,Diabetic,Stage 2 HTN,Borderline High
20-39,Male,Non-Smoker,Diabetic,Stage 1 HTN,High
80+,Female,Non-Smoker,Normoglycemic,Normal,Desirable
20-39,Male,Current Smoker,Normoglycemic,Elevated,Very High
20-39,Female,Non-Smoker,Normoglycemic,Elevated,Borderline High
20-39,Female,Non-Smoker,Normoglycemic,Normal,Desirable
40-59,Male,Non-Smoker,Diabetic,Stage 2 HTN,High
40-59,Female,Non-Smoker,Normoglycemic,Elevated,Borderline High
80+,Female,Non-Smoker,Normoglycemic,Normal,Very High
40-59,Male,Current Smoker,Normoglycemic,Normal,Borderline High
20-39,Female,Current Smoker,Normoglycemic,Stage 2 HTN,Borderline High
40-59,Female,Non-Smoker,Normoglycemic,Elevated,Borderline High
20-39,Female,Non-Smoker,Normoglycemic,Normal,Desirable
80+,Male,Non-Smoker,Normoglycemic,Normal,High
20-39,Male,Non-Smoker,Normoglycemic,Normal,Borderline High
40-59,Female,Current Smoker,Normoglycemic,Normal,Desirable
20-39,Female,Current Smoker,Normoglycemic,Stage 2 HTN,High
20-39,Male,Non-Smoker,Normoglycemic,Normal,High
20-39,Male,Non-Smoker,Normoglycemic,Stage 2 HTN,Borderline High
20-39,Female,Non-Smoker,Diabetic,Stage 2 HTN,Very High
20-39,Female,Non-Smoker,Normoglycemic,Elevated,High
20-39,Male,Non-Smoker,Normoglycemic,Normal,Borderline High
60-79,Female,Non-Smoker,Diabetic,Stage 1 HTN,Very High
40-59,Female,Current Smoker,Normoglycemic,Normal,High
20-39,Female,Non-Smoker,Normoglycemic,Normal,High
40-59,Male,Non-Smoker,Diabetic,Stage 2 HTN,Borderline High
20-39,Female,Non-Smoker,Normoglycemic,Stage 1 HTN,Borderline High
40-59,Female,Current Smoker,Normoglycemic,Stage 2 HTN,Very High
20-39,Female,Non-Smoker,Normoglycemic,Elevated,Borderline High
60-79,Female,Current Smoker,Diabetic,Stage 2 HTN,Borderline High
40-59,Female,Non-Smoker,Diabetic,Stage 1 HTN,High
40-59,Female,Non-Smoker,Normoglycemic,Normal,Borderline High
20-39,Male,Non-Smoker,Normoglycemic,Normal,High
60-79,Male,Non-Smoker,Normoglycemic,Normal,High
20-39,Female,Non-Smoker,Normoglycemic,Normal,Desirable
60-79,Female,Current Smoker,Normoglycemic,Stage 1 HTN,Desirable
80+,Male,Current Smoker,Normoglycemic,Normal,Borderline High
20-39,Male,Non-Smoker,Normoglycemic,Elevated,Borderline High
40-59,Female,Current Smoker,Normoglycemic,Elevated,Desirable
80+,Female,Non-Smoker,Normoglycemic,Elevated,Desirable
60-79,Female,Non-Smoker,Diabetic,Stage 2 HTN,High
20-39,Female,Current Smoker,Normoglycemic,Stage 2 HTN,Borderline High
20-39,Female,Current Smoker,Normoglycemic,Normal,Borderline High
40-59,Female,Non-Smoker,Diabetic,Stage 2 HTN,Borderline High
40-59,Female,Non-Smoker,Normoglycemic,Normal,Borderline High
20-39,Male,Non-Smoker,Normoglycemic,Normal,Desirable
20-39,Female,Current Smoker,Normoglycemic,Stage 1 HTN,Borderline High
20-39,Male,Non-Smoker,Normoglycemic,Normal,High
60-79,Male,Current Smoker,Normoglycemic,Elevated,Borderline High
20-39,Male,Non-Smoker,Normoglycemic,Normal,Very High
40-59,Female,Non-Smoker,Normoglycemic,Normal,Borderline High
40-59,Female,Non-Smoker,Diabetic,Stage 2 HTN,High
20-39,Male,Current Smoker,Normoglycemic,Normal,Borderline High
40-59,Male,Non-Smoker,Normoglycemic,Normal,Desirable
20-39,Male,Current Smoker,Normoglycemic,Stage 1 HTN,Desirable
20-39,Male,Current Smoker,Normoglycemic,Normal,Borderline High
40-59,Male,Non-Smoker,Normoglycemic,Normal,Desirable
20-39,Male,Non-Smoker,Normoglycemic,Elevated,Borderline High
80+,Male,Non-Smoker,Normoglycemic,Elevated,Borderline High
20-39,Male,Non-Smoker,Normoglycemic,Normal,Desirable
40-59,Female,Non-Smoker,Normoglycemic,Elevated,Desirable
40-59,Male,Current Smoker,Normoglycemic,Normal,Desirable
20-39,Female,Current Smoker,Normoglycemic,Normal,Desirable
40-59,Male,Non-Smoker,Normoglycemic,Normal,Desirable
40-59,Male,Non-Smoker,Normoglycemic,Elevated,High
60-79,Female,Non-Smoker,Diabetic,Stage 2 HTN,High
60-79,Male,Non-Smoker,Normoglycemic,Normal,Borderline High
40-59,Male,Non-Smoker,Normoglycemic,Elevated,High
60-79,Male,Current Smoker,Normoglycemic,Normal,Desirable
40-59,Male,Non-Smoker,Diabetic,Stage 2 HTN,Borderline High
60-79,Male,Non-Smoker,Diabetic,Stage 2 HTN,Borderline High
40-59,Male,Non-Smoker,Normoglycemic,Elevated,Very High
20-39,Female,Non-Smoker,Normoglycemic,Normal,Borderline High
20-39,Female,Non-Smoker,Normoglycemic,Stage 1 HTN,High
20-39,Male,Non-Smoker,Normoglycemic,Stage 2 HTN,Desirable
80+,Female,Non-Smoker,Normoglycemic,Stage 1 HTN,Borderline High
40-59,Female,Non-Smoker,Normoglycemic,Elevated,High
40-59,Male,Current Smoker,Normoglycemic,Normal,High
60-79,Female,Non-Smoker,Normoglycemic,Elevated,Desirable
60-79,Male,Current Smoker,Diabetic,Elevated,High
40-59,Male,Current Smoker,Normoglycemic,Stage 2 HTN,High
40-59,Female,Non-Smoker,Diabetic,Stage 1 HTN,High
20-39,Male,Current Smoker,Normoglycemic,Normal,Borderline High
80+,Female,Non-Smoker,Normoglycemic,Normal,Desirable
20-39,Male,Non-Smoker,Diabetic,Stage 2 HTN,High
60-79,Male,Non-Smoker,Diabetic,Stage 2 HTN,High
20-39,Male,Current Smoker,Diabetic,Stage 2 HTN,Borderline High
20-39,Female,Current Smoker,Diabetic,Stage 1 HTN,Very High
40-59,Female,Current Smoker,Normoglycemic,Normal,Desirable
80+,Male,Current Smoker,Normoglycemic,Normal,Desirable
60-79,Male,Non-Smoker,Normoglycemic,Normal,Desirable
20-39,Female,Non-Smoker,Normoglycemic,Normal,Very High
20-39,Male,Non-Smoker,Normoglycemic,Stage 1 HTN,High
20-39,Male,Non-Smoker,Diabetic,Elevated,Borderline High
60-79,Female,Current Smoker,Normoglycemic,Normal,Borderline High
40-59,Male,Current Smoker,Normoglycemic,Normal,High
20-39,Male,Current Smoker,Normoglycemic,Elevated,Desirable
40-59,Female,Non-Smoker,Diabetic,Stage 1 HTN,Desirable
20-39,Male,Non-Smoker,Diabetic,Stage 2 HTN,Very High
20-39,Male,Current Smoker,Normoglycemic,Normal,Desirable
20-39,Male,Non-Smoker,Normoglycemic,Normal,Desirable
20-39,Male,Non-Smoker,Normoglycemic,Stage 1 HTN,Very High
60-79,Female,Non-Smoker,Diabetic,Stage 2 HTN,High
20-39,Male,Non-Smoker,Normoglycemic,Normal,Desirable
60-79,Female,Non-Smoker,Normoglycemic,Normal,Desirable
40-59,Female,Non-Smoker,Normoglycemic,Normal,Very High
40-59,Female,Non-Smoker,Normoglycemic,Elevated,Desirable
20-39,Male,Current Smoker,Normoglycemic,Elevated,Desirable
80+,Male,Current Smoker,Diabetic,Stage 2 HTN,High
40-59,Male,Current Smoker,Normoglycemic,Normal,Desirable
20-39,Female,Non-Smoker,Normoglycemic,Normal,Borderline High
40-59,Female,Non-Smoker,Normoglycemic,Normal,Desirable
40-59,Female,Non-Smoker,Diabetic,Stage 2 HTN,High
20-39,Male,Non-Smoker,Normoglycemic,Stage 2 HTN,Borderline High
40-59,Male,Current Smoker,Diabetic,Stage 1 HTN,Very High
60-79,Male,Non-Smoker,Normoglycemic,Normal,Borderline High
20-39,Female,Current Smoker,Normoglycemic,Normal,Desirable
20-39,Male,Non-Smoker,Normoglycemic,Normal,Borderline High
20-39,Female,Non-Smoker,Normoglycemic,Elevated,Borderline High
40-59,Female,Current Smoker,Normoglycemic,Stage 2 HTN,Desirable
20-39,Male,Non-Smoker,Normoglycemic,Stage 1 HTN,High
40-59,Male,Non-Smoker,Diabetic,Stage 2 HTN,High
40-59,Female,Non-Smoker,Normoglycemic,Normal,Borderline High
20-39,Female,Non-Smoker,Normoglycemic,Elevated,High
40-59,Female,Non-Smoker,Normoglycemic,Normal,Desirable
20-39,Male,Non-Smoker,Normoglycemic,Stage 2 HTN,Borderline High
20-39,Female,Non-Smoker,Diabetic,Stage 2 HTN,Borderline High
20-39,Female,Non-Smoker,Normoglycemic,Normal,High
20-39,Male,Non-Smoker,Normoglycemic,Stage 1 HTN,Desirable
20-39,Female,Non-Smoker,Normoglycemic,Elevated,Very High
20-39,Female,Non-Smoker,Normoglycemic,Normal,Desirable
60-79,Female,Non-Smoker,Diabetic,Stage 2 HTN,High
40-59,Female,Non-Smoker,Normoglycemic,Normal,Borderline High
60-79,Male,Current Smoker,Normoglycemic,Stage 1 HTN,Borderline High
60-79,Female,Non-Smoker,Diabetic,Stage 2 HTN,Very High
40-59,Female,Non-Smoker,Normoglycemic,Normal,High
20-39,Male,Current Smoker,Normoglycemic,Normal,High
20-39,Male,Non-Smoker,Normoglycemic,Normal,Desirable
20-39,Female,Non-Smoker,Normoglycemic,Normal,Desirable
60-79,Male,Non-Smoker,Normoglycemic,Elevated,Borderline High
40-59,Male,Non-Smoker,Diabetic,Stage 2 HTN,High
20-39,Male,Non-Smoker,Normoglycemic,Normal,Borderline High
40-59,Female,Non-Smoker,Normoglycemic,Normal,Desirable
20-39,Male,Non-Smoker,Normoglycemic,Normal,Desirable
20-39,Male,Current Smoker,Normoglycemic,Normal,Desirable
20-39,Male,Current Smoker,Normoglycemic,Stage 1 HTN,Borderline High
60-79,Male,Non-Smoker,Normoglycemic,Normal,Borderline High
20-39,Male,Non-Smoker,Normoglycemic,Elevated,Borderline High
20-39,Female,Non-Smoker,Normoglycemic,Stage 1 HTN,Desirable
60-79,Female,Current Smoker,Normoglycemic,Normal,Very High
20-39,Female,Non-Smoker,Normoglycemic,Normal,Borderline High
20-39,Male,Current Smoker,Normoglycemic,Stage 1 HTN,Desirable
20-39,Female,Current Smoker,Normoglycemic,Normal,Desirable
20-39,Male,Non-Smoker,Normoglycemic,Normal,High
40-59,Female,Non-Smoker,Diabetic,Stage 2 HTN,Borderline High
20-39,Male,Non-Smoker,Normoglycemic,Elevated,Desirable
80+,Female,Non-Smoker,Normoglycemic,Elevated,Desirable
20-39,Male,Current Smoker,Normoglycemic,Elevated,Desirable
40-59,Female,Current Smoker,Diabetic,Stage 1 HTN,Very High
20-39,Female,Non-Smoker,Normoglycemic,Elevated,High
20-39,Female,Non-Smoker,Normoglycemic,Normal,Very High
60-79,Male,Current Smoker,Diabetic,Stage 2 HTN,Very High
20-39,Female,Non-Smoker,Normoglycemic,Normal,Borderline High
40-59,Male,Non-Smoker,Diabetic,Stage 1 HTN,Desirable
20-39,Male,Non-Smoker,Normoglycemic,Stage 1 HTN,High
40-59,Male,Non-Smoker,Normoglycemic,Normal,Desirable
40-59,Male,Non-Smoker,Normoglycemic,Normal,Borderline High
20-39,Male,Non-Smoker,Normoglycemic,Normal,Desirable
60-79,Female,Non-Smoker,Normoglycemic,Elevated,Desirable
60-79,Female,Current Smoker,Normoglycemic,Stage 1 HTN,Desirable
40-59,Female,Non-Smoker,Normoglycemic,Stage 1 HTN,Borderline High
20-39,Male,Non-Smoker,Normoglycemic,Normal,High
20-39,Female,Non-Smoker,Normoglycemic,Normal,Desirable
20-39,Male,Current Smoker,Normoglycemic,Elevated,High
60-79,Male,Non-Smoker,Diabetic,Stage 2 HTN,High
60-79,Female,Current Smoker,Diabetic,Stage 1 HTN,Very High
60-79,Male,Non-Smoker,Normoglycemic,Elevated,Desirable
60-79,Female,Non-Smoker,Normoglycemic,Normal,Very High
40-59,Male,Non-Smoker,Normoglycemic,Elevated,Borderline High
40-59,Male,Non-Smoker,Diabetic,Stage 2 HTN,High
60-79,Male,Current Smoker,Normoglycemic,Stage 2 HTN,Desirable
20-39,Female,Non-Smoker,Normoglycemic,Normal,Desirable
60-79,Male,Current Smoker,Diabetic,Stage 2 HTN,High
60-79,Male,Non-Smoker,Normoglycemic,Elevated,Borderline High
60-79,Female,Non-Smoker,Diabetic,Stage 2 HTN,High
40-59,Female,Non-Smoker,Normoglycemic,Normal,Desirable
60-79,Female,Current Smoker,Diabetic,Stage 2 HTN,High
60-79,Female,Non-Smoker,Normoglycemic,Normal,Desirable
40-59,Male,Non-Smoker,Normoglycemic,Stage 1 HTN,Desirable
20-39,Female,Non-Smoker,Normoglycemic,Normal,Desirable
20-39,Female,Non-Smoker,Normoglycemic,Elevated,Borderline High
20-39,Female,Non-Smoker,Normoglycemic,Normal,Borderline High
20-39,Male,Non-Smoker,Normoglycemic,Stage 1 HTN,Very High
20-39,Female,Non-Smoker,Diabetic,Stage 1 HTN,High
80+,Male,Non-Smoker,Normoglycemic,Stage 2 HTN,Borderline High
60-79,Female,Non-Smoker,Diabetic,Stage 2 HTN,Borderline High
60-79,Male,Current Smoker,Diabetic,Stage 2 HTN,High
80+,Male,Non-Smoker,Normoglycemic,Normal,High
40-59,Female,Non-Smoker,Normoglycemic,Normal,High
20-39,Male,Current Smoker,Normoglycemic,Elevated,High
40-59,Male,Non-Smoker,Normoglycemic,Elevated,Very High
20-39,Female,Non-Smoker,Normoglycemic,Normal,Borderline High
40-59,Female,Non-Smoker,Normoglycemic,Stage 1 HTN,High
80+,Female,Non-Smoker,Normoglycemic,Normal,Borderline High
80+,Female,Non-Smoker,Diabetic,Stage 1 HTN,High
60-79,Female,Non-Smoker,Normoglycemic,Normal,Desirable
40-59,Female,Non-Smoker,Normoglycemic,Normal,Borderline High
20-39,Male,Non-Smoker,Normoglycemic,Normal,Very High
20-39,Male,Non-Smoker,Normoglycemic,Elevated,High
20-39,Male,Non-Smoker,Normoglycemic,Normal,Desirable
20-39,Male,Current Smoker,Normoglycemic,Normal,Borderline High
20-39,Male,Non-Smoker,Normoglycemic,Normal,Desirable
80+,Male,Non-Smoker,Diabetic,Stage 2 HTN,High
40-59,Female,Current Smoker,Normoglycemic,Normal,Very High
60-79,Female,Non-Smoker,Diabetic,Stage 2 HTN,High
40-59,Female,Non-Smoker,Diabetic,Stage 2 HTN,High
20-39,Female,Non-Smoker,Normoglycemic,Elevated,High
20-39,Male,Non-Smoker,Normoglycemic,Elevated,Desirable
20-39,Female,Non-Smoker,Normoglycemic,Normal,High
20-39,Male,Current Smoker,Normoglycemic,Normal,Desirable
20-39,Female,Current Smoker,Diabetic,Stage 1 HTN,Desirable
60-79,Male,Non-Smoker,Normoglycemic,Normal,Desirable
40-59,Male,Non-Smoker,Diabetic,Stage 1 HTN,Borderline High
40-59,Female,Non-Smoker,Diabetic,Stage 1 HTN,Desirable
40-59,Male,Non-Smoker,Normoglycemic,Normal,Desirable
20-39,Male,Non-Smoker,Normoglycemic,Elevated,Desirable
20-39,Female,Non-Smoker,Normoglycemic,Normal,Borderline High
60-79,Male,Non-Smoker,Normoglycemic,Normal,Borderline High
60-79,Male,Non-Smoker,Normoglycemic,Elevated,Borderline High
40-59,Male,Non-Smoker,Normoglycemic,Stage 2 HTN,Borderline High
40-59,Male,Current Smoker,Normoglycemic,Elevated,Desirable
60-79,Female,Non-Smoker,Diabetic,Stage 2 HTN,High
20-39,Female,Non-Smoker,Normoglycemic,Normal,Very High
60-79,Male,Current Smoker,Normoglycemic,Normal,Very High
40-59,Male,Non-Smoker,Normoglycemic,Normal,Desirable
40-59,Male,Non-Smoker,Normoglycemic,Normal,Desirable
60-79,Male,Non-Smoker,Diabetic,Stage 2 HTN,High
80+,Male,Non-Smoker,Diabetic,Stage 2 HTN,High
60-79,Female,Non-Smoker,Normoglycemic,Stage 1 HTN,Borderline High
20-39,Female,Non-Smoker,Normoglycemic,Normal,Borderline High
20-39,Female,Non-Smoker,Diabetic,Stage 2 HTN,Borderline High
20-39,Male,Non-Smoker,Normoglycemic,Normal,High
60-79,Male,Non-Smoker,Diabetic,Stage 1 HTN,Desirable
40-59,Male,Non-Smoker,Normoglycemic,Normal,Desirable
20-39,Male,Non-Smoker,Normoglycemic,Normal,Borderline High
60-79,Male,Current Smoker,Normoglycemic,Normal,Desirable
40-59,Female,Non-Smoker,Diabetic,Stage 2 HTN,Very High
20-39,Male,Non-Smoker,Normoglycemic,Stage 2 HTN,Desirable
20-39,Female,Non-Smoker,Normoglycemic,Normal,High
40-59,Female,Current Smoker,Diabetic,Stage 2 HTN,High
40-59,Male,Current Smoker,Normoglycemic,Normal,Borderline High
20-39,Male,Non-Smoker,Normoglycemic,Normal,Very High
40-59,Female,Current Smoker,Diabetic,Stage 2 HTN,High
60-79,Male,Current Smoker,Diabetic,Elevated,High
60-79,Female,Non-Smoker,Diabetic,Elevated,Very High
40-59,Female,Non-Smoker,Normoglycemic,Normal,Borderline High
40-59,Female,Non-Smoker,Normoglycemic,Normal,Very High
20-39,Female,Non-Smoker,Diabetic,Stage 2 HTN,Very High
20-39,Female,Non-Smoker,Normoglycemic,Normal,Very High
20-39,Female,Non-Smoker,Normoglycemic,Elevated,Very High
20-39,Female,Non-Smoker,Normoglycemic,Normal,Desirable
40-59,Male,Current Smoker,Normoglycemic,Normal,Very High
20-39,Male,Current Smoker,Normoglycemic,Normal,Borderline High
60-79,Female,Non-Smoker,Diabetic,Stage 1 HTN,Very High
40-59,Female,Current Smoker,Normoglycemic,Elevated,Very High
40-59,Male,Non-Smoker,Normoglycemic,Elevated,Desirable
40-59,Male,Non-Smoker,Diabetic,Stage 2 HTN,Borderline High
20-39,Female,Non-Smoker,Normoglycemic,Normal,Desirable
40-59,Male,Non-Smoker,Normoglycemic,Stage 1 HTN,Desirable
20-39,Female,Non-Smoker,Diabetic,Stage 1 HTN,High
20-39,Male,Current Smoker,Normoglycemic,Elevated,Desirable
60-79,Female,Non-Smoker,Normoglycemic,Normal,Desirable
20-39,Male,Non-Smoker,Normoglycemic,Normal,Borderline High
20-39,Female,Non-Smoker,Normoglycemic,Normal,Desirable
20-39,Male,Non-Smoker,Normoglycemic,Normal,Desirable
40-59,Female,Current Smoker,Normoglycemic,Elevated,Desirable
40-59,Male,Non-Smoker,Diabetic,Stage 1 HTN,Very High
40-59,Male,Current Smoker,Diabetic,Stage 2 HTN,Very High
20-39,Male,Current Smoker,Normoglycemic,Normal,Borderline High
60-79,Female,Non-Smoker,Diabetic,Stage 1 HTN,High
60-79,Female,Non-Smoker,Normoglycemic,Stage 1 HTN,Borderline High
20-39,Female,Non-Smoker,Diabetic,Stage 2 HTN,Borderline High
40-59,Female,Non-Smoker,Normoglycemic,Normal,Desirable
40-59,Male,Non-Smoker,Normoglycemic,Elevated,Borderline High
20-39,Female,Non-Smoker,Normoglycemic,Normal,Very High
40-59,Female,Current Smoker,Diabetic,Stage 2 HTN,High
40-59,Male,Current Smoker,Normoglycemic,Normal,Borderline High
40-59,Male,Non-Smoker,Normoglycemic,Normal,Desirable
40-59,Female,Non-Smoker,Normoglycemic,Elevated,Desirable
20-39,Female,Non-Smoker,Normoglycemic,Normal,Desirable
40-59,Male,Non-Smoker,Normoglycemic,Elevated,High
20-39,Male,Non-Smoker,Normoglycemic,Elevated,Borderline High
80+,Female,Non-Smoker,Normoglycemic,Stage 1 HTN,Borderline High
40-59,Male,Current Smoker,Diabetic,Stage 2 HTN,Desirable
40-59,Female,Current Smoker,Normoglycemic,Elevated,Borderline High
20-39,Male,Non-Smoker,Normoglycemic,Stage 2 HTN,High
80+,Female,Non-Smoker,Diabetic,Stage 1 HTN,Very High
40-59,Male,Non-Smoker,Normoglycemic,Normal,Desirable
40-59,Male,Non-Smoker,Diabetic,Stage 1 HTN,Desirable
40-59,Female,Current Smoker,Normoglycemic,Normal,Desirable
20-39,Male,Non-Smoker,Normoglycemic,Normal,Desirable
80+,Male,Non-Smoker,Diabetic,Stage 1 HTN,Borderline High
60-79,Female,Non-Smoker,Normoglycemic,Normal,High
20-39,Male,Non-Smoker,Normoglycemic,Normal,High
20-39,Male,Non-Smoker,Normoglycemic,Normal,Very High
20-39,Male,Current Smoker,Diabetic,Stage 2 HTN,High
40-59,Female,Non-Smoker,Normoglycemic,Normal,Desirable
60-79,Male,Current Smoker,Diabetic,Stage 1 HTN,Very High
60-79,Male,Non-Smoker,Normoglycemic,Stage 1 HTN,Desirable
60-79,Female,Non-Smoker,Normoglycemic,Normal,Desirable
40-59,Female,Non-Smoker,Normoglycemic,Normal,High
20-39,Female,Non-Smoker,Normoglycemic,Normal,Borderline High
20-39,Female,Non-Smoker,Normoglycemic,Elevated,Desirable
60-79,Female,Current Smoker,Normoglycemic,Elevated,Borderline High
20-39,Female,Non-Smoker,Normoglycemic,Normal,Desirable
20-39,Female,Non-Smoker,Normoglycemic,Elevated,Borderline High
40-59,Female,Non-Smoker,Diabetic,Stage 2 HTN,High
60-79,Female,Non-Smoker,Normoglycemic,Stage 1 HTN,Desirable
20-39,Male,Non-Smoker,Normoglycemic,Normal,Desirable
60-79,Female,Non-Smoker,Diabetic,Stage 1 HTN,Very High
40-59,Female,Non-Smoker,Normoglycemic,Stage 1 HTN,Borderline High
20-39,Male,Non-Smoker,Diabetic,Stage 2 HTN,Very High
20-39,Male,Non-Smoker,Normoglycemic,Normal,High
20-39,Male,Non-Smoker,Normoglycemic,Normal,Desirable
20-39,Male,Non-Smoker,Normoglycemic,Stage 1 HTN,Borderline High
20-39,Female,Non-Smoker,Normoglycemic,Normal,Desirable
40-59,Male,Non-Smoker,Normoglycemic,Stage 1 HTN,Desirable
20-39,Male,Current Smoker,Diabetic,Stage 1 HTN,Borderline High
20-39,Female,Non-Smoker,Normoglycemic,Stage 2 HTN,Borderline High
20-39,Male,Non-Smoker,Normoglycemic,Normal,Desirable
20-39,Female,Non-Smoker,Normoglycemic,Elevated,Desirable
40-59,Male,Non-Smoker,Diabetic,Stage 2 HTN,Very High
40-59,Female,Non-Smoker,Diabetic,Stage 2 HTN,Borderline High
40-59,Male,Non-Smoker,Normoglycemic,Normal,Desirable
40-59,Male,Current Smoker,Normoglycemic,Elevated,Desirable
40-59,Male,Non-Smoker,Normoglycemic,Elevated,Borderline High
20-39,Female,Non-Smoker,Normoglycemic,Normal,Desirable
40-59,Female,Non-Smoker,Diabetic,Stage 2 HTN,Very High
60-79,Male,Non-Smoker,Diabetic,Stage 1 HTN,Borderline High
60-79,Female,Non-Smoker,Diabetic,Stage 2 HTN,Borderline High
60-79,Female,Non-Smoker,Normoglycemic,Normal,High
20-39,Female,Non-Smoker,Normoglycemic,Normal,Desirable
20-39,Female,Non-Smoker,Normoglycemic,Elevated,Desirable
60-79,Male,Current Smoker,Diabetic,Stage 1 HTN,Very High
20-39,Male,Non-Smoker,Normoglycemic,Elevated,Desirable
40-59,Male,Non-Smoker,Normoglycemic,Normal,High
60-79,Male,Non-Smoker,Normoglycemic,Stage 1 HTN,High
20-39,Female,Non-Smoker,Normoglycemic,Normal,Desirable
20-39,Female,Non-Smoker,Diabetic,Stage 2 HTN,High
20-39,Female,Current Smoker,Diabetic,Stage 2 HTN,High
60-79,Male,Current Smoker,Diabetic,Stage 1 HTN,High
40-59,Male,Non-Smoker,Normoglycemic,Normal,Desirable
40-59,Female,Non-Smoker,Normoglycemic,Elevated,Borderline High
40-59,Male,Non-Smoker,Normoglycemic,Stage 2 HTN,Very High
20-39,Male,Current Smoker,Normoglycemic,Elevated,Desirable
20-39,Male,Non-Smoker,Normoglycemic,Elevated,High
60-79,Female,Non-Smoker,Normoglycemic,Normal,Desirable
40-59,Female,Non-Smoker,Diabetic,Elevated,High
40-59,Female,Non-Smoker,Normoglycemic,Normal,Desirable
20-39,Female,Non-Smoker,Normoglycemic,Normal,High
20-39,Male,Non-Smoker,Normoglycemic,Normal,Desirable
20-39,Male,Non-Smoker,Normoglycemic,Normal,Desirable
20-39,Female,Non-Smoker,Normoglycemic,Normal,Borderline High
60-79,Female,Non-Smoker,Normoglycemic,Elevated,Desirable
40-59,Male,Non-Smoker,Diabetic,Elevated,High
20-39,Male,Current Smoker,Normoglycemic,Stage 1 HTN,Borderline High
60-79,Male,Non-Smoker,Normoglycemic,Normal,High
40-59,Male,Non-Smoker,Normoglycemic,Elevated,Desirable
60-79,Female,Non-Smoker,Diabetic,Stage 1 HTN,Very High
20-39,Female,Current Smoker,Normoglycemic,Stage 1 HTN,Borderline High
60-79,Female,Non-Smoker,Normoglycemic,Normal,Desirable
20-39,Female,Non-Smoker,Diabetic,Elevated,Borderline High
20-39,Male,Non-Smoker,Normoglycemic,Normal,Desirable
20-39,Male,Non-Smoker,Diabetic,Stage 2 HTN,Very High
80+,Female,Non-Smoker,Normoglycemic,Elevated,Desirable
60-79,Male,Non-Smoker,Normoglycemic,Elevated,Very High
40-59,Male,Non-Smoker,Normoglycemic,Normal,Desirable
20-39,Female,Current Smoker,Diabetic,Stage 1 HTN,High
60-79,Male,Current Smoker,Diabetic,Stage 1 HTN,High
60-79,Male,Non-Smoker,Diabetic,Stage 2 HTN,High
20-39,Male,Current Smoker,Normoglycemic,Stage 2 HTN,Desirable
20-39,Female,Non-Smoker,Normoglycemic,Elevated,Desirable
20-39,Male,Current Smoker,Normoglycemic,Normal,Very High
60-79,Male,Non-Smoker,Diabetic,Stage 2 HTN,Very High
20-39,Female,Non-Smoker,Normoglycemic,Elevated,Desirable
20-39,Female,Non-Smoker,Normoglycemic,Stage 1 HTN,Very High
20-39,Male,Current Smoker,Normoglycemic,Normal,Desirable
20-39,Female,Current Smoker,Normoglycemic,Normal,Desirable
20-39,Male,Non-Smoker,Diabetic,Stage 2 HTN,High
40-59,Male,Non-Smoker,Normoglycemic,Elevated,Very High
20-39,Female,Non-Smoker,Normoglycemic,Elevated,Very High
40-59,Female,Current Smoker,Diabetic,Stage 2 HTN,High
20-39,Female,Non-Smoker,Normoglycemic,Normal,Borderline High
40-59,Female,Current Smoker,Normoglycemic,Normal,Desirable
40-59,Male,Non-Smoker,Normoglycemic,Stage 1 HTN,Borderline High
40-59,Female,Non-Smoker,Normoglycemic,Normal,Very High
20-39,Male,Non-Smoker,Normoglycemic,Stage 1 HTN,Desirable
60-79,Male,Non-Smoker,Diabetic,Stage 2 HTN,High
60-79,Female,Non-Smoker,Diabetic,Stage 2 HTN,High
40-59,Male,Non-Smoker,Diabetic,Stage 2 HTN,Very High
40-59,Female,Non-Smoker,Normoglycemic,Elevated,Borderline High
40-59,Female,Non-Smoker,Normoglycemic,Normal,Desirable
60-79,Female,Non-Smoker,Normoglycemic,Elevated,Desirable
40-59,Male,Non-Smoker,Normoglycemic,Normal,Desirable
40-59,Male,Non-Smoker,Normoglycemic,Elevated,Very High
60-79,Female,Non-Smoker,Normoglycemic,Normal,Desirable
40-59,Female,Non-Smoker,Diabetic,Stage 1 HTN,Desirable
40-59,Male,Non-Smoker,Normoglycemic,Normal,Borderline High
20-39,Female,Non-Smoker,Normoglycemic,Elevated,Desirable
20-39,Female,Non-Smoker,Normoglycemic,Stage 1 HTN,Borderline High
60-79,Female,Non-Smoker,Normoglycemic,Normal,Very High
40-59,Female,Non-Smoker,Diabetic,Stage 2 HTN,Very High
20-39,Male,Current Smoker,Normoglycemic,Normal,High
20-39,Female,Non-Smoker,Normoglycemic,Normal,Desirable
20-39,Male,Non-Smoker,Normoglycemic,Normal,Desirable
40-59,Female,Non-Smoker,Normoglycemic,Stage 1 HTN,High
20-39,Female,Non-Smoker,Normoglycemic,Elevated,Borderline High
20-39,Male,Current Smoker,Diabetic,Stage 1 HTN,High
20-39,Female,Non-Smoker,Normoglycemic,Normal,Desirable
20-39,Male,Non-Smoker,Normoglycemic,Normal,Desirable
20-39,Male,Non-Smoker,Normoglycemic,Normal,Borderline High
20-39,Male,Current Smoker,Normoglycemic,Normal,Very High
40-59,Male,Non-Smoker,Diabetic,Stage 2 HTN,Borderline High
60-79,Female,Non-Smoker,Diabetic,Stage 2 HTN,Very High
40-59,Female,Current Smoker,Normoglycemic,Normal,Desirable
80+,Male,Non-Smoker,Diabetic,Stage 2 HTN,Borderline High
40-59,Female,Non-Smoker,Normoglycemic,Elevated,High
40-59,Female,Non-Smoker,Diabetic,Stage 2 HTN,High
60-79,Female,Non-Smoker,Diabetic,Stage 2 HTN,High
20-39,Male,Non-Smoker,Normoglycemic,Elevated,Desirable
40-59,Male,Current Smoker,Diabetic,Stage 2 HTN,Very High
20-39,Female,Non-Smoker,Diabetic,Stage 2 HTN,Very High
20-39,Male,Non-Smoker,Normoglycemic,Stage 2 HTN,High
20-39,Male,Non-Smoker,Normoglycemic,Normal,Very High
40-59,Male,Non-Smoker,Normoglycemic,Normal,High
20-39,Male,Current Smoker,Normoglycemic,Stage 1 HTN,Desirable
20-39,Male,Non-Smoker,Normoglycemic,Elevated,Desirable
60-79,Male,Non-Smoker,Normoglycemic,Normal,Borderline High
40-59,Female,Non-Smoker,Normoglycemic,Normal,Borderline High
60-79,Male,Non-Smoker,Normoglycemic,Normal,Borderline High
20-39,Female,Non-Smoker,Normoglycemic,Normal,Borderline High
20-39,Female,Non-Smoker,Normoglycemic,Stage 1 HTN,Desirable
20-39,Female,Non-Smoker,Normoglycemic,Normal,Borderline High
20-39,Female,Non-Smoker,Normoglycemic,Stage 1 HTN,Very High
40-59,Male,Current Smoker,Diabetic,Stage 2 HTN,High
20-39,Male,Non-Smoker,Normoglycemic,Elevated,Desirable
20-39,Male,Non-Smoker,Normoglycemic,Elevated,Desirable
20-39,Female,Non-Smoker,Diabetic,Stage 2 HTN,High
20-39,Female,Non-Smoker,Diabetic,Normal,Very High
20-39,Female,Non-Smoker,Normoglycemic,Elevated,Borderline High
20-39,Male,Current Smoker,Normoglycemic,Elevated,Desirable
20-39,Male,Non-Smoker,Normoglycemic,Normal,Desirable
20-39,Male,Current Smoker,Diabetic,Elevated,High
40-59,Female,Current Smoker,Normoglycemic,Normal,Borderline High
40-59,Male,Non-Smoker,Normoglycemic,Normal,Borderline High
40-59,Male,Non-Smoker,Diabetic,Stage 2 HTN,High
80+,Female,Non-Smoker,Normoglycemic,Stage 1 HTN,Borderline High
20-39,Female,Non-Smoker,Normoglycemic,Stage 1 HTN,High
40-59,Male,Current Smoker,Normoglycemic,Elevated,Borderline High
20-39,Male,Non-Smoker,Normoglycemic,Normal,Desirable
40-59,Female,Non-Smoker,Normoglycemic,Stage 1 HTN,Desirable
60-79,Female,Non-Smoker,Diabetic,Elevated,High
40-59,Female,Non-Smoker,Normoglycemic,Normal,Borderline High
40-59,Female,Non-Smoker,Normoglycemic,Normal,Desirable
20-39,Male,Non-Smoker,Diabetic,Stage 1 HTN,High
40-59,Male,Non-Smoker,Normoglycemic,Elevated,Desirable
20-39,Male,Current Smoker,Normoglycemic,Normal,Desirable
20-39,Male,Current Smoker,Normoglycemic,Normal,Borderline High
20-39,Male,Non-Smoker,Normoglycemic,Stage 1 HTN,Desirable
20-39,Female,Current Smoker,Normoglycemic,Elevated,Borderline High
40-59,Female,Non-Smoker,Diabetic,Stage 2 HTN,High
20-39,Female,Non-Smoker,Diabetic,Stage 1 HTN,High
40-59,Male,Non-Smoker,Diabetic,Stage 1 HTN,Very High
60-79,Male,Non-Smoker,Diabetic,Stage 1 HTN,High
40-59,Male,Non-Smoker,Normoglycemic,Stage 2 HTN,High
40-59,Female,Current Smoker,Normoglycemic,Normal,Desirable
20-39,Female,Current Smoker,Normoglycemic,Stage 2 HTN,Borderline High
20-39,Male,Non-Smoker,Normoglycemic,Normal,Desirable
40-59,Male,Non-Smoker,Diabetic,Stage 2 HTN,High
60-79,Male,Non-Smoker,Diabetic,Stage 1 HTN,Very High
20-39,Male,Current Smoker,Normoglycemic,Normal,Desirable
40-59,Female,Non-Smoker,Diabetic,Stage 2 HTN,High
80+,Male,Current Smoker,Diabetic,Stage 2 HTN,Very High
20-39,Female,Non-Smoker,Diabetic,Stage 2 HTN,High
20-39,Male,Non-Smoker,Normoglycemic,Normal,High
40-59,Female,Non-Smoker,Normoglycemic,Normal,Desirable
60-79,Male,Current Smoker,Normoglycemic,Stage 2 HTN,Desirable
40-59,Female,Non-Smoker,Normoglycemic,Normal,High
20-39,Female,Current Smoker,Normoglycemic,Normal,Borderline High
20-39,Female,Non-Smoker,Normoglycemic,Stage 1 HTN,Desirable
40-59,Male,Non-Smoker,Normoglycemic,Elevated,Desirable
20-39,Female,Non-Smoker,Normoglycemic,Stage 1 HTN,Desirable
60-79,Male,Non-Smoker,Diabetic,Stage 2 HTN,High
20-39,Male,Non-Smoker,Normoglycemic,Stage 1 HTN,Desirable
40-59,Female,Non-Smoker,Normoglycemic,Normal,High
20-39,Female,Non-Smoker,Normoglycemic,Normal,Borderline High
60-79,Female,Non-Smoker,Diabetic,Stage 1 HTN,Very High
20-39,Male,Current Smoker,Normoglycemic,Normal,High
20-39,Male,Non-Smoker,Diabetic,Stage 2 HTN,Very High
20-39,Male,Current Smoker,Normoglycemic,Normal,High
40-59,Male,Non-Smoker,Normoglycemic,Normal,Desirable
20-39,Male,Non-Smoker,Normoglycemic,Stage 1 HTN,Borderline High
20-39,Female,Current Smoker,Normoglycemic,Normal,Desirable
60-79,Male,Non-Smoker,Normoglycemic,Normal,Desirable
60-79,Male,Non-Smoker,Normoglycemic,Normal,Desirable
60-79,Female,Non-Smoker,Diabetic,Stage 2 HTN,Borderline High
20-39,Male,Non-Smoker,Normoglycemic,Stage 2 HTN,Borderline High
20-39,Male,Non-Smoker,Normoglycemic,Stage 1 HTN,Borderline High
80+,Male,Non-Smoker,Normoglycemic,Normal,Borderline High
20-39,Male,Non-Smoker,Normoglycemic,Stage 1 HTN,Borderline High
60-79,Male,Non-Smoker,Diabetic,Stage 2 HTN,Very High
40-59,Female,Non-Smoker,Diabetic,Stage 2 HTN,High
40-59,Male,Non-Smoker,Normoglycemic,Normal,Desirable
20-39,Female,Non-Smoker,Normoglycemic,Elevated,Borderline High
20-39,Female,Non-Smoker,Normoglycemic,Normal,Desirable
20-39,Male,Non-Smoker,Normoglycemic,Normal,Very High
60-79,Female,Current Smoker,Normoglycemic,Normal,Desirable
20-39,Female,Non-Smoker,Normoglycemic,Normal,Borderline High
20-39,Female,Non-Smoker,Normoglycemic,Normal,Desirable
20-39,Female,Non-Smoker,Normoglycemic,Stage 1 HTN,Borderline High
20-39,Male,Current Smoker,Normoglycemic,Elevated,Desirable
40-59,Male,Non-Smoker,Normoglycemic,Stage 1 HTN,High
60-79,Female,Current Smoker,Diabetic,Stage 1 HTN,Very High
60-79,Female,Non-Smoker,Diabetic,Stage 1 HTN,High
20-39,Male,Non-Smoker,Normoglycemic,Elevated,Desirable
40-59,Male,Non-Smoker,Normoglycemic,Stage 1 HTN,Desirable
20-39,Female,Non-Smoker,Normoglycemic,Normal,High
60-79,Male,Current Smoker,Normoglycemic,Normal,Desirable
40-59,Male,Current Smoker,Diabetic,Stage 2 HTN,Desirable
20-39,Female,Current Smoker,Diabetic,Stage 2 HTN,Very High
20-39,Female,Non-Smoker,Diabetic,Stage 2 HTN,High
40-59,Female,Non-Smoker,Normoglycemic,Stage 2 HTN,Desirable
40-59,Female,Non-Smoker,Normoglycemic,Normal,High
40-59,Male,Non-Smoker,Normoglycemic,Stage 1 HTN,Borderline High
40-59,Male,Current Smoker,Diabetic,Stage 2 HTN,Very High
80+,Female,Non-Smoker,Normoglycemic,Normal,Borderline High
20-39,Male,Current Smoker,Diabetic,Stage 2 HTN,Very High
40-59,Male,Non-Smoker,Normoglycemic,Stage 1 HTN,Desirable
20-39,Female,Non-Smoker,Normoglycemic,Normal,Desirable
40-59,Male,Current Smoker,Normoglycemic,Elevated,Borderline High
40-59,Female,Non-Smoker,Normoglycemic,Normal,Borderline High
20-39,Female,Non-Smoker,Normoglycemic,Normal,Desirable
40-59,Female,Non-Smoker,Normoglycemic,Elevated,High
20-39,Female,Current Smoker,Normoglycemic,Normal,Borderline High
40-59,Female,Current Smoker,Normoglycemic,Normal,Very High
20-39,Male,Non-Smoker,Diabetic,Stage 2 HTN,Borderline High
40-59,Female,Non-Smoker,Normoglycemic,Normal,Borderline High
20-39,Male,Non-Smoker,Normoglycemic,Normal,Desirable
60-79,Female,Current Smoker,Normoglycemic,Normal,Desirable
20-39,Male,Current Smoker,Diabetic,Stage 2 HTN,Borderline High
20-39,Male,Non-Smoker,Normoglycemic,Normal,High
80+,Female,Non-Smoker,Diabetic,Stage 2 HTN,High
40-59,Male,Non-Smoker,Normoglycemic,Normal,High
40-59,Female,Current Smoker,Normoglycemic,Normal,Borderline High
40-59,Female,Non-Smoker,Diabetic,Stage 1 HTN,Very High
20-39,Male,Non-Smoker,Normoglycemic,Normal,High
40-59,Male,Current Smoker,Diabetic,Stage 1 HTN,Very High
40-59,Female,Non-Smoker,Diabetic,Stage 2 HTN,High
40-59,Male,Non-Smoker,Normoglycemic,Normal,High
60-79,Male,Current Smoker,Diabetic,Stage 2 HTN,High
20-39,Female,Non-Smoker,Normoglycemic,Stage 1 HTN,High
40-59,Male,Non-Smoker,Diabetic,Stage 1 HTN,Very High
40-59,Male,Non-Smoker,Normoglycemic,Stage 1 HTN,Very High
60-79,Female,Current Smoker,Normoglycemic,Normal,High
40-59,Female,Non-Smoker,Diabetic,Stage 2 HTN,High
20-39,Male,Current Smoker,Normoglycemic,Stage 1 HTN,Borderline High
20-39,Female,Non-Smoker,Normoglycemic,Normal,Borderline High
40-59,Male,Non-Smoker,Diabetic,Stage 1 HTN,High
20-39,Male,Non-Smoker,Normoglycemic,Normal,Desirable
20-39,Female,Current Smoker,Normoglycemic,Normal,Desirable
20-39,Female,Current Smoker,Diabetic,Stage 2 HTN,High
40-59,Female,Non-Smoker,Normoglycemic,Normal,Borderline High
60-79,Male,Non-Smoker,Diabetic,Stage 2 HTN,Very High
40-59,Female,Non-Smoker,Diabetic,Stage 1 HTN,Very High
60-79,Male,Current Smoker,Normoglycemic,Normal,Borderline High
40-59,Female,Non-Smoker,Normoglycemic,Normal,Borderline High
20-39,Male,Current Smoker,Diabetic,Stage 2 HTN,Very High
40-59,Female,Non-Smoker,Normoglycemic,Normal,Desirable
20-39,Male,Current Smoker,Normoglycemic,Normal,Borderline High
40-59,Male,Non-Smoker,Diabetic,Stage 2 HTN,Very High
60-79,Male,Non-Smoker,Normoglycemic,Normal,Very High
40-59,Female,Non-Smoker,Normoglycemic,Stage 1 HTN,Very High
40-59,Male,Non-Smoker,Normoglycemic,Normal,Borderline High
40-59,Male,Current Smoker,Normoglycemic,Normal,Desirable
20-39,Male,Non-Smoker,Normoglycemic,Normal,Desirable
40-59,Male,Non-Smoker,Diabetic,Stage 2 HTN,High
20-39,Male,Non-Smoker,Normoglycemic,Elevated,Desirable
20-39,Male,Non-Smoker,Diabetic,Stage 2 HTN,Desirable
80+,Female,Non-Smoker,Diabetic,Stage 2 HTN,Very High
20-39,Male,Current Smoker,Normoglycemic,Normal,Borderline High
60-79,Female,Non-Smoker,Normoglycemic,Normal,Borderline High
20-39,Female,Non-Smoker,Normoglycemic,Normal,Desirable
20-39,Female,Non-Smoker,Normoglycemic,Stage 1 HTN,Borderline High
40-59,Female,Non-Smoker,Normoglycemic,Stage 1 HTN,Desirable
60-79,Female,Non-Smoker,Diabetic,Stage 2 HTN,Borderline High
60-79,Female,Non-Smoker,Normoglycemic,Stage 1 HTN,Desirable
20-39,Female,Non-Smoker,Normoglycemic,Normal,Very High
40-59,Male,Current Smoker,Diabetic,Stage 2 HTN,Very High
80+,Female,Non-Smoker,Normoglycemic,Normal,Desirable
60-79,Male,Non-Smoker,Normoglycemic,Normal,Desirable
20-39,Male,Non-Smoker,Diabetic,Stage 2 HTN,High
40-59,Female,Non-Smoker,Normoglycemic,Normal,Borderline High
20-39,Male,Current Smoker,Normoglycemic,Normal,Desirable
20-39,Female,Non-Smoker,Normoglycemic,Normal,Borderline High
20-39,Male,Current Smoker,Normoglycemic,Stage 1 HTN,Desirable
40-59,Female,Non-Smoker,Diabetic,Stage 1 HTN,Desirable
60-79,Female,Non-Smoker,Normoglycemic,Normal,Desirable
20-39,Female,Non-Smoker,Diabetic,Stage 2 HTN,Borderline High
20-39,Male,Non-Smoker,Normoglycemic,Elevated,Desirable
60-79,Female,Current Smoker,Diabetic,Stage 2 HTN,Very High
60-79,Male,Non-Smoker,Normoglycemic,Normal,Borderline High
20-39,Female,Non-Smoker,Diabetic,Elevated,High
80+,Female,Non-Smoker,Diabetic,Stage 2 HTN,High
20-39,Female,Non-Smoker,Normoglycemic,Normal,Desirable
60-79,Female,Non-Smoker,Diabetic,Stage 2 HTN,High
20-39,Male,Current Smoker,Normoglycemic,Stage 2 HTN,Borderline High
20-39,Male,Non-Smoker,Normoglycemic,Normal,Borderline High
80+,Female,Non-Smoker,Diabetic,Stage 1 HTN,Very High
20-39,Male,Current Smoker,Diabetic,Stage 2 HTN,Very High
60-79,Male,Non-Smoker,Diabetic,Stage 2 HTN,High
40-59,Male,Non-Smoker,Normoglycemic,Elevated,High
20-39,Male,Current Smoker,Normoglycemic,Stage 2 HTN,Borderline High
40-59,Male,Non-Smoker,Normoglycemic,Normal,Desirable
20-39,Male,Non-Smoker,Diabetic,Stage 1 HTN,High
20-39,Female,Non-Smoker,Normoglycemic,Normal,Desirable
20-39,Male,Non-Smoker,Diabetic,Stage 2 HTN,Borderline High
20-39,Female,Non-Smoker,Normoglycemic,Normal,High
20-39,Female,Non-Smoker,Normoglycemic,Normal,Borderline High
40-59,Male,Non-Smoker,Normoglycemic,Normal,Borderline High
80+,Male,Current Smoker,Normoglycemic,Normal,Desirable
60-79,Female,Current Smoker,Normoglycemic,Stage 1 HTN,Desirable
40-59,Female,Non-Smoker,Diabetic,Stage 2 HTN,High
20-39,Male,Non-Smoker,Normoglycemic,Normal,Desirable
40-59,Female,Non-Smoker,Diabetic,Stage 2 HTN,Very High
40-59,Female,Non-Smoker,Normoglycemic,Normal,Desirable
40-59,Male,Non-Smoker,Normoglycemic,Stage 1 HTN,Desirable
40-59,Male,Non-Smoker,Normoglycemic,Normal,Borderline High
20-39,Female,Current Smoker,Normoglycemic,Normal,Desirable
20-39,Female,Non-Smoker,Normoglycemic,Elevated,High
80+,Male,Current Smoker,Diabetic,Stage 2 HTN,High
40-59,Male,Non-Smoker,Normoglycemic,Normal,Desirable
40-59,Male,Current Smoker,Normoglycemic,Stage 1 HTN,Desirable
20-39,Female,Current Smoker,Normoglycemic,Normal,Desirable
20-39,Female,Current Smoker,Normoglycemic,Stage 2 HTN,Desirable
40-59,Male,Current Smoker,Normoglycemic,Normal,High
40-59,Male,Non-Smoker,Normoglycemic,Normal,Desirable
40-59,Male,Non-Smoker,Normoglycemic,Normal,Borderline High
60-79,Male,Non-Smoker,Normoglycemic,Stage 1 HTN,High
40-59,Male,Non-Smoker,Normoglycemic,Normal,Desirable
60-79,Female,Current Smoker,Diabetic,Stage 1 HTN,Borderline High
20-39,Male,Non-Smoker,Normoglycemic,Normal,Borderline High
20-39,Female,Non-Smoker,Normoglycemic,Elevated,Borderline High
40-59,Female,Non-Smoker,Normoglycemic,Normal,Borderline High
40-59,Male,Non-Smoker,Diabetic,Stage 2 HTN,Very High
60-79,Female,Non-Smoker,Normoglycemic,Normal,Desirable
60-79,Male,Non-Smoker,Normoglycemic,Normal,High
20-39,Female,Non-Smoker,Diabetic,Stage 2 HTN,Very High
40-59,Male,Non-Smoker,Normoglycemic,Normal,Borderline High
20-39,Female,Non-Smoker,Normoglycemic,Elevated,Desirable
20-39,Male,Non-Smoker,Normoglycemic,Elevated,Desirable
40-59,Male,Non-Smoker,Normoglycemic,Elevated,Desirable
20-39,Male,Current Smoker,Normoglycemic,Normal,Desirable
60-79,Female,Non-Smoker,Diabetic,Stage 2 HTN,High
60-79,Female,Non-Smoker,Diabetic,Stage 2 HTN,High
60-79,Male,Current Smoker,Diabetic,Stage 2 HTN,Very High
40-59,Male,Current Smoker,Diabetic,Stage 2 HTN,High
20-39,Male,Current Smoker,Normoglycemic,Normal,High
40-59,Female,Current Smoker,Normoglycemic,Stage 1 HTN,Desirable
60-79,Female,Non-Smoker,Diabetic,Stage 2 HTN,High
20-39,Female,Non-Smoker,Normoglycemic,Normal,Desirable
40-59,Female,Non-Smoker,Normoglycemic,Stage 1 HTN,Desirable
40-59,Female,Non-Smoker,Normoglycemic,Stage 2 HTN,Desirable
60-79,Male,Current Smoker,Diabetic,Stage 1 HTN,High
60-79,Male,Current Smoker,Diabetic,Stage 2 HTN,Borderline High
60-79,Male,Non-Smoker,Normoglycemic,Normal,Desirable
40-59,Female,Non-Smoker,Normoglycemic,Elevated,Desirable
40-59,Male,Non-Smoker,Normoglycemic,Normal,High
40-59,Male,Current Smoker,Normoglycemic,Stage 1 HTN,Borderline High
20-39,Male,Current Smoker,Normoglycemic,Normal,Desirable
40-59,Male,Non-Smoker,Normoglycemic,Normal,Borderline High
20-39,Female,Non-Smoker,Normoglycemic,Elevated,Borderline High
40-59,Male,Non-Smoker,Normoglycemic,Stage 1 HTN,High
20-39,Female,Current Smoker,Normoglycemic,Normal,Desirable
40-59,Female,Non-Smoker,Diabetic,Stage 2 HTN,High
60-79,Male,Non-Smoker,Normoglycemic,Normal,High
20-39,Male,Non-Smoker,Normoglycemic,Stage 1 HTN,Desirable
40-59,Male,Non-Smoker,Normoglycemic,Elevated,Desirable
60-79,Male,Non-Smoker,Normoglycemic,Stage 1 HTN,High
20-39,Male,Non-Smoker,Diabetic,Stage 2 HTN,High
20-39,Male,Non-Smoker,Normoglycemic,Elevated,Desirable
20-39,Male,Non-Smoker,Normoglycemic,Stage 2 HTN,High
80+,Female,Non-Smoker,Normoglycemic,Normal,Very High
40-59,Male,Current Smoker,Diabetic,Stage 2 HTN,Borderline High
40-59,Male,Non-Smoker,Normoglycemic,Elevated,Desirable
20-39,Female,Current Smoker,Normoglycemic,Normal,Desirable
20-39,Male,Non-Smoker,Normoglycemic,Normal,Desirable
60-79,Female,Non-Smoker,Diabetic,Stage 1 HTN,Desirable
20-39,Female,Current Smoker,Normoglycemic,Stage 1 HTN,Borderline High
60-79,Male,Non-Smoker,Diabetic,Stage 2 HTN,High
40-59,Female,Current Smoker,Normoglycemic,Normal,Desirable
60-79,Male,Current Smoker,Normoglycemic,Stage 1 HTN,Desirable
20-39,Male,Non-Smoker,Normoglycemic,Normal,Desirable
40-59,Female,Non-Smoker,Diabetic,Stage 2 HTN,Very High
20-39,Male,Non-Smoker,Normoglycemic,Normal,High
60-79,Male,Non-Smoker,Normoglycemic,Normal,Desirable
20-39,Male,Non-Smoker,Normoglycemic,Normal,Borderline High
60-79,Female,Current Smoker,Diabetic,Stage 1 HTN,High
40-59,Male,Non-Smoker,Normoglycemic,Normal,High
60-79,Female,Non-Smoker,Diabetic,Stage 2 HTN,Very High
20-39,Male,Non-Smoker,Normoglycemic,Normal,Borderline High
40-59,Male,Current Smoker,Normoglycemic,Normal,Desirable
40-59,Male,Non-Smoker,Normoglycemic,Normal,High
20-39,Female,Non-Smoker,Normoglycemic,Elevated,Desirable
60-79,Female,Current Smoker,Normoglycemic,Stage 2 HTN,Desirable
20-39,Male,Current Smoker,Normoglycemic,Elevated,Desirable
20-39,Male,Non-Smoker,Normoglycemic,Normal,High
20-39,Female,Non-Smoker,Normoglycemic,Normal,Desirable
20-39,Female,Non-Smoker,Normoglycemic,Stage 2 HTN,Desirable
60-79,Female,Non-Smoker,Normoglycemic,Normal,Desirable
40-59,Female,Non-Smoker,Diabetic,Stage 2 HTN,Very High
60-79,Female,Non-Smoker,Normoglycemic,Stage 1 HTN,Desirable
20-39,Female,Non-Smoker,Normoglycemic,Normal,Borderline High
20-39,Female,Non-Smoker,Diabetic,Stage 2 HTN,High
40-59,Female,Non-Smoker,Normoglycemic,Normal,Borderline High
20-39,Male,Current Smoker,Normoglycemic,Normal,Borderline High
60-79,Male,Current Smoker,Diabetic,Stage 2 HTN,Very High
40-59,Male,Non-Smoker,Normoglycemic,Normal,High
40-59,Male,Non-Smoker,Normoglycemic,Normal,Desirable
40-59,Female,Non-Smoker,Normoglycemic,Normal,Desirable
40-59,Female,Non-Smoker,Diabetic,Stage 2 HTN,Borderline High
20-39,Female,Non-Smoker,Normoglycemic,Normal,Desirable
20-39,Female,Non-Smoker,Normoglycemic,Normal,Borderline High
20-39,Male,Current Smoker,Normoglycemic,Normal,Desirable
20-39,Male,Non-Smoker,Diabetic,Stage 1 HTN,Very High
60-79,Female,Non-Smoker,Diabetic,Stage 1 HTN,Very High
60-79,Male,Non-Smoker,Diabetic,Stage 2 HTN,Desirable
60-79,Male,Non-Smoker,Normoglycemic,Normal,Desirable
60-79,Female,Non-Smoker,Normoglycemic,Normal,Desirable
40-59,Female,Non-Smoker,Normoglycemic,Normal,Desirable
60-79,Female,Non-Smoker,Normoglycemic,Normal,Desirable
20-39,Female,Current Smoker,Normoglycemic,Normal,Desirable
60-79,Female,Non-Smoker,Normoglycemic,Normal,Borderline High
20-39,Male,Current Smoker,Normoglycemic,Normal,Borderline High
20-39,Female,Non-Smoker,Normoglycemic,Normal,High
40-59,Male,Non-Smoker,Normoglycemic,Elevated,Borderline High
20-39,Male,Non-Smoker,Normoglycemic,Elevated,Desirable
40-59,Male,Current Smoker,Normoglycemic,Normal,Desirable
20-39,Female,Non-Smoker,Normoglycemic,Elevated,Desirable
40-59,Male,Non-Smoker,Diabetic,Stage 2 HTN,Very High
20-39,Male,Non-Smoker,Normoglycemic,Normal,Desirable
60-79,Female,Non-Smoker,Diabetic,Stage 2 HTN,Very High
20-39,Female,Non-Smoker,Normoglycemic,Normal,Desirable
20-39,Male,Non-Smoker,Normoglycemic,Elevated,Borderline High
20-39,Female,Non-Smoker,Normoglycemic,Normal,Borderline High
60-79,Male,Non-Smoker,Normoglycemic,Stage 2 HTN,Borderline High
40-59,Female,Current Smoker,Normoglycemic,Normal,Borderline High
20-39,Male,Current Smoker,Normoglycemic,Normal,Borderline High
40-59,Female,Non-Smoker,Diabetic,Stage 1 HTN,High
20-39,Female,Non-Smoker,Normoglycemic,Normal,Desirable
60-79,Female,Non-Smoker,Diabetic,Stage 1 HTN,Very High
60-79,Male,Non-Smoker,Normoglycemic,Stage 2 HTN,Desirable
20-39,Female,Non-Smoker,Normoglycemic,Elevated,High
20-39,Female,Current Smoker,Normoglycemic,Normal,Desirable
20-39,Male,Non-Smoker,Normoglycemic,Normal,Desirable
80+,Female,Non-Smoker,Diabetic,Stage 2 HTN,Very High
20-39,Male,Current Smoker,Diabetic,Stage 2 HTN,High
80+,Female,Non-Smoker,Normoglycemic,Normal,Borderline High
20-39,Male,Non-Smoker,Normoglycemic,Normal,Desirable
40-59,Female,Non-Smoker,Diabetic,Stage 2 HTN,Borderline High
20-39,Female,Current Smoker,Normoglycemic,Stage 2 HTN,Borderline High
20-39,Male,Non-Smoker,Normoglycemic,Normal,High
60-79,Female,Non-Smoker,Normoglycemic,Normal,Desirable
20-39,Male,Current Smoker,Normoglycemic,Normal,Desirable
20-39,Female,Non-Smoker,Normoglycemic,Stage 1 HTN,High
40-59,Male,Non-Smoker,Normoglycemic,Stage 1 HTN,Borderline High
20-39,Male,Non-Smoker,Normoglycemic,Normal,Very High
40-59,Female,Non-Smoker,Normoglycemic,Elevated,Desirable
40-59,Female,Non-Smoker,Normoglycemic,Normal,Borderline High
80+,Male,Current Smoker,Normoglycemic,Stage 1 HTN,High
40-59,Male,Non-Smoker,Normoglycemic,Normal,Desirable
20-39,Female,Non-Smoker,Normoglycemic,Normal,High
20-39,Female,Non-Smoker,Diabetic,Stage 1 HTN,High
60-79,Male,Current Smoker,Diabetic,Stage 2 HTN,High
20-39,Female,Non-Smoker,Normoglycemic,Normal,Desirable
40-59,Female,Current Smoker,Normoglycemic,Normal,High
20-39,Male,Non-Smoker,Diabetic,Stage 2 HTN,Borderline High
40-59,Female,Non-Smoker,Normoglycemic,Stage 1 HTN,Borderline High
20-39,Female,Non-Smoker,Normoglycemic,Stage 2 HTN,High
40-59,Male,Current Smoker,Normoglycemic,Elevated,Borderline High
20-39,Female,Non-Smoker,Normoglycemic,Normal,Borderline High
40-59,Female,Non-Smoker,Normoglycemic,Normal,Very High
60-79,Female,Non-Smoker,Normoglycemic,Elevated,High
40-59,Female,Non-Smoker,Normoglycemic,Normal,Borderline High
20-39,Female,Non-Smoker,Normoglycemic,Normal,Desirable
20-39,Male,Non-Smoker,Normoglycemic,Normal,High
60-79,Female,Non-Smoker,Normoglycemic,Elevated,Desirable
20-39,Male,Current Smoker,Normoglycemic,Elevated,Borderline High
40-59,Female,Non-Smoker,Normoglycemic,Normal,Desirable
20-39,Female,Non-Smoker,Normoglycemic,Normal,Borderline High
20-39,Female,Current Smoker,Normoglycemic,Stage 2 HTN,Very High
60-79,Female,Non-Smoker,Normoglycemic,Normal,Desirable
80+,Male,Non-Smoker,Diabetic,Stage 2 HTN,High
80+,Female,Non-Smoker,Normoglycemic,Normal,High
40-59,Male,Current Smoker,Normoglycemic,Elevated,High
20-39,Male,Non-Smoker,Normoglycemic,Normal,High
40-59,Male,Non-Smoker,Normoglycemic,Normal,Desirable
20-39,Female,Non-Smoker,Normoglycemic,Elevated,Desirable
40-59,Male,Non-Smoker,Normoglycemic,Normal,High
80+,Male,Non-Smoker,Normoglycemic,Elevated,Desirable
20-39,Male,Current Smoker,Normoglycemic,Normal,Borderline High
60-79,Female,Non-Smoker,Normoglycemic,Normal,Borderline High
60-79,Female,Non-Smoker,Normoglycemic,Normal,Desirable
20-39,Male,Current Smoker,Normoglycemic,Stage 1 HTN,Desirable
40-59,Female,Non-Smoker,Normoglycemic,Stage 1 HTN,Desirable
60-79,Female,Non-Smoker,Normoglycemic,Normal,Very High
20-39,Male,Non-Smoker,Normoglycemic,Normal,Borderline High
20-39,Male,Current Smoker,Normoglycemic,Elevated,High
40-59,Male,Non-Smoker,Normoglycemic,Normal,Borderline High
40-59,Male,Non-Smoker,Normoglycemic,Stage 2 HTN,Desirable
40-59,Female,Non-Smoker,Normoglycemic,Elevated,Desirable
20-39,Female,Non-Smoker,Normoglycemic,Normal,Borderline High
40-59,Female,Non-Smoker,Normoglycemic,Elevated,Borderline High
40-59,Female,Non-Smoker,Normoglycemic,Elevated,Desirable
40-59,Male,Current Smoker,Normoglycemic,Normal,Borderline High
40-59,Female,Non-Smoker,Normoglycemic,Normal,Desirable
60-79,Female,Non-Smoker,Diabetic,Stage 2 HTN,Very High
40-59,Female,Non-Smoker,Normoglycemic,Normal,Desirable
20-39,Male,Non-Smoker,Normoglycemic,Normal,Desirable
20-39,Female,Non-Smoker,Normoglycemic,Normal,High
60-79,Female,Non-Smoker,Diabetic,Stage 2 HTN,High
40-59,Male,Non-Smoker,Normoglycemic,Normal,Desirable
40-59,Female,Non-Smoker,Normoglycemic,Normal,Borderline High
20-39,Male,Non-Smoker,Normoglycemic,Stage 1 HTN,Desirable
60-79,Male,Current Smoker,Normoglycemic,Normal,Borderline High
40-59,Female,Non-Smoker,Normoglycemic,Stage 1 HTN,Desirable
20-39,Male,Non-Smoker,Normoglycemic,Normal,Desirable
20-39,Female,Non-Smoker,Normoglycemic,Normal,Borderline High
20-39,Female,Non-Smoker,Normoglycemic,Normal,Borderline High
40-59,Male,Non-Smoker,Diabetic,Stage 2 HTN,Very High
60-79,Female,Non-Smoker,Normoglycemic,Normal,Desirable
20-39,Male,Non-Smoker,Diabetic,Stage 1 HTN,Very High
60-79,Female,Current Smoker,Normoglycemic,Elevated,Desirable
60-79,Male,Non-Smoker,Diabetic,Stage 2 HTN,Very High
80+,Male,Non-Smoker,Normoglycemic,Elevated,Desirable
20-39,Female,Non-Smoker,Normoglycemic,Normal,Desirable
60-79,Female,Non-Smoker,Normoglycemic,Elevated,High
40-59,Male,Current Smoker,Normoglycemic,Stage 1 HTN,Desirable
40-59,Female,Current Smoker,Diabetic,Stage 1 HTN,High
40-59,Female,Non-Smoker,Normoglycemic,Elevated,High
20-39,Male,Non-Smoker,Normoglycemic,Normal,Desirable
20-39,Male,Non-Smoker,Normoglycemic,Normal,Desirable
20-39,Male,Non-Smoker,Diabetic,Stage 2 HTN,High
40-59,Female,Current Smoker,Normoglycemic,Stage 2 HTN,Desirable
40-59,Female,Non-Smoker,Normoglycemic,Normal,Desirable
20-39,Female,Current Smoker,Diabetic,Stage 2 HTN,Very High
20-39,Male,Non-Smoker,Normoglycemic,Elevated,Desirable
20-39,Male,Non-Smoker,Normoglycemic,Normal,Very High
40-59,Female,Current Smoker,Normoglycemic,Normal,Borderline High
20-39,Male,Current Smoker,Normoglycemic,Stage 1 HTN,Desirable
20-39,Female,Non-Smoker,Normoglycemic,Elevated,Very High
40-59,Male,Non-Smoker,Normoglycemic,Normal,Desirable
20-39,Male,Non-Smoker,Diabetic,Stage 2 HTN,Borderline High
20-39,Male,Non-Smoker,Normoglycemic,Normal,Desirable
80+,Male,Non-Smoker,Diabetic,Stage 2 HTN,High
20-39,Male,Non-Smoker,Normoglycemic,Stage 2 HTN,High
60-79,Male,Non-Smoker,Diabetic,Stage 2 HTN,Very High
40-59,Female,Non-Smoker,Normoglycemic,Normal,Desirable
60-79,Male,Current Smoker,Diabetic,Stage 2 HTN,High
40-59,Male,Non-Smoker,Normoglycemic,Normal,Desirable
60-79,Male,Non-Smoker,Normoglycemic,Normal,Borderline High
60-79,Female,Non-Smoker,Diabetic,Stage 1 HTN,Very High
40-59,Female,Current Smoker,Normoglycemic,Elevated,Borderline High
20-39,Male,Non-Smoker,Diabetic,Stage 1 HTN,High
20-39,Female,Non-Smoker,Diabetic,Stage 2 HTN,Borderline High
40-59,Male,Current Smoker,Diabetic,Elevated,High
40-59,Male,Non-Smoker,Normoglycemic,Normal,Desirable
20-39,Female,Non-Smoker,Normoglycemic,Normal,Desirable
60-79,Male,Non-Smoker,Normoglycemic,Elevated,Desirable
60-79,Female,Non-Smoker,Normoglycemic,Stage 1 HTN,Desirable
60-79,Male,Non-Smoker,Diabetic,Stage 2 HTN,Borderline High
60-79,Female,Non-Smoker,Diabetic,Stage 2 HTN,Desirable
80+,Female,Non-Smoker,Diabetic,Stage 2 HTN,Very High
40-59,Male,Non-Smoker,Diabetic,Stage 1 HTN,Borderline High
40-59,Female,Non-Smoker,Normoglycemic,Elevated,Borderline High
80+,Female,Non-Smoker,Diabetic,Stage 2 HTN,High
40-59,Male,Non-Smoker,Normoglycemic,Stage 2 HTN,Desirable
40-59,Male,Non-Smoker,Diabetic,Stage 2 HTN,Very High
60-79,Female,Non-Smoker,Diabetic,Stage 2 HTN,Desirable
60-79,Female,Current Smoker,Diabetic,Stage 2 HTN,Borderline High
20-39,Male,Current Smoker,Normoglycemic,Normal,Desirable
20-39,Female,Non-Smoker,Diabetic,Stage 2 HTN,Very High
20-39,Male,Current Smoker,Normoglycemic,Elevated,Very High
60-79,Female,Current Smoker,Diabetic,Stage 2 HTN,High
60-79,Female,Non-Smoker,Normoglycemic,Normal,Desirable
60-79,Female,Current Smoker,Diabetic,Stage 1 HTN,Very High
40-59,Female,Non-Smoker,Diabetic,Stage 2 HTN,High
40-59,Male,Non-Smoker,Normoglycemic,Normal,Very High
40-59,Male,Non-Smoker,Diabetic,Stage 1 HTN,High
20-39,Female,Current Smoker,Normoglycemic,Normal,Borderline High
20-39,Female,Non-Smoker,Normoglycemic,Normal,Desirable
40-59,Female,Non-Smoker,Diabetic,Stage 2 HTN,High
20-39,Male,Non-Smoker,Normoglycemic,Stage 1 HTN,Borderline High
40-59,Female,Non-Smoker,Diabetic,Elevated,Borderline High
20-39,Male,Non-Smoker,Diabetic,Stage 1 HTN,High
60-79,Female,Non-Smoker,Diabetic,Stage 2 HTN,Very High
40-59,Female,Non-Smoker,Diabetic,Stage 2 HTN,High
20-39,Female,Non-Smoker,Normoglycemic,Elevated,Very High
20-39,Male,Non-Smoker,Normoglycemic,Normal,Desirable
40-59,Female,Non-Smoker,Normoglycemic,Stage 1 HTN,Very High
60-79,Male,Non-Smoker,Normoglycemic,Normal,Desirable
80+,Female,Non-Smoker,Diabetic,Stage 2 HTN,Very High
40-59,Male,Non-Smoker,Normoglycemic,Normal,Borderline High
40-59,Male,Non-Smoker,Normoglycemic,Normal,Borderline High
20-39,Female,Non-Smoker,Normoglycemic,Normal,Borderline High
60-79,Male,Current Smoker,Diabetic,Stage 2 HTN,Very High
40-59,Male,Non-Smoker,Diabetic,Stage 2 HTN,High
60-79,Male,Non-Smoker,Diabetic,Stage 1 HTN,Borderline High
40-59,Female,Non-Smoker,Normoglycemic,Normal,Desirable
20-39,Male,Non-Smoker,Normoglycemic,Normal,Desirable
20-39,Female,Non-Smoker,Normoglycemic,Stage 1 HTN,High
60-79,Male,Current Smoker,Normoglycemic,Elevated,Very High
20-39,Female,Non-Smoker,Normoglycemic,Stage 1 HTN,Desirable
20-39,Male,Non-Smoker,Normoglycemic,Normal,Desirable
80+,Female,Non-Smoker,Normoglycemic,Normal,Desirable
40-59,Male,Non-Smoker,Diabetic,Stage 2 HTN,Very High
20-39,Male,Non-Smoker,Diabetic,Stage 2 HTN,High
20-39,Male,Current Smoker,Normoglycemic,Stage 1 HTN,High
60-79,Male,Non-Smoker,Diabetic,Stage 2 HTN,High
20-39,Female,Non-Smoker,Normoglycemic,Normal,Desirable
40-59,Male,Non-Smoker,Normoglycemic,Elevated,Borderline High
40-59,Male,Non-Smoker,Normoglycemic,Normal,Borderline High
40-59,Male,Non-Smoker,Diabetic,Stage 2 HTN,High
20-39,Female,Non-Smoker,Normoglycemic,Normal,Borderline High
20-39,Male,Non-Smoker,Normoglycemic,Stage 1 HTN,Borderline High
40-59,Male,Current Smoker,Normoglycemic,Elevated,Borderline High
20-39,Female,Non-Smoker,Normoglycemic,Normal,Desirable
20-39,Male,Non-Smoker,Normoglycemic,Normal,High
20-39,Male,Non-Smoker,Diabetic,Stage 1 HTN,High
40-59,Male,Non-Smoker,Diabetic,Stage 1 HTN,Borderline High
80+,Male,Non-Smoker,Diabetic,Stage 2 HTN,Very High
20-39,Female,Non-Smoker,Normoglycemic,Normal,High
60-79,Female,Non-Smoker,Normoglycemic,Normal,Borderline High
60-79,Male,Current Smoker,Diabetic,Stage 1 HTN,Very High
40-59,Female,Non-Smoker,Normoglycemic,Normal,Desirable
40-59,Male,Current Smoker,Diabetic,Stage 2 HTN,Very High
20-39,Female,Current Smoker,Normoglycemic,Elevated,Desirable
60-79,Male,Non-Smoker,Diabetic,Stage 2 HTN,High
40-59,Male,Non-Smoker,Normoglycemic,Normal,Desirable
40-59,Female,Non-Smoker,Normoglycemic,Normal,Borderline High
40-59,Female,Non-Smoker,Diabetic,Stage 2 HTN,High
20-39,Female,Non-Smoker,Normoglycemic,Normal,Desirable
40-59,Female,Non-Smoker,Normoglycemic,Normal,Borderline High
60-79,Female,Non-Smoker,Normoglycemic,Normal,Desirable
40-59,Female,Non-Smoker,Diabetic,Stage 2 HTN,Very High
40-59,Male,Non-Smoker,Diabetic,Elevated,Very High
40-59,Female,Current Smoker,Diabetic,Stage 1 HTN,Very High
40-59,Male,Non-Smoker,Diabetic,Stage 2 HTN,High
20-39,Male,Current Smoker,Normoglycemic,Normal,Desirable
40-59,Female,Non-Smoker,Normoglycemic,Normal,Desirable
20-39,Male,Current Smoker,Normoglycemic,Elevated,Desirable
80+,Female,Current Smoker,Diabetic,Stage 2 HTN,Very High
60-79,Male,Non-Smoker,Diabetic,Elevated,High
20-39,Female,Current Smoker,Normoglycemic,Stage 2 HTN,Borderline High
40-59,Male,Non-Smoker,Normoglycemic,Elevated,Desirable
40-59,Male,Non-Smoker,Normoglycemic,Stage 1 HTN,Borderline High
40-59,Male,Current Smoker,Normoglycemic,Stage 1 HTN,Desirable
20-39,Male,Non-Smoker,Normoglycemic,Normal,High
60-79,Female,Current Smoker,Normoglycemic,Elevated,Desirable
20-39,Female,Non-Smoker,Normoglycemic,Stage 1 HTN,Desirable
40-59,Male,Current Smoker,Diabetic,Stage 2 HTN,Desirable
20-39,Male,Non-Smoker,Normoglycemic,Stage 1 HTN,Very High
40-59,Female,Non-Smoker,Normoglycemic,Normal,Desirable
20-39,Male,Current Smoker,Normoglycemic,Elevated,Borderline High
40-59,Male,Non-Smoker,Normoglycemic,Stage 1 HTN,Desirable
20-39,Male,Non-Smoker,Normoglycemic,Normal,Desirable
20-39,Female,Current Smoker,Normoglycemic,Stage 1 HTN,Desirable
40-59,Male,Non-Smoker,Normoglycemic,Normal,Borderline High
60-79,Female,Non-Smoker,Normoglycemic,Normal,High
20-39,Male,Non-Smoker,Normoglycemic,Normal,High
60-79,Male,Non-Smoker,Normoglycemic,Normal,Borderline High
60-79,Female,Non-Smoker,Diabetic,Stage 1 HTN,High
40-59,Female,Non-Smoker,Diabetic,Elevated,Very High
40-59,Female,Current Smoker,Normoglycemic,Stage 2 HTN,Desirable
60-79,Female,Non-Smoker,Normoglycemic,Stage 2 HTN,Very High
60-79,Male,Non-Smoker,Diabetic,Stage 2 HTN,Borderline High
40-59,Male,Non-Smoker,Diabetic,Stage 2 HTN,High
20-39,Male,Current Smoker,Normoglycemic,Normal,High
20-39,Male,Non-Smoker,Diabetic,Elevated,High
80+,Male,Non-Smoker,Diabetic,Stage 1 HTN,Borderline High
20-39,Female,Non-Smoker,Normoglycemic,Stage 1 HTN,Borderline High
20-39,Male,Current Smoker,Normoglycemic,Stage 2 HTN,High
60-79,Male,Current Smoker,Normoglycemic,Elevated,Desirable
60-79,Female,Non-Smoker,Normoglycemic,Normal,Desirable
40-59,Male,Non-Smoker,Diabetic,Stage 2 HTN,High
60-79,Male,Non-Smoker,Diabetic,Stage 2 HTN,Very High
40-59,Female,Non-Smoker,Normoglycemic,Elevated,Desirable
40-59,Female,Non-Smoker,Normoglycemic,Normal,Desirable
60-79,Male,Non-Smoker,Diabetic,Stage 2 HTN,High
20-39,Female,Current Smoker,Normoglycemic,Stage 2 HTN,Borderline High
60-79,Female,Non-Smoker,Diabetic,Stage 2 HTN,High
40-59,Male,Non-Smoker,Normoglycemic,Normal,Borderline High
20-39,Male,Current Smoker,Normoglycemic,Stage 2 HTN,Borderline High
60-79,Female,Non-Smoker,Diabetic,Stage 2 HTN,Very High
40-59,Male,Non-Smoker,Normoglycemic,Normal,Very High
20-39,Male,Non-Smoker,Normoglycemic,Normal,High
20-39,Male,Non-Smoker,Diabetic,Stage 2 HTN,High
20-39,Male,Non-Smoker,Diabetic,Stage 1 HTN,High
40-59,Male,Non-Smoker,Normoglycemic,Normal,Borderline High
20-39,Female,Non-Smoker,Normoglycemic,Stage 2 HTN,Desirable
20-39,Female,Non-Smoker,Normoglycemic,Stage 2 HTN,Very High
60-79,Female,Non-Smoker,Normoglycemic,Stage 2 HTN,Desirable
40-59,Male,Non-Smoker,Normoglycemic,Elevated,Borderline High
60-79,Male,Non-Smoker,Diabetic,Stage 1 HTN,Desirable
60-79,Male,Non-Smoker,Diabetic,Stage 2 HTN,Desirable
60-79,Female,Non-Smoker,Normoglycemic,Elevated,Borderline High
40-59,Male,Non-Smoker,Normoglycemic,Normal,Very High
40-59,Male,Non-Smoker,Diabetic,Stage 1 HTN,High
40-59,Male,Non-Smoker,Normoglycemic,Stage 1 HTN,Borderline High
60-79,Female,Non-Smoker,Normoglycemic,Normal,High
20-39,Female,Current Smoker,Diabetic,Stage 2 HTN,High
20-39,Female,Non-Smoker,Normoglycemic,Normal,Desirable
20-39,Male,Current Smoker,Normoglycemic,Normal,High
60-79,Male,Non-Smoker,Diabetic,Stage 2 HTN,High
20-39,Female,Current Smoker,Normoglycemic,Elevated,Desirable
80+,Female,Non-Smoker,Normoglycemic,Normal,Desirable
20-39,Female,Non-Smoker,Normoglycemic,Normal,High
20-39,Female,Non-Smoker,Normoglycemic,Normal,Borderline High
40-59,Male,Non-Smoker,Normoglycemic,Normal,High
60-79,Male,Non-Smoker,Normoglycemic,Elevated,Borderline High
60-79,Male,Non-Smoker,Normoglycemic,Stage 1 HTN,Desirable
20-39,Male,Current Smoker,Normoglycemic,Normal,High
20-39,Male,Non-Smoker,Normoglycemic,Elevated,Desirable
40-59,Male,Non-Smoker,Normoglycemic,Normal,High
40-59,Female,Current Smoker,Normoglycemic,Normal,Borderline High
40-59,Male,Non-Smoker,Diabetic,Stage 2 HTN,High
60-79,Female,Current Smoker,Normoglycemic,Normal,Desirable
20-39,Male,Non-Smoker,Normoglycemic,Normal,Desirable
20-39,Female,Current Smoker,Normoglycemic,Normal,Desirable
20-39,Male,Non-Smoker,Normoglycemic,Normal,High
20-39,Female,Non-Smoker,Diabetic,Stage 1 HTN,High
20-39,Female,Current Smoker,Normoglycemic,Stage 2 HTN,High
20-39,Male,Non-Smoker,Normoglycemic,Normal,Borderline High
60-79,Female,Non-Smoker,Diabetic,Stage 2 HTN,Very High
60-79,Male,Non-Smoker,Diabetic,Stage 1 HTN,Very High
60-79,Male,Non-Smoker,Normoglycemic,Stage 1 HTN,Desirable
20-39,Male,Non-Smoker,Normoglycemic,Normal,High
40-59,Female,Non-Smoker,Normoglycemic,Normal,High
60-79,Male,Current Smoker,Diabetic,Stage 2 HTN,High
40-59,Male,Non-Smoker,Diabetic,Stage 1 HTN,High
40-59,Female,Non-Smoker,Normoglycemic,Normal,High
20-39,Male,Non-Smoker,Normoglycemic,Stage 2 HTN,Desirable
80+,Female,Non-Smoker,Diabetic,Stage 1 HTN,High
20-39,Male,Non-Smoker,Normoglycemic,Normal,High
80+,Female,Non-Smoker,Diabetic,Stage 2 HTN,Very High
40-59,Male,Non-Smoker,Normoglycemic,Normal,Borderline High
20-39,Male,Non-Smoker,Normoglycemic,Normal,Desirable
40-59,Female,Current Smoker,Diabetic,Stage 1 HTN,High
40-59,Male,Non-Smoker,Normoglycemic,Normal,Desirable
20-39,Male,Non-Smoker,Normoglycemic,Normal,High
20-39,Male,Non-Smoker,Diabetic,Stage 2 HTN,Very High
40-59,Female,Current Smoker,Diabetic,Stage 1 HTN,High
40-59,Male,Non-Smoker,Diabetic,Stage 2 HTN,Very High
40-59,Male,Non-Smoker,Normoglycemic,Normal,Desirable
40-59,Female,Current Smoker,Normoglycemic,Stage 2 HTN,Desirable
40-59,Male,Non-Smoker,Diabetic,Stage 2 HTN,High
40-59,Male,Non-Smoker,Normoglycemic,Elevated,Desirable
40-59,Male,Current Smoker,Normoglycemic,Normal,Very High
20-39,Male,Current Smoker,Normoglycemic,Normal,Desirable
60-79,Female,Non-Smoker,Diabetic,Stage 2 HTN,High
20-39,Female,Non-Smoker,Diabetic,Normal,Very High
40-59,Male,Current Smoker,Normoglycemic,Stage 1 HTN,High
60-79,Female,Non-Smoker,Diabetic,Stage 2 HTN,Borderline High
20-39,Male,Current Smoker,Normoglycemic,Normal,Borderline High
40-59,Female,Non-Smoker,Normoglycemic,Stage 1 HTN,Desirable
20-39,Male,Non-Smoker,Diabetic,Stage 2 HTN,Very High
20-39,Female,Non-Smoker,Diabetic,Stage 2 HTN,High
20-39,Female,Non-Smoker,Diabetic,Elevated,High
20-39,Male,Current Smoker,Diabetic,Stage 1 HTN,Borderline High
60-79,Female,Non-Smoker,Diabetic,Stage 2 HTN,Borderline High
20-39,Male,Non-Smoker,Normoglycemic,Elevated,High
20-39,Male,Current Smoker,Normoglycemic,Normal,Desirable
20-39,Female,Non-Smoker,Diabetic,Elevated,High
40-59,Female,Non-Smoker,Normoglycemic,Normal,Desirable
60-79,Male,Current Smoker,Normoglycemic,Normal,Desirable
40-59,Female,Non-Smoker,Normoglycemic,Elevated,Borderline High
20-39,Male,Non-Smoker,Normoglycemic,Normal,High
60-79,Female,Non-Smoker,Normoglycemic,Elevated,Desirable
40-59,Male,Non-Smoker,Normoglycemic,Normal,Desirable
20-39,Male,Current Smoker,Diabetic,Stage 1 HTN,Borderline High
40-59,Female,Non-Smoker,Normoglycemic,Stage 2 HTN,Desirable
40-59,Male,Non-Smoker,Normoglycemic,Normal,Borderline High
20-39,Female,Non-Smoker,Normoglycemic,Stage 1 HTN,Desirable
20-39,Male,Non-Smoker,Normoglycemic,Elevated,Desirable
80+,Female,Non-Smoker,Normoglycemic,Normal,Desirable
40-59,Female,Non-Smoker,Normoglycemic,Normal,Borderline High
40-59,Female,Non-Smoker,Diabetic,Stage 2 HTN,High
40-59,Male,Non-Smoker,Diabetic,Stage 2 HTN,High
20-39,Male,Non-Smoker,Normoglycemic,Normal,Very High
60-79,Female,Non-Smoker,Normoglycemic,Normal,High
40-59,Male,Non-Smoker,Normoglycemic,Normal,Desirable
80+,Male,Non-Smoker,Diabetic,Stage 1 HTN,Borderline High
40-59,Male,Non-Smoker,Normoglycemic,Stage 1 HTN,High
20-39,Female,Non-Smoker,Normoglycemic,Normal,Desirable
60-79,Female,Non-Smoker,Normoglycemic,Elevated,Desirable
40-59,Male,Non-Smoker,Normoglycemic,Elevated,Desirable
40-59,Male,Non-Smoker,Diabetic,Stage 2 HTN,Borderline High
20-39,Female,Non-Smoker,Normoglycemic,Normal,Desirable
60-79,Female,Current Smoker,Normoglycemic,Normal,Desirable
80+,Male,Current Smoker,Diabetic,Stage 2 HTN,Borderline High
40-59,Male,Non-Smoker,Diabetic,Stage 1 HTN,Very High
20-39,Female,Current Smoker,Normoglycemic,Normal,Borderline High
20-39,Male,Current Smoker,Diabetic,Stage 1 HTN,High
60-79,Female,Non-Smoker,Normoglycemic,Normal,Borderline High
60-79,Female,Non-Smoker,Normoglycemic,Elevated,Very High
20-39,Male,Non-Smoker,Diabetic,Stage 2 HTN,High
40-59,Female,Non-Smoker,Normoglycemic,Normal,High
80+,Male,Non-Smoker,Diabetic,Stage 1 HTN,Very High
20-39,Male,Non-Smoker,Diabetic,Stage 2 HTN,Very High
60-79,Female,Non-Smoker,Diabetic,Stage 2 HTN,High
40-59,Female,Non-Smoker,Normoglycemic,Normal,High
60-79,Female,Current Smoker,Normoglycemic,Elevated,Borderline High
20-39,Male,Current Smoker,Normoglycemic,Stage 1 HTN,Desirable
20-39,Female,Non-Smoker,Normoglycemic,Elevated,Borderline High
20-39,Male,Current Smoker,Normoglycemic,Stage 1 HTN,Very High
40-59,Female,Non-Smoker,Normoglycemic,Normal,Desirable
60-79,Male,Non-Smoker,Normoglycemic,Normal,Desirable
40-59,Male,Non-Smoker,Normoglycemic,Elevated,High
80+,Male,Current Smoker,Diabetic,Stage 1 HTN,Borderline High
40-59,Male,Non-Smoker,Normoglycemic,Elevated,Desirable
40-59,Female,Non-Smoker,Normoglycemic,Elevated,High
20-39,Male,Non-Smoker,Normoglycemic,Normal,Desirable
40-59,Male,Non-Smoker,Normoglycemic,Normal,Very High
60-79,Male,Non-Smoker,Normoglycemic,Stage 2 HTN,High
20-39,Male,Non-Smoker,Normoglycemic,Elevated,High
40-59,Female,Non-Smoker,Normoglycemic,Normal,Desirable
20-39,Female,Non-Smoker,Normoglycemic,Normal,Borderline High
20-39,Male,Current Smoker,Diabetic,Stage 2 HTN,Borderline High
60-79,Female,Non-Smoker,Normoglycemic,Normal,Desirable
20-39,Female,Non-Smoker,Normoglycemic,Normal,Borderline High
40-59,Male,Non-Smoker,Diabetic,Stage 1 HTN,Very High
40-59,Male,Non-Smoker,Normoglycemic,Normal,Desirable
40-59,Female,Non-Smoker,Diabetic,Stage 1 HTN,High
20-39,Female,Non-Smoker,Normoglycemic,Elevated,Desirable
40-59,Female,Current Smoker,Diabetic,Stage 2 HTN,Desirable
40-59,Male,Non-Smoker,Normoglycemic,Stage 1 HTN,Borderline High
20-39,Male,Non-Smoker,Normoglycemic,Normal,Borderline High
80+,Female,Non-Smoker,Diabetic,Stage 1 HTN,Very High
20-39,Female,Current Smoker,Diabetic,Stage 2 HTN,Very High
40-59,Male,Non-Smoker,Normoglycemic,Elevated,Desirable
40-59,Female,Non-Smoker,Diabetic,Stage 2 HTN,Very High
40-59,Male,Non-Smoker,Normoglycemic,Stage 2 HTN,Desirable
20-39,Female,Non-Smoker,Normoglycemic,Normal,Borderline High
20-39,Male,Non-Smoker,Normoglycemic,Elevated,Desirable
40-59,Male,Current Smoker,Normoglycemic,Normal,Very High
40-59,Male,Non-Smoker,Diabetic,Stage 2 HTN,Very High
20-39,Male,Current Smoker,Diabetic,Stage 2 HTN,Very High
20-39,Female,Current Smoker,Normoglycemic,Normal,Desirable
40-59,Female,Non-Smoker,Diabetic,Stage 2 HTN,High
20-39,Female,Non-Smoker,Normoglycemic,Normal,High
40-59,Male,Non-Smoker,Normoglycemic,Normal,Borderline High
60-79,Female,Non-Smoker,Diabetic,Stage 2 HTN,High
40-59,Male,Current Smoker,Normoglycemic,Elevated,Borderline High
60-79,Male,Current Smoker,Normoglycemic,Normal,Desirable
20-39,Male,Current Smoker,Diabetic,Stage 2 HTN,Very High
20-39,Female,Non-Smoker,Normoglycemic,Stage 1 HTN,Desirable
20-39,Female,Non-Smoker,Normoglycemic,Stage 1 HTN,Very High
20-39,Male,Non-Smoker,Normoglycemic,Normal,Desirable
20-39,Male,Current Smoker,Normoglycemic,Elevated,Desirable
60-79,Male,Current Smoker,Diabetic,Stage 2 HTN,Borderline High
40-59,Female,Non-Smoker,Diabetic,Stage 2 HTN,Borderline High
40-59,Male,Current Smoker,Normoglycemic,Stage 1 HTN,Borderline High
40-59,Male,Current Smoker,Diabetic,Stage 2 HTN,Very High
20-39,Male,Non-Smoker,Normoglycemic,Elevated,Desirable
40-59,Male,Non-Smoker,Normoglycemic,Normal,Borderline High
60-79,Male,Current Smoker,Diabetic,Stage 2 HTN,Very High
80+,Male,Non-Smoker,Diabetic,Stage 2 HTN,High
20-39,Male,Non-Smoker,Normoglycemic,Normal,Desirable
40-59,Female,Non-Smoker,Normoglycemic,Normal,Borderline High
40-59,Male,Non-Smoker,Normoglycemic,Elevated,High
80+,Female,Non-Smoker,Normoglycemic,Elevated,High
40-59,Female,Non-Smoker,Normoglycemic,Normal,Desirable
40-59,Female,Non-Smoker,Diabetic,Stage 2 HTN,Borderline High
40-59,Female,Non-Smoker,Normoglycemic,Elevated,Borderline High
60-79,Male,Non-Smoker,Normoglycemic,Stage 2 HTN,Desirable
20-39,Male,Non-Smoker,Normoglycemic,Normal,Desirable
40-59,Male,Non-Smoker,Diabetic,Stage 2 HTN,Borderline High
20-39,Male,Non-Smoker,Normoglycemic,Elevated,High
60-79,Male,Current Smoker,Normoglycemic,Elevated,Desirable
20-39,Female,Current Smoker,Diabetic,Stage 2 HTN,Very High
20-39,Female,Non-Smoker,Normoglycemic,Elevated,Desirable
40-59,Female,Non-Smoker,Normoglycemic,Normal,Desirable
20-39,Male,Non-Smoker,Normoglycemic,Normal,Desirable
40-59,Male,Current Smoker,Normoglycemic,Normal,Desirable
80+,Male,Non-Smoker,Normoglycemic,Normal,High
20-39,Female,Non-Smoker,Diabetic,Stage 2 HTN,High
40-59,Female,Non-Smoker,Normoglycemic,Normal,Very High
60-79,Male,Non-Smoker,Diabetic,Stage 2 HTN,Very High
40-59,Female,Non-Smoker,Normoglycemic,Elevated,Desirable
20-39,Female,Non-Smoker,Normoglycemic,Stage 1 HTN,Desirable
20-39,Male,Non-Smoker,Normoglycemic,Elevated,Desirable
20-39,Male,Current Smoker,Normoglycemic,Elevated,Borderline High
20-39,Male,Non-Smoker,Normoglycemic,Stage 1 HTN,Very High
20-39,Male,Non-Smoker,Diabetic,Normal,High
60-79,Female,Non-Smoker,Normoglycemic,Normal,Desirable
20-39,Male,Non-Smoker,Normoglycemic,Elevated,Borderline High
20-39,Male,Non-Smoker,Normoglycemic,Normal,Desirable
60-79,Female,Non-Smoker,Diabetic,Stage 2 HTN,Very High
60-79,Female,Current Smoker,Diabetic,Stage 2 HTN,High
40-59,Male,Non-Smoker,Normoglycemic,Normal,Desirable
20-39,Female,Non-Smoker,Normoglycemic,Normal,High
20-39,Male,Non-Smoker,Normoglycemic,Normal,Borderline High
40-59,Female,Non-Smoker,Normoglycemic,Stage 1 HTN,Borderline High
20-39,Male,Non-Smoker,Normoglycemic,Normal,Desirable
20-39,Female,Non-Smoker,Normoglycemic,Stage 1 HTN,Borderline High
40-59,Male,Non-Smoker,Normoglycemic,Normal,Desirable
40-59,Female,Current Smoker,Normoglycemic,Normal,Desirable
20-39,Male,Non-Smoker,Normoglycemic,Stage 1 HTN,Desirable
20-39,Male,Non-Smoker,Normoglycemic,Elevated,Borderline High
60-79,Male,Current Smoker,Diabetic,Stage 2 HTN,High
20-39,Male,Non-Smoker,Normoglycemic,Normal,Desirable
20-39,Male,Current Smoker,Normoglycemic,Elevated,Borderline High
20-39,Female,Non-Smoker,Normoglycemic,Elevated,Desirable
20-39,Male,Non-Smoker,Normoglycemic,Elevated,Desirable
60-79,Male,Non-Smoker,Diabetic,Stage 1 HTN,High
40-59,Male,Non-Smoker,Normoglycemic,Normal,Desirable
40-59,Female,Non-Smoker,Normoglycemic,Normal,Borderline High
20-39,Male,Current Smoker,Normoglycemic,Stage 1 HTN,Desirable
20-39,Male,Non-Smoker,Normoglycemic,Normal,Borderline High
60-79,Female,Non-Smoker,Normoglycemic,Stage 2 HTN,High
40-59,Female,Non-Smoker,Normoglycemic,Normal,Very High
40-59,Female,Non-Smoker,Normoglycemic,Normal,Very High
80+,Female,Non-Smoker,Normoglycemic,Normal,Desirable
20-39,Male,Current Smoker,Normoglycemic,Normal,High
60-79,Male,Non-Smoker,Diabetic,Stage 2 HTN,Very High
20-39,Female,Non-Smoker,Normoglycemic,Normal,High
40-59,Female,Current Smoker,Normoglycemic,Normal,High
20-39,Male,Current Smoker,Normoglycemic,Elevated,Borderline High
40-59,Male,Non-Smoker,Normoglycemic,Normal,Borderline High
60-79,Male,Non-Smoker,Normoglycemic,Normal,Borderline High
40-59,Female,Non-Smoker,Normoglycemic,Normal,Desirable
20-39,Male,Non-Smoker,Normoglycemic,Stage 1 HTN,Borderline High
60-79,Female,Non-Smoker,Normoglycemic,Normal,High
60-79,Female,Non-Smoker,Normoglycemic,Normal,High
40-59,Female,Non-Smoker,Normoglycemic,Normal,Very High
60-79,Male,Non-Smoker,Diabetic,Stage 2 HTN,Borderline High
20-39,Female,Non-Smoker,Normoglycemic,Elevated,High
40-59,Female,Non-Smoker,Diabetic,Stage 2 HTN,Very High
20-39,Male,Non-Smoker,Normoglycemic,Elevated,Borderline High
40-59,Male,Current Smoker,Normoglycemic,Elevated,Very High
40-59,Female,Non-Smoker,Diabetic,Stage 1 HTN,High
20-39,Male,Non-Smoker,Normoglycemic,Stage 2 HTN,Desirable
20-39,Female,Non-Smoker,Diabetic,Stage 1 HTN,High
20-39,Female,Non-Smoker,Normoglycemic,Normal,Borderline High
80+,Male,Non-Smoker,Diabetic,Stage 2 HTN,Very High
40-59,Male,Non-Smoker,Diabetic,Stage 2 HTN,Very High
20-39,Female,Non-Smoker,Normoglycemic,Stage 2 HTN,Borderline High
20-39,Male,Non-Smoker,Normoglycemic,Normal,High
20-39,Female,Non-Smoker,Normoglycemic,Normal,Borderline High
20-39,Male,Current Smoker,Normoglycemic,Normal,Borderline High
20-39,Female,Non-Smoker,Normoglycemic,Elevated,Borderline High
60-79,Male,Non-Smoker,Normoglycemic,Normal,Borderline High
20-39,Male,Current Smoker,Normoglycemic,Normal,Desirable
80+,Male,Non-Smoker,Diabetic,Stage 2 HTN,High
40-59,Female,Non-Smoker,Diabetic,Stage 1 HTN,High
40-59,Male,Non-Smoker,Normoglycemic,Normal,High
60-79,Male,Non-Smoker,Normoglycemic,Normal,High
20-39,Male,Non-Smoker,Normoglycemic,Stage 1 HTN,Desirable
20-39,Male,Current Smoker,Normoglycemic,Elevated,High
80+,Female,Current Smoker,Diabetic,Stage 2 HTN,Very High
20-39,Male,Non-Smoker,Normoglycemic,Normal,Desirable
20-39,Female,Current Smoker,Normoglycemic,Normal,Very High
60-79,Female,Current Smoker,Normoglycemic,Normal,Desirable
20-39,Female,Non-Smoker,Diabetic,Stage 2 HTN,Very High
40-59,Female,Current Smoker,Diabetic,Stage 2 HTN,High
40-59,Female,Non-Smoker,Normoglycemic,Stage 1 HTN,Very High
20-39,Male,Non-Smoker,Normoglycemic,Normal,Desirable
40-59,Male,Non-Smoker,Diabetic,Stage 1 HTN,Very High
80+,Female,Non-Smoker,Normoglycemic,Normal,Very High
40-59,Male,Non-Smoker,Normoglycemic,Normal,Desirable
40-59,Female,Current Smoker,Diabetic,Stage 2 HTN,High
80+,Female,Non-Smoker,Diabetic,Stage 2 HTN,Very High
40-59,Female,Non-Smoker,Diabetic,Stage 1 HTN,High
20-39,Male,Non-Smoker,Normoglycemic,Normal,High
20-39,Male,Current Smoker,Normoglycemic,Stage 1 HTN,Desirable
40-59,Male,Non-Smoker,Normoglycemic,Stage 1 HTN,High
60-79,Female,Non-Smoker,Normoglycemic,Elevated,Desirable
60-79,Male,Non-Smoker,Normoglycemic,Normal,High
60-79,Male,Current Smoker,Diabetic,Stage 1 HTN,Borderline High
60-79,Male,Non-Smoker,Diabetic,Stage 2 HTN,High
40-59,Male,Current Smoker,Normoglycemic,Normal,Borderline High
20-39,Male,Current Smoker,Normoglycemic,Normal,Desirable
80+,Male,Non-Smoker,Normoglycemic,Elevated,Desirable
60-79,Male,Current Smoker,Normoglycemic,Elevated,Desirable
40-59,Male,Non-Smoker,Normoglycemic,Normal,Desirable
20-39,Male,Non-Smoker,Normoglycemic,Normal,Desirable
60-79,Female,Non-Smoker,Normoglycemic,Normal,Borderline High
20-39,Female,Non-Smoker,Normoglycemic,Stage 2 HTN,High
60-79,Female,Non-Smoker,Diabetic,Stage 2 HTN,Desirable
20-39,Female,Non-Smoker,Normoglycemic,Normal,High
40-59,Male,Non-Smoker,Normoglycemic,Normal,Desirable
60-79,Female,Non-Smoker,Normoglycemic,Normal,High
40-59,Male,Non-Smoker,Normoglycemic,Normal,Borderline High
40-59,Female,Non-Smoker,Normoglycemic,Elevated,High
20-39,Male,Current Smoker,Normoglycemic,Stage 1 HTN,Desirable
40-59,Female,Current Smoker,Normoglycemic,Normal,Desirable
40-59,Male,Current Smoker,Normoglycemic,Normal,High
40-59,Female,Current Smoker,Normoglycemic,Normal,Desirable
20-39,Female,Current Smoker,Diabetic,Stage 1 HTN,High
40-59,Male,Non-Smoker,Normoglycemic,Normal,Desirable
40-59,Male,Current Smoker,Diabetic,Stage 1 HTN,High
20-39,Female,Non-Smoker,Normoglycemic,Normal,Desirable
20-39,Male,Non-Smoker,Diabetic,Stage 1 HTN,High
60-79,Female,Non-Smoker,Diabetic,Stage 1 HTN,Very High
40-59,Female,Non-Smoker,Normoglycemic,Normal,Very High
60-79,Male,Current Smoker,Diabetic,Stage 1 HTN,Borderline High
40-59,Male,Non-Smoker,Diabetic,Stage 2 HTN,Very High
60-79,Female,Non-Smoker,Normoglycemic,Normal,Desirable
20-39,Female,Non-Smoker,Normoglycemic,Normal,High
20-39,Female,Non-Smoker,Normoglycemic,Normal,Desirable
20-39,Female,Non-Smoker,Normoglycemic,Normal,Desirable
60-79,Female,Non-Smoker,Diabetic,Stage 2 HTN,Very High
20-39,Female,Non-Smoker,Normoglycemic,Elevated,Desirable
40-59,Male,Current Smoker,Normoglycemic,Stage 1 HTN,Desirable
80+,Male,Non-Smoker,Diabetic,Stage 2 HTN,Borderline High
20-39,Male,Current Smoker,Normoglycemic,Normal,Borderline High
20-39,Male,Current Smoker,Normoglycemic,Elevated,Very High
20-39,Female,Non-Smoker,Normoglycemic,Normal,High
40-59,Female,Non-Smoker,Normoglycemic,Normal,Desirable
20-39,Male,Current Smoker,Normoglycemic,Normal,Desirable
60-79,Female,Non-Smoker,Diabetic,Stage 2 HTN,Borderline High
20-39,Female,Non-Smoker,Normoglycemic,Normal,High
20-39,Female,Current Smoker,Normoglycemic,Normal,Desirable
60-79,Female,Non-Smoker,Diabetic,Stage 1 HTN,Desirable
40-59,Female,Current Smoker,Normoglycemic,Elevated,High
60-79,Male,Current Smoker,Normoglycemic,Stage 1 HTN,Borderline High
20-39,Female,Non-Smoker,Normoglycemic,Elevated,Borderline High
20-39,Male,Non-Smoker,Normoglycemic,Normal,High
20-39,Male,Non-Smoker,Normoglycemic,Normal,Desirable
20-39,Male,Non-Smoker,Normoglycemic,Normal,Desirable
40-59,Female,Non-Smoker,Diabetic,Stage 2 HTN,High
40-59,Male,Non-Smoker,Normoglycemic,Normal,Desirable
20-39,Female,Non-Smoker,Normoglycemic,Normal,Desirable
40-59,Male,Non-Smoker,Normoglycemic,Stage 2 HTN,Borderline High
40-59,Female,Non-Smoker,Normoglycemic,Normal,Borderline High
40-59,Female,Non-Smoker,Normoglycemic,Normal,Desirable
40-59,Female,Non-Smoker,Normoglycemic,Stage 1 HTN,Desirable
40-59,Female,Non-Smoker,Diabetic,Stage 1 HTN,Borderline High
40-59,Male,Non-Smoker,Normoglycemic,Stage 1 HTN,Borderline High
20-39,Female,Non-Smoker,Normoglycemic,Normal,Desirable
20-39,Female,Non-Smoker,Normoglycemic,Normal,High
40-59,Female,Non-Smoker,Diabetic,Stage 2 HTN,Borderline High
20-39,Female,Non-Smoker,Diabetic,Stage 2 HTN,Desirable
20-39,Female,Non-Smoker,Diabetic,Stage 2 HTN,High
40-59,Female,Non-Smoker,Normoglycemic,Normal,Desirable
20-39,Male,Non-Smoker,Normoglycemic,Normal,High
60-79,Male,Non-Smoker,Normoglycemic,Normal,Borderline High
40-59,Male,Non-Smoker,Diabetic,Stage 1 HTN,High
60-79,Female,Non-Smoker,Normoglycemic,Elevated,Borderline High
80+,Male,Non-Smoker,Diabetic,Stage 1 HTN,Very High
20-39,Male,Non-Smoker,Diabetic,Stage 2 HTN,High
60-79,Male,Non-Smoker,Normoglycemic,Stage 1 HTN,Desirable
20-39,Male,Current Smoker,Normoglycemic,Elevated,Borderline High
60-79,Male,Non-Smoker,Normoglycemic,Normal,Borderline High
